2026-04-08 11:51:05,586 [INFO] Start: 2016/01/01 ~ 2020/12/31
2026-04-08 11:51:06,906 [INFO] [2016/01/01 ~ 2020/12/31] 355,102 > 9000, splitting at 2018/07/02 / 2018/07/03
2026-04-08 11:51:08,110 [INFO]   [2016/01/01 ~ 2018/07/02] 178,069 > 9000, splitting at 2017/04/01 / 2017/04/02
2026-04-08 11:51:09,341 [INFO]     [2016/01/01 ~ 2017/04/01] 97,516 > 9000, splitting at 2016/08/16 / 2016/08/17
2026-04-08 11:51:10,492 [INFO]       [2016/01/01 ~ 2016/08/16] 53,127 > 9000, splitting at 2016/04/24 / 2016/04/25
2026-04-08 11:51:11,664 [INFO]         [2016/01/01 ~ 2016/04/24] 33,889 > 9000, splitting at 2016/02/27 / 2016/02/28
2026-04-08 11:51:12,833 [INFO]           [2016/01/01 ~ 2016/02/27] 22,771 > 9000, splitting at 2016/01/29 / 2016/01/30
2026-04-08 11:51:14,039 [INFO]             [2016/01/01 ~ 2016/01/29] 16,328 > 9000, splitting at 2016/01/15 / 2016/01/16
2026-04-08 11:51:15,230 [INFO]               [2016/01/01 ~ 2016/01/15] 14,483 > 9000, splitting at 2016/01/08 / 2016/01/09
2026-04-08 11:51:16,422 [INFO]                 [2016/01/01 ~ 2016/01/08] 13,325 > 9000, splitting at 2016/01/04 / 2016/01/05
2026-04-08 11:51:17,598 [INFO]                   [2016/01/01 ~ 2016/01/04] 12,648 > 9000, splitting at 2016/01/02 / 2016/01/03
2026-04-08 11:51:18,777 [INFO]                     [2016/01/01 ~ 2016/01/02] 12,514 > 9000, splitting at 2016/01/01 / 2016/01/02
2026-04-08 11:51:19,949 [WARNING]                       [2016/01/01] single day 12,482 > 9000. Switching to PMID-range bisection.
2026-04-08 11:51:21,198 [INFO]     [2016/01/01 PMID 1:99999999] 12,482 > 9000, splitting at PMID 50000000
2026-04-08 11:51:22,399 [INFO]       [2016/01/01 PMID 1:50000000] 12,482 > 9000, splitting at PMID 25000000
2026-04-08 11:51:23,586 [INFO]         [2016/01/01 PMID 1:25000000] 34 records → fetching…
2026-04-08 11:51:25,134 [INFO]   [2016/01/01 PMID 1:25000000] retstart=0 → 34 | total=34
2026-04-08 11:51:26,447 [INFO]         [2016/01/01 PMID 25000001:50000000] 12,448 > 9000, splitting at PMID 37500000
2026-04-08 11:51:27,671 [INFO]           [2016/01/01 PMID 25000001:37500000] 12,445 > 9000, splitting at PMID 31250000
2026-04-08 11:51:28,886 [INFO]             [2016/01/01 PMID 25000001:31250000] 12,423 > 9000, splitting at PMID 28125000
2026-04-08 11:51:30,046 [INFO]               [2016/01/01 PMID 25000001:28125000] 11,896 > 9000, splitting at PMID 26562500
2026-04-08 11:51:31,203 [INFO]                 [2016/01/01 PMID 25000001:26562500] 2,260 records → fetching…
2026-04-08 11:51:34,947 [INFO]   [2016/01/01 PMID 25000001:26562500] retstart=0 → 500 | total=534
2026-04-08 11:51:38,747 [INFO]   [2016/01/01 PMID 25000001:26562500] retstart=500 → 500 | total=1,034
2026-04-08 11:51:42,153 [INFO]   [2016/01/01 PMID 25000001:26562500] retstart=1,000 → 500 | total=1,534
2026-04-08 11:51:45,712 [INFO]   [2016/01/01 PMID 25000001:26562500] retstart=1,500 → 500 | total=2,034
2026-04-08 11:51:48,485 [INFO]   [2016/01/01 PMID 25000001:26562500] retstart=2,000 → 260 | total=2,294
2026-04-08 11:51:49,801 [INFO]                 [2016/01/01 PMID 26562501:28125000] 9,636 > 9000, splitting at PMID 27343750
2026-04-08 11:51:50,941 [INFO]                   [2016/01/01 PMID 26562501:27343750] 5,629 records → fetching…
2026-04-08 11:51:56,058 [INFO]   [2016/01/01 PMID 26562501:27343750] retstart=0 → 500 | total=2,794
2026-04-08 11:52:01,085 [INFO]   [2016/01/01 PMID 26562501:27343750] retstart=500 → 500 | total=3,294
2026-04-08 11:52:04,813 [INFO]   [2016/01/01 PMID 26562501:27343750] retstart=1,000 → 500 | total=3,794
2026-04-08 11:52:08,807 [INFO]   [2016/01/01 PMID 26562501:27343750] retstart=1,500 → 500 | total=4,294
2026-04-08 11:52:13,240 [INFO]   [2016/01/01 PMID 26562501:27343750] retstart=2,000 → 498 | total=4,792
2026-04-08 11:52:17,284 [INFO] → Saved 5,000 records to data\pubmed_output\2016-2020\pubmed_batch_0141.json
2026-04-08 11:52:17,286 [INFO]   [2016/01/01 PMID 26562501:27343750] retstart=2,500 → 500 | total=5,292
2026-04-08 11:52:22,114 [INFO]   [2016/01/01 PMID 26562501:27343750] retstart=3,000 → 500 | total=5,792
2026-04-08 11:52:26,288 [INFO]   [2016/01/01 PMID 26562501:27343750] retstart=3,500 → 496 | total=6,288
2026-04-08 11:52:30,058 [INFO]   [2016/01/01 PMID 26562501:27343750] retstart=4,000 → 500 | total=6,788
2026-04-08 11:52:33,707 [INFO]   [2016/01/01 PMID 26562501:27343750] retstart=4,500 → 499 | total=7,287
2026-04-08 11:52:37,125 [INFO]   [2016/01/01 PMID 26562501:27343750] retstart=5,000 → 500 | total=7,787
2026-04-08 11:52:39,713 [INFO]   [2016/01/01 PMID 26562501:27343750] retstart=5,500 → 129 | total=7,916
2026-04-08 11:52:41,122 [INFO]                   [2016/01/01 PMID 27343751:28125000] 4,007 records → fetching…
2026-04-08 11:52:45,661 [INFO]   [2016/01/01 PMID 27343751:28125000] retstart=0 → 500 | total=8,416
2026-04-08 11:52:50,258 [INFO]   [2016/01/01 PMID 27343751:28125000] retstart=500 → 500 | total=8,916
2026-04-08 11:52:55,191 [INFO]   [2016/01/01 PMID 27343751:28125000] retstart=1,000 → 500 | total=9,416
2026-04-08 11:52:59,695 [INFO]   [2016/01/01 PMID 27343751:28125000] retstart=1,500 → 500 | total=9,916
2026-04-08 11:53:04,199 [INFO] → Saved 5,000 records to data\pubmed_output\2016-2020\pubmed_batch_0142.json
2026-04-08 11:53:04,202 [INFO]   [2016/01/01 PMID 27343751:28125000] retstart=2,000 → 500 | total=10,416
2026-04-08 11:53:08,620 [INFO]   [2016/01/01 PMID 27343751:28125000] retstart=2,500 → 500 | total=10,916
2026-04-08 11:53:13,663 [INFO]   [2016/01/01 PMID 27343751:28125000] retstart=3,000 → 500 | total=11,416
2026-04-08 11:53:17,959 [INFO]   [2016/01/01 PMID 27343751:28125000] retstart=3,500 → 500 | total=11,916
2026-04-08 11:53:19,286 [INFO]   [2016/01/01 PMID 27343751:28125000] retstart=4,000 → 7 | total=11,923
2026-04-08 11:53:20,590 [INFO]               [2016/01/01 PMID 28125001:31250000] 527 records → fetching…
2026-04-08 11:53:24,680 [INFO]   [2016/01/01 PMID 28125001:31250000] retstart=0 → 497 | total=12,420
2026-04-08 11:53:26,693 [INFO]   [2016/01/01 PMID 28125001:31250000] retstart=500 → 27 | total=12,447
2026-04-08 11:53:28,003 [INFO]             [2016/01/01 PMID 31250001:37500000] 22 records → fetching…
2026-04-08 11:53:29,645 [INFO]   [2016/01/01 PMID 31250001:37500000] retstart=0 → 22 | total=12,469
2026-04-08 11:53:30,995 [INFO]           [2016/01/01 PMID 37500001:50000000] 3 records → fetching…
2026-04-08 11:53:32,215 [INFO]   [2016/01/01 PMID 37500001:50000000] retstart=0 → 3 | total=12,472
2026-04-08 11:53:34,690 [INFO]                       [2016/01/02 ~ 2016/01/02] 32 records → fetching…
2026-04-08 11:53:36,612 [INFO]   [2016/01/02~2016/01/02] retstart=0 → 32 | total=12,504
2026-04-08 11:53:37,917 [INFO]                     [2016/01/03 ~ 2016/01/04] 147 records → fetching…
2026-04-08 11:53:40,627 [INFO]   [2016/01/03~2016/01/04] retstart=0 → 147 | total=12,651
2026-04-08 11:53:41,986 [INFO]                   [2016/01/05 ~ 2016/01/08] 760 records → fetching…
2026-04-08 11:53:47,650 [INFO]   [2016/01/05~2016/01/08] retstart=0 → 500 | total=13,151
2026-04-08 11:53:51,324 [INFO]   [2016/01/05~2016/01/08] retstart=500 → 260 | total=13,411
2026-04-08 11:53:52,994 [INFO]                 [2016/01/09 ~ 2016/01/15] 1,252 records → fetching…
2026-04-08 11:53:57,611 [INFO]   [2016/01/09~2016/01/15] retstart=0 → 500 | total=13,911
2026-04-08 11:54:02,202 [INFO]   [2016/01/09~2016/01/15] retstart=500 → 500 | total=14,411
2026-04-08 11:54:05,049 [INFO]   [2016/01/09~2016/01/15] retstart=1,000 → 252 | total=14,663
2026-04-08 11:54:06,354 [INFO]               [2016/01/16 ~ 2016/01/29] 2,097 records → fetching…
2026-04-08 11:54:10,274 [INFO] → Saved 5,000 records to data\pubmed_output\2016-2020\pubmed_batch_0143.json
2026-04-08 11:54:10,277 [INFO]   [2016/01/16~2016/01/29] retstart=0 → 500 | total=15,163
2026-04-08 11:54:14,663 [INFO]   [2016/01/16~2016/01/29] retstart=500 → 500 | total=15,663
2026-04-08 11:54:18,539 [INFO]   [2016/01/16~2016/01/29] retstart=1,000 → 500 | total=16,163
2026-04-08 11:54:21,666 [WARNING] Attempt 1/5 failed: HTTPSConnectionPool(host='eutils.ncbi.nlm.nih.gov', port=443): Max retries exceeded with url: /entrez/eutils/efetch.fcgi?db=pubmed&WebEnv=MCID_69d5d15dcee66f3bc30351df&query_key=1&retstart=1500&retmax=500&rettype=abstract&retmode=xml&email=zhousiyu199875%40outlook.com&api_key=xxxxxxxxxx (Caused by SSLError(SSLZeroReturnError(6, 'TLS/SSL connection has been closed (EOF) (_ssl.c:1147)'))). Retry in 2s…
2026-04-08 11:54:27,751 [INFO]   [2016/01/16~2016/01/29] retstart=1,500 → 499 | total=16,662
2026-04-08 11:54:30,322 [INFO]   [2016/01/16~2016/01/29] retstart=2,000 → 97 | total=16,759
2026-04-08 11:54:31,592 [INFO]             [2016/01/30 ~ 2016/02/27] 7,374 records → fetching…
2026-04-08 11:54:35,043 [INFO]   [2016/01/30~2016/02/27] retstart=0 → 499 | total=17,258
2026-04-08 11:54:39,144 [INFO]   [2016/01/30~2016/02/27] retstart=500 → 499 | total=17,757
2026-04-08 11:54:42,834 [INFO]   [2016/01/30~2016/02/27] retstart=1,000 → 500 | total=18,257
2026-04-08 11:54:47,533 [INFO]   [2016/01/30~2016/02/27] retstart=1,500 → 500 | total=18,757
2026-04-08 11:54:51,465 [INFO]   [2016/01/30~2016/02/27] retstart=2,000 → 500 | total=19,257
2026-04-08 11:54:55,345 [INFO]   [2016/01/30~2016/02/27] retstart=2,500 → 500 | total=19,757
2026-04-08 11:54:59,710 [INFO] → Saved 5,000 records to data\pubmed_output\2016-2020\pubmed_batch_0144.json
2026-04-08 11:54:59,713 [INFO]   [2016/01/30~2016/02/27] retstart=3,000 → 496 | total=20,253
2026-04-08 11:55:03,613 [INFO]   [2016/01/30~2016/02/27] retstart=3,500 → 500 | total=20,753
2026-04-08 11:55:07,248 [INFO]   [2016/01/30~2016/02/27] retstart=4,000 → 500 | total=21,253
2026-04-08 11:55:11,088 [INFO]   [2016/01/30~2016/02/27] retstart=4,500 → 500 | total=21,753
2026-04-08 11:55:14,746 [INFO]   [2016/01/30~2016/02/27] retstart=5,000 → 500 | total=22,253
2026-04-08 11:55:18,407 [INFO]   [2016/01/30~2016/02/27] retstart=5,500 → 500 | total=22,753
2026-04-08 11:55:22,088 [INFO]   [2016/01/30~2016/02/27] retstart=6,000 → 500 | total=23,253
2026-04-08 11:55:25,816 [INFO]   [2016/01/30~2016/02/27] retstart=6,500 → 500 | total=23,753
2026-04-08 11:55:28,664 [INFO]   [2016/01/30~2016/02/27] retstart=7,000 → 374 | total=24,127
2026-04-08 11:55:29,939 [INFO]           [2016/02/28 ~ 2016/04/24] 14,271 > 9000, splitting at 2016/03/27 / 2016/03/28
2026-04-08 11:55:31,172 [INFO]             [2016/02/28 ~ 2016/03/27] 7,384 records → fetching…
2026-04-08 11:55:35,079 [INFO]   [2016/02/28~2016/03/27] retstart=0 → 500 | total=24,627
2026-04-08 11:55:39,642 [INFO] → Saved 5,000 records to data\pubmed_output\2016-2020\pubmed_batch_0145.json
2026-04-08 11:55:39,647 [INFO]   [2016/02/28~2016/03/27] retstart=500 → 500 | total=25,127
2026-04-08 11:55:43,518 [INFO]   [2016/02/28~2016/03/27] retstart=1,000 → 498 | total=25,625
2026-04-08 11:55:48,174 [INFO]   [2016/02/28~2016/03/27] retstart=1,500 → 499 | total=26,124
2026-04-08 11:55:53,071 [INFO]   [2016/02/28~2016/03/27] retstart=2,000 → 500 | total=26,624
2026-04-08 11:55:57,059 [INFO]   [2016/02/28~2016/03/27] retstart=2,500 → 500 | total=27,124
2026-04-08 11:56:01,316 [INFO]   [2016/02/28~2016/03/27] retstart=3,000 → 499 | total=27,623
2026-04-08 11:56:05,246 [INFO]   [2016/02/28~2016/03/27] retstart=3,500 → 500 | total=28,123
2026-04-08 11:56:09,184 [INFO]   [2016/02/28~2016/03/27] retstart=4,000 → 498 | total=28,621
2026-04-08 11:56:13,705 [INFO]   [2016/02/28~2016/03/27] retstart=4,500 → 500 | total=29,121
2026-04-08 11:56:17,485 [INFO]   [2016/02/28~2016/03/27] retstart=5,000 → 500 | total=29,621
2026-04-08 11:56:21,614 [INFO] → Saved 5,000 records to data\pubmed_output\2016-2020\pubmed_batch_0146.json
2026-04-08 11:56:21,616 [INFO]   [2016/02/28~2016/03/27] retstart=5,500 → 500 | total=30,121
2026-04-08 11:56:25,368 [INFO]   [2016/02/28~2016/03/27] retstart=6,000 → 500 | total=30,621
2026-04-08 11:56:29,145 [INFO]   [2016/02/28~2016/03/27] retstart=6,500 → 500 | total=31,121
2026-04-08 11:56:31,947 [INFO]   [2016/02/28~2016/03/27] retstart=7,000 → 384 | total=31,505
2026-04-08 11:56:33,285 [INFO]             [2016/03/28 ~ 2016/04/24] 7,383 records → fetching…
2026-04-08 11:56:37,100 [INFO]   [2016/03/28~2016/04/24] retstart=0 → 500 | total=32,005
2026-04-08 11:56:40,628 [INFO]   [2016/03/28~2016/04/24] retstart=500 → 500 | total=32,505
2026-04-08 11:56:44,418 [INFO]   [2016/03/28~2016/04/24] retstart=1,000 → 500 | total=33,005
2026-04-08 11:56:48,774 [INFO]   [2016/03/28~2016/04/24] retstart=1,500 → 500 | total=33,505
2026-04-08 11:56:52,534 [INFO]   [2016/03/28~2016/04/24] retstart=2,000 → 500 | total=34,005
2026-04-08 11:56:57,440 [INFO]   [2016/03/28~2016/04/24] retstart=2,500 → 499 | total=34,504
2026-04-08 11:57:02,012 [INFO] → Saved 5,000 records to data\pubmed_output\2016-2020\pubmed_batch_0147.json
2026-04-08 11:57:02,015 [INFO]   [2016/03/28~2016/04/24] retstart=3,000 → 500 | total=35,004
2026-04-08 11:57:05,623 [INFO]   [2016/03/28~2016/04/24] retstart=3,500 → 499 | total=35,503
2026-04-08 11:57:09,694 [INFO]   [2016/03/28~2016/04/24] retstart=4,000 → 499 | total=36,002
2026-04-08 11:57:14,092 [INFO]   [2016/03/28~2016/04/24] retstart=4,500 → 500 | total=36,502
2026-04-08 11:57:19,004 [INFO]   [2016/03/28~2016/04/24] retstart=5,000 → 500 | total=37,002
2026-04-08 11:57:22,494 [INFO]   [2016/03/28~2016/04/24] retstart=5,500 → 500 | total=37,502
2026-04-08 11:57:26,388 [INFO]   [2016/03/28~2016/04/24] retstart=6,000 → 500 | total=38,002
2026-04-08 11:57:30,215 [INFO]   [2016/03/28~2016/04/24] retstart=6,500 → 500 | total=38,502
2026-04-08 11:57:33,192 [INFO]   [2016/03/28~2016/04/24] retstart=7,000 → 383 | total=38,885
2026-04-08 11:57:34,631 [INFO]         [2016/04/25 ~ 2016/08/16] 26,281 > 9000, splitting at 2016/06/20 / 2016/06/21
2026-04-08 11:57:36,131 [INFO]           [2016/04/25 ~ 2016/06/20] 14,376 > 9000, splitting at 2016/05/23 / 2016/05/24
2026-04-08 11:57:37,539 [INFO]             [2016/04/25 ~ 2016/05/23] 7,511 records → fetching…
2026-04-08 11:57:41,661 [INFO]   [2016/04/25~2016/05/23] retstart=0 → 500 | total=39,385
2026-04-08 11:57:45,630 [INFO]   [2016/04/25~2016/05/23] retstart=500 → 500 | total=39,885
2026-04-08 11:57:49,988 [INFO] → Saved 5,000 records to data\pubmed_output\2016-2020\pubmed_batch_0148.json
2026-04-08 11:57:49,991 [INFO]   [2016/04/25~2016/05/23] retstart=1,000 → 500 | total=40,385
2026-04-08 11:57:54,184 [INFO]   [2016/04/25~2016/05/23] retstart=1,500 → 500 | total=40,885
2026-04-08 11:57:58,089 [INFO]   [2016/04/25~2016/05/23] retstart=2,000 → 500 | total=41,385
2026-04-08 11:58:01,947 [INFO]   [2016/04/25~2016/05/23] retstart=2,500 → 500 | total=41,885
2026-04-08 11:58:06,450 [INFO]   [2016/04/25~2016/05/23] retstart=3,000 → 500 | total=42,385
2026-04-08 11:58:10,973 [INFO]   [2016/04/25~2016/05/23] retstart=3,500 → 498 | total=42,883
2026-04-08 11:58:15,035 [INFO]   [2016/04/25~2016/05/23] retstart=4,000 → 497 | total=43,380
2026-04-08 11:58:18,966 [INFO]   [2016/04/25~2016/05/23] retstart=4,500 → 500 | total=43,880
2026-04-08 11:58:22,712 [INFO]   [2016/04/25~2016/05/23] retstart=5,000 → 500 | total=44,380
2026-04-08 11:58:26,187 [INFO]   [2016/04/25~2016/05/23] retstart=5,500 → 500 | total=44,880
2026-04-08 11:58:30,275 [INFO] → Saved 5,000 records to data\pubmed_output\2016-2020\pubmed_batch_0149.json
2026-04-08 11:58:30,279 [INFO]   [2016/04/25~2016/05/23] retstart=6,000 → 500 | total=45,380
2026-04-08 11:58:33,740 [INFO]   [2016/04/25~2016/05/23] retstart=6,500 → 500 | total=45,880
2026-04-08 11:58:37,499 [INFO]   [2016/04/25~2016/05/23] retstart=7,000 → 500 | total=46,380
2026-04-08 11:58:39,097 [INFO]   [2016/04/25~2016/05/23] retstart=7,500 → 11 | total=46,391
2026-04-08 11:58:40,450 [INFO]             [2016/05/24 ~ 2016/06/20] 7,483 records → fetching…
2026-04-08 11:58:44,617 [INFO]   [2016/05/24~2016/06/20] retstart=0 → 499 | total=46,890
2026-04-08 11:58:49,140 [INFO]   [2016/05/24~2016/06/20] retstart=500 → 500 | total=47,390
2026-04-08 11:58:53,872 [INFO]   [2016/05/24~2016/06/20] retstart=1,000 → 500 | total=47,890
2026-04-08 11:58:58,540 [INFO]   [2016/05/24~2016/06/20] retstart=1,500 → 500 | total=48,390
2026-04-08 11:59:02,902 [INFO]   [2016/05/24~2016/06/20] retstart=2,000 → 499 | total=48,889
2026-04-08 11:59:07,051 [INFO]   [2016/05/24~2016/06/20] retstart=2,500 → 500 | total=49,389
2026-04-08 11:59:11,337 [INFO]   [2016/05/24~2016/06/20] retstart=3,000 → 500 | total=49,889
2026-04-08 11:59:16,889 [INFO] → Saved 5,000 records to data\pubmed_output\2016-2020\pubmed_batch_0150.json
2026-04-08 11:59:16,892 [INFO]   [2016/05/24~2016/06/20] retstart=3,500 → 500 | total=50,389
2026-04-08 11:59:20,792 [INFO]   [2016/05/24~2016/06/20] retstart=4,000 → 500 | total=50,889
2026-04-08 11:59:25,930 [INFO]   [2016/05/24~2016/06/20] retstart=4,500 → 500 | total=51,389
2026-04-08 11:59:29,774 [INFO]   [2016/05/24~2016/06/20] retstart=5,000 → 500 | total=51,889
2026-04-08 11:59:33,933 [INFO]   [2016/05/24~2016/06/20] retstart=5,500 → 500 | total=52,389
2026-04-08 11:59:38,633 [INFO]   [2016/05/24~2016/06/20] retstart=6,000 → 500 | total=52,889
2026-04-08 11:59:42,418 [INFO]   [2016/05/24~2016/06/20] retstart=6,500 → 500 | total=53,389
2026-04-08 11:59:46,072 [INFO]   [2016/05/24~2016/06/20] retstart=7,000 → 483 | total=53,872
2026-04-08 11:59:47,406 [INFO]           [2016/06/21 ~ 2016/08/16] 14,380 > 9000, splitting at 2016/07/19 / 2016/07/20
2026-04-08 11:59:48,612 [INFO]             [2016/06/21 ~ 2016/07/19] 7,685 records → fetching…
2026-04-08 11:59:52,713 [INFO]   [2016/06/21~2016/07/19] retstart=0 → 500 | total=54,372
2026-04-08 11:59:56,267 [INFO]   [2016/06/21~2016/07/19] retstart=500 → 500 | total=54,872
2026-04-08 12:00:01,714 [INFO] → Saved 5,000 records to data\pubmed_output\2016-2020\pubmed_batch_0151.json
2026-04-08 12:00:01,718 [INFO]   [2016/06/21~2016/07/19] retstart=1,000 → 500 | total=55,372
2026-04-08 12:00:06,860 [INFO]   [2016/06/21~2016/07/19] retstart=1,500 → 500 | total=55,872
2026-04-08 12:00:11,544 [INFO]   [2016/06/21~2016/07/19] retstart=2,000 → 500 | total=56,372
2026-04-08 12:00:15,907 [INFO]   [2016/06/21~2016/07/19] retstart=2,500 → 500 | total=56,872
2026-04-08 12:00:20,281 [INFO]   [2016/06/21~2016/07/19] retstart=3,000 → 500 | total=57,372
2026-04-08 12:00:24,244 [INFO]   [2016/06/21~2016/07/19] retstart=3,500 → 500 | total=57,872
2026-04-08 12:00:28,481 [INFO]   [2016/06/21~2016/07/19] retstart=4,000 → 499 | total=58,371
2026-04-08 12:00:32,557 [INFO]   [2016/06/21~2016/07/19] retstart=4,500 → 500 | total=58,871
2026-04-08 12:00:37,065 [INFO]   [2016/06/21~2016/07/19] retstart=5,000 → 500 | total=59,371
2026-04-08 12:00:40,589 [INFO]   [2016/06/21~2016/07/19] retstart=5,500 → 500 | total=59,871
2026-04-08 12:00:44,977 [INFO] → Saved 5,000 records to data\pubmed_output\2016-2020\pubmed_batch_0152.json
2026-04-08 12:00:44,980 [INFO]   [2016/06/21~2016/07/19] retstart=6,000 → 500 | total=60,371
2026-04-08 12:00:49,195 [INFO]   [2016/06/21~2016/07/19] retstart=6,500 → 500 | total=60,871
2026-04-08 12:00:53,208 [INFO]   [2016/06/21~2016/07/19] retstart=7,000 → 500 | total=61,371
2026-04-08 12:00:55,983 [INFO]   [2016/06/21~2016/07/19] retstart=7,500 → 185 | total=61,556
2026-04-08 12:00:57,237 [INFO]             [2016/07/20 ~ 2016/08/16] 7,297 records → fetching…
2026-04-08 12:01:00,793 [INFO]   [2016/07/20~2016/08/16] retstart=0 → 500 | total=62,056
2026-04-08 12:01:04,467 [INFO]   [2016/07/20~2016/08/16] retstart=500 → 500 | total=62,556
2026-04-08 12:01:08,535 [INFO]   [2016/07/20~2016/08/16] retstart=1,000 → 499 | total=63,055
2026-04-08 12:01:13,243 [INFO]   [2016/07/20~2016/08/16] retstart=1,500 → 500 | total=63,555
2026-04-08 12:01:16,776 [INFO]   [2016/07/20~2016/08/16] retstart=2,000 → 500 | total=64,055
2026-04-08 12:01:20,937 [INFO]   [2016/07/20~2016/08/16] retstart=2,500 → 497 | total=64,552
2026-04-08 12:01:25,567 [INFO] → Saved 5,000 records to data\pubmed_output\2016-2020\pubmed_batch_0153.json
2026-04-08 12:01:25,569 [INFO]   [2016/07/20~2016/08/16] retstart=3,000 → 500 | total=65,052
2026-04-08 12:01:29,863 [INFO]   [2016/07/20~2016/08/16] retstart=3,500 → 500 | total=65,552
2026-04-08 12:01:33,689 [INFO]   [2016/07/20~2016/08/16] retstart=4,000 → 500 | total=66,052
2026-04-08 12:01:38,240 [INFO]   [2016/07/20~2016/08/16] retstart=4,500 → 500 | total=66,552
2026-04-08 12:01:42,644 [INFO]   [2016/07/20~2016/08/16] retstart=5,000 → 500 | total=67,052
2026-04-08 12:01:46,429 [INFO]   [2016/07/20~2016/08/16] retstart=5,500 → 500 | total=67,552
2026-04-08 12:01:52,267 [INFO]   [2016/07/20~2016/08/16] retstart=6,000 → 500 | total=68,052
2026-04-08 12:01:56,187 [INFO]   [2016/07/20~2016/08/16] retstart=6,500 → 500 | total=68,552
2026-04-08 12:01:59,076 [INFO]   [2016/07/20~2016/08/16] retstart=7,000 → 297 | total=68,849
2026-04-08 12:02:00,407 [INFO]       [2016/08/17 ~ 2017/04/01] 54,140 > 9000, splitting at 2016/12/08 / 2016/12/09
2026-04-08 12:02:01,561 [INFO]         [2016/08/17 ~ 2016/12/08] 25,832 > 9000, splitting at 2016/10/12 / 2016/10/13
2026-04-08 12:02:02,763 [INFO]           [2016/08/17 ~ 2016/10/12] 14,129 > 9000, splitting at 2016/09/14 / 2016/09/15
2026-04-08 12:02:03,918 [INFO]             [2016/08/17 ~ 2016/09/14] 7,372 records → fetching…
2026-04-08 12:02:07,826 [INFO]   [2016/08/17~2016/09/14] retstart=0 → 500 | total=69,349
2026-04-08 12:02:13,597 [INFO]   [2016/08/17~2016/09/14] retstart=500 → 500 | total=69,849
2026-04-08 12:02:17,381 [INFO] → Saved 5,000 records to data\pubmed_output\2016-2020\pubmed_batch_0154.json
2026-04-08 12:02:17,384 [INFO]   [2016/08/17~2016/09/14] retstart=1,000 → 500 | total=70,349
2026-04-08 12:02:22,240 [INFO]   [2016/08/17~2016/09/14] retstart=1,500 → 500 | total=70,849
2026-04-08 12:02:26,294 [INFO]   [2016/08/17~2016/09/14] retstart=2,000 → 500 | total=71,349
2026-04-08 12:02:29,932 [INFO]   [2016/08/17~2016/09/14] retstart=2,500 → 500 | total=71,849
2026-04-08 12:02:34,437 [INFO]   [2016/08/17~2016/09/14] retstart=3,000 → 500 | total=72,349
2026-04-08 12:02:40,257 [INFO]   [2016/08/17~2016/09/14] retstart=3,500 → 500 | total=72,849
2026-04-08 12:02:44,816 [INFO]   [2016/08/17~2016/09/14] retstart=4,000 → 500 | total=73,349
2026-04-08 12:02:48,808 [INFO]   [2016/08/17~2016/09/14] retstart=4,500 → 500 | total=73,849
2026-04-08 12:02:52,319 [INFO]   [2016/08/17~2016/09/14] retstart=5,000 → 500 | total=74,349
2026-04-08 12:02:55,977 [INFO]   [2016/08/17~2016/09/14] retstart=5,500 → 500 | total=74,849
2026-04-08 12:03:00,152 [INFO] → Saved 5,000 records to data\pubmed_output\2016-2020\pubmed_batch_0155.json
2026-04-08 12:03:00,155 [INFO]   [2016/08/17~2016/09/14] retstart=6,000 → 500 | total=75,349
2026-04-08 12:03:04,108 [INFO]   [2016/08/17~2016/09/14] retstart=6,500 → 500 | total=75,849
2026-04-08 12:03:07,040 [INFO]   [2016/08/17~2016/09/14] retstart=7,000 → 372 | total=76,221
2026-04-08 12:03:08,357 [INFO]             [2016/09/15 ~ 2016/10/12] 7,504 records → fetching…
2026-04-08 12:03:11,821 [INFO]   [2016/09/15~2016/10/12] retstart=0 → 499 | total=76,720
2026-04-08 12:03:15,434 [INFO]   [2016/09/15~2016/10/12] retstart=500 → 500 | total=77,220
2026-04-08 12:03:19,119 [INFO]   [2016/09/15~2016/10/12] retstart=1,000 → 500 | total=77,720
2026-04-08 12:03:23,386 [INFO]   [2016/09/15~2016/10/12] retstart=1,500 → 500 | total=78,220
2026-04-08 12:03:27,839 [INFO]   [2016/09/15~2016/10/12] retstart=2,000 → 500 | total=78,720
2026-04-08 12:03:31,748 [INFO]   [2016/09/15~2016/10/12] retstart=2,500 → 500 | total=79,220
2026-04-08 12:03:36,387 [INFO]   [2016/09/15~2016/10/12] retstart=3,000 → 500 | total=79,720
2026-04-08 12:03:40,208 [INFO] → Saved 5,000 records to data\pubmed_output\2016-2020\pubmed_batch_0156.json
2026-04-08 12:03:40,210 [INFO]   [2016/09/15~2016/10/12] retstart=3,500 → 500 | total=80,220
2026-04-08 12:03:44,547 [INFO]   [2016/09/15~2016/10/12] retstart=4,000 → 500 | total=80,720
2026-04-08 12:03:57,635 [INFO]   [2016/09/15~2016/10/12] retstart=4,500 → 500 | total=81,220
2026-04-08 12:04:01,425 [INFO]   [2016/09/15~2016/10/12] retstart=5,000 → 500 | total=81,720
2026-04-08 12:04:05,660 [INFO]   [2016/09/15~2016/10/12] retstart=5,500 → 500 | total=82,220
2026-04-08 12:04:10,182 [INFO]   [2016/09/15~2016/10/12] retstart=6,000 → 500 | total=82,720
2026-04-08 12:04:14,156 [INFO]   [2016/09/15~2016/10/12] retstart=6,500 → 500 | total=83,220
2026-04-08 12:04:17,793 [INFO]   [2016/09/15~2016/10/12] retstart=7,000 → 500 | total=83,720
2026-04-08 12:04:19,300 [INFO]   [2016/09/15~2016/10/12] retstart=7,500 → 4 | total=83,724
2026-04-08 12:04:20,603 [INFO]           [2016/10/13 ~ 2016/12/08] 14,234 > 9000, splitting at 2016/11/10 / 2016/11/11
2026-04-08 12:04:21,805 [INFO]             [2016/10/13 ~ 2016/11/10] 7,595 records → fetching…
2026-04-08 12:04:26,416 [INFO]   [2016/10/13~2016/11/10] retstart=0 → 499 | total=84,223
2026-04-08 12:04:30,112 [INFO]   [2016/10/13~2016/11/10] retstart=500 → 500 | total=84,723
2026-04-08 12:04:34,449 [INFO] → Saved 5,000 records to data\pubmed_output\2016-2020\pubmed_batch_0157.json
2026-04-08 12:04:34,453 [INFO]   [2016/10/13~2016/11/10] retstart=1,000 → 500 | total=85,223
2026-04-08 12:04:38,982 [INFO]   [2016/10/13~2016/11/10] retstart=1,500 → 500 | total=85,723
2026-04-08 12:04:42,988 [INFO]   [2016/10/13~2016/11/10] retstart=2,000 → 500 | total=86,223
2026-04-08 12:04:47,043 [INFO]   [2016/10/13~2016/11/10] retstart=2,500 → 500 | total=86,723
2026-04-08 12:04:51,384 [INFO]   [2016/10/13~2016/11/10] retstart=3,000 → 498 | total=87,221
2026-04-08 12:04:55,116 [INFO]   [2016/10/13~2016/11/10] retstart=3,500 → 499 | total=87,720
2026-04-08 12:04:58,754 [INFO]   [2016/10/13~2016/11/10] retstart=4,000 → 500 | total=88,220
2026-04-08 12:05:03,045 [INFO]   [2016/10/13~2016/11/10] retstart=4,500 → 500 | total=88,720
2026-04-08 12:05:07,279 [INFO]   [2016/10/13~2016/11/10] retstart=5,000 → 500 | total=89,220
2026-04-08 12:05:11,381 [INFO]   [2016/10/13~2016/11/10] retstart=5,500 → 500 | total=89,720
2026-04-08 12:05:15,586 [INFO] → Saved 5,000 records to data\pubmed_output\2016-2020\pubmed_batch_0158.json
2026-04-08 12:05:15,588 [INFO]   [2016/10/13~2016/11/10] retstart=6,000 → 500 | total=90,220
2026-04-08 12:05:19,201 [INFO]   [2016/10/13~2016/11/10] retstart=6,500 → 500 | total=90,720
2026-04-08 12:05:22,914 [INFO]   [2016/10/13~2016/11/10] retstart=7,000 → 500 | total=91,220
2026-04-08 12:05:25,643 [INFO]   [2016/10/13~2016/11/10] retstart=7,500 → 95 | total=91,315
2026-04-08 12:05:26,932 [INFO]             [2016/11/11 ~ 2016/12/08] 7,486 records → fetching…
2026-04-08 12:05:31,931 [INFO]   [2016/11/11~2016/12/08] retstart=0 → 499 | total=91,814
2026-04-08 12:05:35,790 [INFO]   [2016/11/11~2016/12/08] retstart=500 → 500 | total=92,314
2026-04-08 12:05:40,518 [INFO]   [2016/11/11~2016/12/08] retstart=1,000 → 500 | total=92,814
2026-04-08 12:05:44,969 [INFO]   [2016/11/11~2016/12/08] retstart=1,500 → 500 | total=93,314
2026-04-08 12:05:49,071 [INFO]   [2016/11/11~2016/12/08] retstart=2,000 → 499 | total=93,813
2026-04-08 12:05:53,179 [INFO]   [2016/11/11~2016/12/08] retstart=2,500 → 500 | total=94,313
2026-04-08 12:05:57,674 [INFO]   [2016/11/11~2016/12/08] retstart=3,000 → 500 | total=94,813
2026-04-08 12:06:02,360 [INFO] → Saved 5,000 records to data\pubmed_output\2016-2020\pubmed_batch_0159.json
2026-04-08 12:06:02,363 [INFO]   [2016/11/11~2016/12/08] retstart=3,500 → 500 | total=95,313
2026-04-08 12:06:06,400 [INFO]   [2016/11/11~2016/12/08] retstart=4,000 → 500 | total=95,813
2026-04-08 12:06:11,593 [INFO]   [2016/11/11~2016/12/08] retstart=4,500 → 500 | total=96,313
2026-04-08 12:06:15,601 [INFO]   [2016/11/11~2016/12/08] retstart=5,000 → 500 | total=96,813
2026-04-08 12:06:19,684 [INFO]   [2016/11/11~2016/12/08] retstart=5,500 → 500 | total=97,313
2026-04-08 12:06:24,220 [INFO]   [2016/11/11~2016/12/08] retstart=6,000 → 500 | total=97,813
2026-04-08 12:06:28,473 [INFO]   [2016/11/11~2016/12/08] retstart=6,500 → 500 | total=98,313
2026-04-08 12:06:32,027 [INFO]   [2016/11/11~2016/12/08] retstart=7,000 → 486 | total=98,799
2026-04-08 12:06:33,481 [INFO]         [2016/12/09 ~ 2017/04/01] 33,036 > 9000, splitting at 2017/02/03 / 2017/02/04
2026-04-08 12:06:34,718 [INFO]           [2016/12/09 ~ 2017/02/03] 22,282 > 9000, splitting at 2017/01/06 / 2017/01/07
2026-04-08 12:06:35,919 [INFO]             [2016/12/09 ~ 2017/01/06] 16,300 > 9000, splitting at 2016/12/23 / 2016/12/24
2026-04-08 12:06:37,093 [INFO]               [2016/12/09 ~ 2016/12/23] 2,330 records → fetching…
2026-04-08 12:06:41,113 [INFO]   [2016/12/09~2016/12/23] retstart=0 → 500 | total=99,299
2026-04-08 12:06:46,084 [INFO]   [2016/12/09~2016/12/23] retstart=500 → 500 | total=99,799
2026-04-08 12:06:50,250 [INFO] → Saved 5,000 records to data\pubmed_output\2016-2020\pubmed_batch_0160.json
2026-04-08 12:06:50,253 [INFO]   [2016/12/09~2016/12/23] retstart=1,000 → 500 | total=100,299
2026-04-08 12:06:54,375 [INFO]   [2016/12/09~2016/12/23] retstart=1,500 → 500 | total=100,799
2026-04-08 12:06:57,645 [INFO]   [2016/12/09~2016/12/23] retstart=2,000 → 330 | total=101,129
2026-04-08 12:06:59,017 [INFO]               [2016/12/24 ~ 2017/01/06] 14,203 > 9000, splitting at 2016/12/30 / 2016/12/31
2026-04-08 12:07:00,219 [INFO]                 [2016/12/24 ~ 2016/12/30] 754 records → fetching…
2026-04-08 12:07:04,345 [INFO]   [2016/12/24~2016/12/30] retstart=0 → 500 | total=101,629
2026-04-08 12:07:07,163 [INFO]   [2016/12/24~2016/12/30] retstart=500 → 254 | total=101,883
2026-04-08 12:07:08,469 [INFO]                 [2016/12/31 ~ 2017/01/06] 13,512 > 9000, splitting at 2017/01/03 / 2017/01/04
2026-04-08 12:07:09,639 [INFO]                   [2016/12/31 ~ 2017/01/03] 12,930 > 9000, splitting at 2017/01/01 / 2017/01/02
2026-04-08 12:07:10,811 [INFO]                     [2016/12/31 ~ 2017/01/01] 12,652 > 9000, splitting at 2016/12/31 / 2017/01/01
2026-04-08 12:07:12,075 [INFO]                       [2016/12/31 ~ 2016/12/31] 40 records → fetching…
2026-04-08 12:07:14,037 [INFO]   [2016/12/31~2016/12/31] retstart=0 → 40 | total=101,923
2026-04-08 12:07:15,452 [WARNING]                       [2017/01/01] single day 12,613 > 9000. Switching to PMID-range bisection.
2026-04-08 12:07:16,657 [INFO]     [2017/01/01 PMID 1:99999999] 12,613 > 9000, splitting at PMID 50000000
2026-04-08 12:07:17,879 [INFO]       [2017/01/01 PMID 1:50000000] 12,613 > 9000, splitting at PMID 25000000
2026-04-08 12:07:19,095 [INFO]         [2017/01/01 PMID 1:25000000] 3 records → fetching…
2026-04-08 12:07:20,253 [INFO]   [2017/01/01 PMID 1:25000000] retstart=0 → 3 | total=101,926
2026-04-08 12:07:21,594 [INFO]         [2017/01/01 PMID 25000001:50000000] 12,610 > 9000, splitting at PMID 37500000
2026-04-08 12:07:22,766 [INFO]           [2017/01/01 PMID 25000001:37500000] 12,606 > 9000, splitting at PMID 31250000
2026-04-08 12:07:23,918 [INFO]             [2017/01/01 PMID 25000001:31250000] 12,503 > 9000, splitting at PMID 28125000
2026-04-08 12:07:25,181 [INFO]               [2017/01/01 PMID 25000001:28125000] 3,435 records → fetching…
2026-04-08 12:07:29,449 [INFO]   [2017/01/01 PMID 25000001:28125000] retstart=0 → 500 | total=102,426
2026-04-08 12:07:33,077 [INFO]   [2017/01/01 PMID 25000001:28125000] retstart=500 → 499 | total=102,925
2026-04-08 12:07:36,905 [INFO]   [2017/01/01 PMID 25000001:28125000] retstart=1,000 → 500 | total=103,425
2026-04-08 12:07:41,500 [INFO]   [2017/01/01 PMID 25000001:28125000] retstart=1,500 → 500 | total=103,925
2026-04-08 12:07:46,270 [INFO]   [2017/01/01 PMID 25000001:28125000] retstart=2,000 → 500 | total=104,425
2026-04-08 12:07:50,721 [INFO]   [2017/01/01 PMID 25000001:28125000] retstart=2,500 → 500 | total=104,925
2026-04-08 12:07:55,770 [INFO] → Saved 5,000 records to data\pubmed_output\2016-2020\pubmed_batch_0161.json
2026-04-08 12:07:55,773 [INFO]   [2017/01/01 PMID 25000001:28125000] retstart=3,000 → 435 | total=105,360
2026-04-08 12:07:57,109 [INFO]               [2017/01/01 PMID 28125001:31250000] 9,068 > 9000, splitting at PMID 29687500
2026-04-08 12:07:58,264 [INFO]                 [2017/01/01 PMID 28125001:29687500] 8,884 records → fetching…
2026-04-08 12:08:03,121 [INFO]   [2017/01/01 PMID 28125001:29687500] retstart=0 → 500 | total=105,860
2026-04-08 12:08:08,477 [INFO]   [2017/01/01 PMID 28125001:29687500] retstart=500 → 500 | total=106,360
2026-04-08 12:08:13,325 [INFO]   [2017/01/01 PMID 28125001:29687500] retstart=1,000 → 500 | total=106,860
2026-04-08 12:08:22,939 [INFO]   [2017/01/01 PMID 28125001:29687500] retstart=1,500 → 500 | total=107,360
2026-04-08 12:08:27,796 [INFO]   [2017/01/01 PMID 28125001:29687500] retstart=2,000 → 500 | total=107,860
2026-04-08 12:08:32,921 [INFO]   [2017/01/01 PMID 28125001:29687500] retstart=2,500 → 500 | total=108,360
2026-04-08 12:08:38,262 [INFO]   [2017/01/01 PMID 28125001:29687500] retstart=3,000 → 500 | total=108,860
2026-04-08 12:08:43,081 [INFO]   [2017/01/01 PMID 28125001:29687500] retstart=3,500 → 500 | total=109,360
2026-04-08 12:08:48,797 [INFO]   [2017/01/01 PMID 28125001:29687500] retstart=4,000 → 500 | total=109,860
2026-04-08 12:08:54,725 [INFO] → Saved 5,000 records to data\pubmed_output\2016-2020\pubmed_batch_0162.json
2026-04-08 12:08:54,730 [INFO]   [2017/01/01 PMID 28125001:29687500] retstart=4,500 → 500 | total=110,360
2026-04-08 12:08:59,811 [INFO]   [2017/01/01 PMID 28125001:29687500] retstart=5,000 → 500 | total=110,860
2026-04-08 12:09:04,395 [INFO]   [2017/01/01 PMID 28125001:29687500] retstart=5,500 → 500 | total=111,360
2026-04-08 12:09:10,073 [INFO]   [2017/01/01 PMID 28125001:29687500] retstart=6,000 → 500 | total=111,860
2026-04-08 12:09:16,019 [INFO]   [2017/01/01 PMID 28125001:29687500] retstart=6,500 → 500 | total=112,360
2026-04-08 12:09:20,254 [INFO]   [2017/01/01 PMID 28125001:29687500] retstart=7,000 → 500 | total=112,860
2026-04-08 12:09:24,982 [INFO]   [2017/01/01 PMID 28125001:29687500] retstart=7,500 → 500 | total=113,360
2026-04-08 12:09:30,468 [INFO]   [2017/01/01 PMID 28125001:29687500] retstart=8,000 → 500 | total=113,860
2026-04-08 12:09:37,069 [INFO]   [2017/01/01 PMID 28125001:29687500] retstart=8,500 → 377 | total=114,237
2026-04-08 12:09:38,494 [INFO]                 [2017/01/01 PMID 29687501:31250000] 184 records → fetching…
2026-04-08 12:09:41,787 [INFO]   [2017/01/01 PMID 29687501:31250000] retstart=0 → 184 | total=114,421
2026-04-08 12:09:43,616 [INFO]             [2017/01/01 PMID 31250001:37500000] 103 records → fetching…
2026-04-08 12:09:46,510 [INFO]   [2017/01/01 PMID 31250001:37500000] retstart=0 → 102 | total=114,523
2026-04-08 12:09:47,877 [INFO]           [2017/01/01 PMID 37500001:50000000] 4 records → fetching…
2026-04-08 12:09:49,176 [INFO]   [2017/01/01 PMID 37500001:50000000] retstart=0 → 4 | total=114,527
2026-04-08 12:09:51,639 [INFO]                     [2017/01/02 ~ 2017/01/03] 312 records → fetching…
2026-04-08 12:09:57,293 [INFO]   [2017/01/02~2017/01/03] retstart=0 → 312 | total=114,839
2026-04-08 12:09:59,016 [INFO]                   [2017/01/04 ~ 2017/01/06] 644 records → fetching…
2026-04-08 12:10:04,648 [INFO] → Saved 5,000 records to data\pubmed_output\2016-2020\pubmed_batch_0163.json
2026-04-08 12:10:04,653 [INFO]   [2017/01/04~2017/01/06] retstart=0 → 500 | total=115,339
2026-04-08 12:10:07,449 [INFO]   [2017/01/04~2017/01/06] retstart=500 → 144 | total=115,483
2026-04-08 12:10:08,813 [INFO]             [2017/01/07 ~ 2017/02/03] 7,072 records → fetching…
2026-04-08 12:10:16,184 [INFO]   [2017/01/07~2017/02/03] retstart=0 → 500 | total=115,983
2026-04-08 12:10:20,683 [INFO]   [2017/01/07~2017/02/03] retstart=500 → 500 | total=116,483
2026-04-08 12:10:25,014 [INFO]   [2017/01/07~2017/02/03] retstart=1,000 → 500 | total=116,983
2026-04-08 12:10:29,975 [INFO]   [2017/01/07~2017/02/03] retstart=1,500 → 499 | total=117,482
2026-04-08 12:10:37,681 [INFO]   [2017/01/07~2017/02/03] retstart=2,000 → 500 | total=117,982
2026-04-08 12:10:42,348 [INFO]   [2017/01/07~2017/02/03] retstart=2,500 → 500 | total=118,482
2026-04-08 12:10:47,661 [INFO]   [2017/01/07~2017/02/03] retstart=3,000 → 500 | total=118,982
2026-04-08 12:10:52,074 [INFO]   [2017/01/07~2017/02/03] retstart=3,500 → 500 | total=119,482
2026-04-08 12:10:56,789 [INFO]   [2017/01/07~2017/02/03] retstart=4,000 → 500 | total=119,982
2026-04-08 12:11:10,849 [INFO] → Saved 5,000 records to data\pubmed_output\2016-2020\pubmed_batch_0164.json
2026-04-08 12:11:10,853 [INFO]   [2017/01/07~2017/02/03] retstart=4,500 → 500 | total=120,482
2026-04-08 12:11:14,979 [INFO]   [2017/01/07~2017/02/03] retstart=5,000 → 500 | total=120,982
2026-04-08 12:11:22,208 [INFO]   [2017/01/07~2017/02/03] retstart=5,500 → 500 | total=121,482
2026-04-08 12:11:26,739 [INFO]   [2017/01/07~2017/02/03] retstart=6,000 → 500 | total=121,982
2026-04-08 12:11:30,654 [INFO]   [2017/01/07~2017/02/03] retstart=6,500 → 500 | total=122,482
2026-04-08 12:11:34,374 [INFO]   [2017/01/07~2017/02/03] retstart=7,000 → 72 | total=122,554
2026-04-08 12:11:36,052 [INFO]           [2017/02/04 ~ 2017/04/01] 14,023 > 9000, splitting at 2017/03/04 / 2017/03/05
2026-04-08 12:11:37,284 [INFO]             [2017/02/04 ~ 2017/03/04] 7,524 records → fetching…
2026-04-08 12:11:41,007 [INFO]   [2017/02/04~2017/03/04] retstart=0 → 500 | total=123,054
2026-04-08 12:11:44,890 [INFO]   [2017/02/04~2017/03/04] retstart=500 → 500 | total=123,554
2026-04-08 12:11:49,180 [INFO]   [2017/02/04~2017/03/04] retstart=1,000 → 500 | total=124,054
2026-04-08 12:11:53,930 [INFO]   [2017/02/04~2017/03/04] retstart=1,500 → 500 | total=124,554
2026-04-08 12:11:59,474 [INFO] → Saved 5,000 records to data\pubmed_output\2016-2020\pubmed_batch_0165.json
2026-04-08 12:11:59,476 [INFO]   [2017/02/04~2017/03/04] retstart=2,000 → 500 | total=125,054
2026-04-08 12:12:07,981 [INFO]   [2017/02/04~2017/03/04] retstart=2,500 → 500 | total=125,554
2026-04-08 12:12:32,633 [INFO]   [2017/02/04~2017/03/04] retstart=3,000 → 500 | total=126,054
2026-04-08 12:12:37,015 [INFO]   [2017/02/04~2017/03/04] retstart=3,500 → 499 | total=126,553
2026-04-08 12:12:41,800 [INFO]   [2017/02/04~2017/03/04] retstart=4,000 → 500 | total=127,053
2026-04-08 12:12:46,020 [INFO]   [2017/02/04~2017/03/04] retstart=4,500 → 500 | total=127,553
2026-04-08 12:12:49,961 [INFO]   [2017/02/04~2017/03/04] retstart=5,000 → 500 | total=128,053
2026-04-08 12:12:54,087 [INFO]   [2017/02/04~2017/03/04] retstart=5,500 → 500 | total=128,553
2026-04-08 12:12:58,409 [INFO]   [2017/02/04~2017/03/04] retstart=6,000 → 500 | total=129,053
2026-04-08 12:13:03,258 [INFO]   [2017/02/04~2017/03/04] retstart=6,500 → 500 | total=129,553
2026-04-08 12:13:07,736 [INFO] → Saved 5,000 records to data\pubmed_output\2016-2020\pubmed_batch_0166.json
2026-04-08 12:13:07,741 [INFO]   [2017/02/04~2017/03/04] retstart=7,000 → 500 | total=130,053
2026-04-08 12:13:09,617 [INFO]   [2017/02/04~2017/03/04] retstart=7,500 → 24 | total=130,077
2026-04-08 12:13:10,930 [INFO]             [2017/03/05 ~ 2017/04/01] 7,336 records → fetching…
2026-04-08 12:13:14,675 [INFO]   [2017/03/05~2017/04/01] retstart=0 → 500 | total=130,577
2026-04-08 12:13:18,297 [INFO]   [2017/03/05~2017/04/01] retstart=500 → 500 | total=131,077
2026-04-08 12:13:22,014 [INFO]   [2017/03/05~2017/04/01] retstart=1,000 → 500 | total=131,577
2026-04-08 12:13:26,661 [INFO]   [2017/03/05~2017/04/01] retstart=1,500 → 499 | total=132,076
2026-04-08 12:13:30,623 [INFO]   [2017/03/05~2017/04/01] retstart=2,000 → 500 | total=132,576
2026-04-08 12:13:35,091 [INFO]   [2017/03/05~2017/04/01] retstart=2,500 → 499 | total=133,075
2026-04-08 12:13:39,401 [INFO]   [2017/03/05~2017/04/01] retstart=3,000 → 499 | total=133,574
2026-04-08 12:13:44,646 [INFO]   [2017/03/05~2017/04/01] retstart=3,500 → 499 | total=134,073
2026-04-08 12:13:49,379 [INFO]   [2017/03/05~2017/04/01] retstart=4,000 → 500 | total=134,573
2026-04-08 12:13:54,117 [INFO] → Saved 5,000 records to data\pubmed_output\2016-2020\pubmed_batch_0167.json
2026-04-08 12:13:54,121 [INFO]   [2017/03/05~2017/04/01] retstart=4,500 → 500 | total=135,073
2026-04-08 12:13:59,168 [INFO]   [2017/03/05~2017/04/01] retstart=5,000 → 500 | total=135,573
2026-04-08 12:14:03,775 [INFO]   [2017/03/05~2017/04/01] retstart=5,500 → 500 | total=136,073
2026-04-08 12:14:11,414 [INFO]   [2017/03/05~2017/04/01] retstart=6,000 → 500 | total=136,573
2026-04-08 12:14:15,327 [INFO]   [2017/03/05~2017/04/01] retstart=6,500 → 500 | total=137,073
2026-04-08 12:14:20,235 [INFO]   [2017/03/05~2017/04/01] retstart=7,000 → 336 | total=137,409
2026-04-08 12:14:21,558 [INFO]     [2017/04/02 ~ 2018/07/02] 92,061 > 9000, splitting at 2017/11/16 / 2017/11/17
2026-04-08 12:14:22,956 [INFO]       [2017/04/02 ~ 2017/11/16] 44,940 > 9000, splitting at 2017/07/25 / 2017/07/26
2026-04-08 12:14:24,925 [INFO]         [2017/04/02 ~ 2017/07/25] 23,808 > 9000, splitting at 2017/05/29 / 2017/05/30
2026-04-08 12:14:26,130 [INFO]           [2017/04/02 ~ 2017/05/29] 11,343 > 9000, splitting at 2017/04/30 / 2017/05/01
2026-04-08 12:14:27,289 [INFO]             [2017/04/02 ~ 2017/04/30] 4,437 records → fetching…
2026-04-08 12:14:31,405 [INFO]   [2017/04/02~2017/04/30] retstart=0 → 499 | total=137,908
2026-04-08 12:14:35,113 [INFO]   [2017/04/02~2017/04/30] retstart=500 → 500 | total=138,408
2026-04-08 12:14:40,003 [INFO]   [2017/04/02~2017/04/30] retstart=1,000 → 500 | total=138,908
2026-04-08 12:14:47,248 [INFO]   [2017/04/02~2017/04/30] retstart=1,500 → 500 | total=139,408
2026-04-08 12:14:51,457 [INFO]   [2017/04/02~2017/04/30] retstart=2,000 → 500 | total=139,908
2026-04-08 12:14:55,980 [INFO] → Saved 5,000 records to data\pubmed_output\2016-2020\pubmed_batch_0168.json
2026-04-08 12:14:55,985 [INFO]   [2017/04/02~2017/04/30] retstart=2,500 → 499 | total=140,407
2026-04-08 12:15:00,476 [INFO]   [2017/04/02~2017/04/30] retstart=3,000 → 500 | total=140,907
2026-04-08 12:15:04,552 [INFO]   [2017/04/02~2017/04/30] retstart=3,500 → 499 | total=141,406
2026-04-08 12:15:08,689 [INFO]   [2017/04/02~2017/04/30] retstart=4,000 → 437 | total=141,843
2026-04-08 12:15:10,252 [INFO]             [2017/05/01 ~ 2017/05/29] 7,349 records → fetching…
2026-04-08 12:15:14,501 [INFO]   [2017/05/01~2017/05/29] retstart=0 → 500 | total=142,343
2026-04-08 12:15:19,473 [INFO]   [2017/05/01~2017/05/29] retstart=500 → 500 | total=142,843
2026-04-08 12:15:24,439 [INFO]   [2017/05/01~2017/05/29] retstart=1,000 → 500 | total=143,343
2026-04-08 12:15:28,988 [INFO]   [2017/05/01~2017/05/29] retstart=1,500 → 500 | total=143,843
2026-04-08 12:15:33,822 [INFO]   [2017/05/01~2017/05/29] retstart=2,000 → 499 | total=144,342
2026-04-08 12:15:37,384 [INFO]   [2017/05/01~2017/05/29] retstart=2,500 → 500 | total=144,842
2026-04-08 12:15:42,065 [INFO] → Saved 5,000 records to data\pubmed_output\2016-2020\pubmed_batch_0169.json
2026-04-08 12:15:42,067 [INFO]   [2017/05/01~2017/05/29] retstart=3,000 → 500 | total=145,342
2026-04-08 12:15:46,160 [INFO]   [2017/05/01~2017/05/29] retstart=3,500 → 500 | total=145,842
2026-04-08 12:15:50,168 [INFO]   [2017/05/01~2017/05/29] retstart=4,000 → 499 | total=146,341
2026-04-08 12:15:54,678 [INFO]   [2017/05/01~2017/05/29] retstart=4,500 → 500 | total=146,841
2026-04-08 12:15:58,691 [INFO]   [2017/05/01~2017/05/29] retstart=5,000 → 500 | total=147,341
2026-04-08 12:16:02,403 [INFO]   [2017/05/01~2017/05/29] retstart=5,500 → 500 | total=147,841
2026-04-08 12:16:06,816 [INFO]   [2017/05/01~2017/05/29] retstart=6,000 → 500 | total=148,341
2026-04-08 12:16:10,452 [INFO]   [2017/05/01~2017/05/29] retstart=6,500 → 500 | total=148,841
2026-04-08 12:16:13,265 [INFO]   [2017/05/01~2017/05/29] retstart=7,000 → 349 | total=149,190
2026-04-08 12:16:14,583 [INFO]           [2017/05/30 ~ 2017/07/25] 14,857 > 9000, splitting at 2017/06/27 / 2017/06/28
2026-04-08 12:16:15,753 [INFO]             [2017/05/30 ~ 2017/06/27] 7,726 records → fetching…
2026-04-08 12:16:19,999 [INFO]   [2017/05/30~2017/06/27] retstart=0 → 500 | total=149,690
2026-04-08 12:16:24,346 [INFO] → Saved 5,000 records to data\pubmed_output\2016-2020\pubmed_batch_0170.json
2026-04-08 12:16:24,350 [INFO]   [2017/05/30~2017/06/27] retstart=500 → 500 | total=150,190
2026-04-08 12:16:28,682 [INFO]   [2017/05/30~2017/06/27] retstart=1,000 → 500 | total=150,690
2026-04-08 12:16:33,388 [INFO]   [2017/05/30~2017/06/27] retstart=1,500 → 500 | total=151,190
2026-04-08 12:16:37,226 [INFO]   [2017/05/30~2017/06/27] retstart=2,000 → 500 | total=151,690
2026-04-08 12:16:42,017 [INFO]   [2017/05/30~2017/06/27] retstart=2,500 → 499 | total=152,189
2026-04-08 12:16:46,587 [INFO]   [2017/05/30~2017/06/27] retstart=3,000 → 500 | total=152,689
2026-04-08 12:16:50,399 [INFO]   [2017/05/30~2017/06/27] retstart=3,500 → 499 | total=153,188
2026-04-08 12:16:54,976 [INFO]   [2017/05/30~2017/06/27] retstart=4,000 → 499 | total=153,687
2026-04-08 12:16:59,243 [INFO]   [2017/05/30~2017/06/27] retstart=4,500 → 500 | total=154,187
2026-04-08 12:17:03,617 [INFO]   [2017/05/30~2017/06/27] retstart=5,000 → 500 | total=154,687
2026-04-08 12:17:07,692 [INFO] → Saved 5,000 records to data\pubmed_output\2016-2020\pubmed_batch_0171.json
2026-04-08 12:17:07,696 [INFO]   [2017/05/30~2017/06/27] retstart=5,500 → 500 | total=155,187
2026-04-08 12:17:11,633 [INFO]   [2017/05/30~2017/06/27] retstart=6,000 → 500 | total=155,687
2026-04-08 12:17:15,680 [INFO]   [2017/05/30~2017/06/27] retstart=6,500 → 500 | total=156,187
2026-04-08 12:17:20,512 [INFO]   [2017/05/30~2017/06/27] retstart=7,000 → 500 | total=156,687
2026-04-08 12:17:23,517 [INFO]   [2017/05/30~2017/06/27] retstart=7,500 → 226 | total=156,913
2026-04-08 12:17:24,835 [INFO]             [2017/06/28 ~ 2017/07/25] 7,621 records → fetching…
2026-04-08 12:17:28,802 [INFO]   [2017/06/28~2017/07/25] retstart=0 → 500 | total=157,413
2026-04-08 12:17:34,562 [INFO]   [2017/06/28~2017/07/25] retstart=500 → 500 | total=157,913
2026-04-08 12:17:38,716 [INFO]   [2017/06/28~2017/07/25] retstart=1,000 → 500 | total=158,413
2026-04-08 12:17:43,427 [INFO]   [2017/06/28~2017/07/25] retstart=1,500 → 500 | total=158,913
2026-04-08 12:17:47,116 [INFO]   [2017/06/28~2017/07/25] retstart=2,000 → 500 | total=159,413
2026-04-08 12:17:51,281 [INFO]   [2017/06/28~2017/07/25] retstart=2,500 → 499 | total=159,912
2026-04-08 12:17:55,834 [INFO] → Saved 5,000 records to data\pubmed_output\2016-2020\pubmed_batch_0172.json
2026-04-08 12:17:55,839 [INFO]   [2017/06/28~2017/07/25] retstart=3,000 → 500 | total=160,412
2026-04-08 12:17:59,450 [INFO]   [2017/06/28~2017/07/25] retstart=3,500 → 500 | total=160,912
2026-04-08 12:18:03,869 [INFO]   [2017/06/28~2017/07/25] retstart=4,000 → 500 | total=161,412
2026-04-08 12:18:08,635 [INFO]   [2017/06/28~2017/07/25] retstart=4,500 → 500 | total=161,912
2026-04-08 12:18:12,806 [INFO]   [2017/06/28~2017/07/25] retstart=5,000 → 500 | total=162,412
2026-04-08 12:18:14,968 [WARNING] Attempt 1/5 failed: Response ended prematurely. Retry in 2s…
2026-04-08 12:18:20,418 [INFO]   [2017/06/28~2017/07/25] retstart=5,500 → 500 | total=162,912
2026-04-08 12:18:24,532 [INFO]   [2017/06/28~2017/07/25] retstart=6,000 → 500 | total=163,412
2026-04-08 12:18:28,061 [INFO]   [2017/06/28~2017/07/25] retstart=6,500 → 500 | total=163,912
2026-04-08 12:18:31,089 [INFO]   [2017/06/28~2017/07/25] retstart=7,000 → 500 | total=164,412
2026-04-08 12:18:32,717 [INFO]   [2017/06/28~2017/07/25] retstart=7,500 → 121 | total=164,533
2026-04-08 12:18:33,684 [INFO]         [2017/07/26 ~ 2017/11/16] 26,981 > 9000, splitting at 2017/09/20 / 2017/09/21
2026-04-08 12:18:34,567 [INFO]           [2017/07/26 ~ 2017/09/20] 14,694 > 9000, splitting at 2017/08/23 / 2017/08/24
2026-04-08 12:18:35,420 [INFO]             [2017/07/26 ~ 2017/08/23] 7,471 records → fetching…
2026-04-08 12:18:39,964 [INFO] → Saved 5,000 records to data\pubmed_output\2016-2020\pubmed_batch_0173.json
2026-04-08 12:18:39,966 [INFO]   [2017/07/26~2017/08/23] retstart=0 → 500 | total=165,033
2026-04-08 12:18:43,475 [WARNING] Attempt 1/5 failed: Response ended prematurely. Retry in 2s…
2026-04-08 12:19:00,600 [INFO]   [2017/07/26~2017/08/23] retstart=500 → 500 | total=165,533
2026-04-08 12:19:07,639 [INFO]   [2017/07/26~2017/08/23] retstart=1,000 → 500 | total=166,033
2026-04-08 12:19:12,426 [INFO]   [2017/07/26~2017/08/23] retstart=1,500 → 500 | total=166,533
2026-04-08 12:19:23,562 [INFO]   [2017/07/26~2017/08/23] retstart=2,000 → 500 | total=167,033
2026-04-08 12:19:29,210 [INFO]   [2017/07/26~2017/08/23] retstart=2,500 → 500 | total=167,533
2026-04-08 12:19:58,481 [INFO]   [2017/07/26~2017/08/23] retstart=3,000 → 500 | total=168,033
2026-04-08 12:20:06,294 [INFO]   [2017/07/26~2017/08/23] retstart=3,500 → 500 | total=168,533
2026-04-08 12:20:13,096 [INFO]   [2017/07/26~2017/08/23] retstart=4,000 → 500 | total=169,033
2026-04-08 12:20:19,128 [INFO]   [2017/07/26~2017/08/23] retstart=4,500 → 500 | total=169,533
2026-04-08 12:20:47,018 [INFO] → Saved 5,000 records to data\pubmed_output\2016-2020\pubmed_batch_0174.json
2026-04-08 12:20:47,022 [INFO]   [2017/07/26~2017/08/23] retstart=5,000 → 500 | total=170,033
2026-04-08 12:21:15,563 [INFO]   [2017/07/26~2017/08/23] retstart=5,500 → 500 | total=170,533
2026-04-08 12:21:21,626 [INFO]   [2017/07/26~2017/08/23] retstart=6,000 → 500 | total=171,033
2026-04-08 12:21:26,092 [INFO]   [2017/07/26~2017/08/23] retstart=6,500 → 500 | total=171,533
2026-04-08 12:21:38,678 [INFO]   [2017/07/26~2017/08/23] retstart=7,000 → 471 | total=172,004
2026-04-08 12:21:39,674 [INFO]             [2017/08/24 ~ 2017/09/20] 7,746 records → fetching…
2026-04-08 12:21:44,044 [INFO]   [2017/08/24~2017/09/20] retstart=0 → 500 | total=172,504
2026-04-08 12:21:52,236 [INFO]   [2017/08/24~2017/09/20] retstart=500 → 500 | total=173,004
2026-04-08 12:21:57,799 [INFO]   [2017/08/24~2017/09/20] retstart=1,000 → 500 | total=173,504
2026-04-08 12:22:02,591 [INFO]   [2017/08/24~2017/09/20] retstart=1,500 → 500 | total=174,004
2026-04-08 12:22:08,905 [INFO]   [2017/08/24~2017/09/20] retstart=2,000 → 500 | total=174,504
2026-04-08 12:22:19,920 [INFO] → Saved 5,000 records to data\pubmed_output\2016-2020\pubmed_batch_0175.json
2026-04-08 12:22:19,924 [INFO]   [2017/08/24~2017/09/20] retstart=2,500 → 500 | total=175,004
2026-04-08 12:22:27,926 [INFO]   [2017/08/24~2017/09/20] retstart=3,000 → 500 | total=175,504
2026-04-08 12:22:43,018 [INFO]   [2017/08/24~2017/09/20] retstart=3,500 → 499 | total=176,003
2026-04-08 12:22:53,541 [INFO]   [2017/08/24~2017/09/20] retstart=4,000 → 500 | total=176,503
2026-04-08 12:22:58,210 [INFO]   [2017/08/24~2017/09/20] retstart=4,500 → 499 | total=177,002
2026-04-08 12:23:31,502 [WARNING] Attempt 1/5 failed: Response ended prematurely. Retry in 2s…
2026-04-08 12:23:38,962 [INFO]   [2017/08/24~2017/09/20] retstart=5,000 → 500 | total=177,502
2026-04-08 12:23:51,121 [INFO]   [2017/08/24~2017/09/20] retstart=5,500 → 500 | total=178,002
2026-04-08 12:23:58,763 [INFO]   [2017/08/24~2017/09/20] retstart=6,000 → 500 | total=178,502
2026-04-08 12:24:02,598 [INFO]   [2017/08/24~2017/09/20] retstart=6,500 → 500 | total=179,002
2026-04-08 12:24:12,238 [INFO]   [2017/08/24~2017/09/20] retstart=7,000 → 500 | total=179,502
2026-04-08 12:24:15,307 [INFO]   [2017/08/24~2017/09/20] retstart=7,500 → 246 | total=179,748
2026-04-08 12:24:16,320 [INFO]           [2017/09/21 ~ 2017/11/16] 14,983 > 9000, splitting at 2017/10/19 / 2017/10/20
2026-04-08 12:24:17,190 [INFO]             [2017/09/21 ~ 2017/10/19] 7,971 records → fetching…
2026-04-08 12:24:23,977 [INFO] → Saved 5,000 records to data\pubmed_output\2016-2020\pubmed_batch_0176.json
2026-04-08 12:24:23,982 [INFO]   [2017/09/21~2017/10/19] retstart=0 → 500 | total=180,248
2026-04-08 12:24:28,335 [INFO]   [2017/09/21~2017/10/19] retstart=500 → 500 | total=180,748
2026-04-08 12:24:32,537 [INFO]   [2017/09/21~2017/10/19] retstart=1,000 → 500 | total=181,248
2026-04-08 12:24:37,298 [INFO]   [2017/09/21~2017/10/19] retstart=1,500 → 500 | total=181,748
2026-04-08 12:24:44,265 [INFO]   [2017/09/21~2017/10/19] retstart=2,000 → 500 | total=182,248
2026-04-08 12:24:49,274 [INFO]   [2017/09/21~2017/10/19] retstart=2,500 → 500 | total=182,748
2026-04-08 12:24:54,719 [INFO]   [2017/09/21~2017/10/19] retstart=3,000 → 499 | total=183,247
2026-04-08 12:24:59,826 [INFO]   [2017/09/21~2017/10/19] retstart=3,500 → 499 | total=183,746
2026-04-08 12:25:05,166 [INFO]   [2017/09/21~2017/10/19] retstart=4,000 → 499 | total=184,245
2026-04-08 12:25:17,316 [INFO]   [2017/09/21~2017/10/19] retstart=4,500 → 500 | total=184,745
2026-04-08 12:25:26,385 [INFO] → Saved 5,000 records to data\pubmed_output\2016-2020\pubmed_batch_0177.json
2026-04-08 12:25:26,389 [INFO]   [2017/09/21~2017/10/19] retstart=5,000 → 500 | total=185,245
2026-04-08 12:25:30,670 [INFO]   [2017/09/21~2017/10/19] retstart=5,500 → 500 | total=185,745
2026-04-08 12:25:44,850 [INFO]   [2017/09/21~2017/10/19] retstart=6,000 → 500 | total=186,245
2026-04-08 12:25:48,909 [INFO]   [2017/09/21~2017/10/19] retstart=6,500 → 500 | total=186,745
2026-04-08 12:26:08,802 [INFO]   [2017/09/21~2017/10/19] retstart=7,000 → 500 | total=187,245
2026-04-08 12:26:22,146 [INFO]   [2017/09/21~2017/10/19] retstart=7,500 → 471 | total=187,716
2026-04-08 12:26:24,024 [INFO]             [2017/10/20 ~ 2017/11/16] 7,738 records → fetching…
2026-04-08 12:26:40,314 [INFO]   [2017/10/20~2017/11/16] retstart=0 → 499 | total=188,215
2026-04-08 12:27:19,610 [INFO]   [2017/10/20~2017/11/16] retstart=500 → 500 | total=188,715
2026-04-08 12:27:25,053 [INFO]   [2017/10/20~2017/11/16] retstart=1,000 → 500 | total=189,215
2026-04-08 12:27:46,482 [INFO]   [2017/10/20~2017/11/16] retstart=1,500 → 500 | total=189,715
2026-04-08 12:27:59,154 [INFO] → Saved 5,000 records to data\pubmed_output\2016-2020\pubmed_batch_0178.json
2026-04-08 12:27:59,159 [INFO]   [2017/10/20~2017/11/16] retstart=2,000 → 499 | total=190,214
2026-04-08 12:28:03,165 [INFO]   [2017/10/20~2017/11/16] retstart=2,500 → 500 | total=190,714
2026-04-08 12:28:13,169 [INFO]   [2017/10/20~2017/11/16] retstart=3,000 → 500 | total=191,214
2026-04-08 12:28:17,172 [INFO]   [2017/10/20~2017/11/16] retstart=3,500 → 499 | total=191,713
2026-04-08 12:28:22,121 [INFO]   [2017/10/20~2017/11/16] retstart=4,000 → 500 | total=192,213
2026-04-08 12:28:35,937 [INFO]   [2017/10/20~2017/11/16] retstart=4,500 → 500 | total=192,713
2026-04-08 12:28:41,512 [INFO]   [2017/10/20~2017/11/16] retstart=5,000 → 500 | total=193,213
2026-04-08 12:28:49,570 [INFO]   [2017/10/20~2017/11/16] retstart=5,500 → 500 | total=193,713
2026-04-08 12:28:53,739 [INFO]   [2017/10/20~2017/11/16] retstart=6,000 → 500 | total=194,213
2026-04-08 12:28:57,282 [INFO]   [2017/10/20~2017/11/16] retstart=6,500 → 500 | total=194,713
2026-04-08 12:29:00,825 [INFO] → Saved 5,000 records to data\pubmed_output\2016-2020\pubmed_batch_0179.json
2026-04-08 12:29:00,830 [INFO]   [2017/10/20~2017/11/16] retstart=7,000 → 500 | total=195,213
2026-04-08 12:29:03,211 [INFO]   [2017/10/20~2017/11/16] retstart=7,500 → 238 | total=195,451
2026-04-08 12:29:04,629 [INFO]       [2017/11/17 ~ 2018/07/02] 54,946 > 9000, splitting at 2018/03/10 / 2018/03/11
2026-04-08 12:29:05,528 [INFO]         [2017/11/17 ~ 2018/03/10] 36,286 > 9000, splitting at 2018/01/12 / 2018/01/13
2026-04-08 12:29:06,424 [INFO]           [2017/11/17 ~ 2018/01/12] 25,154 > 9000, splitting at 2017/12/15 / 2017/12/16
2026-04-08 12:29:07,308 [INFO]             [2017/11/17 ~ 2017/12/15] 8,105 records → fetching…
2026-04-08 12:29:11,031 [INFO]   [2017/11/17~2017/12/15] retstart=0 → 500 | total=195,951
2026-04-08 12:29:14,972 [INFO]   [2017/11/17~2017/12/15] retstart=500 → 500 | total=196,451
2026-04-08 12:29:18,933 [INFO]   [2017/11/17~2017/12/15] retstart=1,000 → 500 | total=196,951
2026-04-08 12:29:23,254 [INFO]   [2017/11/17~2017/12/15] retstart=1,500 → 500 | total=197,451
2026-04-08 12:29:27,413 [INFO]   [2017/11/17~2017/12/15] retstart=2,000 → 500 | total=197,951
2026-04-08 12:29:32,832 [INFO]   [2017/11/17~2017/12/15] retstart=2,500 → 500 | total=198,451
2026-04-08 12:29:37,035 [INFO]   [2017/11/17~2017/12/15] retstart=3,000 → 500 | total=198,951
2026-04-08 12:29:41,079 [INFO]   [2017/11/17~2017/12/15] retstart=3,500 → 500 | total=199,451
2026-04-08 12:29:45,920 [INFO]   [2017/11/17~2017/12/15] retstart=4,000 → 496 | total=199,947
2026-04-08 12:30:08,731 [INFO] → Saved 5,000 records to data\pubmed_output\2016-2020\pubmed_batch_0180.json
2026-04-08 12:30:08,735 [INFO]   [2017/11/17~2017/12/15] retstart=4,500 → 500 | total=200,447
2026-04-08 12:30:12,772 [INFO]   [2017/11/17~2017/12/15] retstart=5,000 → 500 | total=200,947
2026-04-08 12:30:16,367 [INFO]   [2017/11/17~2017/12/15] retstart=5,500 → 500 | total=201,447
2026-04-08 12:30:22,189 [INFO]   [2017/11/17~2017/12/15] retstart=6,000 → 500 | total=201,947
2026-04-08 12:30:51,290 [INFO]   [2017/11/17~2017/12/15] retstart=6,500 → 500 | total=202,447
2026-04-08 12:31:24,390 [INFO]   [2017/11/17~2017/12/15] retstart=7,000 → 500 | total=202,947
2026-04-08 12:31:32,591 [INFO]   [2017/11/17~2017/12/15] retstart=7,500 → 500 | total=203,447
2026-04-08 12:31:34,508 [INFO]   [2017/11/17~2017/12/15] retstart=8,000 → 105 | total=203,552
2026-04-08 12:31:35,718 [INFO]             [2017/12/16 ~ 2018/01/12] 17,818 > 9000, splitting at 2017/12/29 / 2017/12/30
2026-04-08 12:31:36,801 [INFO]               [2017/12/16 ~ 2017/12/29] 2,081 records → fetching…
2026-04-08 12:31:43,914 [INFO]   [2017/12/16~2017/12/29] retstart=0 → 500 | total=204,052
2026-04-08 12:31:48,171 [INFO]   [2017/12/16~2017/12/29] retstart=500 → 499 | total=204,551
2026-04-08 12:31:52,872 [INFO] → Saved 5,000 records to data\pubmed_output\2016-2020\pubmed_batch_0181.json
2026-04-08 12:31:52,876 [INFO]   [2017/12/16~2017/12/29] retstart=1,000 → 498 | total=205,049
2026-04-08 12:31:57,500 [INFO]   [2017/12/16~2017/12/29] retstart=1,500 → 500 | total=205,549
2026-04-08 12:31:58,986 [INFO]   [2017/12/16~2017/12/29] retstart=2,000 → 81 | total=205,630
2026-04-08 12:32:00,212 [INFO]               [2017/12/30 ~ 2018/01/12] 15,929 > 9000, splitting at 2018/01/05 / 2018/01/06
2026-04-08 12:32:01,126 [INFO]                 [2017/12/30 ~ 2018/01/05] 14,854 > 9000, splitting at 2018/01/02 / 2018/01/03
2026-04-08 12:32:02,027 [INFO]                   [2017/12/30 ~ 2018/01/02] 14,272 > 9000, splitting at 2017/12/31 / 2018/01/01
2026-04-08 12:32:03,961 [INFO]                     [2017/12/30 ~ 2017/12/31] 73 records → fetching…
2026-04-08 12:32:12,242 [INFO]   [2017/12/30~2017/12/31] retstart=0 → 73 | total=205,703
2026-04-08 12:32:13,339 [INFO]                     [2018/01/01 ~ 2018/01/02] 14,200 > 9000, splitting at 2018/01/01 / 2018/01/02
2026-04-08 12:32:14,269 [WARNING]                       [2018/01/01] single day 13,978 > 9000. Switching to PMID-range bisection.
2026-04-08 12:32:15,330 [INFO]     [2018/01/01 PMID 1:99999999] 13,978 > 9000, splitting at PMID 50000000
2026-04-08 12:32:16,485 [INFO]       [2018/01/01 PMID 1:50000000] 13,978 > 9000, splitting at PMID 25000000
2026-04-08 12:32:18,449 [INFO]         [2018/01/01 PMID 25000001:50000000] 13,978 > 9000, splitting at PMID 37500000
2026-04-08 12:32:19,667 [INFO]           [2018/01/01 PMID 25000001:37500000] 13,978 > 9000, splitting at PMID 31250000
2026-04-08 12:32:20,902 [INFO]             [2018/01/01 PMID 25000001:31250000] 13,812 > 9000, splitting at PMID 28125000
2026-04-08 12:32:22,199 [INFO]               [2018/01/01 PMID 25000001:28125000] 124 records → fetching…
2026-04-08 12:32:31,355 [INFO]   [2018/01/01 PMID 25000001:28125000] retstart=0 → 124 | total=205,827
2026-04-08 12:32:32,636 [INFO]               [2018/01/01 PMID 28125001:31250000] 13,688 > 9000, splitting at PMID 29687500
2026-04-08 12:32:33,899 [INFO]                 [2018/01/01 PMID 28125001:29687500] 5,844 records → fetching…
2026-04-08 12:32:50,012 [INFO]   [2018/01/01 PMID 28125001:29687500] retstart=0 → 500 | total=206,327
2026-04-08 12:32:56,807 [INFO]   [2018/01/01 PMID 28125001:29687500] retstart=500 → 500 | total=206,827
2026-04-08 12:33:02,163 [INFO]   [2018/01/01 PMID 28125001:29687500] retstart=1,000 → 500 | total=207,327
2026-04-08 12:33:08,455 [INFO]   [2018/01/01 PMID 28125001:29687500] retstart=1,500 → 500 | total=207,827
2026-04-08 12:33:13,127 [INFO]   [2018/01/01 PMID 28125001:29687500] retstart=2,000 → 500 | total=208,327
2026-04-08 12:33:17,714 [INFO]   [2018/01/01 PMID 28125001:29687500] retstart=2,500 → 500 | total=208,827
2026-04-08 12:33:21,616 [INFO]   [2018/01/01 PMID 28125001:29687500] retstart=3,000 → 500 | total=209,327
2026-04-08 12:33:25,562 [INFO]   [2018/01/01 PMID 28125001:29687500] retstart=3,500 → 500 | total=209,827
2026-04-08 12:33:29,661 [INFO] → Saved 5,000 records to data\pubmed_output\2016-2020\pubmed_batch_0182.json
2026-04-08 12:33:29,665 [INFO]   [2018/01/01 PMID 28125001:29687500] retstart=4,000 → 500 | total=210,327
2026-04-08 12:33:34,154 [INFO]   [2018/01/01 PMID 28125001:29687500] retstart=4,500 → 500 | total=210,827
2026-04-08 12:33:38,287 [INFO]   [2018/01/01 PMID 28125001:29687500] retstart=5,000 → 500 | total=211,327
2026-04-08 12:33:41,160 [INFO]   [2018/01/01 PMID 28125001:29687500] retstart=5,500 → 344 | total=211,671
2026-04-08 12:33:42,403 [INFO]                 [2018/01/01 PMID 29687501:31250000] 7,844 records → fetching…
2026-04-08 12:34:08,724 [INFO]   [2018/01/01 PMID 29687501:31250000] retstart=0 → 500 | total=212,171
2026-04-08 12:34:16,697 [INFO]   [2018/01/01 PMID 29687501:31250000] retstart=500 → 500 | total=212,671
2026-04-08 12:34:22,950 [INFO]   [2018/01/01 PMID 29687501:31250000] retstart=1,000 → 500 | total=213,171
2026-04-08 12:34:29,096 [INFO]   [2018/01/01 PMID 29687501:31250000] retstart=1,500 → 500 | total=213,671
2026-04-08 12:34:35,076 [INFO]   [2018/01/01 PMID 29687501:31250000] retstart=2,000 → 500 | total=214,171
2026-04-08 12:34:40,966 [INFO]   [2018/01/01 PMID 29687501:31250000] retstart=2,500 → 500 | total=214,671
2026-04-08 12:34:46,607 [INFO] → Saved 5,000 records to data\pubmed_output\2016-2020\pubmed_batch_0183.json
2026-04-08 12:34:46,611 [INFO]   [2018/01/01 PMID 29687501:31250000] retstart=3,000 → 500 | total=215,171
2026-04-08 12:34:51,849 [INFO]   [2018/01/01 PMID 29687501:31250000] retstart=3,500 → 500 | total=215,671
2026-04-08 12:34:56,809 [INFO]   [2018/01/01 PMID 29687501:31250000] retstart=4,000 → 500 | total=216,171
2026-04-08 12:35:02,018 [INFO]   [2018/01/01 PMID 29687501:31250000] retstart=4,500 → 500 | total=216,671
2026-04-08 12:35:06,863 [INFO]   [2018/01/01 PMID 29687501:31250000] retstart=5,000 → 500 | total=217,171
2026-04-08 12:35:11,653 [INFO]   [2018/01/01 PMID 29687501:31250000] retstart=5,500 → 500 | total=217,671
2026-04-08 12:35:17,553 [INFO]   [2018/01/01 PMID 29687501:31250000] retstart=6,000 → 500 | total=218,171
2026-04-08 12:35:22,186 [INFO]   [2018/01/01 PMID 29687501:31250000] retstart=6,500 → 500 | total=218,671
2026-04-08 12:35:26,734 [INFO]   [2018/01/01 PMID 29687501:31250000] retstart=7,000 → 500 | total=219,171
2026-04-08 12:35:30,271 [INFO]   [2018/01/01 PMID 29687501:31250000] retstart=7,500 → 320 | total=219,491
2026-04-08 12:35:31,285 [INFO]             [2018/01/01 PMID 31250001:37500000] 166 records → fetching…
2026-04-08 12:35:33,643 [INFO]   [2018/01/01 PMID 31250001:37500000] retstart=0 → 163 | total=219,654
2026-04-08 12:35:36,400 [INFO]                       [2018/01/02 ~ 2018/01/02] 242 records → fetching…
2026-04-08 12:35:39,136 [INFO]   [2018/01/02~2018/01/02] retstart=0 → 242 | total=219,896
2026-04-08 12:35:40,159 [INFO]                   [2018/01/03 ~ 2018/01/05] 630 records → fetching…
2026-04-08 12:35:45,032 [INFO] → Saved 5,000 records to data\pubmed_output\2016-2020\pubmed_batch_0184.json
2026-04-08 12:35:45,036 [INFO]   [2018/01/03~2018/01/05] retstart=0 → 500 | total=220,396
2026-04-08 12:35:46,727 [INFO]   [2018/01/03~2018/01/05] retstart=500 → 130 | total=220,526
2026-04-08 12:35:48,113 [INFO]                 [2018/01/06 ~ 2018/01/12] 1,166 records → fetching…
2026-04-08 12:35:53,482 [INFO]   [2018/01/06~2018/01/12] retstart=0 → 500 | total=221,026
2026-04-08 12:35:57,995 [INFO]   [2018/01/06~2018/01/12] retstart=500 → 500 | total=221,526
2026-04-08 12:36:02,364 [INFO]   [2018/01/06~2018/01/12] retstart=1,000 → 166 | total=221,692
2026-04-08 12:36:03,385 [INFO]           [2018/01/13 ~ 2018/03/10] 14,853 > 9000, splitting at 2018/02/10 / 2018/02/11
2026-04-08 12:36:04,346 [INFO]             [2018/01/13 ~ 2018/02/10] 7,902 records → fetching…
2026-04-08 12:36:08,363 [INFO]   [2018/01/13~2018/02/10] retstart=0 → 500 | total=222,192
2026-04-08 12:36:12,444 [INFO]   [2018/01/13~2018/02/10] retstart=500 → 500 | total=222,692
2026-04-08 12:36:16,443 [INFO]   [2018/01/13~2018/02/10] retstart=1,000 → 500 | total=223,192
2026-04-08 12:36:21,536 [INFO]   [2018/01/13~2018/02/10] retstart=1,500 → 499 | total=223,691
2026-04-08 12:36:25,806 [INFO]   [2018/01/13~2018/02/10] retstart=2,000 → 500 | total=224,191
2026-04-08 12:36:31,164 [INFO]   [2018/01/13~2018/02/10] retstart=2,500 → 499 | total=224,690
2026-04-08 12:36:35,732 [INFO] → Saved 5,000 records to data\pubmed_output\2016-2020\pubmed_batch_0185.json
2026-04-08 12:36:35,735 [INFO]   [2018/01/13~2018/02/10] retstart=3,000 → 500 | total=225,190
2026-04-08 12:36:39,634 [INFO]   [2018/01/13~2018/02/10] retstart=3,500 → 499 | total=225,689
2026-04-08 12:36:43,690 [INFO]   [2018/01/13~2018/02/10] retstart=4,000 → 500 | total=226,189
2026-04-08 12:36:47,140 [INFO]   [2018/01/13~2018/02/10] retstart=4,500 → 500 | total=226,689
2026-04-08 12:36:50,356 [INFO]   [2018/01/13~2018/02/10] retstart=5,000 → 500 | total=227,189
2026-04-08 12:36:54,034 [INFO]   [2018/01/13~2018/02/10] retstart=5,500 → 500 | total=227,689
2026-04-08 12:36:57,783 [INFO]   [2018/01/13~2018/02/10] retstart=6,000 → 500 | total=228,189
2026-04-08 12:37:01,136 [INFO]   [2018/01/13~2018/02/10] retstart=6,500 → 500 | total=228,689
2026-04-08 12:37:04,758 [INFO]   [2018/01/13~2018/02/10] retstart=7,000 → 500 | total=229,189
2026-04-08 12:37:07,847 [INFO]   [2018/01/13~2018/02/10] retstart=7,500 → 402 | total=229,591
2026-04-08 12:37:08,871 [INFO]             [2018/02/11 ~ 2018/03/10] 7,692 records → fetching…
2026-04-08 12:37:12,592 [INFO] → Saved 5,000 records to data\pubmed_output\2016-2020\pubmed_batch_0186.json
2026-04-08 12:37:12,595 [INFO]   [2018/02/11~2018/03/10] retstart=0 → 500 | total=230,091
2026-04-08 12:37:16,686 [INFO]   [2018/02/11~2018/03/10] retstart=500 → 500 | total=230,591
2026-04-08 12:37:20,469 [INFO]   [2018/02/11~2018/03/10] retstart=1,000 → 500 | total=231,091
2026-04-08 12:37:24,507 [INFO]   [2018/02/11~2018/03/10] retstart=1,500 → 499 | total=231,590
2026-04-08 12:37:28,668 [INFO]   [2018/02/11~2018/03/10] retstart=2,000 → 499 | total=232,089
2026-04-08 12:37:32,578 [INFO]   [2018/02/11~2018/03/10] retstart=2,500 → 500 | total=232,589
2026-04-08 12:37:36,183 [INFO]   [2018/02/11~2018/03/10] retstart=3,000 → 499 | total=233,088
2026-04-08 12:37:49,502 [INFO]   [2018/02/11~2018/03/10] retstart=3,500 → 500 | total=233,588
2026-04-08 12:37:55,662 [INFO]   [2018/02/11~2018/03/10] retstart=4,000 → 500 | total=234,088
2026-04-08 12:37:59,243 [INFO]   [2018/02/11~2018/03/10] retstart=4,500 → 500 | total=234,588
2026-04-08 12:38:03,311 [INFO] → Saved 5,000 records to data\pubmed_output\2016-2020\pubmed_batch_0187.json
2026-04-08 12:38:03,314 [INFO]   [2018/02/11~2018/03/10] retstart=5,000 → 500 | total=235,088
2026-04-08 12:38:06,726 [INFO]   [2018/02/11~2018/03/10] retstart=5,500 → 500 | total=235,588
2026-04-08 12:38:10,869 [INFO]   [2018/02/11~2018/03/10] retstart=6,000 → 500 | total=236,088
2026-04-08 12:38:14,465 [INFO]   [2018/02/11~2018/03/10] retstart=6,500 → 500 | total=236,588
2026-04-08 12:38:17,906 [INFO]   [2018/02/11~2018/03/10] retstart=7,000 → 500 | total=237,088
2026-04-08 12:38:20,169 [INFO]   [2018/02/11~2018/03/10] retstart=7,500 → 192 | total=237,280
2026-04-08 12:38:21,273 [INFO]         [2018/03/11 ~ 2018/07/02] 26,065 > 9000, splitting at 2018/05/06 / 2018/05/07
2026-04-08 12:38:22,236 [INFO]           [2018/03/11 ~ 2018/05/06] 14,305 > 9000, splitting at 2018/04/08 / 2018/04/09
2026-04-08 12:38:23,140 [INFO]             [2018/03/11 ~ 2018/04/08] 7,574 records → fetching…
2026-04-08 12:38:27,794 [INFO]   [2018/03/11~2018/04/08] retstart=0 → 500 | total=237,780
2026-04-08 12:38:31,984 [INFO]   [2018/03/11~2018/04/08] retstart=500 → 500 | total=238,280
2026-04-08 12:38:36,332 [INFO]   [2018/03/11~2018/04/08] retstart=1,000 → 500 | total=238,780
2026-04-08 12:38:41,156 [INFO]   [2018/03/11~2018/04/08] retstart=1,500 → 500 | total=239,280
2026-04-08 12:38:45,636 [INFO]   [2018/03/11~2018/04/08] retstart=2,000 → 495 | total=239,775
2026-04-08 12:38:50,234 [INFO] → Saved 5,000 records to data\pubmed_output\2016-2020\pubmed_batch_0188.json
2026-04-08 12:38:50,238 [INFO]   [2018/03/11~2018/04/08] retstart=2,500 → 499 | total=240,274
2026-04-08 12:38:53,748 [INFO]   [2018/03/11~2018/04/08] retstart=3,000 → 500 | total=240,774
2026-04-08 12:38:57,644 [INFO]   [2018/03/11~2018/04/08] retstart=3,500 → 499 | total=241,273
2026-04-08 12:39:01,575 [INFO]   [2018/03/11~2018/04/08] retstart=4,000 → 500 | total=241,773
2026-04-08 12:39:05,521 [INFO]   [2018/03/11~2018/04/08] retstart=4,500 → 500 | total=242,273
2026-04-08 12:39:08,785 [INFO]   [2018/03/11~2018/04/08] retstart=5,000 → 500 | total=242,773
2026-04-08 12:39:12,349 [INFO]   [2018/03/11~2018/04/08] retstart=5,500 → 500 | total=243,273
2026-04-08 12:39:16,088 [INFO]   [2018/03/11~2018/04/08] retstart=6,000 → 500 | total=243,773
2026-04-08 12:39:19,383 [INFO]   [2018/03/11~2018/04/08] retstart=6,500 → 500 | total=244,273
2026-04-08 12:39:22,783 [INFO]   [2018/03/11~2018/04/08] retstart=7,000 → 500 | total=244,773
2026-04-08 12:39:24,298 [INFO]   [2018/03/11~2018/04/08] retstart=7,500 → 74 | total=244,847
2026-04-08 12:39:25,310 [INFO]             [2018/04/09 ~ 2018/05/06] 7,461 records → fetching…
2026-04-08 12:39:29,004 [INFO] → Saved 5,000 records to data\pubmed_output\2016-2020\pubmed_batch_0189.json
2026-04-08 12:39:29,008 [INFO]   [2018/04/09~2018/05/06] retstart=0 → 500 | total=245,347
2026-04-08 12:39:33,098 [INFO]   [2018/04/09~2018/05/06] retstart=500 → 500 | total=245,847
2026-04-08 12:39:36,754 [INFO]   [2018/04/09~2018/05/06] retstart=1,000 → 500 | total=246,347
2026-04-08 12:39:41,078 [INFO]   [2018/04/09~2018/05/06] retstart=1,500 → 499 | total=246,846
2026-04-08 12:39:45,194 [INFO]   [2018/04/09~2018/05/06] retstart=2,000 → 499 | total=247,345
2026-04-08 12:39:49,447 [INFO]   [2018/04/09~2018/05/06] retstart=2,500 → 500 | total=247,845
2026-04-08 12:39:53,750 [INFO]   [2018/04/09~2018/05/06] retstart=3,000 → 500 | total=248,345
2026-04-08 12:39:56,994 [INFO]   [2018/04/09~2018/05/06] retstart=3,500 → 500 | total=248,845
2026-04-08 12:40:00,893 [INFO]   [2018/04/09~2018/05/06] retstart=4,000 → 498 | total=249,343
2026-04-08 12:40:04,629 [INFO]   [2018/04/09~2018/05/06] retstart=4,500 → 500 | total=249,843
2026-04-08 12:40:08,088 [INFO] → Saved 5,000 records to data\pubmed_output\2016-2020\pubmed_batch_0190.json
2026-04-08 12:40:08,092 [INFO]   [2018/04/09~2018/05/06] retstart=5,000 → 500 | total=250,343
2026-04-08 12:40:12,142 [INFO]   [2018/04/09~2018/05/06] retstart=5,500 → 500 | total=250,843
2026-04-08 12:40:17,124 [INFO]   [2018/04/09~2018/05/06] retstart=6,000 → 500 | total=251,343
2026-04-08 12:40:21,108 [INFO]   [2018/04/09~2018/05/06] retstart=6,500 → 500 | total=251,843
2026-04-08 12:40:24,992 [INFO]   [2018/04/09~2018/05/06] retstart=7,000 → 461 | total=252,304
2026-04-08 12:40:26,086 [INFO]           [2018/05/07 ~ 2018/07/02] 14,227 > 9000, splitting at 2018/06/04 / 2018/06/05
2026-04-08 12:40:27,790 [INFO]             [2018/05/07 ~ 2018/06/04] 7,675 records → fetching…
2026-04-08 12:40:31,328 [INFO]   [2018/05/07~2018/06/04] retstart=0 → 499 | total=252,803
2026-04-08 12:40:35,267 [INFO]   [2018/05/07~2018/06/04] retstart=500 → 500 | total=253,303
2026-04-08 12:40:41,225 [INFO]   [2018/05/07~2018/06/04] retstart=1,000 → 500 | total=253,803
2026-04-08 12:40:45,654 [INFO]   [2018/05/07~2018/06/04] retstart=1,500 → 500 | total=254,303
2026-04-08 12:40:49,608 [INFO]   [2018/05/07~2018/06/04] retstart=2,000 → 500 | total=254,803
2026-04-08 12:40:53,729 [INFO] → Saved 5,000 records to data\pubmed_output\2016-2020\pubmed_batch_0191.json
2026-04-08 12:40:53,733 [INFO]   [2018/05/07~2018/06/04] retstart=2,500 → 500 | total=255,303
2026-04-08 12:40:57,978 [INFO]   [2018/05/07~2018/06/04] retstart=3,000 → 500 | total=255,803
2026-04-08 12:41:09,465 [INFO]   [2018/05/07~2018/06/04] retstart=3,500 → 499 | total=256,302
2026-04-08 12:41:13,961 [INFO]   [2018/05/07~2018/06/04] retstart=4,000 → 500 | total=256,802
2026-04-08 12:41:18,435 [INFO]   [2018/05/07~2018/06/04] retstart=4,500 → 500 | total=257,302
2026-04-08 12:41:22,264 [INFO]   [2018/05/07~2018/06/04] retstart=5,000 → 500 | total=257,802
2026-04-08 12:41:26,288 [INFO]   [2018/05/07~2018/06/04] retstart=5,500 → 500 | total=258,302
2026-04-08 12:41:31,303 [INFO]   [2018/05/07~2018/06/04] retstart=6,000 → 500 | total=258,802
2026-04-08 12:41:34,673 [INFO]   [2018/05/07~2018/06/04] retstart=6,500 → 500 | total=259,302
2026-04-08 12:41:38,162 [INFO]   [2018/05/07~2018/06/04] retstart=7,000 → 500 | total=259,802
2026-04-08 12:41:40,197 [INFO]   [2018/05/07~2018/06/04] retstart=7,500 → 175 | total=259,977
2026-04-08 12:41:41,577 [INFO]             [2018/06/05 ~ 2018/07/02] 7,236 records → fetching…
2026-04-08 12:41:45,283 [INFO] → Saved 5,000 records to data\pubmed_output\2016-2020\pubmed_batch_0192.json
2026-04-08 12:41:45,286 [INFO]   [2018/06/05~2018/07/02] retstart=0 → 500 | total=260,477
2026-04-08 12:41:48,663 [INFO]   [2018/06/05~2018/07/02] retstart=500 → 500 | total=260,977
2026-04-08 12:41:53,910 [INFO]   [2018/06/05~2018/07/02] retstart=1,000 → 500 | total=261,477
2026-04-08 12:41:57,826 [INFO]   [2018/06/05~2018/07/02] retstart=1,500 → 499 | total=261,976
2026-04-08 12:42:02,757 [INFO]   [2018/06/05~2018/07/02] retstart=2,000 → 500 | total=262,476
2026-04-08 12:42:06,538 [INFO]   [2018/06/05~2018/07/02] retstart=2,500 → 500 | total=262,976
2026-04-08 12:42:10,394 [INFO]   [2018/06/05~2018/07/02] retstart=3,000 → 499 | total=263,475
2026-04-08 12:42:14,542 [INFO]   [2018/06/05~2018/07/02] retstart=3,500 → 500 | total=263,975
2026-04-08 12:42:18,677 [INFO]   [2018/06/05~2018/07/02] retstart=4,000 → 500 | total=264,475
2026-04-08 12:42:22,304 [INFO]   [2018/06/05~2018/07/02] retstart=4,500 → 500 | total=264,975
2026-04-08 12:42:26,360 [INFO] → Saved 5,000 records to data\pubmed_output\2016-2020\pubmed_batch_0193.json
2026-04-08 12:42:26,364 [INFO]   [2018/06/05~2018/07/02] retstart=5,000 → 500 | total=265,475
2026-04-08 12:42:30,269 [INFO]   [2018/06/05~2018/07/02] retstart=5,500 → 500 | total=265,975
2026-04-08 12:42:34,696 [INFO]   [2018/06/05~2018/07/02] retstart=6,000 → 500 | total=266,475
2026-04-08 12:43:06,027 [WARNING] Attempt 1/5 failed: Response ended prematurely. Retry in 2s…
2026-04-08 12:43:11,716 [INFO]   [2018/06/05~2018/07/02] retstart=6,500 → 500 | total=266,975
2026-04-08 12:43:13,717 [INFO]   [2018/06/05~2018/07/02] retstart=7,000 → 236 | total=267,211
2026-04-08 12:43:14,769 [INFO]   [2018/07/03 ~ 2020/12/31] 188,451 > 9000, splitting at 2019/10/02 / 2019/10/03
2026-04-08 12:43:15,688 [INFO]     [2018/07/03 ~ 2019/10/02] 93,385 > 9000, splitting at 2019/02/16 / 2019/02/17
2026-04-08 12:43:16,649 [INFO]       [2018/07/03 ~ 2019/02/16] 55,893 > 9000, splitting at 2018/10/25 / 2018/10/26
2026-04-08 12:43:17,727 [INFO]         [2018/07/03 ~ 2018/10/25] 24,371 > 9000, splitting at 2018/08/29 / 2018/08/30
2026-04-08 12:43:18,770 [INFO]           [2018/07/03 ~ 2018/08/29] 11,521 > 9000, splitting at 2018/07/31 / 2018/08/01
2026-04-08 12:43:19,625 [INFO]             [2018/07/03 ~ 2018/07/31] 4,543 records → fetching…
2026-04-08 12:43:23,358 [INFO]   [2018/07/03~2018/07/31] retstart=0 → 500 | total=267,711
2026-04-08 12:43:27,676 [INFO]   [2018/07/03~2018/07/31] retstart=500 → 500 | total=268,211
2026-04-08 12:43:32,157 [INFO]   [2018/07/03~2018/07/31] retstart=1,000 → 500 | total=268,711
2026-04-08 12:43:36,754 [INFO]   [2018/07/03~2018/07/31] retstart=1,500 → 500 | total=269,211
2026-04-08 12:43:40,726 [INFO]   [2018/07/03~2018/07/31] retstart=2,000 → 500 | total=269,711
2026-04-08 12:43:44,879 [INFO] → Saved 5,000 records to data\pubmed_output\2016-2020\pubmed_batch_0194.json
2026-04-08 12:43:44,884 [INFO]   [2018/07/03~2018/07/31] retstart=2,500 → 500 | total=270,211
2026-04-08 12:43:50,119 [INFO]   [2018/07/03~2018/07/31] retstart=3,000 → 500 | total=270,711
2026-04-08 12:43:55,910 [INFO]   [2018/07/03~2018/07/31] retstart=3,500 → 499 | total=271,210
2026-04-08 12:44:00,234 [INFO]   [2018/07/03~2018/07/31] retstart=4,000 → 500 | total=271,710
2026-04-08 12:44:01,981 [INFO]   [2018/07/03~2018/07/31] retstart=4,500 → 43 | total=271,753
2026-04-08 12:44:03,114 [INFO]             [2018/08/01 ~ 2018/08/29] 7,397 records → fetching…
2026-04-08 12:44:08,179 [INFO]   [2018/08/01~2018/08/29] retstart=0 → 500 | total=272,253
2026-04-08 12:44:13,325 [INFO]   [2018/08/01~2018/08/29] retstart=500 → 500 | total=272,753
2026-04-08 12:44:17,554 [INFO]   [2018/08/01~2018/08/29] retstart=1,000 → 500 | total=273,253
2026-04-08 12:44:23,250 [INFO]   [2018/08/01~2018/08/29] retstart=1,500 → 499 | total=273,752
2026-04-08 12:44:27,138 [INFO]   [2018/08/01~2018/08/29] retstart=2,000 → 500 | total=274,252
2026-04-08 12:44:32,170 [INFO]   [2018/08/01~2018/08/29] retstart=2,500 → 500 | total=274,752
2026-04-08 12:44:38,094 [INFO] → Saved 5,000 records to data\pubmed_output\2016-2020\pubmed_batch_0195.json
2026-04-08 12:44:38,098 [INFO]   [2018/08/01~2018/08/29] retstart=3,000 → 500 | total=275,252
2026-04-08 12:44:41,918 [INFO]   [2018/08/01~2018/08/29] retstart=3,500 → 499 | total=275,751
2026-04-08 12:44:46,092 [INFO]   [2018/08/01~2018/08/29] retstart=4,000 → 491 | total=276,242
2026-04-08 12:44:49,740 [INFO]   [2018/08/01~2018/08/29] retstart=4,500 → 500 | total=276,742
2026-04-08 12:44:53,560 [INFO]   [2018/08/01~2018/08/29] retstart=5,000 → 500 | total=277,242
2026-04-08 12:44:57,414 [INFO]   [2018/08/01~2018/08/29] retstart=5,500 → 500 | total=277,742
2026-04-08 12:45:02,637 [INFO]   [2018/08/01~2018/08/29] retstart=6,000 → 500 | total=278,242
2026-04-08 12:45:07,231 [INFO]   [2018/08/01~2018/08/29] retstart=6,500 → 500 | total=278,742
2026-04-08 12:45:10,398 [INFO]   [2018/08/01~2018/08/29] retstart=7,000 → 397 | total=279,139
2026-04-08 12:45:11,491 [INFO]           [2018/08/30 ~ 2018/10/25] 15,222 > 9000, splitting at 2018/09/27 / 2018/09/28
2026-04-08 12:45:12,441 [INFO]             [2018/08/30 ~ 2018/09/27] 7,871 records → fetching…
2026-04-08 12:45:19,267 [INFO]   [2018/08/30~2018/09/27] retstart=0 → 500 | total=279,639
2026-04-08 12:45:23,635 [INFO] → Saved 5,000 records to data\pubmed_output\2016-2020\pubmed_batch_0196.json
2026-04-08 12:45:23,638 [INFO]   [2018/08/30~2018/09/27] retstart=500 → 500 | total=280,139
2026-04-08 12:45:28,581 [INFO]   [2018/08/30~2018/09/27] retstart=1,000 → 500 | total=280,639
2026-04-08 12:45:33,657 [INFO]   [2018/08/30~2018/09/27] retstart=1,500 → 500 | total=281,139
2026-04-08 12:45:38,647 [INFO]   [2018/08/30~2018/09/27] retstart=2,000 → 499 | total=281,638
2026-04-08 12:45:42,829 [INFO]   [2018/08/30~2018/09/27] retstart=2,500 → 500 | total=282,138
2026-04-08 12:45:47,539 [INFO]   [2018/08/30~2018/09/27] retstart=3,000 → 500 | total=282,638
2026-04-08 12:45:51,678 [INFO]   [2018/08/30~2018/09/27] retstart=3,500 → 500 | total=283,138
2026-04-08 12:45:56,365 [INFO]   [2018/08/30~2018/09/27] retstart=4,000 → 498 | total=283,636
2026-04-08 12:45:59,849 [INFO]   [2018/08/30~2018/09/27] retstart=4,500 → 500 | total=284,136
2026-04-08 12:46:03,537 [INFO]   [2018/08/30~2018/09/27] retstart=5,000 → 500 | total=284,636
2026-04-08 12:46:08,296 [INFO] → Saved 5,000 records to data\pubmed_output\2016-2020\pubmed_batch_0197.json
2026-04-08 12:46:08,301 [INFO]   [2018/08/30~2018/09/27] retstart=5,500 → 500 | total=285,136
2026-04-08 12:46:14,357 [INFO]   [2018/08/30~2018/09/27] retstart=6,000 → 500 | total=285,636
2026-04-08 12:46:17,587 [INFO]   [2018/08/30~2018/09/27] retstart=6,500 → 500 | total=286,136
2026-04-08 12:46:21,715 [INFO]   [2018/08/30~2018/09/27] retstart=7,000 → 500 | total=286,636
2026-04-08 12:46:24,874 [INFO]   [2018/08/30~2018/09/27] retstart=7,500 → 371 | total=287,007
2026-04-08 12:46:25,884 [INFO]             [2018/09/28 ~ 2018/10/25] 7,888 records → fetching…
2026-04-08 12:46:30,451 [INFO]   [2018/09/28~2018/10/25] retstart=0 → 499 | total=287,506
2026-04-08 12:46:35,449 [INFO]   [2018/09/28~2018/10/25] retstart=500 → 500 | total=288,006
2026-04-08 12:46:40,152 [INFO]   [2018/09/28~2018/10/25] retstart=1,000 → 500 | total=288,506
2026-04-08 12:46:44,909 [INFO]   [2018/09/28~2018/10/25] retstart=1,500 → 499 | total=289,005
2026-04-08 12:46:49,418 [INFO]   [2018/09/28~2018/10/25] retstart=2,000 → 500 | total=289,505
2026-04-08 12:46:53,659 [INFO] → Saved 5,000 records to data\pubmed_output\2016-2020\pubmed_batch_0198.json
2026-04-08 12:46:53,663 [INFO]   [2018/09/28~2018/10/25] retstart=2,500 → 500 | total=290,005
2026-04-08 12:46:59,555 [INFO]   [2018/09/28~2018/10/25] retstart=3,000 → 499 | total=290,504
2026-04-08 12:47:03,577 [INFO]   [2018/09/28~2018/10/25] retstart=3,500 → 500 | total=291,004
2026-04-08 12:47:07,207 [INFO]   [2018/09/28~2018/10/25] retstart=4,000 → 499 | total=291,503
2026-04-08 12:47:11,314 [INFO]   [2018/09/28~2018/10/25] retstart=4,500 → 500 | total=292,003
2026-04-08 12:47:15,448 [INFO]   [2018/09/28~2018/10/25] retstart=5,000 → 500 | total=292,503
2026-04-08 12:47:20,258 [INFO]   [2018/09/28~2018/10/25] retstart=5,500 → 500 | total=293,003
2026-04-08 12:47:24,841 [INFO]   [2018/09/28~2018/10/25] retstart=6,000 → 500 | total=293,503
2026-04-08 12:47:28,608 [INFO]   [2018/09/28~2018/10/25] retstart=6,500 → 500 | total=294,003
2026-04-08 12:47:32,045 [INFO]   [2018/09/28~2018/10/25] retstart=7,000 → 500 | total=294,503
2026-04-08 12:47:35,290 [INFO]   [2018/09/28~2018/10/25] retstart=7,500 → 388 | total=294,891
2026-04-08 12:47:36,587 [INFO]         [2018/10/26 ~ 2019/02/16] 37,182 > 9000, splitting at 2018/12/21 / 2018/12/22
2026-04-08 12:47:37,609 [INFO]           [2018/10/26 ~ 2018/12/21] 15,534 > 9000, splitting at 2018/11/23 / 2018/11/24
2026-04-08 12:47:38,511 [INFO]             [2018/10/26 ~ 2018/11/23] 8,039 records → fetching…
2026-04-08 12:47:46,682 [INFO] → Saved 5,000 records to data\pubmed_output\2016-2020\pubmed_batch_0199.json
2026-04-08 12:47:46,687 [INFO]   [2018/10/26~2018/11/23] retstart=0 → 500 | total=295,391
2026-04-08 12:47:50,947 [INFO]   [2018/10/26~2018/11/23] retstart=500 → 500 | total=295,891
2026-04-08 12:48:00,632 [INFO]   [2018/10/26~2018/11/23] retstart=1,000 → 500 | total=296,391
2026-04-08 12:48:05,776 [INFO]   [2018/10/26~2018/11/23] retstart=1,500 → 500 | total=296,891
2026-04-08 12:48:10,967 [INFO]   [2018/10/26~2018/11/23] retstart=2,000 → 500 | total=297,391
2026-04-08 12:48:15,934 [INFO]   [2018/10/26~2018/11/23] retstart=2,500 → 500 | total=297,891
2026-04-08 12:48:20,199 [INFO]   [2018/10/26~2018/11/23] retstart=3,000 → 500 | total=298,391
2026-04-08 12:48:24,358 [INFO]   [2018/10/26~2018/11/23] retstart=3,500 → 500 | total=298,891
2026-04-08 12:48:28,806 [INFO]   [2018/10/26~2018/11/23] retstart=4,000 → 500 | total=299,391
2026-04-08 12:48:33,731 [INFO]   [2018/10/26~2018/11/23] retstart=4,500 → 500 | total=299,891
2026-04-08 12:48:38,958 [INFO] → Saved 5,000 records to data\pubmed_output\2016-2020\pubmed_batch_0200.json
2026-04-08 12:48:38,962 [INFO]   [2018/10/26~2018/11/23] retstart=5,000 → 500 | total=300,391
2026-04-08 12:48:43,735 [INFO]   [2018/10/26~2018/11/23] retstart=5,500 → 500 | total=300,891
2026-04-08 12:48:48,084 [INFO]   [2018/10/26~2018/11/23] retstart=6,000 → 500 | total=301,391
2026-04-08 12:48:51,872 [INFO]   [2018/10/26~2018/11/23] retstart=6,500 → 500 | total=301,891
2026-04-08 12:48:55,480 [INFO]   [2018/10/26~2018/11/23] retstart=7,000 → 500 | total=302,391
2026-04-08 12:48:59,883 [INFO]   [2018/10/26~2018/11/23] retstart=7,500 → 500 | total=302,891
2026-04-08 12:49:01,059 [INFO]   [2018/10/26~2018/11/23] retstart=8,000 → 39 | total=302,930
2026-04-08 12:49:02,043 [INFO]             [2018/11/24 ~ 2018/12/21] 8,121 records → fetching…
2026-04-08 12:49:06,085 [INFO]   [2018/11/24~2018/12/21] retstart=0 → 500 | total=303,430
2026-04-08 12:49:10,814 [INFO]   [2018/11/24~2018/12/21] retstart=500 → 500 | total=303,930
2026-04-08 12:49:15,870 [INFO]   [2018/11/24~2018/12/21] retstart=1,000 → 500 | total=304,430
2026-04-08 12:49:23,053 [INFO]   [2018/11/24~2018/12/21] retstart=1,500 → 500 | total=304,930
2026-04-08 12:49:28,165 [INFO] → Saved 5,000 records to data\pubmed_output\2016-2020\pubmed_batch_0201.json
2026-04-08 12:49:28,170 [INFO]   [2018/11/24~2018/12/21] retstart=2,000 → 500 | total=305,430
2026-04-08 12:49:32,325 [INFO]   [2018/11/24~2018/12/21] retstart=2,500 → 500 | total=305,930
2026-04-08 12:49:36,368 [INFO]   [2018/11/24~2018/12/21] retstart=3,000 → 500 | total=306,430
2026-04-08 12:49:40,632 [INFO]   [2018/11/24~2018/12/21] retstart=3,500 → 500 | total=306,930
2026-04-08 12:49:44,957 [INFO]   [2018/11/24~2018/12/21] retstart=4,000 → 500 | total=307,430
2026-04-08 12:49:49,576 [INFO]   [2018/11/24~2018/12/21] retstart=4,500 → 500 | total=307,930
2026-04-08 12:49:53,525 [INFO]   [2018/11/24~2018/12/21] retstart=5,000 → 500 | total=308,430
2026-04-08 12:49:57,573 [INFO]   [2018/11/24~2018/12/21] retstart=5,500 → 500 | total=308,930
2026-04-08 12:50:01,946 [INFO]   [2018/11/24~2018/12/21] retstart=6,000 → 500 | total=309,430
2026-04-08 12:50:06,318 [INFO]   [2018/11/24~2018/12/21] retstart=6,500 → 500 | total=309,930
2026-04-08 12:50:10,421 [INFO] → Saved 5,000 records to data\pubmed_output\2016-2020\pubmed_batch_0202.json
2026-04-08 12:50:10,426 [INFO]   [2018/11/24~2018/12/21] retstart=7,000 → 500 | total=310,430
2026-04-08 12:50:14,685 [INFO]   [2018/11/24~2018/12/21] retstart=7,500 → 500 | total=310,930
2026-04-08 12:50:16,485 [INFO]   [2018/11/24~2018/12/21] retstart=8,000 → 121 | total=311,051
2026-04-08 12:50:17,560 [INFO]           [2018/12/22 ~ 2019/02/16] 24,386 > 9000, splitting at 2019/01/19 / 2019/01/20
2026-04-08 12:50:18,640 [INFO]             [2018/12/22 ~ 2019/01/19] 17,625 > 9000, splitting at 2019/01/05 / 2019/01/06
2026-04-08 12:50:19,545 [INFO]               [2018/12/22 ~ 2019/01/05] 15,314 > 9000, splitting at 2018/12/29 / 2018/12/30
2026-04-08 12:50:20,427 [INFO]                 [2018/12/22 ~ 2018/12/29] 708 records → fetching…
2026-04-08 12:50:25,663 [INFO]   [2018/12/22~2018/12/29] retstart=0 → 500 | total=311,551
2026-04-08 12:50:27,702 [INFO]   [2018/12/22~2018/12/29] retstart=500 → 208 | total=311,759
2026-04-08 12:50:28,717 [INFO]                 [2018/12/30 ~ 2019/01/05] 14,648 > 9000, splitting at 2019/01/02 / 2019/01/03
2026-04-08 12:50:29,631 [INFO]                   [2018/12/30 ~ 2019/01/02] 14,232 > 9000, splitting at 2018/12/31 / 2019/01/01
2026-04-08 12:50:30,946 [INFO]                     [2018/12/30 ~ 2018/12/31] 161 records → fetching…
2026-04-08 12:50:33,350 [INFO]   [2018/12/30~2018/12/31] retstart=0 → 161 | total=311,920
2026-04-08 12:50:34,438 [INFO]                     [2019/01/01 ~ 2019/01/02] 14,081 > 9000, splitting at 2019/01/01 / 2019/01/02
2026-04-08 12:50:35,495 [WARNING]                       [2019/01/01] single day 13,890 > 9000. Switching to PMID-range bisection.
2026-04-08 12:50:36,411 [INFO]     [2019/01/01 PMID 1:99999999] 13,890 > 9000, splitting at PMID 50000000
2026-04-08 12:50:37,313 [INFO]       [2019/01/01 PMID 1:50000000] 13,890 > 9000, splitting at PMID 25000000
2026-04-08 12:50:39,164 [INFO]         [2019/01/01 PMID 25000001:50000000] 13,890 > 9000, splitting at PMID 37500000
2026-04-08 12:50:40,226 [INFO]           [2019/01/01 PMID 25000001:37500000] 13,888 > 9000, splitting at PMID 31250000
2026-04-08 12:50:41,858 [INFO]             [2019/01/01 PMID 25000001:31250000] 8,177 records → fetching…
2026-04-08 12:50:48,529 [INFO]   [2019/01/01 PMID 25000001:31250000] retstart=0 → 500 | total=312,420
2026-04-08 12:50:53,279 [INFO]   [2019/01/01 PMID 25000001:31250000] retstart=500 → 500 | total=312,920
2026-04-08 12:50:58,505 [INFO]   [2019/01/01 PMID 25000001:31250000] retstart=1,000 → 500 | total=313,420
2026-04-08 12:51:04,074 [INFO]   [2019/01/01 PMID 25000001:31250000] retstart=1,500 → 500 | total=313,920
2026-04-08 12:51:09,622 [INFO]   [2019/01/01 PMID 25000001:31250000] retstart=2,000 → 500 | total=314,420
2026-04-08 12:51:15,257 [INFO]   [2019/01/01 PMID 25000001:31250000] retstart=2,500 → 500 | total=314,920
2026-04-08 12:51:22,385 [INFO] → Saved 5,000 records to data\pubmed_output\2016-2020\pubmed_batch_0203.json
2026-04-08 12:51:22,389 [INFO]   [2019/01/01 PMID 25000001:31250000] retstart=3,000 → 500 | total=315,420
2026-04-08 12:51:27,535 [INFO]   [2019/01/01 PMID 25000001:31250000] retstart=3,500 → 500 | total=315,920
2026-04-08 12:51:32,084 [INFO]   [2019/01/01 PMID 25000001:31250000] retstart=4,000 → 500 | total=316,420
2026-04-08 12:51:36,536 [INFO]   [2019/01/01 PMID 25000001:31250000] retstart=4,500 → 500 | total=316,920
2026-04-08 12:51:40,119 [INFO]   [2019/01/01 PMID 25000001:31250000] retstart=5,000 → 500 | total=317,420
2026-04-08 12:51:43,933 [INFO]   [2019/01/01 PMID 25000001:31250000] retstart=5,500 → 500 | total=317,920
2026-04-08 12:51:48,308 [INFO]   [2019/01/01 PMID 25000001:31250000] retstart=6,000 → 500 | total=318,420
2026-04-08 12:51:52,556 [INFO]   [2019/01/01 PMID 25000001:31250000] retstart=6,500 → 500 | total=318,920
2026-04-08 12:51:56,988 [INFO]   [2019/01/01 PMID 25000001:31250000] retstart=7,000 → 500 | total=319,420
2026-04-08 12:52:02,070 [INFO]   [2019/01/01 PMID 25000001:31250000] retstart=7,500 → 500 | total=319,920
2026-04-08 12:52:04,946 [INFO] → Saved 5,000 records to data\pubmed_output\2016-2020\pubmed_batch_0204.json
2026-04-08 12:52:04,952 [INFO]   [2019/01/01 PMID 25000001:31250000] retstart=8,000 → 177 | total=320,097
2026-04-08 12:52:07,585 [INFO]             [2019/01/01 PMID 31250001:37500000] 5,711 records → fetching…
2026-04-08 12:52:13,714 [INFO]   [2019/01/01 PMID 31250001:37500000] retstart=0 → 500 | total=320,597
2026-04-08 12:52:19,298 [INFO]   [2019/01/01 PMID 31250001:37500000] retstart=500 → 500 | total=321,097
2026-04-08 12:52:25,815 [INFO]   [2019/01/01 PMID 31250001:37500000] retstart=1,000 → 500 | total=321,597
2026-04-08 12:52:32,716 [INFO]   [2019/01/01 PMID 31250001:37500000] retstart=1,500 → 500 | total=322,097
2026-04-08 12:52:38,853 [INFO]   [2019/01/01 PMID 31250001:37500000] retstart=2,000 → 500 | total=322,597
2026-04-08 12:52:44,204 [INFO]   [2019/01/01 PMID 31250001:37500000] retstart=2,500 → 500 | total=323,097
2026-04-08 12:52:50,479 [INFO]   [2019/01/01 PMID 31250001:37500000] retstart=3,000 → 500 | total=323,597
2026-04-08 12:52:55,795 [INFO]   [2019/01/01 PMID 31250001:37500000] retstart=3,500 → 500 | total=324,097
2026-04-08 12:53:11,012 [INFO]   [2019/01/01 PMID 31250001:37500000] retstart=4,000 → 500 | total=324,597
2026-04-08 12:53:23,999 [INFO] → Saved 5,000 records to data\pubmed_output\2016-2020\pubmed_batch_0205.json
2026-04-08 12:53:24,003 [INFO]   [2019/01/01 PMID 31250001:37500000] retstart=4,500 → 499 | total=325,096
2026-04-08 12:53:30,420 [INFO]   [2019/01/01 PMID 31250001:37500000] retstart=5,000 → 500 | total=325,596
2026-04-08 12:53:36,570 [INFO]   [2019/01/01 PMID 31250001:37500000] retstart=5,500 → 198 | total=325,794
2026-04-08 12:53:37,697 [INFO]           [2019/01/01 PMID 37500001:50000000] 2 records → fetching…
2026-04-08 12:53:38,438 [INFO]   [2019/01/01 PMID 37500001:50000000] retstart=0 → 2 | total=325,796
2026-04-08 12:53:41,510 [INFO]                       [2019/01/02 ~ 2019/01/02] 202 records → fetching…
2026-04-08 12:53:45,229 [INFO]   [2019/01/02~2019/01/02] retstart=0 → 202 | total=325,998
2026-04-08 12:53:47,118 [INFO]                   [2019/01/03 ~ 2019/01/05] 443 records → fetching…
2026-04-08 12:53:52,118 [INFO]   [2019/01/03~2019/01/05] retstart=0 → 442 | total=326,440
2026-04-08 12:53:53,169 [INFO]               [2019/01/06 ~ 2019/01/19] 2,509 records → fetching…
2026-04-08 12:53:59,025 [INFO]   [2019/01/06~2019/01/19] retstart=0 → 500 | total=326,940
2026-04-08 12:54:12,686 [INFO]   [2019/01/06~2019/01/19] retstart=500 → 500 | total=327,440
2026-04-08 12:54:43,743 [WARNING] Attempt 1/5 failed: Response ended prematurely. Retry in 2s…
2026-04-08 12:54:49,861 [INFO]   [2019/01/06~2019/01/19] retstart=1,000 → 500 | total=327,940
2026-04-08 12:54:55,389 [INFO]   [2019/01/06~2019/01/19] retstart=1,500 → 500 | total=328,440
2026-04-08 12:54:59,935 [INFO]   [2019/01/06~2019/01/19] retstart=2,000 → 500 | total=328,940
2026-04-08 12:55:00,869 [INFO]   [2019/01/06~2019/01/19] retstart=2,500 → 9 | total=328,949
2026-04-08 12:55:01,915 [INFO]             [2019/01/20 ~ 2019/02/16] 7,870 records → fetching…
2026-04-08 12:55:07,423 [INFO]   [2019/01/20~2019/02/16] retstart=0 → 500 | total=329,449
2026-04-08 12:55:12,753 [INFO]   [2019/01/20~2019/02/16] retstart=500 → 500 | total=329,949
2026-04-08 12:55:17,288 [INFO] → Saved 5,000 records to data\pubmed_output\2016-2020\pubmed_batch_0206.json
2026-04-08 12:55:17,293 [INFO]   [2019/01/20~2019/02/16] retstart=1,000 → 500 | total=330,449
2026-04-08 12:55:22,873 [INFO]   [2019/01/20~2019/02/16] retstart=1,500 → 500 | total=330,949
2026-04-08 12:55:27,590 [INFO]   [2019/01/20~2019/02/16] retstart=2,000 → 500 | total=331,449
2026-04-08 12:55:34,591 [INFO]   [2019/01/20~2019/02/16] retstart=2,500 → 500 | total=331,949
2026-04-08 12:55:39,057 [INFO]   [2019/01/20~2019/02/16] retstart=3,000 → 497 | total=332,446
2026-04-08 12:55:43,715 [INFO]   [2019/01/20~2019/02/16] retstart=3,500 → 500 | total=332,946
2026-04-08 12:55:48,868 [INFO]   [2019/01/20~2019/02/16] retstart=4,000 → 500 | total=333,446
2026-04-08 12:55:53,296 [INFO]   [2019/01/20~2019/02/16] retstart=4,500 → 500 | total=333,946
2026-04-08 12:55:58,365 [INFO]   [2019/01/20~2019/02/16] retstart=5,000 → 500 | total=334,446
2026-04-08 12:56:04,094 [INFO]   [2019/01/20~2019/02/16] retstart=5,500 → 500 | total=334,946
2026-04-08 12:56:10,208 [INFO] → Saved 5,000 records to data\pubmed_output\2016-2020\pubmed_batch_0207.json
2026-04-08 12:56:10,212 [INFO]   [2019/01/20~2019/02/16] retstart=6,000 → 500 | total=335,446
2026-04-08 12:56:14,396 [INFO]   [2019/01/20~2019/02/16] retstart=6,500 → 500 | total=335,946
2026-04-08 12:56:18,062 [INFO]   [2019/01/20~2019/02/16] retstart=7,000 → 500 | total=336,446
2026-04-08 12:56:21,301 [INFO]   [2019/01/20~2019/02/16] retstart=7,500 → 370 | total=336,816
2026-04-08 12:56:22,314 [INFO]       [2019/02/17 ~ 2019/10/02] 49,726 > 9000, splitting at 2019/06/10 / 2019/06/11
2026-04-08 12:56:23,279 [INFO]         [2019/02/17 ~ 2019/06/10] 27,856 > 9000, splitting at 2019/04/14 / 2019/04/15
2026-04-08 12:56:24,229 [INFO]           [2019/02/17 ~ 2019/04/14] 15,472 > 9000, splitting at 2019/03/17 / 2019/03/18
2026-04-08 12:56:25,116 [INFO]             [2019/02/17 ~ 2019/03/17] 8,235 records → fetching…
2026-04-08 12:56:28,767 [INFO]   [2019/02/17~2019/03/17] retstart=0 → 500 | total=337,316
2026-04-08 12:56:34,481 [INFO]   [2019/02/17~2019/03/17] retstart=500 → 500 | total=337,816
2026-04-08 12:56:40,162 [INFO]   [2019/02/17~2019/03/17] retstart=1,000 → 500 | total=338,316
2026-04-08 12:56:45,379 [INFO]   [2019/02/17~2019/03/17] retstart=1,500 → 500 | total=338,816
2026-04-08 12:56:49,915 [INFO]   [2019/02/17~2019/03/17] retstart=2,000 → 499 | total=339,315
2026-04-08 12:57:00,590 [INFO]   [2019/02/17~2019/03/17] retstart=2,500 → 499 | total=339,814
2026-04-08 12:57:06,033 [INFO] → Saved 5,000 records to data\pubmed_output\2016-2020\pubmed_batch_0208.json
2026-04-08 12:57:06,038 [INFO]   [2019/02/17~2019/03/17] retstart=3,000 → 500 | total=340,314
2026-04-08 12:57:10,437 [INFO]   [2019/02/17~2019/03/17] retstart=3,500 → 499 | total=340,813
2026-04-08 12:57:15,079 [INFO]   [2019/02/17~2019/03/17] retstart=4,000 → 500 | total=341,313
2026-04-08 12:57:19,429 [INFO]   [2019/02/17~2019/03/17] retstart=4,500 → 499 | total=341,812
2026-04-08 12:57:23,361 [INFO]   [2019/02/17~2019/03/17] retstart=5,000 → 500 | total=342,312
2026-04-08 12:57:27,360 [INFO]   [2019/02/17~2019/03/17] retstart=5,500 → 500 | total=342,812
2026-04-08 12:57:31,828 [INFO]   [2019/02/17~2019/03/17] retstart=6,000 → 500 | total=343,312
2026-04-08 12:57:36,227 [INFO]   [2019/02/17~2019/03/17] retstart=6,500 → 500 | total=343,812
2026-04-08 12:57:39,873 [INFO]   [2019/02/17~2019/03/17] retstart=7,000 → 500 | total=344,312
2026-04-08 12:57:44,577 [INFO]   [2019/02/17~2019/03/17] retstart=7,500 → 500 | total=344,812
2026-04-08 12:57:46,877 [INFO] → Saved 5,000 records to data\pubmed_output\2016-2020\pubmed_batch_0209.json
2026-04-08 12:57:46,882 [INFO]   [2019/02/17~2019/03/17] retstart=8,000 → 235 | total=345,047
2026-04-08 12:57:47,919 [INFO]             [2019/03/18 ~ 2019/04/14] 7,882 records → fetching…
2026-04-08 12:57:54,024 [INFO]   [2019/03/18~2019/04/14] retstart=0 → 500 | total=345,547
2026-04-08 12:57:58,161 [INFO]   [2019/03/18~2019/04/14] retstart=500 → 500 | total=346,047
2026-04-08 12:58:02,723 [INFO]   [2019/03/18~2019/04/14] retstart=1,000 → 500 | total=346,547
2026-04-08 12:58:07,713 [INFO]   [2019/03/18~2019/04/14] retstart=1,500 → 499 | total=347,046
2026-04-08 12:58:16,491 [INFO]   [2019/03/18~2019/04/14] retstart=2,000 → 498 | total=347,544
2026-04-08 12:58:21,923 [INFO]   [2019/03/18~2019/04/14] retstart=2,500 → 500 | total=348,044
2026-04-08 12:58:26,538 [INFO]   [2019/03/18~2019/04/14] retstart=3,000 → 500 | total=348,544
2026-04-08 12:58:33,330 [INFO]   [2019/03/18~2019/04/14] retstart=3,500 → 500 | total=349,044
2026-04-08 12:58:38,474 [INFO]   [2019/03/18~2019/04/14] retstart=4,000 → 499 | total=349,543
2026-04-08 12:58:43,510 [INFO] → Saved 5,000 records to data\pubmed_output\2016-2020\pubmed_batch_0210.json
2026-04-08 12:58:43,514 [INFO]   [2019/03/18~2019/04/14] retstart=4,500 → 500 | total=350,043
2026-04-08 12:58:47,451 [INFO]   [2019/03/18~2019/04/14] retstart=5,000 → 500 | total=350,543
2026-04-08 12:58:51,093 [INFO]   [2019/03/18~2019/04/14] retstart=5,500 → 500 | total=351,043
2026-04-08 12:58:55,562 [INFO]   [2019/03/18~2019/04/14] retstart=6,000 → 500 | total=351,543
2026-04-08 12:58:58,845 [INFO]   [2019/03/18~2019/04/14] retstart=6,500 → 500 | total=352,043
2026-04-08 12:59:01,987 [WARNING] Attempt 1/5 failed: HTTPSConnectionPool(host='eutils.ncbi.nlm.nih.gov', port=443): Max retries exceeded with url: /entrez/eutils/efetch.fcgi?db=pubmed&WebEnv=MCID_69d5e04bc502a21965015f16&query_key=1&retstart=7000&retmax=500&rettype=abstract&retmode=xml&email=zhousiyu199875%40outlook.com&api_key=xxxxxxxxxx (Caused by SSLError(SSLZeroReturnError(6, 'TLS/SSL connection has been closed (EOF) (_ssl.c:1147)'))). Retry in 2s…
2026-04-08 12:59:07,311 [INFO]   [2019/03/18~2019/04/14] retstart=7,000 → 500 | total=352,543
2026-04-08 12:59:10,650 [INFO]   [2019/03/18~2019/04/14] retstart=7,500 → 382 | total=352,925
2026-04-08 12:59:13,150 [INFO]           [2019/04/15 ~ 2019/06/10] 15,065 > 9000, splitting at 2019/05/13 / 2019/05/14
2026-04-08 12:59:14,051 [INFO]             [2019/04/15 ~ 2019/05/13] 7,747 records → fetching…
2026-04-08 12:59:18,499 [INFO]   [2019/04/15~2019/05/13] retstart=0 → 500 | total=353,425
2026-04-08 12:59:24,799 [INFO]   [2019/04/15~2019/05/13] retstart=500 → 500 | total=353,925
2026-04-08 12:59:28,855 [INFO]   [2019/04/15~2019/05/13] retstart=1,000 → 500 | total=354,425
2026-04-08 12:59:33,222 [INFO]   [2019/04/15~2019/05/13] retstart=1,500 → 500 | total=354,925
2026-04-08 12:59:38,222 [INFO] → Saved 5,000 records to data\pubmed_output\2016-2020\pubmed_batch_0211.json
2026-04-08 12:59:38,228 [INFO]   [2019/04/15~2019/05/13] retstart=2,000 → 500 | total=355,425
2026-04-08 12:59:42,649 [INFO]   [2019/04/15~2019/05/13] retstart=2,500 → 498 | total=355,923
2026-04-08 12:59:48,177 [INFO]   [2019/04/15~2019/05/13] retstart=3,000 → 500 | total=356,423
2026-04-08 12:59:52,122 [INFO]   [2019/04/15~2019/05/13] retstart=3,500 → 498 | total=356,921
2026-04-08 12:59:56,330 [INFO]   [2019/04/15~2019/05/13] retstart=4,000 → 500 | total=357,421
2026-04-08 13:00:02,065 [INFO]   [2019/04/15~2019/05/13] retstart=4,500 → 500 | total=357,921
2026-04-08 13:00:06,693 [INFO]   [2019/04/15~2019/05/13] retstart=5,000 → 500 | total=358,421
2026-04-08 13:00:12,277 [INFO]   [2019/04/15~2019/05/13] retstart=5,500 → 500 | total=358,921
2026-04-08 13:00:17,557 [INFO]   [2019/04/15~2019/05/13] retstart=6,000 → 500 | total=359,421
2026-04-08 13:00:22,526 [INFO]   [2019/04/15~2019/05/13] retstart=6,500 → 500 | total=359,921
2026-04-08 13:00:27,267 [INFO] → Saved 5,000 records to data\pubmed_output\2016-2020\pubmed_batch_0212.json
2026-04-08 13:00:27,271 [INFO]   [2019/04/15~2019/05/13] retstart=7,000 → 500 | total=360,421
2026-04-08 13:00:30,236 [INFO]   [2019/04/15~2019/05/13] retstart=7,500 → 247 | total=360,668
2026-04-08 13:00:32,115 [INFO]             [2019/05/14 ~ 2019/06/10] 7,967 records → fetching…
2026-04-08 13:00:37,033 [INFO]   [2019/05/14~2019/06/10] retstart=0 → 499 | total=361,167
2026-04-08 13:00:42,971 [INFO]   [2019/05/14~2019/06/10] retstart=500 → 500 | total=361,667
2026-04-08 13:00:50,531 [INFO]   [2019/05/14~2019/06/10] retstart=1,000 → 500 | total=362,167
2026-04-08 13:00:55,760 [INFO]   [2019/05/14~2019/06/10] retstart=1,500 → 500 | total=362,667
2026-04-08 13:01:00,812 [INFO]   [2019/05/14~2019/06/10] retstart=2,000 → 498 | total=363,165
2026-04-08 13:01:05,738 [INFO]   [2019/05/14~2019/06/10] retstart=2,500 → 500 | total=363,665
2026-04-08 13:01:10,887 [INFO]   [2019/05/14~2019/06/10] retstart=3,000 → 500 | total=364,165
2026-04-08 13:01:15,454 [INFO]   [2019/05/14~2019/06/10] retstart=3,500 → 500 | total=364,665
2026-04-08 13:01:19,551 [INFO] → Saved 5,000 records to data\pubmed_output\2016-2020\pubmed_batch_0213.json
2026-04-08 13:01:19,555 [INFO]   [2019/05/14~2019/06/10] retstart=4,000 → 500 | total=365,165
2026-04-08 13:01:23,865 [INFO]   [2019/05/14~2019/06/10] retstart=4,500 → 500 | total=365,665
2026-04-08 13:01:27,575 [INFO]   [2019/05/14~2019/06/10] retstart=5,000 → 500 | total=366,165
2026-04-08 13:01:31,811 [INFO]   [2019/05/14~2019/06/10] retstart=5,500 → 500 | total=366,665
2026-04-08 13:01:35,719 [INFO]   [2019/05/14~2019/06/10] retstart=6,000 → 500 | total=367,165
2026-04-08 13:01:40,720 [INFO]   [2019/05/14~2019/06/10] retstart=6,500 → 500 | total=367,665
2026-04-08 13:01:45,280 [INFO]   [2019/05/14~2019/06/10] retstart=7,000 → 500 | total=368,165
2026-04-08 13:01:50,757 [INFO]   [2019/05/14~2019/06/10] retstart=7,500 → 467 | total=368,632
2026-04-08 13:01:52,909 [INFO]         [2019/06/11 ~ 2019/10/02] 27,156 > 9000, splitting at 2019/08/06 / 2019/08/07
2026-04-08 13:01:53,949 [INFO]           [2019/06/11 ~ 2019/08/06] 15,162 > 9000, splitting at 2019/07/09 / 2019/07/10
2026-04-08 13:01:54,948 [INFO]             [2019/06/11 ~ 2019/07/09] 8,123 records → fetching…
2026-04-08 13:02:00,293 [INFO]   [2019/06/11~2019/07/09] retstart=0 → 499 | total=369,131
2026-04-08 13:02:05,193 [INFO]   [2019/06/11~2019/07/09] retstart=500 → 500 | total=369,631
2026-04-08 13:02:17,291 [INFO] → Saved 5,000 records to data\pubmed_output\2016-2020\pubmed_batch_0214.json
2026-04-08 13:02:17,295 [INFO]   [2019/06/11~2019/07/09] retstart=1,000 → 500 | total=370,131
2026-04-08 13:02:23,524 [INFO]   [2019/06/11~2019/07/09] retstart=1,500 → 499 | total=370,630
2026-04-08 13:02:28,824 [INFO]   [2019/06/11~2019/07/09] retstart=2,000 → 500 | total=371,130
2026-04-08 13:02:33,051 [INFO]   [2019/06/11~2019/07/09] retstart=2,500 → 499 | total=371,629
2026-04-08 13:02:38,431 [INFO]   [2019/06/11~2019/07/09] retstart=3,000 → 499 | total=372,128
2026-04-08 13:02:42,265 [ERROR] XML parse error: not well-formed (invalid token): line 801, column 70
2026-04-08 13:02:42,270 [INFO]   [2019/06/11~2019/07/09] retstart=3,500 → 0 | total=372,128
2026-04-08 13:02:47,661 [WARNING] Attempt 1/5 failed: Response ended prematurely. Retry in 2s…
2026-04-08 13:02:55,048 [INFO]   [2019/06/11~2019/07/09] retstart=4,000 → 500 | total=372,628
2026-04-08 13:02:59,493 [INFO]   [2019/06/11~2019/07/09] retstart=4,500 → 500 | total=373,128
2026-04-08 13:03:04,391 [INFO]   [2019/06/11~2019/07/09] retstart=5,000 → 500 | total=373,628
2026-04-08 13:03:08,620 [INFO]   [2019/06/11~2019/07/09] retstart=5,500 → 500 | total=374,128
2026-04-08 13:03:12,602 [INFO]   [2019/06/11~2019/07/09] retstart=6,000 → 500 | total=374,628
2026-04-08 13:03:16,423 [INFO] → Saved 5,000 records to data\pubmed_output\2016-2020\pubmed_batch_0215.json
2026-04-08 13:03:16,427 [INFO]   [2019/06/11~2019/07/09] retstart=6,500 → 500 | total=375,128
2026-04-08 13:03:20,286 [INFO]   [2019/06/11~2019/07/09] retstart=7,000 → 500 | total=375,628
2026-04-08 13:03:24,917 [INFO]   [2019/06/11~2019/07/09] retstart=7,500 → 500 | total=376,128
2026-04-08 13:03:26,832 [INFO]   [2019/06/11~2019/07/09] retstart=8,000 → 123 | total=376,251
2026-04-08 13:03:27,943 [INFO]             [2019/07/10 ~ 2019/08/06] 7,730 records → fetching…
2026-04-08 13:03:33,503 [INFO]   [2019/07/10~2019/08/06] retstart=0 → 500 | total=376,751
2026-04-08 13:03:38,997 [INFO]   [2019/07/10~2019/08/06] retstart=500 → 500 | total=377,251
2026-04-08 13:03:43,589 [INFO]   [2019/07/10~2019/08/06] retstart=1,000 → 500 | total=377,751
2026-04-08 13:03:48,659 [INFO]   [2019/07/10~2019/08/06] retstart=1,500 → 499 | total=378,250
2026-04-08 13:03:53,125 [INFO]   [2019/07/10~2019/08/06] retstart=2,000 → 495 | total=378,745
2026-04-08 13:03:57,520 [INFO]   [2019/07/10~2019/08/06] retstart=2,500 → 500 | total=379,245
2026-04-08 13:03:58,300 [WARNING] Attempt 1/5 failed: 400 Client Error: Bad Request for url: https://eutils.ncbi.nlm.nih.gov/entrez/eutils/efetch.fcgi?db=pubmed&WebEnv=MCID_69d5e19f7f353b69bc062f8d&query_key=1&retstart=3000&retmax=500&rettype=abstract&retmode=xml&email=zhousiyu199875%40outlook.com&api_key=xxxxxxxxxx. Retry in 2s…
2026-04-08 13:04:00,947 [WARNING] Attempt 2/5 failed: 400 Client Error: Bad Request for url: https://eutils.ncbi.nlm.nih.gov/entrez/eutils/efetch.fcgi?db=pubmed&WebEnv=MCID_69d5e19f7f353b69bc062f8d&query_key=1&retstart=3000&retmax=500&rettype=abstract&retmode=xml&email=zhousiyu199875%40outlook.com&api_key=xxxxxxxxxx. Retry in 4s…
2026-04-08 13:04:06,175 [WARNING] Attempt 3/5 failed: 400 Client Error: Bad Request for url: https://eutils.ncbi.nlm.nih.gov/entrez/eutils/efetch.fcgi?db=pubmed&WebEnv=MCID_69d5e19f7f353b69bc062f8d&query_key=1&retstart=3000&retmax=500&rettype=abstract&retmode=xml&email=zhousiyu199875%40outlook.com&api_key=xxxxxxxxxx. Retry in 8s…
2026-04-08 13:04:18,763 [INFO]   [2019/07/10~2019/08/06] retstart=3,000 → 500 | total=379,745
2026-04-08 13:04:23,286 [INFO] → Saved 5,000 records to data\pubmed_output\2016-2020\pubmed_batch_0216.json
2026-04-08 13:04:23,288 [INFO]   [2019/07/10~2019/08/06] retstart=3,500 → 500 | total=380,245
2026-04-08 13:04:27,801 [INFO]   [2019/07/10~2019/08/06] retstart=4,000 → 499 | total=380,744
2026-04-08 13:04:32,218 [INFO]   [2019/07/10~2019/08/06] retstart=4,500 → 500 | total=381,244
2026-04-08 13:04:36,068 [INFO]   [2019/07/10~2019/08/06] retstart=5,000 → 500 | total=381,744
2026-04-08 13:04:40,119 [INFO]   [2019/07/10~2019/08/06] retstart=5,500 → 500 | total=382,244
2026-04-08 13:04:44,205 [INFO]   [2019/07/10~2019/08/06] retstart=6,000 → 500 | total=382,744
2026-04-08 13:04:48,383 [INFO]   [2019/07/10~2019/08/06] retstart=6,500 → 500 | total=383,244
2026-04-08 13:04:52,531 [INFO]   [2019/07/10~2019/08/06] retstart=7,000 → 500 | total=383,744
2026-04-08 13:04:54,932 [INFO]   [2019/07/10~2019/08/06] retstart=7,500 → 230 | total=383,974
2026-04-08 13:04:55,983 [INFO]           [2019/08/07 ~ 2019/10/02] 14,715 > 9000, splitting at 2019/09/04 / 2019/09/05
2026-04-08 13:04:56,881 [INFO]             [2019/08/07 ~ 2019/09/04] 7,872 records → fetching…
2026-04-08 13:05:00,830 [INFO]   [2019/08/07~2019/09/04] retstart=0 → 500 | total=384,474
2026-04-08 13:05:05,535 [INFO]   [2019/08/07~2019/09/04] retstart=500 → 500 | total=384,974
2026-04-08 13:05:10,917 [INFO] → Saved 5,000 records to data\pubmed_output\2016-2020\pubmed_batch_0217.json
2026-04-08 13:05:10,921 [INFO]   [2019/08/07~2019/09/04] retstart=1,000 → 500 | total=385,474
2026-04-08 13:05:15,746 [INFO]   [2019/08/07~2019/09/04] retstart=1,500 → 500 | total=385,974
2026-04-08 13:05:20,261 [INFO]   [2019/08/07~2019/09/04] retstart=2,000 → 500 | total=386,474
2026-04-08 13:05:24,869 [INFO]   [2019/08/07~2019/09/04] retstart=2,500 → 500 | total=386,974
2026-04-08 13:05:28,574 [ERROR] XML parse error: not well-formed (invalid token): line 2808, column 70
2026-04-08 13:05:28,591 [INFO]   [2019/08/07~2019/09/04] retstart=3,000 → 0 | total=386,974
2026-04-08 13:05:31,659 [ERROR] XML parse error: not well-formed (invalid token): line 306, column 70
2026-04-08 13:05:31,661 [INFO]   [2019/08/07~2019/09/04] retstart=3,500 → 0 | total=386,974
2026-04-08 13:05:35,803 [INFO]   [2019/08/07~2019/09/04] retstart=4,000 → 500 | total=387,474
2026-04-08 13:05:39,847 [INFO]   [2019/08/07~2019/09/04] retstart=4,500 → 498 | total=387,972
2026-04-08 13:05:43,822 [INFO]   [2019/08/07~2019/09/04] retstart=5,000 → 500 | total=388,472
2026-04-08 13:05:48,438 [INFO]   [2019/08/07~2019/09/04] retstart=5,500 → 500 | total=388,972
2026-04-08 13:05:53,157 [INFO]   [2019/08/07~2019/09/04] retstart=6,000 → 500 | total=389,472
2026-04-08 13:05:56,863 [INFO]   [2019/08/07~2019/09/04] retstart=6,500 → 500 | total=389,972
2026-04-08 13:06:00,675 [INFO] → Saved 5,000 records to data\pubmed_output\2016-2020\pubmed_batch_0218.json
2026-04-08 13:06:00,680 [INFO]   [2019/08/07~2019/09/04] retstart=7,000 → 500 | total=390,472
2026-04-08 13:06:04,148 [INFO]   [2019/08/07~2019/09/04] retstart=7,500 → 372 | total=390,844
2026-04-08 13:06:05,334 [INFO]             [2019/09/05 ~ 2019/10/02] 7,675 records → fetching…
2026-04-08 13:06:09,291 [INFO]   [2019/09/05~2019/10/02] retstart=0 → 500 | total=391,344
2026-04-08 13:06:11,520 [WARNING] Attempt 1/5 failed: Response ended prematurely. Retry in 2s…
2026-04-08 13:06:18,206 [INFO]   [2019/09/05~2019/10/02] retstart=500 → 500 | total=391,844
2026-04-08 13:06:22,444 [INFO]   [2019/09/05~2019/10/02] retstart=1,000 → 500 | total=392,344
2026-04-08 13:06:27,277 [INFO]   [2019/09/05~2019/10/02] retstart=1,500 → 499 | total=392,843
2026-04-08 13:06:33,079 [INFO]   [2019/09/05~2019/10/02] retstart=2,000 → 500 | total=393,343
2026-04-08 13:06:37,589 [INFO]   [2019/09/05~2019/10/02] retstart=2,500 → 500 | total=393,843
2026-04-08 13:06:42,571 [INFO]   [2019/09/05~2019/10/02] retstart=3,000 → 499 | total=394,342
2026-04-08 13:06:47,556 [INFO]   [2019/09/05~2019/10/02] retstart=3,500 → 500 | total=394,842
2026-04-08 13:06:52,172 [INFO] → Saved 5,000 records to data\pubmed_output\2016-2020\pubmed_batch_0219.json
2026-04-08 13:06:52,176 [INFO]   [2019/09/05~2019/10/02] retstart=4,000 → 500 | total=395,342
2026-04-08 13:06:56,197 [INFO]   [2019/09/05~2019/10/02] retstart=4,500 → 500 | total=395,842
2026-04-08 13:07:00,287 [INFO]   [2019/09/05~2019/10/02] retstart=5,000 → 500 | total=396,342
2026-04-08 13:07:03,414 [ERROR] XML parse error: not well-formed (invalid token): line 569, column 70
2026-04-08 13:07:03,417 [INFO]   [2019/09/05~2019/10/02] retstart=5,500 → 0 | total=396,342
2026-04-08 13:07:07,800 [INFO]   [2019/09/05~2019/10/02] retstart=6,000 → 500 | total=396,842
2026-04-08 13:07:11,667 [INFO]   [2019/09/05~2019/10/02] retstart=6,500 → 500 | total=397,342
2026-04-08 13:07:15,652 [INFO]   [2019/09/05~2019/10/02] retstart=7,000 → 500 | total=397,842
2026-04-08 13:07:17,657 [INFO]   [2019/09/05~2019/10/02] retstart=7,500 → 175 | total=398,017
2026-04-08 13:07:18,926 [INFO]     [2019/10/03 ~ 2020/12/31] 104,100 > 9000, splitting at 2020/05/17 / 2020/05/18
2026-04-08 13:07:19,890 [INFO]       [2019/10/03 ~ 2020/05/17] 59,723 > 9000, splitting at 2020/01/24 / 2020/01/25
2026-04-08 13:07:20,854 [INFO]         [2019/10/03 ~ 2020/01/24] 38,355 > 9000, splitting at 2019/11/28 / 2019/11/29
2026-04-08 13:07:21,770 [INFO]           [2019/10/03 ~ 2019/11/28] 12,784 > 9000, splitting at 2019/10/31 / 2019/11/01
2026-04-08 13:07:22,655 [INFO]             [2019/10/03 ~ 2019/10/31] 4,941 records → fetching…
2026-04-08 13:07:27,265 [INFO]   [2019/10/03~2019/10/31] retstart=0 → 500 | total=398,517
2026-04-08 13:07:32,593 [INFO]   [2019/10/03~2019/10/31] retstart=500 → 500 | total=399,017
2026-04-08 13:07:37,845 [INFO]   [2019/10/03~2019/10/31] retstart=1,000 → 500 | total=399,517
2026-04-08 13:07:42,788 [INFO] → Saved 5,000 records to data\pubmed_output\2016-2020\pubmed_batch_0220.json
2026-04-08 13:07:42,792 [INFO]   [2019/10/03~2019/10/31] retstart=1,500 → 500 | total=400,017
2026-04-08 13:07:47,863 [INFO]   [2019/10/03~2019/10/31] retstart=2,000 → 499 | total=400,516
2026-04-08 13:07:51,850 [INFO]   [2019/10/03~2019/10/31] retstart=2,500 → 500 | total=401,016
2026-04-08 13:07:57,071 [INFO]   [2019/10/03~2019/10/31] retstart=3,000 → 500 | total=401,516
2026-04-08 13:08:01,423 [INFO]   [2019/10/03~2019/10/31] retstart=3,500 → 500 | total=402,016
2026-04-08 13:08:05,741 [INFO]   [2019/10/03~2019/10/31] retstart=4,000 → 500 | total=402,516
2026-04-08 13:08:09,749 [INFO]   [2019/10/03~2019/10/31] retstart=4,500 → 441 | total=402,957
2026-04-08 13:08:10,769 [INFO]             [2019/11/01 ~ 2019/11/28] 8,311 records → fetching…
2026-04-08 13:08:15,177 [INFO]   [2019/11/01~2019/11/28] retstart=0 → 500 | total=403,457
2026-04-08 13:08:19,800 [INFO]   [2019/11/01~2019/11/28] retstart=500 → 500 | total=403,957
2026-04-08 13:08:25,034 [INFO]   [2019/11/01~2019/11/28] retstart=1,000 → 500 | total=404,457
2026-04-08 13:08:26,287 [WARNING] Attempt 1/5 failed: 502 Server Error: Bad Gateway for url: https://eutils.ncbi.nlm.nih.gov/entrez/eutils/efetch.fcgi?db=pubmed&WebEnv=MCID_69d5e2ba2fd083322c0f1b0e&query_key=1&retstart=1500&retmax=500&rettype=abstract&retmode=xml&email=zhousiyu199875%40outlook.com&api_key=xxxxxxxxxx. Retry in 2s…
2026-04-08 13:08:32,558 [ERROR] XML parse error: not well-formed (invalid token): line 7, column 70
2026-04-08 13:08:32,558 [INFO]   [2019/11/01~2019/11/28] retstart=1,500 → 0 | total=404,457
2026-04-08 13:08:36,807 [INFO]   [2019/11/01~2019/11/28] retstart=2,000 → 500 | total=404,957
2026-04-08 13:08:42,088 [INFO] → Saved 5,000 records to data\pubmed_output\2016-2020\pubmed_batch_0221.json
2026-04-08 13:08:42,092 [INFO]   [2019/11/01~2019/11/28] retstart=2,500 → 499 | total=405,456
2026-04-08 13:08:47,098 [INFO]   [2019/11/01~2019/11/28] retstart=3,000 → 500 | total=405,956
2026-04-08 13:08:51,851 [INFO]   [2019/11/01~2019/11/28] retstart=3,500 → 500 | total=406,456
2026-04-08 13:08:56,217 [INFO]   [2019/11/01~2019/11/28] retstart=4,000 → 500 | total=406,956
2026-04-08 13:09:01,162 [INFO]   [2019/11/01~2019/11/28] retstart=4,500 → 500 | total=407,456
2026-04-08 13:09:05,544 [INFO]   [2019/11/01~2019/11/28] retstart=5,000 → 499 | total=407,955
2026-04-08 13:09:09,465 [INFO]   [2019/11/01~2019/11/28] retstart=5,500 → 500 | total=408,455
2026-04-08 13:09:13,783 [INFO]   [2019/11/01~2019/11/28] retstart=6,000 → 500 | total=408,955
2026-04-08 13:09:18,302 [INFO]   [2019/11/01~2019/11/28] retstart=6,500 → 500 | total=409,455
2026-04-08 13:09:22,265 [INFO]   [2019/11/01~2019/11/28] retstart=7,000 → 500 | total=409,955
2026-04-08 13:09:26,489 [INFO] → Saved 5,000 records to data\pubmed_output\2016-2020\pubmed_batch_0222.json
2026-04-08 13:09:26,492 [INFO]   [2019/11/01~2019/11/28] retstart=7,500 → 500 | total=410,455
2026-04-08 13:09:29,309 [INFO]   [2019/11/01~2019/11/28] retstart=8,000 → 311 | total=410,766
2026-04-08 13:09:30,519 [INFO]           [2019/11/29 ~ 2020/01/24] 28,324 > 9000, splitting at 2019/12/27 / 2019/12/28
2026-04-08 13:09:31,389 [INFO]             [2019/11/29 ~ 2019/12/27] 8,341 records → fetching…
2026-04-08 13:09:35,467 [INFO]   [2019/11/29~2019/12/27] retstart=0 → 500 | total=411,266
2026-04-08 13:09:40,506 [INFO]   [2019/11/29~2019/12/27] retstart=500 → 500 | total=411,766
2026-04-08 13:09:44,877 [INFO]   [2019/11/29~2019/12/27] retstart=1,000 → 500 | total=412,266
2026-04-08 13:09:50,066 [INFO]   [2019/11/29~2019/12/27] retstart=1,500 → 500 | total=412,766
2026-04-08 13:09:55,735 [INFO]   [2019/11/29~2019/12/27] retstart=2,000 → 500 | total=413,266
2026-04-08 13:09:59,897 [INFO]   [2019/11/29~2019/12/27] retstart=2,500 → 500 | total=413,766
2026-04-08 13:10:05,688 [INFO]   [2019/11/29~2019/12/27] retstart=3,000 → 500 | total=414,266
2026-04-08 13:10:11,513 [INFO]   [2019/11/29~2019/12/27] retstart=3,500 → 500 | total=414,766
2026-04-08 13:10:16,995 [INFO] → Saved 5,000 records to data\pubmed_output\2016-2020\pubmed_batch_0223.json
2026-04-08 13:10:16,999 [INFO]   [2019/11/29~2019/12/27] retstart=4,000 → 500 | total=415,266
2026-04-08 13:10:20,866 [INFO]   [2019/11/29~2019/12/27] retstart=4,500 → 499 | total=415,765
2026-04-08 13:10:26,394 [INFO]   [2019/11/29~2019/12/27] retstart=5,000 → 500 | total=416,265
2026-04-08 13:10:30,561 [INFO]   [2019/11/29~2019/12/27] retstart=5,500 → 500 | total=416,765
2026-04-08 13:10:34,591 [INFO]   [2019/11/29~2019/12/27] retstart=6,000 → 500 | total=417,265
2026-04-08 13:10:38,333 [INFO]   [2019/11/29~2019/12/27] retstart=6,500 → 500 | total=417,765
2026-04-08 13:10:42,035 [INFO]   [2019/11/29~2019/12/27] retstart=7,000 → 500 | total=418,265
2026-04-08 13:10:46,027 [INFO]   [2019/11/29~2019/12/27] retstart=7,500 → 500 | total=418,765
2026-04-08 13:10:49,173 [INFO]   [2019/11/29~2019/12/27] retstart=8,000 → 341 | total=419,106
2026-04-08 13:10:50,206 [INFO]             [2019/12/28 ~ 2020/01/24] 20,607 > 9000, splitting at 2020/01/10 / 2020/01/11
2026-04-08 13:10:51,122 [INFO]               [2019/12/28 ~ 2020/01/10] 18,273 > 9000, splitting at 2020/01/03 / 2020/01/04
2026-04-08 13:10:52,010 [INFO]                 [2019/12/28 ~ 2020/01/03] 17,096 > 9000, splitting at 2019/12/31 / 2020/01/01
2026-04-08 13:10:52,929 [INFO]                   [2019/12/28 ~ 2019/12/31] 436 records → fetching…
2026-04-08 13:10:56,733 [INFO]   [2019/12/28~2019/12/31] retstart=0 → 436 | total=419,542
2026-04-08 13:10:57,784 [INFO]                   [2020/01/01 ~ 2020/01/03] 16,684 > 9000, splitting at 2020/01/02 / 2020/01/03
2026-04-08 13:10:58,679 [INFO]                     [2020/01/01 ~ 2020/01/02] 16,508 > 9000, splitting at 2020/01/01 / 2020/01/02
2026-04-08 13:11:00,184 [WARNING]                       [2020/01/01] single day 16,345 > 9000. Switching to PMID-range bisection.
2026-04-08 13:11:01,291 [INFO]     [2020/01/01 PMID 1:99999999] 16,345 > 9000, splitting at PMID 50000000
2026-04-08 13:11:02,392 [INFO]       [2020/01/01 PMID 1:50000000] 16,345 > 9000, splitting at PMID 25000000
2026-04-08 13:11:04,657 [INFO]         [2020/01/01 PMID 25000001:50000000] 16,345 > 9000, splitting at PMID 37500000
2026-04-08 13:11:05,762 [INFO]           [2020/01/01 PMID 25000001:37500000] 16,338 > 9000, splitting at PMID 31250000
2026-04-08 13:11:06,791 [INFO]             [2020/01/01 PMID 25000001:31250000] 408 records → fetching…
2026-04-08 13:11:10,096 [INFO]   [2020/01/01 PMID 25000001:31250000] retstart=0 → 408 | total=419,950
2026-04-08 13:11:11,329 [INFO]             [2020/01/01 PMID 31250001:37500000] 15,930 > 9000, splitting at PMID 34375000
2026-04-08 13:11:12,384 [INFO]               [2020/01/01 PMID 31250001:34375000] 15,830 > 9000, splitting at PMID 32812500
2026-04-08 13:11:13,427 [INFO]                 [2020/01/01 PMID 31250001:32812500] 9,779 > 9000, splitting at PMID 32031250
2026-04-08 13:11:14,375 [INFO]                   [2020/01/01 PMID 31250001:32031250] 3,762 records → fetching…
2026-04-08 13:11:19,157 [INFO] → Saved 5,000 records to data\pubmed_output\2016-2020\pubmed_batch_0224.json
2026-04-08 13:11:19,161 [INFO]   [2020/01/01 PMID 31250001:32031250] retstart=0 → 500 | total=420,450
2026-04-08 13:11:23,139 [ERROR] XML parse error: not well-formed (invalid token): line 576, column 70
2026-04-08 13:11:23,147 [INFO]   [2020/01/01 PMID 31250001:32031250] retstart=500 → 0 | total=420,450
2026-04-08 13:11:26,343 [ERROR] XML parse error: not well-formed (invalid token): line 211, column 70
2026-04-08 13:11:26,350 [INFO]   [2020/01/01 PMID 31250001:32031250] retstart=1,000 → 0 | total=420,450
2026-04-08 13:11:30,164 [INFO]   [2020/01/01 PMID 31250001:32031250] retstart=1,500 → 500 | total=420,950
2026-04-08 13:11:34,849 [INFO]   [2020/01/01 PMID 31250001:32031250] retstart=2,000 → 500 | total=421,450
2026-04-08 13:11:38,638 [INFO]   [2020/01/01 PMID 31250001:32031250] retstart=2,500 → 500 | total=421,950
2026-04-08 13:11:42,952 [INFO]   [2020/01/01 PMID 31250001:32031250] retstart=3,000 → 500 | total=422,450
2026-04-08 13:11:45,335 [INFO]   [2020/01/01 PMID 31250001:32031250] retstart=3,500 → 262 | total=422,712
2026-04-08 13:11:46,490 [INFO]                   [2020/01/01 PMID 32031251:32812500] 6,017 records → fetching…
2026-04-08 13:11:51,172 [INFO]   [2020/01/01 PMID 32031251:32812500] retstart=0 → 500 | total=423,212
2026-04-08 13:11:56,371 [INFO]   [2020/01/01 PMID 32031251:32812500] retstart=500 → 500 | total=423,712
2026-04-08 13:12:01,739 [INFO]   [2020/01/01 PMID 32031251:32812500] retstart=1,000 → 500 | total=424,212
2026-04-08 13:12:06,866 [INFO]   [2020/01/01 PMID 32031251:32812500] retstart=1,500 → 500 | total=424,712
2026-04-08 13:12:12,420 [INFO] → Saved 5,000 records to data\pubmed_output\2016-2020\pubmed_batch_0225.json
2026-04-08 13:12:12,424 [INFO]   [2020/01/01 PMID 32031251:32812500] retstart=2,000 → 500 | total=425,212
2026-04-08 13:12:19,215 [INFO]   [2020/01/01 PMID 32031251:32812500] retstart=2,500 → 500 | total=425,712
2026-04-08 13:12:26,551 [INFO]   [2020/01/01 PMID 32031251:32812500] retstart=3,000 → 500 | total=426,212
2026-04-08 13:12:35,861 [INFO]   [2020/01/01 PMID 32031251:32812500] retstart=3,500 → 500 | total=426,712
2026-04-08 13:12:40,808 [INFO]   [2020/01/01 PMID 32031251:32812500] retstart=4,000 → 500 | total=427,212
2026-04-08 13:12:47,281 [INFO]   [2020/01/01 PMID 32031251:32812500] retstart=4,500 → 500 | total=427,712
2026-04-08 13:12:53,675 [INFO]   [2020/01/01 PMID 32031251:32812500] retstart=5,000 → 500 | total=428,212
2026-04-08 13:12:58,698 [INFO]   [2020/01/01 PMID 32031251:32812500] retstart=5,500 → 500 | total=428,712
2026-04-08 13:12:59,883 [INFO]   [2020/01/01 PMID 32031251:32812500] retstart=6,000 → 17 | total=428,729
2026-04-08 13:13:00,914 [INFO]                 [2020/01/01 PMID 32812501:34375000] 6,051 records → fetching…
2026-04-08 13:13:07,224 [INFO]   [2020/01/01 PMID 32812501:34375000] retstart=0 → 500 | total=429,229
2026-04-08 13:13:15,414 [INFO]   [2020/01/01 PMID 32812501:34375000] retstart=500 → 500 | total=429,729
2026-04-08 13:13:22,032 [INFO] → Saved 5,000 records to data\pubmed_output\2016-2020\pubmed_batch_0226.json
2026-04-08 13:13:22,037 [INFO]   [2020/01/01 PMID 32812501:34375000] retstart=1,000 → 500 | total=430,229
2026-04-08 13:13:29,550 [INFO]   [2020/01/01 PMID 32812501:34375000] retstart=1,500 → 500 | total=430,729
2026-04-08 13:13:35,491 [INFO]   [2020/01/01 PMID 32812501:34375000] retstart=2,000 → 500 | total=431,229
2026-04-08 13:13:42,715 [INFO]   [2020/01/01 PMID 32812501:34375000] retstart=2,500 → 500 | total=431,729
2026-04-08 13:13:49,021 [INFO]   [2020/01/01 PMID 32812501:34375000] retstart=3,000 → 500 | total=432,229
2026-04-08 13:13:56,485 [INFO]   [2020/01/01 PMID 32812501:34375000] retstart=3,500 → 500 | total=432,729
2026-04-08 13:14:02,787 [INFO]   [2020/01/01 PMID 32812501:34375000] retstart=4,000 → 500 | total=433,229
2026-04-08 13:14:11,021 [INFO]   [2020/01/01 PMID 32812501:34375000] retstart=4,500 → 500 | total=433,729
2026-04-08 13:14:16,258 [INFO]   [2020/01/01 PMID 32812501:34375000] retstart=5,000 → 500 | total=434,229
2026-04-08 13:14:22,484 [INFO]   [2020/01/01 PMID 32812501:34375000] retstart=5,500 → 499 | total=434,728
2026-04-08 13:14:24,594 [INFO]   [2020/01/01 PMID 32812501:34375000] retstart=6,000 → 51 | total=434,779
2026-04-08 13:14:26,246 [INFO]               [2020/01/01 PMID 34375001:37500000] 100 records → fetching…
2026-04-08 13:14:29,710 [INFO]   [2020/01/01 PMID 34375001:37500000] retstart=0 → 98 | total=434,877
2026-04-08 13:14:30,915 [INFO]           [2020/01/01 PMID 37500001:50000000] 7 records → fetching…
2026-04-08 13:14:31,963 [INFO]   [2020/01/01 PMID 37500001:50000000] retstart=0 → 7 | total=434,884
2026-04-08 13:14:34,010 [INFO]                       [2020/01/02 ~ 2020/01/02] 171 records → fetching…
2026-04-08 13:14:41,979 [INFO] → Saved 5,000 records to data\pubmed_output\2016-2020\pubmed_batch_0227.json
2026-04-08 13:14:41,984 [INFO]   [2020/01/02~2020/01/02] retstart=0 → 171 | total=435,055
2026-04-08 13:14:43,661 [INFO]                     [2020/01/03 ~ 2020/01/03] 191 records → fetching…
2026-04-08 13:14:47,305 [INFO]   [2020/01/03~2020/01/03] retstart=0 → 191 | total=435,246
2026-04-08 13:14:48,573 [INFO]                 [2020/01/04 ~ 2020/01/10] 1,263 records → fetching…
2026-04-08 13:14:55,459 [INFO]   [2020/01/04~2020/01/10] retstart=0 → 500 | total=435,746
2026-04-08 13:15:00,537 [INFO]   [2020/01/04~2020/01/10] retstart=500 → 499 | total=436,245
2026-04-08 13:15:04,595 [INFO]   [2020/01/04~2020/01/10] retstart=1,000 → 263 | total=436,508
2026-04-08 13:15:05,669 [INFO]               [2020/01/11 ~ 2020/01/24] 2,606 records → fetching…
2026-04-08 13:15:10,969 [INFO]   [2020/01/11~2020/01/24] retstart=0 → 500 | total=437,008
2026-04-08 13:15:16,070 [INFO]   [2020/01/11~2020/01/24] retstart=500 → 500 | total=437,508
2026-04-08 13:15:21,625 [INFO]   [2020/01/11~2020/01/24] retstart=1,000 → 500 | total=438,008
2026-04-08 13:15:26,541 [INFO]   [2020/01/11~2020/01/24] retstart=1,500 → 500 | total=438,508
2026-04-08 13:15:30,648 [INFO]   [2020/01/11~2020/01/24] retstart=2,000 → 500 | total=439,008
2026-04-08 13:15:32,377 [INFO]   [2020/01/11~2020/01/24] retstart=2,500 → 106 | total=439,114
2026-04-08 13:15:33,582 [INFO]         [2020/01/25 ~ 2020/05/17] 29,482 > 9000, splitting at 2020/03/21 / 2020/03/22
2026-04-08 13:15:34,657 [INFO]           [2020/01/25 ~ 2020/03/21] 16,222 > 9000, splitting at 2020/02/22 / 2020/02/23
2026-04-08 13:15:35,574 [INFO]             [2020/01/25 ~ 2020/02/22] 8,614 records → fetching…
2026-04-08 13:15:40,021 [INFO]   [2020/01/25~2020/02/22] retstart=0 → 500 | total=439,614
2026-04-08 13:15:45,799 [INFO] → Saved 5,000 records to data\pubmed_output\2016-2020\pubmed_batch_0228.json
2026-04-08 13:15:45,804 [INFO]   [2020/01/25~2020/02/22] retstart=500 → 500 | total=440,114
2026-04-08 13:15:51,011 [INFO]   [2020/01/25~2020/02/22] retstart=1,000 → 500 | total=440,614
2026-04-08 13:16:06,220 [INFO]   [2020/01/25~2020/02/22] retstart=1,500 → 500 | total=441,114
2026-04-08 13:16:11,783 [INFO]   [2020/01/25~2020/02/22] retstart=2,000 → 500 | total=441,614
2026-04-08 13:16:16,928 [INFO]   [2020/01/25~2020/02/22] retstart=2,500 → 500 | total=442,114
2026-04-08 13:16:21,784 [INFO]   [2020/01/25~2020/02/22] retstart=3,000 → 500 | total=442,614
2026-04-08 13:16:27,847 [INFO]   [2020/01/25~2020/02/22] retstart=3,500 → 500 | total=443,114
2026-04-08 13:16:32,837 [INFO]   [2020/01/25~2020/02/22] retstart=4,000 → 500 | total=443,614
2026-04-08 13:16:38,422 [INFO]   [2020/01/25~2020/02/22] retstart=4,500 → 499 | total=444,113
2026-04-08 13:16:43,754 [INFO]   [2020/01/25~2020/02/22] retstart=5,000 → 499 | total=444,612
2026-04-08 13:16:48,432 [INFO] → Saved 5,000 records to data\pubmed_output\2016-2020\pubmed_batch_0229.json
2026-04-08 13:16:48,437 [INFO]   [2020/01/25~2020/02/22] retstart=5,500 → 500 | total=445,112
2026-04-08 13:16:52,854 [INFO]   [2020/01/25~2020/02/22] retstart=6,000 → 500 | total=445,612
2026-04-08 13:16:57,807 [INFO]   [2020/01/25~2020/02/22] retstart=6,500 → 500 | total=446,112
2026-04-08 13:17:02,461 [INFO]   [2020/01/25~2020/02/22] retstart=7,000 → 500 | total=446,612
2026-04-08 13:17:10,356 [INFO]   [2020/01/25~2020/02/22] retstart=7,500 → 500 | total=447,112
2026-04-08 13:17:14,985 [INFO]   [2020/01/25~2020/02/22] retstart=8,000 → 500 | total=447,612
2026-04-08 13:17:16,763 [INFO]   [2020/01/25~2020/02/22] retstart=8,500 → 114 | total=447,726
2026-04-08 13:17:17,803 [INFO]             [2020/02/23 ~ 2020/03/21] 8,269 records → fetching…
2026-04-08 13:17:22,708 [INFO]   [2020/02/23~2020/03/21] retstart=0 → 500 | total=448,226
2026-04-08 13:17:27,911 [INFO]   [2020/02/23~2020/03/21] retstart=500 → 500 | total=448,726
2026-04-08 13:17:32,258 [INFO]   [2020/02/23~2020/03/21] retstart=1,000 → 500 | total=449,226
2026-04-08 13:17:37,898 [INFO]   [2020/02/23~2020/03/21] retstart=1,500 → 500 | total=449,726
2026-04-08 13:17:42,926 [INFO] → Saved 5,000 records to data\pubmed_output\2016-2020\pubmed_batch_0230.json
2026-04-08 13:17:42,931 [INFO]   [2020/02/23~2020/03/21] retstart=2,000 → 499 | total=450,225
2026-04-08 13:17:48,344 [INFO]   [2020/02/23~2020/03/21] retstart=2,500 → 500 | total=450,725
2026-04-08 13:17:53,302 [INFO]   [2020/02/23~2020/03/21] retstart=3,000 → 500 | total=451,225
2026-04-08 13:17:58,689 [INFO]   [2020/02/23~2020/03/21] retstart=3,500 → 500 | total=451,725
2026-04-08 13:18:03,087 [INFO]   [2020/02/23~2020/03/21] retstart=4,000 → 500 | total=452,225
2026-04-08 13:18:07,999 [INFO]   [2020/02/23~2020/03/21] retstart=4,500 → 500 | total=452,725
2026-04-08 13:18:12,679 [INFO]   [2020/02/23~2020/03/21] retstart=5,000 → 500 | total=453,225
2026-04-08 13:18:16,695 [INFO]   [2020/02/23~2020/03/21] retstart=5,500 → 500 | total=453,725
2026-04-08 13:18:20,862 [INFO]   [2020/02/23~2020/03/21] retstart=6,000 → 500 | total=454,225
2026-04-08 13:18:24,563 [INFO]   [2020/02/23~2020/03/21] retstart=6,500 → 500 | total=454,725
2026-04-08 13:18:28,844 [INFO] → Saved 5,000 records to data\pubmed_output\2016-2020\pubmed_batch_0231.json
2026-04-08 13:18:28,846 [INFO]   [2020/02/23~2020/03/21] retstart=7,000 → 500 | total=455,225
2026-04-08 13:18:33,077 [INFO]   [2020/02/23~2020/03/21] retstart=7,500 → 500 | total=455,725
2026-04-08 13:18:35,391 [INFO]   [2020/02/23~2020/03/21] retstart=8,000 → 269 | total=455,994
2026-04-08 13:18:36,394 [INFO]           [2020/03/22 ~ 2020/05/17] 15,899 > 9000, splitting at 2020/04/19 / 2020/04/20
2026-04-08 13:18:37,139 [INFO]             [2020/03/22 ~ 2020/04/19] 0 records, skip.
2026-04-08 13:18:37,894 [INFO]             [2020/04/20 ~ 2020/05/17] 0 records, skip.
2026-04-08 13:18:38,798 [INFO]       [2020/05/18 ~ 2020/12/31] 58,032 > 9000, splitting at 2020/09/08 / 2020/09/09
2026-04-08 13:18:39,714 [INFO]         [2020/05/18 ~ 2020/09/08] 32,200 > 9000, splitting at 2020/07/13 / 2020/07/14
2026-04-08 13:18:40,632 [INFO]           [2020/05/18 ~ 2020/07/13] 17,311 > 9000, splitting at 2020/06/15 / 2020/06/16
2026-04-08 13:18:41,515 [INFO]             [2020/05/18 ~ 2020/06/15] 8,958 records → fetching…
2026-04-08 13:18:47,331 [INFO]   [2020/05/18~2020/06/15] retstart=0 → 500 | total=456,494
2026-04-08 13:18:53,182 [INFO]   [2020/05/18~2020/06/15] retstart=500 → 500 | total=456,994
2026-04-08 13:18:59,415 [INFO]   [2020/05/18~2020/06/15] retstart=1,000 → 500 | total=457,494
2026-04-08 13:19:05,815 [INFO]   [2020/05/18~2020/06/15] retstart=1,500 → 500 | total=457,994
2026-04-08 13:19:10,040 [INFO]   [2020/05/18~2020/06/15] retstart=2,000 → 500 | total=458,494
2026-04-08 13:19:16,223 [INFO]   [2020/05/18~2020/06/15] retstart=2,500 → 500 | total=458,994
2026-04-08 13:19:20,492 [INFO]   [2020/05/18~2020/06/15] retstart=3,000 → 500 | total=459,494
2026-04-08 13:19:24,920 [INFO]   [2020/05/18~2020/06/15] retstart=3,500 → 496 | total=459,990
2026-04-08 13:19:29,527 [INFO] → Saved 5,000 records to data\pubmed_output\2016-2020\pubmed_batch_0232.json
2026-04-08 13:19:29,530 [INFO]   [2020/05/18~2020/06/15] retstart=4,000 → 500 | total=460,490
2026-04-08 13:19:35,100 [INFO]   [2020/05/18~2020/06/15] retstart=4,500 → 499 | total=460,989
2026-04-08 13:19:39,557 [INFO]   [2020/05/18~2020/06/15] retstart=5,000 → 500 | total=461,489
2026-04-08 13:19:44,159 [INFO]   [2020/05/18~2020/06/15] retstart=5,500 → 499 | total=461,988
2026-04-08 13:19:48,895 [INFO]   [2020/05/18~2020/06/15] retstart=6,000 → 500 | total=462,488
2026-04-08 13:19:53,589 [INFO]   [2020/05/18~2020/06/15] retstart=6,500 → 500 | total=462,988
2026-04-08 13:19:57,397 [INFO]   [2020/05/18~2020/06/15] retstart=7,000 → 500 | total=463,488
2026-04-08 13:20:01,557 [INFO]   [2020/05/18~2020/06/15] retstart=7,500 → 500 | total=463,988
2026-04-08 13:20:05,918 [INFO]   [2020/05/18~2020/06/15] retstart=8,000 → 500 | total=464,488
2026-04-08 13:20:09,800 [INFO]   [2020/05/18~2020/06/15] retstart=8,500 → 458 | total=464,946
2026-04-08 13:20:10,815 [INFO]             [2020/06/16 ~ 2020/07/13] 9,063 > 9000, splitting at 2020/06/29 / 2020/06/30
2026-04-08 13:20:11,703 [INFO]               [2020/06/16 ~ 2020/06/29] 3,049 records → fetching…
2026-04-08 13:20:17,350 [INFO] → Saved 5,000 records to data\pubmed_output\2016-2020\pubmed_batch_0233.json
2026-04-08 13:20:17,355 [INFO]   [2020/06/16~2020/06/29] retstart=0 → 500 | total=465,446
2026-04-08 13:20:21,581 [INFO]   [2020/06/16~2020/06/29] retstart=500 → 500 | total=465,946
2026-04-08 13:20:26,710 [INFO]   [2020/06/16~2020/06/29] retstart=1,000 → 500 | total=466,446
2026-04-08 13:20:30,999 [INFO]   [2020/06/16~2020/06/29] retstart=1,500 → 500 | total=466,946
2026-04-08 13:20:35,172 [INFO]   [2020/06/16~2020/06/29] retstart=2,000 → 500 | total=467,446
2026-04-08 13:20:39,338 [INFO]   [2020/06/16~2020/06/29] retstart=2,500 → 500 | total=467,946
2026-04-08 13:20:40,937 [INFO]   [2020/06/16~2020/06/29] retstart=3,000 → 49 | total=467,995
2026-04-08 13:20:41,977 [INFO]               [2020/06/30 ~ 2020/07/13] 6,218 records → fetching…
2026-04-08 13:20:45,906 [INFO]   [2020/06/30~2020/07/13] retstart=0 → 500 | total=468,495
2026-04-08 13:20:50,451 [INFO]   [2020/06/30~2020/07/13] retstart=500 → 500 | total=468,995
2026-04-08 13:20:55,833 [INFO]   [2020/06/30~2020/07/13] retstart=1,000 → 500 | total=469,495
2026-04-08 13:21:00,553 [INFO]   [2020/06/30~2020/07/13] retstart=1,500 → 500 | total=469,995
2026-04-08 13:21:05,085 [INFO] → Saved 5,000 records to data\pubmed_output\2016-2020\pubmed_batch_0234.json
2026-04-08 13:21:05,089 [INFO]   [2020/06/30~2020/07/13] retstart=2,000 → 500 | total=470,495
2026-04-08 13:21:09,142 [INFO]   [2020/06/30~2020/07/13] retstart=2,500 → 500 | total=470,995
2026-04-08 13:21:13,132 [INFO]   [2020/06/30~2020/07/13] retstart=3,000 → 499 | total=471,494
2026-04-08 13:21:16,884 [INFO]   [2020/06/30~2020/07/13] retstart=3,500 → 500 | total=471,994
2026-04-08 13:21:20,839 [INFO]   [2020/06/30~2020/07/13] retstart=4,000 → 500 | total=472,494
2026-04-08 13:21:25,397 [INFO]   [2020/06/30~2020/07/13] retstart=4,500 → 500 | total=472,994
2026-04-08 13:21:29,163 [INFO]   [2020/06/30~2020/07/13] retstart=5,000 → 500 | total=473,494
2026-04-08 13:21:33,794 [INFO]   [2020/06/30~2020/07/13] retstart=5,500 → 500 | total=473,994
2026-04-08 13:21:36,830 [INFO]   [2020/06/30~2020/07/13] retstart=6,000 → 218 | total=474,212
2026-04-08 13:21:37,869 [INFO]           [2020/07/14 ~ 2020/09/08] 17,669 > 9000, splitting at 2020/08/11 / 2020/08/12
2026-04-08 13:21:38,834 [INFO]             [2020/07/14 ~ 2020/08/11] 9,298 > 9000, splitting at 2020/07/28 / 2020/07/29
2026-04-08 13:21:39,721 [INFO]               [2020/07/14 ~ 2020/07/28] 3,372 records → fetching…
2026-04-08 13:21:45,158 [INFO]   [2020/07/14~2020/07/28] retstart=0 → 500 | total=474,712
2026-04-08 13:21:51,197 [INFO] → Saved 5,000 records to data\pubmed_output\2016-2020\pubmed_batch_0235.json
2026-04-08 13:21:51,202 [INFO]   [2020/07/14~2020/07/28] retstart=500 → 500 | total=475,212
2026-04-08 13:21:56,532 [INFO]   [2020/07/14~2020/07/28] retstart=1,000 → 500 | total=475,712
2026-04-08 13:22:01,439 [INFO]   [2020/07/14~2020/07/28] retstart=1,500 → 500 | total=476,212
2026-04-08 13:22:06,283 [INFO]   [2020/07/14~2020/07/28] retstart=2,000 → 500 | total=476,712
2026-04-08 13:22:11,246 [INFO]   [2020/07/14~2020/07/28] retstart=2,500 → 499 | total=477,211
2026-04-08 13:22:14,485 [INFO]   [2020/07/14~2020/07/28] retstart=3,000 → 372 | total=477,583
2026-04-08 13:22:15,478 [INFO]               [2020/07/29 ~ 2020/08/11] 6,070 records → fetching…
2026-04-08 13:22:20,138 [INFO]   [2020/07/29~2020/08/11] retstart=0 → 500 | total=478,083
2026-04-08 13:22:26,288 [INFO]   [2020/07/29~2020/08/11] retstart=500 → 500 | total=478,583
2026-04-08 13:22:30,827 [INFO]   [2020/07/29~2020/08/11] retstart=1,000 → 500 | total=479,083
2026-04-08 13:22:35,488 [INFO]   [2020/07/29~2020/08/11] retstart=1,500 → 499 | total=479,582
2026-04-08 13:22:41,797 [INFO] → Saved 5,000 records to data\pubmed_output\2016-2020\pubmed_batch_0236.json
2026-04-08 13:22:41,801 [INFO]   [2020/07/29~2020/08/11] retstart=2,000 → 498 | total=480,080
2026-04-08 13:22:48,888 [INFO]   [2020/07/29~2020/08/11] retstart=2,500 → 500 | total=480,580
2026-04-08 13:22:55,609 [INFO]   [2020/07/29~2020/08/11] retstart=3,000 → 499 | total=481,079
2026-04-08 13:23:01,009 [INFO]   [2020/07/29~2020/08/11] retstart=3,500 → 500 | total=481,579
2026-04-08 13:23:10,693 [INFO]   [2020/07/29~2020/08/11] retstart=4,000 → 500 | total=482,079
2026-04-08 13:23:24,126 [INFO]   [2020/07/29~2020/08/11] retstart=4,500 → 500 | total=482,579
2026-04-08 13:23:29,184 [INFO]   [2020/07/29~2020/08/11] retstart=5,000 → 500 | total=483,079
2026-04-08 13:23:34,009 [INFO]   [2020/07/29~2020/08/11] retstart=5,500 → 500 | total=483,579
2026-04-08 13:23:36,670 [INFO]   [2020/07/29~2020/08/11] retstart=6,000 → 70 | total=483,649
2026-04-08 13:23:38,107 [INFO]             [2020/08/12 ~ 2020/09/08] 9,137 > 9000, splitting at 2020/08/25 / 2020/08/26
2026-04-08 13:23:39,357 [INFO]               [2020/08/12 ~ 2020/08/25] 2,934 records → fetching…
2026-04-08 13:23:46,529 [INFO]   [2020/08/12~2020/08/25] retstart=0 → 500 | total=484,149
2026-04-08 13:23:52,599 [INFO]   [2020/08/12~2020/08/25] retstart=500 → 500 | total=484,649
2026-04-08 13:24:00,692 [INFO] → Saved 5,000 records to data\pubmed_output\2016-2020\pubmed_batch_0237.json
2026-04-08 13:24:00,696 [INFO]   [2020/08/12~2020/08/25] retstart=1,000 → 500 | total=485,149
2026-04-08 13:24:05,382 [INFO]   [2020/08/12~2020/08/25] retstart=1,500 → 499 | total=485,648
2026-04-08 13:24:11,155 [INFO]   [2020/08/12~2020/08/25] retstart=2,000 → 499 | total=486,147
2026-04-08 13:24:15,868 [INFO]   [2020/08/12~2020/08/25] retstart=2,500 → 434 | total=486,581
2026-04-08 13:24:17,771 [INFO]               [2020/08/26 ~ 2020/09/08] 6,352 records → fetching…
2026-04-08 13:24:22,351 [INFO]   [2020/08/26~2020/09/08] retstart=0 → 500 | total=487,081
2026-04-08 13:24:28,442 [INFO]   [2020/08/26~2020/09/08] retstart=500 → 500 | total=487,581
2026-04-08 13:24:33,704 [INFO]   [2020/08/26~2020/09/08] retstart=1,000 → 500 | total=488,081
2026-04-08 13:24:39,107 [INFO]   [2020/08/26~2020/09/08] retstart=1,500 → 500 | total=488,581
2026-04-08 13:24:44,381 [INFO]   [2020/08/26~2020/09/08] retstart=2,000 → 500 | total=489,081
2026-04-08 13:24:49,400 [INFO]   [2020/08/26~2020/09/08] retstart=2,500 → 499 | total=489,580
2026-04-08 13:24:54,041 [INFO] → Saved 5,000 records to data\pubmed_output\2016-2020\pubmed_batch_0238.json
2026-04-08 13:24:54,045 [INFO]   [2020/08/26~2020/09/08] retstart=3,000 → 499 | total=490,079
2026-04-08 13:24:58,487 [INFO]   [2020/08/26~2020/09/08] retstart=3,500 → 500 | total=490,579
2026-04-08 13:25:02,574 [INFO]   [2020/08/26~2020/09/08] retstart=4,000 → 500 | total=491,079
2026-04-08 13:25:07,818 [INFO]   [2020/08/26~2020/09/08] retstart=4,500 → 500 | total=491,579
2026-04-08 13:25:14,203 [INFO]   [2020/08/26~2020/09/08] retstart=5,000 → 500 | total=492,079
2026-04-08 13:25:19,314 [INFO]   [2020/08/26~2020/09/08] retstart=5,500 → 500 | total=492,579
2026-04-08 13:25:23,300 [INFO]   [2020/08/26~2020/09/08] retstart=6,000 → 352 | total=492,931
2026-04-08 13:25:24,504 [INFO]         [2020/09/09 ~ 2020/12/31] 31,414 > 9000, splitting at 2020/11/04 / 2020/11/05
2026-04-08 13:25:25,436 [INFO]           [2020/09/09 ~ 2020/11/04] 18,370 > 9000, splitting at 2020/10/07 / 2020/10/08
2026-04-08 13:25:27,217 [INFO]             [2020/09/09 ~ 2020/10/07] 9,960 > 9000, splitting at 2020/09/23 / 2020/09/24
2026-04-08 13:25:28,232 [INFO]               [2020/09/09 ~ 2020/09/23] 3,570 records → fetching…
2026-04-08 13:25:34,313 [INFO]   [2020/09/09~2020/09/23] retstart=0 → 500 | total=493,431
2026-04-08 13:25:39,211 [INFO]   [2020/09/09~2020/09/23] retstart=500 → 500 | total=493,931
2026-04-08 13:25:44,565 [INFO]   [2020/09/09~2020/09/23] retstart=1,000 → 499 | total=494,430
2026-04-08 13:25:49,968 [INFO]   [2020/09/09~2020/09/23] retstart=1,500 → 500 | total=494,930
2026-04-08 13:25:55,098 [INFO] → Saved 5,000 records to data\pubmed_output\2016-2020\pubmed_batch_0239.json
2026-04-08 13:25:55,103 [INFO]   [2020/09/09~2020/09/23] retstart=2,000 → 500 | total=495,430
2026-04-08 13:25:59,841 [INFO]   [2020/09/09~2020/09/23] retstart=2,500 → 498 | total=495,928
2026-04-08 13:26:05,099 [INFO]   [2020/09/09~2020/09/23] retstart=3,000 → 500 | total=496,428
2026-04-08 13:26:07,048 [INFO]   [2020/09/09~2020/09/23] retstart=3,500 → 70 | total=496,498
2026-04-08 13:26:08,065 [INFO]               [2020/09/24 ~ 2020/10/07] 6,599 records → fetching…
2026-04-08 13:26:13,247 [INFO]   [2020/09/24~2020/10/07] retstart=0 → 500 | total=496,998
2026-04-08 13:26:19,647 [INFO]   [2020/09/24~2020/10/07] retstart=500 → 500 | total=497,498
2026-04-08 13:26:24,299 [INFO]   [2020/09/24~2020/10/07] retstart=1,000 → 500 | total=497,998
2026-04-08 13:26:29,191 [INFO]   [2020/09/24~2020/10/07] retstart=1,500 → 500 | total=498,498
2026-04-08 13:26:35,061 [INFO]   [2020/09/24~2020/10/07] retstart=2,000 → 500 | total=498,998
2026-04-08 13:26:41,515 [INFO]   [2020/09/24~2020/10/07] retstart=2,500 → 499 | total=499,497
2026-04-08 13:26:47,481 [INFO]   [2020/09/24~2020/10/07] retstart=3,000 → 498 | total=499,995
2026-04-08 13:26:53,429 [INFO] → Saved 5,000 records to data\pubmed_output\2016-2020\pubmed_batch_0240.json
2026-04-08 13:26:53,434 [INFO]   [2020/09/24~2020/10/07] retstart=3,500 → 500 | total=500,495
2026-04-08 13:26:58,323 [INFO]   [2020/09/24~2020/10/07] retstart=4,000 → 500 | total=500,995
2026-04-08 13:27:04,283 [INFO]   [2020/09/24~2020/10/07] retstart=4,500 → 500 | total=501,495
2026-04-08 13:27:08,928 [INFO]   [2020/09/24~2020/10/07] retstart=5,000 → 500 | total=501,995
2026-04-08 13:27:13,132 [INFO]   [2020/09/24~2020/10/07] retstart=5,500 → 500 | total=502,495
2026-04-08 13:27:17,698 [INFO]   [2020/09/24~2020/10/07] retstart=6,000 → 500 | total=502,995
2026-04-08 13:27:19,108 [INFO]   [2020/09/24~2020/10/07] retstart=6,500 → 99 | total=503,094
2026-04-08 13:27:20,705 [INFO]             [2020/10/08 ~ 2020/11/04] 9,326 > 9000, splitting at 2020/10/21 / 2020/10/22
2026-04-08 13:27:21,650 [INFO]               [2020/10/08 ~ 2020/10/21] 3,223 records → fetching…
2026-04-08 13:27:27,626 [INFO]   [2020/10/08~2020/10/21] retstart=0 → 500 | total=503,594
2026-04-08 13:27:32,418 [INFO]   [2020/10/08~2020/10/21] retstart=500 → 500 | total=504,094
2026-04-08 13:27:38,061 [INFO]   [2020/10/08~2020/10/21] retstart=1,000 → 500 | total=504,594
2026-04-08 13:27:43,740 [INFO] → Saved 5,000 records to data\pubmed_output\2016-2020\pubmed_batch_0241.json
2026-04-08 13:27:43,745 [INFO]   [2020/10/08~2020/10/21] retstart=1,500 → 500 | total=505,094
2026-04-08 13:27:49,644 [INFO]   [2020/10/08~2020/10/21] retstart=2,000 → 500 | total=505,594
2026-04-08 13:27:54,881 [INFO]   [2020/10/08~2020/10/21] retstart=2,500 → 500 | total=506,094
2026-04-08 13:27:57,419 [INFO]   [2020/10/08~2020/10/21] retstart=3,000 → 223 | total=506,317
2026-04-08 13:27:58,441 [INFO]               [2020/10/22 ~ 2020/11/04] 6,266 records → fetching…
2026-04-08 13:28:03,109 [INFO]   [2020/10/22~2020/11/04] retstart=0 → 499 | total=506,816
2026-04-08 13:28:08,416 [INFO]   [2020/10/22~2020/11/04] retstart=500 → 500 | total=507,316
2026-04-08 13:28:13,579 [INFO]   [2020/10/22~2020/11/04] retstart=1,000 → 500 | total=507,816
2026-04-08 13:28:18,760 [INFO]   [2020/10/22~2020/11/04] retstart=1,500 → 499 | total=508,315
2026-04-08 13:28:24,267 [INFO]   [2020/10/22~2020/11/04] retstart=2,000 → 500 | total=508,815
2026-04-08 13:28:29,445 [INFO]   [2020/10/22~2020/11/04] retstart=2,500 → 500 | total=509,315
2026-04-08 13:28:34,636 [INFO]   [2020/10/22~2020/11/04] retstart=3,000 → 500 | total=509,815
2026-04-08 13:28:39,283 [INFO] → Saved 5,000 records to data\pubmed_output\2016-2020\pubmed_batch_0242.json
2026-04-08 13:28:39,287 [INFO]   [2020/10/22~2020/11/04] retstart=3,500 → 500 | total=510,315
2026-04-08 13:28:44,021 [INFO]   [2020/10/22~2020/11/04] retstart=4,000 → 500 | total=510,815
2026-04-08 13:28:48,707 [INFO]   [2020/10/22~2020/11/04] retstart=4,500 → 500 | total=511,315
2026-04-08 13:28:52,748 [INFO]   [2020/10/22~2020/11/04] retstart=5,000 → 500 | total=511,815
2026-04-08 13:28:57,560 [INFO]   [2020/10/22~2020/11/04] retstart=5,500 → 500 | total=512,315
2026-04-08 13:29:00,173 [INFO]   [2020/10/22~2020/11/04] retstart=6,000 → 266 | total=512,581
2026-04-08 13:29:01,229 [INFO]           [2020/11/05 ~ 2020/12/31] 14,976 > 9000, splitting at 2020/12/03 / 2020/12/04
2026-04-08 13:29:02,940 [INFO]             [2020/11/05 ~ 2020/12/03] 9,961 > 9000, splitting at 2020/11/19 / 2020/11/20
2026-04-08 13:29:04,284 [INFO]               [2020/11/05 ~ 2020/11/19] 3,370 records → fetching…
2026-04-08 13:29:32,450 [INFO]   [2020/11/05~2020/11/19] retstart=0 → 499 | total=513,080
2026-04-08 13:29:41,403 [INFO]   [2020/11/05~2020/11/19] retstart=500 → 500 | total=513,580
2026-04-08 13:29:48,102 [INFO]   [2020/11/05~2020/11/19] retstart=1,000 → 500 | total=514,080
2026-04-08 13:29:53,846 [INFO]   [2020/11/05~2020/11/19] retstart=1,500 → 500 | total=514,580
2026-04-08 13:29:58,558 [INFO] → Saved 5,000 records to data\pubmed_output\2016-2020\pubmed_batch_0243.json
2026-04-08 13:29:58,563 [INFO]   [2020/11/05~2020/11/19] retstart=2,000 → 500 | total=515,080
2026-04-08 13:30:04,205 [INFO]   [2020/11/05~2020/11/19] retstart=2,500 → 500 | total=515,580
2026-04-08 13:30:16,201 [INFO]   [2020/11/05~2020/11/19] retstart=3,000 → 370 | total=515,950
2026-04-08 13:30:17,298 [INFO]               [2020/11/20 ~ 2020/12/03] 6,825 records → fetching…
2026-04-08 13:30:23,941 [INFO]   [2020/11/20~2020/12/03] retstart=0 → 499 | total=516,449
2026-04-08 13:30:29,393 [INFO]   [2020/11/20~2020/12/03] retstart=500 → 500 | total=516,949
2026-04-08 13:30:36,994 [INFO]   [2020/11/20~2020/12/03] retstart=1,000 → 500 | total=517,449
2026-04-08 13:30:44,520 [INFO]   [2020/11/20~2020/12/03] retstart=1,500 → 500 | total=517,949
2026-04-08 13:30:49,929 [INFO]   [2020/11/20~2020/12/03] retstart=2,000 → 496 | total=518,445
2026-04-08 13:30:55,118 [INFO]   [2020/11/20~2020/12/03] retstart=2,500 → 499 | total=518,944
2026-04-08 13:31:00,100 [INFO]   [2020/11/20~2020/12/03] retstart=3,000 → 500 | total=519,444
2026-04-08 13:31:04,390 [INFO]   [2020/11/20~2020/12/03] retstart=3,500 → 500 | total=519,944
2026-04-08 13:31:09,523 [INFO] → Saved 5,000 records to data\pubmed_output\2016-2020\pubmed_batch_0244.json
2026-04-08 13:31:09,528 [INFO]   [2020/11/20~2020/12/03] retstart=4,000 → 500 | total=520,444
2026-04-08 13:31:14,409 [INFO]   [2020/11/20~2020/12/03] retstart=4,500 → 500 | total=520,944
2026-04-08 13:31:20,350 [INFO]   [2020/11/20~2020/12/03] retstart=5,000 → 500 | total=521,444
2026-04-08 13:31:25,970 [INFO]   [2020/11/20~2020/12/03] retstart=5,500 → 500 | total=521,944
2026-04-08 13:31:30,426 [INFO]   [2020/11/20~2020/12/03] retstart=6,000 → 500 | total=522,444
2026-04-08 13:31:33,352 [INFO]   [2020/11/20~2020/12/03] retstart=6,500 → 325 | total=522,769
2026-04-08 13:31:34,380 [INFO]             [2020/12/04 ~ 2020/12/31] 5,260 records → fetching…
2026-04-08 13:31:39,162 [INFO]   [2020/12/04~2020/12/31] retstart=0 → 500 | total=523,269
2026-04-08 13:31:46,547 [INFO]   [2020/12/04~2020/12/31] retstart=500 → 500 | total=523,769
2026-04-08 13:31:52,516 [INFO]   [2020/12/04~2020/12/31] retstart=1,000 → 500 | total=524,269
2026-04-08 13:31:58,639 [INFO]   [2020/12/04~2020/12/31] retstart=1,500 → 500 | total=524,769
2026-04-08 13:32:04,147 [INFO] → Saved 5,000 records to data\pubmed_output\2016-2020\pubmed_batch_0245.json
2026-04-08 13:32:04,152 [INFO]   [2020/12/04~2020/12/31] retstart=2,000 → 498 | total=525,267
2026-04-08 13:32:09,149 [INFO]   [2020/12/04~2020/12/31] retstart=2,500 → 500 | total=525,767
2026-04-08 13:32:26,798 [INFO]   [2020/12/04~2020/12/31] retstart=3,000 → 500 | total=526,267
2026-04-08 13:32:31,598 [INFO]   [2020/12/04~2020/12/31] retstart=3,500 → 500 | total=526,767
2026-04-08 13:32:36,930 [INFO]   [2020/12/04~2020/12/31] retstart=4,000 → 496 | total=527,263
2026-04-08 13:32:42,228 [INFO]   [2020/12/04~2020/12/31] retstart=4,500 → 500 | total=527,763
2026-04-08 13:32:45,787 [INFO]   [2020/12/04~2020/12/31] retstart=5,000 → 260 | total=528,023
2026-04-08 13:32:45,974 [INFO] → Saved 3,023 records to data\pubmed_output\2016-2020\pubmed_batch_0246.json
2026-04-08 13:32:45,981 [INFO] Done. 528,023 records saved across 246 file(s) in 'data\pubmed_output\2016-2020/'.
