[OK] prompt 对齐自检通过：末尾 '<|im_start|>assistant\n'，PREFIX 7129 字符 / SUFFIX 33 字符
[resume] 已完成 PMID = 0（将自动跳过）
[    15s] 完成 1  成功 1  失败 0  截断 0  三元组 3  | 0.07 req/s  15 out-tok/s
[    38s] 完成 6  成功 6  失败 0  截断 0  三元组 34  | 0.16 req/s  63 out-tok/s
[    57s] 完成 20  成功 20  失败 0  截断 0  三元组 158  | 0.35 req/s  207 out-tok/s
[    73s] 完成 26  成功 26  失败 0  截断 0  三元组 230  | 0.36 req/s  247 out-tok/s
[    88s] 完成 37  成功 37  失败 0  截断 0  三元组 350  | 0.42 req/s  310 out-tok/s
[   104s] 完成 45  成功 45  失败 0  截断 0  三元组 420  | 0.43 req/s  317 out-tok/s
[   125s] 完成 53  成功 53  失败 0  截断 0  三元组 512  | 0.42 req/s  321 out-tok/s
[   140s] 完成 59  成功 59  失败 0  截断 0  三元组 576  | 0.42 req/s  326 out-tok/s
[   156s] 完成 64  成功 64  失败 0  截断 0  三元组 642  | 0.41 req/s  330 out-tok/s
[   173s] 完成 76  成功 76  失败 0  截断 5  三元组 805  | 0.44 req/s  411 out-tok/s
[   188s] 完成 84  成功 84  失败 0  截断 5  三元组 890  | 0.45 req/s  414 out-tok/s
[   205s] 完成 92  成功 92  失败 0  截断 5  三元组 993  | 0.45 req/s  421 out-tok/s
[   221s] 完成 103  成功 103  失败 0  截断 5  三元组 1130  | 0.47 req/s  436 out-tok/s
[   236s] 完成 110  成功 110  失败 0  截断 6  三元组 1237  | 0.47 req/s  451 out-tok/s
[   255s] 完成 121  成功 121  失败 0  截断 6  三元组 1355  | 0.47 req/s  452 out-tok/s
[   270s] 完成 126  成功 126  失败 0  截断 7  三元组 1427  | 0.47 req/s  453 out-tok/s
[   286s] 完成 136  成功 136  失败 0  截断 7  三元组 1531  | 0.47 req/s  456 out-tok/s
[   303s] 完成 144  成功 144  失败 0  截断 7  三元组 1634  | 0.48 req/s  459 out-tok/s
[   324s] 完成 153  成功 153  失败 0  截断 7  三元组 1760  | 0.47 req/s  459 out-tok/s
[   340s] 完成 161  成功 161  失败 0  截断 7  三元组 1845  | 0.47 req/s  458 out-tok/s
[   360s] 完成 171  成功 171  失败 0  截断 7  三元组 1935  | 0.47 req/s  452 out-tok/s
[   376s] 完成 177  成功 177  失败 0  截断 8  三元组 1993  | 0.47 req/s  447 out-tok/s
[   392s] 完成 186  成功 186  失败 0  截断 10  三元组 2117  | 0.47 req/s  466 out-tok/s
[   407s] 完成 191  成功 191  失败 0  截断 11  三元组 2164  | 0.47 req/s  461 out-tok/s
[   423s] 完成 198  成功 198  失败 0  截断 12  三元组 2235  | 0.47 req/s  462 out-tok/s
[   438s] 完成 206  成功 206  失败 0  截断 12  三元组 2343  | 0.47 req/s  468 out-tok/s
[   454s] 完成 215  成功 215  失败 0  截断 13  三元组 2461  | 0.47 req/s  475 out-tok/s
[   471s] 完成 220  成功 220  失败 0  截断 15  三元组 2510  | 0.47 req/s  473 out-tok/s
[   486s] 完成 228  成功 228  失败 0  截断 15  三元组 2617  | 0.47 req/s  475 out-tok/s
[   503s] 完成 236  成功 236  失败 0  截断 17  三元组 2704  | 0.47 req/s  479 out-tok/s
[   521s] 完成 241  成功 241  失败 0  截断 17  三元组 2754  | 0.46 req/s  469 out-tok/s
[   538s] 完成 249  成功 249  失败 0  截断 17  三元组 2854  | 0.46 req/s  469 out-tok/s
[   557s] 完成 257  成功 257  失败 0  截断 18  三元组 2952  | 0.46 req/s  476 out-tok/s
[   573s] 完成 265  成功 265  失败 0  截断 18  三元组 3038  | 0.46 req/s  476 out-tok/s
[   591s] 完成 272  成功 272  失败 0  截断 19  三元组 3147  | 0.46 req/s  478 out-tok/s
[   609s] 完成 280  成功 280  失败 0  截断 21  三元组 3234  | 0.46 req/s  480 out-tok/s
[   626s] 完成 288  成功 288  失败 0  截断 23  三元组 3347  | 0.46 req/s  486 out-tok/s
[   642s] 完成 294  成功 294  失败 0  截断 24  三元组 3416  | 0.46 req/s  485 out-tok/s
[   658s] 完成 298  成功 298  失败 0  截断 24  三元组 3441  | 0.45 req/s  477 out-tok/s
[   674s] 完成 308  成功 308  失败 0  截断 26  三元组 3577  | 0.46 req/s  486 out-tok/s
[   691s] 完成 317  成功 317  失败 0  截断 26  三元组 3736  | 0.46 req/s  492 out-tok/s
[   710s] 完成 322  成功 322  失败 0  截断 26  三元组 3787  | 0.45 req/s  485 out-tok/s
[   726s] 完成 334  成功 334  失败 0  截断 27  三元组 3942  | 0.46 req/s  494 out-tok/s
[   742s] 完成 344  成功 344  失败 0  截断 28  三元组 4067  | 0.46 req/s  499 out-tok/s
[   759s] 完成 352  成功 352  失败 0  截断 28  三元组 4145  | 0.46 req/s  496 out-tok/s
[   775s] 完成 360  成功 360  失败 0  截断 28  三元组 4228  | 0.46 req/s  493 out-tok/s
[   791s] 完成 365  成功 365  失败 0  截断 28  三元组 4304  | 0.46 req/s  490 out-tok/s
[   807s] 完成 373  成功 373  失败 0  截断 28  三元组 4394  | 0.46 req/s  489 out-tok/s
[   822s] 完成 387  成功 387  失败 0  截断 32  三元组 4562  | 0.47 req/s  502 out-tok/s
[   841s] 完成 393  成功 393  失败 0  截断 32  三元组 4616  | 0.47 req/s  496 out-tok/s
[   858s] 完成 396  成功 396  失败 0  截断 32  三元组 4647  | 0.46 req/s  488 out-tok/s
[   879s] 完成 404  成功 404  失败 0  截断 32  三元组 4726  | 0.46 req/s  485 out-tok/s
[   894s] 完成 410  成功 410  失败 0  截断 35  三元组 4848  | 0.46 req/s  489 out-tok/s
[   913s] 完成 420  成功 420  失败 0  截断 36  三元组 4960  | 0.46 req/s  492 out-tok/s
[   928s] 完成 428  成功 428  失败 0  截断 39  三元组 5058  | 0.46 req/s  497 out-tok/s
[   944s] 完成 431  成功 431  失败 0  截断 39  三元组 5096  | 0.46 req/s  492 out-tok/s
[   960s] 完成 443  成功 443  失败 0  截断 39  三元组 5219  | 0.46 req/s  493 out-tok/s
[   976s] 完成 451  成功 451  失败 0  截断 42  三元组 5312  | 0.46 req/s  497 out-tok/s
[   991s] 完成 456  成功 456  失败 0  截断 42  三元组 5393  | 0.46 req/s  497 out-tok/s
[  1013s] 完成 463  成功 463  失败 0  截断 43  三元组 5498  | 0.46 req/s  494 out-tok/s
[  1030s] 完成 467  成功 467  失败 0  截断 44  三元组 5566  | 0.45 req/s  490 out-tok/s
[  1046s] 完成 471  成功 471  失败 0  截断 46  三元组 5605  | 0.45 req/s  490 out-tok/s
[  1063s] 完成 478  成功 478  失败 0  截断 47  三元组 5722  | 0.45 req/s  492 out-tok/s
[  1078s] 完成 486  成功 486  失败 0  截断 47  三元组 5822  | 0.45 req/s  492 out-tok/s
[  1093s] 完成 496  成功 496  失败 0  截断 48  三元组 5960  | 0.45 req/s  497 out-tok/s
[  1105s] 完成 500  成功 500  失败 0  截断 48  三元组 6000  | 0.45 req/s  495 out-tok/s
[  1122s] 完成 506  成功 506  失败 0  截断 52  三元组 6102  | 0.45 req/s  498 out-tok/s
[  1139s] 完成 517  成功 517  失败 0  截断 52  三元组 6247  | 0.45 req/s  501 out-tok/s
[  1160s] 完成 531  成功 531  失败 0  截断 52  三元组 6374  | 0.46 req/s  500 out-tok/s
[  1177s] 完成 538  成功 538  失败 0  截断 53  三元组 6431  | 0.46 req/s  498 out-tok/s
[  1193s] 完成 545  成功 545  失败 0  截断 53  三元组 6545  | 0.46 req/s  500 out-tok/s
[  1208s] 完成 551  成功 551  失败 0  截断 53  三元组 6622  | 0.46 req/s  498 out-tok/s
[  1225s] 完成 561  成功 561  失败 0  截断 53  三元组 6734  | 0.46 req/s  499 out-tok/s
[  1242s] 完成 568  成功 568  失败 0  截断 54  三元组 6815  | 0.46 req/s  499 out-tok/s
[  1262s] 完成 575  成功 575  失败 0  截断 56  三元组 6887  | 0.46 req/s  499 out-tok/s
[  1278s] 完成 582  成功 582  失败 0  截断 56  三元组 6984  | 0.46 req/s  498 out-tok/s
[  1294s] 完成 590  成功 590  失败 0  截断 57  三元组 7071  | 0.46 req/s  499 out-tok/s
[  1310s] 完成 600  成功 600  失败 0  截断 59  三元组 7189  | 0.46 req/s  502 out-tok/s
[  1326s] 完成 605  成功 605  失败 0  截断 59  三元组 7250  | 0.46 req/s  500 out-tok/s
[  1343s] 完成 615  成功 615  失败 0  截断 60  三元组 7375  | 0.46 req/s  501 out-tok/s
[  1359s] 完成 624  成功 624  失败 0  截断 61  三元组 7476  | 0.46 req/s  502 out-tok/s
[  1375s] 完成 632  成功 632  失败 0  截断 64  三元组 7560  | 0.46 req/s  504 out-tok/s
[  1392s] 完成 637  成功 637  失败 0  截断 65  三元组 7632  | 0.46 req/s  502 out-tok/s
[  1408s] 完成 645  成功 645  失败 0  截断 65  三元组 7726  | 0.46 req/s  502 out-tok/s
[  1425s] 完成 657  成功 657  失败 0  截断 65  三元组 7854  | 0.46 req/s  503 out-tok/s
[  1443s] 完成 664  成功 664  失败 0  截断 66  三元组 7923  | 0.46 req/s  502 out-tok/s
[  1462s] 完成 672  成功 672  失败 0  截断 66  三元组 8018  | 0.46 req/s  503 out-tok/s
[  1477s] 完成 680  成功 680  失败 0  截断 66  三元组 8102  | 0.46 req/s  501 out-tok/s
[  1493s] 完成 689  成功 689  失败 0  截断 68  三元组 8205  | 0.46 req/s  503 out-tok/s
[  1511s] 完成 696  成功 696  失败 0  截断 70  三元组 8272  | 0.46 req/s  503 out-tok/s
[  1527s] 完成 703  成功 703  失败 0  截断 70  三元组 8362  | 0.46 req/s  502 out-tok/s
[  1542s] 完成 711  成功 711  失败 0  截断 71  三元组 8469  | 0.46 req/s  504 out-tok/s
[  1558s] 完成 716  成功 716  失败 0  截断 72  三元组 8547  | 0.46 req/s  503 out-tok/s
[  1573s] 完成 723  成功 723  失败 0  截断 72  三元组 8631  | 0.46 req/s  503 out-tok/s
[  1590s] 完成 731  成功 731  失败 0  截断 73  三元组 8728  | 0.46 req/s  503 out-tok/s
[  1606s] 完成 737  成功 737  失败 0  截断 73  三元组 8776  | 0.46 req/s  500 out-tok/s
[  1623s] 完成 748  成功 748  失败 0  截断 75  三元组 8926  | 0.46 req/s  504 out-tok/s
[  1638s] 完成 756  成功 756  失败 0  截断 76  三元组 9030  | 0.46 req/s  505 out-tok/s
[  1656s] 完成 762  成功 762  失败 0  截断 77  三元组 9116  | 0.46 req/s  503 out-tok/s
[  1672s] 完成 768  成功 768  失败 0  截断 77  三元组 9196  | 0.46 req/s  503 out-tok/s
[  1687s] 完成 775  成功 775  失败 0  截断 79  三元组 9306  | 0.46 req/s  504 out-tok/s
[  1704s] 完成 784  成功 784  失败 0  截断 79  三元组 9414  | 0.46 req/s  504 out-tok/s
[  1727s] 完成 793  成功 793  失败 0  截断 80  三元组 9515  | 0.46 req/s  502 out-tok/s
[  1742s] 完成 800  成功 800  失败 0  截断 82  三元组 9622  | 0.46 req/s  504 out-tok/s
[  1757s] 完成 811  成功 811  失败 0  截断 83  三元组 9760  | 0.46 req/s  506 out-tok/s
[  1773s] 完成 819  成功 819  失败 0  截断 83  三元组 9863  | 0.46 req/s  506 out-tok/s
[  1789s] 完成 824  成功 824  失败 0  截断 85  三元组 9910  | 0.46 req/s  506 out-tok/s
[  1806s] 完成 835  成功 835  失败 0  截断 86  三元组 10022  | 0.46 req/s  508 out-tok/s
[  1827s] 完成 845  成功 845  失败 0  截断 86  三元组 10160  | 0.46 req/s  508 out-tok/s
[  1842s] 完成 852  成功 852  失败 0  截断 86  三元组 10235  | 0.46 req/s  507 out-tok/s
[  1864s] 完成 861  成功 861  失败 0  截断 86  三元组 10345  | 0.46 req/s  505 out-tok/s
[  1879s] 完成 873  成功 873  失败 0  截断 86  三元组 10488  | 0.46 req/s  508 out-tok/s
[  1897s] 完成 879  成功 879  失败 0  截断 87  三元组 10558  | 0.46 req/s  506 out-tok/s
[  1913s] 完成 888  成功 888  失败 0  截断 89  三元组 10638  | 0.46 req/s  507 out-tok/s
[  1933s] 完成 895  成功 895  失败 0  截断 89  三元组 10703  | 0.46 req/s  505 out-tok/s
[  1949s] 完成 901  成功 901  失败 0  截断 90  三元组 10782  | 0.46 req/s  504 out-tok/s
[  1965s] 完成 912  成功 912  失败 0  截断 91  三元组 10893  | 0.46 req/s  506 out-tok/s
[  1981s] 完成 918  成功 918  失败 0  截断 92  三元组 10944  | 0.46 req/s  504 out-tok/s
[  1997s] 完成 929  成功 929  失败 0  截断 95  三元组 11071  | 0.47 req/s  507 out-tok/s
[  2013s] 完成 937  成功 937  失败 0  截断 96  三元组 11156  | 0.47 req/s  508 out-tok/s
[  2029s] 完成 947  成功 947  失败 0  截断 99  三元组 11257  | 0.47 req/s  509 out-tok/s
[  2045s] 完成 957  成功 957  失败 0  截断 100  三元组 11359  | 0.47 req/s  510 out-tok/s
[  2060s] 完成 964  成功 964  失败 0  截断 100  三元组 11420  | 0.47 req/s  509 out-tok/s
[  2079s] 完成 972  成功 972  失败 0  截断 100  三元组 11498  | 0.47 req/s  507 out-tok/s
[  2097s] 完成 975  成功 975  失败 0  截断 100  三元组 11531  | 0.47 req/s  504 out-tok/s
[  2112s] 完成 978  成功 978  失败 0  截断 101  三元组 11588  | 0.46 req/s  503 out-tok/s
[  2127s] 完成 987  成功 987  失败 0  截断 105  三元组 11711  | 0.46 req/s  507 out-tok/s
[  2143s] 完成 993  成功 993  失败 0  截断 106  三元组 11789  | 0.46 req/s  507 out-tok/s
[  2155s] 完成 1000  成功 1000  失败 0  截断 106  三元组 11862  | 0.46 req/s  507 out-tok/s
[  2173s] 完成 1006  成功 1006  失败 0  截断 106  三元组 11943  | 0.46 req/s  506 out-tok/s
[  2193s] 完成 1018  成功 1018  失败 0  截断 108  三元组 12077  | 0.46 req/s  508 out-tok/s
[  2209s] 完成 1022  成功 1022  失败 0  截断 109  三元组 12124  | 0.46 req/s  506 out-tok/s
[  2224s] 完成 1029  成功 1029  失败 0  截断 111  三元组 12197  | 0.46 req/s  507 out-tok/s
[  2241s] 完成 1039  成功 1039  失败 0  截断 113  三元组 12295  | 0.46 req/s  509 out-tok/s
[  2256s] 完成 1047  成功 1047  失败 0  截断 114  三元组 12390  | 0.46 req/s  509 out-tok/s
[  2278s] 完成 1056  成功 1056  失败 0  截断 114  三元组 12512  | 0.46 req/s  509 out-tok/s
[  2294s] 完成 1063  成功 1063  失败 0  截断 114  三元组 12558  | 0.46 req/s  507 out-tok/s
[  2310s] 完成 1072  成功 1072  失败 0  截断 115  三元组 12667  | 0.46 req/s  508 out-tok/s
[  2325s] 完成 1077  成功 1077  失败 0  截断 115  三元组 12727  | 0.46 req/s  507 out-tok/s
[  2341s] 完成 1089  成功 1089  失败 0  截断 118  三元组 12855  | 0.47 req/s  510 out-tok/s
[  2357s] 完成 1096  成功 1096  失败 0  截断 119  三元组 12938  | 0.47 req/s  510 out-tok/s
[  2372s] 完成 1102  成功 1102  失败 0  截断 119  三元组 12986  | 0.46 req/s  508 out-tok/s
[  2391s] 完成 1117  成功 1117  失败 0  截断 121  三元组 13141  | 0.47 req/s  511 out-tok/s
[  2406s] 完成 1124  成功 1124  失败 0  截断 122  三元组 13224  | 0.47 req/s  511 out-tok/s
[  2421s] 完成 1134  成功 1134  失败 0  截断 122  三元组 13321  | 0.47 req/s  511 out-tok/s
[  2439s] 完成 1145  成功 1145  失败 0  截断 122  三元组 13411  | 0.47 req/s  510 out-tok/s
[  2455s] 完成 1154  成功 1154  失败 0  截断 123  三元组 13498  | 0.47 req/s  511 out-tok/s
[  2473s] 完成 1159  成功 1159  失败 0  截断 123  三元组 13545  | 0.47 req/s  508 out-tok/s
[  2489s] 完成 1164  成功 1164  失败 0  截断 125  三元组 13600  | 0.47 req/s  508 out-tok/s
[  2504s] 完成 1173  成功 1173  失败 0  截断 126  三元组 13692  | 0.47 req/s  509 out-tok/s
[  2522s] 完成 1179  成功 1179  失败 0  截断 127  三元组 13751  | 0.47 req/s  508 out-tok/s
[  2541s] 完成 1185  成功 1185  失败 0  截断 128  三元组 13844  | 0.47 req/s  508 out-tok/s
[  2558s] 完成 1190  成功 1190  失败 0  截断 128  三元组 13898  | 0.47 req/s  506 out-tok/s
[  2576s] 完成 1202  成功 1202  失败 0  截断 128  三元组 14075  | 0.47 req/s  508 out-tok/s
[  2593s] 完成 1211  成功 1211  失败 0  截断 130  三元组 14170  | 0.47 req/s  510 out-tok/s
[  2609s] 完成 1220  成功 1220  失败 0  截断 132  三元组 14252  | 0.47 req/s  511 out-tok/s
[  2626s] 完成 1227  成功 1227  失败 0  截断 133  三元组 14329  | 0.47 req/s  510 out-tok/s
[  2644s] 完成 1238  成功 1238  失败 0  截断 133  三元组 14454  | 0.47 req/s  511 out-tok/s
[  2662s] 完成 1247  成功 1247  失败 0  截断 133  三元组 14569  | 0.47 req/s  510 out-tok/s
[  2677s] 完成 1257  成功 1257  失败 0  截断 134  三元组 14694  | 0.47 req/s  511 out-tok/s
[  2692s] 完成 1263  成功 1263  失败 0  截断 134  三元组 14754  | 0.47 req/s  510 out-tok/s
[  2709s] 完成 1270  成功 1270  失败 0  截断 135  三元组 14832  | 0.47 req/s  510 out-tok/s
[  2726s] 完成 1278  成功 1278  失败 0  截断 135  三元组 14921  | 0.47 req/s  510 out-tok/s
[  2742s] 完成 1286  成功 1286  失败 0  截断 137  三元组 15014  | 0.47 req/s  511 out-tok/s
[  2759s] 完成 1289  成功 1289  失败 0  截断 137  三元组 15051  | 0.47 req/s  509 out-tok/s
[  2776s] 完成 1297  成功 1297  失败 0  截断 137  三元组 15159  | 0.47 req/s  509 out-tok/s
[  2792s] 完成 1304  成功 1304  失败 0  截断 139  三元组 15253  | 0.47 req/s  510 out-tok/s
[  2813s] 完成 1310  成功 1310  失败 0  截断 139  三元组 15327  | 0.47 req/s  508 out-tok/s
[  2829s] 完成 1317  成功 1317  失败 0  截断 140  三元组 15419  | 0.47 req/s  508 out-tok/s
[  2844s] 完成 1328  成功 1328  失败 0  截断 143  三元组 15566  | 0.47 req/s  511 out-tok/s
[  2861s] 完成 1334  成功 1334  失败 0  截断 143  三元组 15632  | 0.47 req/s  510 out-tok/s
[  2880s] 完成 1340  成功 1340  失败 0  截断 146  三元组 15683  | 0.47 req/s  510 out-tok/s
[  2897s] 完成 1346  成功 1346  失败 0  截断 146  三元组 15756  | 0.46 req/s  509 out-tok/s
[  2915s] 完成 1352  成功 1352  失败 0  截断 146  三元组 15832  | 0.46 req/s  509 out-tok/s
[  2932s] 完成 1364  成功 1364  失败 0  截断 148  三元组 15995  | 0.47 req/s  510 out-tok/s
[  2949s] 完成 1372  成功 1372  失败 0  截断 149  三元组 16100  | 0.47 req/s  511 out-tok/s
[  2966s] 完成 1383  成功 1383  失败 0  截断 150  三元组 16235  | 0.47 req/s  513 out-tok/s
[  2981s] 完成 1391  成功 1391  失败 0  截断 152  三元组 16339  | 0.47 req/s  513 out-tok/s
[  2998s] 完成 1400  成功 1400  失败 0  截断 152  三元组 16455  | 0.47 req/s  513 out-tok/s
[  3014s] 完成 1410  成功 1410  失败 0  截断 152  三元组 16549  | 0.47 req/s  513 out-tok/s
[  3029s] 完成 1419  成功 1419  失败 0  截断 152  三元组 16624  | 0.47 req/s  512 out-tok/s
[  3044s] 完成 1424  成功 1424  失败 0  截断 152  三元组 16666  | 0.47 req/s  511 out-tok/s
[  3061s] 完成 1435  成功 1435  失败 0  截断 152  三元组 16785  | 0.47 req/s  512 out-tok/s
[  3077s] 完成 1444  成功 1444  失败 0  截断 154  三元组 16872  | 0.47 req/s  512 out-tok/s
[  3094s] 完成 1453  成功 1453  失败 0  截断 155  三元组 16967  | 0.47 req/s  512 out-tok/s
[  3115s] 完成 1462  成功 1462  失败 0  截断 156  三元组 17062  | 0.47 req/s  511 out-tok/s
[  3134s] 完成 1469  成功 1469  失败 0  截断 157  三元组 17144  | 0.47 req/s  511 out-tok/s
[  3151s] 完成 1476  成功 1476  失败 0  截断 159  三元组 17234  | 0.47 req/s  511 out-tok/s
[  3167s] 完成 1487  成功 1487  失败 0  截断 159  三元组 17355  | 0.47 req/s  511 out-tok/s
[  3183s] 完成 1496  成功 1496  失败 0  截断 159  三元组 17458  | 0.47 req/s  511 out-tok/s
[  3190s] 完成 1500  成功 1500  失败 0  截断 160  三元组 17495  | 0.47 req/s  511 out-tok/s
[  3206s] 完成 1509  成功 1509  失败 0  截断 163  三元组 17632  | 0.47 req/s  513 out-tok/s
[  3223s] 完成 1519  成功 1519  失败 0  截断 164  三元组 17746  | 0.47 req/s  513 out-tok/s
[  3239s] 完成 1530  成功 1530  失败 0  截断 165  三元组 17847  | 0.47 req/s  514 out-tok/s
[  3254s] 完成 1535  成功 1535  失败 0  截断 165  三元组 17895  | 0.47 req/s  513 out-tok/s
[  3274s] 完成 1545  成功 1545  失败 0  截断 166  三元组 18028  | 0.47 req/s  513 out-tok/s
[  3289s] 完成 1552  成功 1552  失败 0  截断 166  三元组 18103  | 0.47 req/s  513 out-tok/s
[  3305s] 完成 1559  成功 1559  失败 0  截断 166  三元组 18169  | 0.47 req/s  512 out-tok/s
[  3321s] 完成 1568  成功 1568  失败 0  截断 166  三元组 18261  | 0.47 req/s  512 out-tok/s
[  3337s] 完成 1575  成功 1575  失败 0  截断 167  三元组 18331  | 0.47 req/s  511 out-tok/s
[  3352s] 完成 1581  成功 1581  失败 0  截断 167  三元组 18404  | 0.47 req/s  511 out-tok/s
[  3368s] 完成 1592  成功 1592  失败 0  截断 169  三元组 18542  | 0.47 req/s  512 out-tok/s
[  3384s] 完成 1601  成功 1601  失败 0  截断 170  三元组 18637  | 0.47 req/s  513 out-tok/s
[  3399s] 完成 1612  成功 1612  失败 0  截断 172  三元组 18770  | 0.47 req/s  514 out-tok/s
[  3417s] 完成 1620  成功 1620  失败 0  截断 172  三元组 18851  | 0.47 req/s  513 out-tok/s
[  3436s] 完成 1627  成功 1627  失败 0  截断 172  三元组 18900  | 0.47 req/s  512 out-tok/s
[  3454s] 完成 1637  成功 1637  失败 0  截断 173  三元组 19026  | 0.47 req/s  512 out-tok/s
[  3469s] 完成 1644  成功 1644  失败 0  截断 174  三元组 19128  | 0.47 req/s  513 out-tok/s
[  3485s] 完成 1654  成功 1654  失败 0  截断 175  三元组 19239  | 0.47 req/s  513 out-tok/s
[  3501s] 完成 1661  成功 1661  失败 0  截断 175  三元组 19334  | 0.47 req/s  513 out-tok/s
[  3518s] 完成 1672  成功 1672  失败 0  截断 175  三元组 19447  | 0.48 req/s  513 out-tok/s
[  3533s] 完成 1684  成功 1684  失败 0  截断 177  三元组 19612  | 0.48 req/s  515 out-tok/s
[  3549s] 完成 1691  成功 1691  失败 0  截断 177  三元组 19675  | 0.48 req/s  514 out-tok/s
[  3566s] 完成 1699  成功 1699  失败 0  截断 177  三元组 19759  | 0.48 req/s  513 out-tok/s
[  3582s] 完成 1708  成功 1708  失败 0  截断 178  三元组 19862  | 0.48 req/s  514 out-tok/s
[  3602s] 完成 1715  成功 1715  失败 0  截断 178  三元组 19944  | 0.48 req/s  513 out-tok/s
[  3619s] 完成 1722  成功 1722  失败 0  截断 178  三元组 20025  | 0.48 req/s  512 out-tok/s
[  3637s] 完成 1734  成功 1734  失败 0  截断 178  三元组 20187  | 0.48 req/s  513 out-tok/s
[  3653s] 完成 1738  成功 1738  失败 0  截断 179  三元组 20228  | 0.48 req/s  513 out-tok/s
[  3677s] 完成 1750  成功 1750  失败 0  截断 180  三元组 20346  | 0.48 req/s  512 out-tok/s
[  3692s] 完成 1755  成功 1755  失败 0  截断 181  三元组 20395  | 0.48 req/s  512 out-tok/s
[  3708s] 完成 1763  成功 1763  失败 0  截断 182  三元组 20500  | 0.48 req/s  513 out-tok/s
[  3723s] 完成 1774  成功 1774  失败 0  截断 183  三元组 20619  | 0.48 req/s  513 out-tok/s
[  3741s] 完成 1784  成功 1784  失败 0  截断 184  三元组 20747  | 0.48 req/s  514 out-tok/s
[  3758s] 完成 1792  成功 1792  失败 0  截断 185  三元组 20828  | 0.48 req/s  514 out-tok/s
[  3775s] 完成 1803  成功 1803  失败 0  截断 187  三元组 20937  | 0.48 req/s  515 out-tok/s
[  3792s] 完成 1809  成功 1809  失败 0  截断 188  三元组 20990  | 0.48 req/s  514 out-tok/s
[  3808s] 完成 1818  成功 1818  失败 0  截断 188  三元组 21098  | 0.48 req/s  514 out-tok/s
[  3824s] 完成 1828  成功 1828  失败 0  截断 188  三元组 21192  | 0.48 req/s  514 out-tok/s
[  3841s] 完成 1833  成功 1833  失败 0  截断 188  三元组 21270  | 0.48 req/s  513 out-tok/s
[  3857s] 完成 1843  成功 1843  失败 0  截断 191  三元组 21400  | 0.48 req/s  515 out-tok/s
[  3874s] 完成 1852  成功 1852  失败 0  截断 191  三元组 21504  | 0.48 req/s  515 out-tok/s
[  3893s] 完成 1858  成功 1858  失败 0  截断 191  三元组 21569  | 0.48 req/s  513 out-tok/s
[  3911s] 完成 1866  成功 1866  失败 0  截断 192  三元组 21655  | 0.48 req/s  513 out-tok/s
[  3926s] 完成 1876  成功 1876  失败 0  截断 192  三元组 21772  | 0.48 req/s  514 out-tok/s
[  3945s] 完成 1883  成功 1883  失败 0  截断 194  三元组 21863  | 0.48 req/s  514 out-tok/s
[  3961s] 完成 1897  成功 1897  失败 0  截断 195  三元组 22010  | 0.48 req/s  515 out-tok/s
[  3978s] 完成 1901  成功 1901  失败 0  截断 196  三元组 22056  | 0.48 req/s  514 out-tok/s
[  3993s] 完成 1913  成功 1913  失败 0  截断 197  三元组 22168  | 0.48 req/s  515 out-tok/s
[  4011s] 完成 1918  成功 1918  失败 0  截断 198  三元组 22219  | 0.48 req/s  514 out-tok/s
[  4031s] 完成 1930  成功 1930  失败 0  截断 200  三元组 22345  | 0.48 req/s  514 out-tok/s
[  4047s] 完成 1940  成功 1940  失败 0  截断 200  三元组 22468  | 0.48 req/s  514 out-tok/s
[  4062s] 完成 1946  成功 1946  失败 0  截断 200  三元组 22514  | 0.48 req/s  513 out-tok/s
[  4079s] 完成 1957  成功 1957  失败 0  截断 202  三元组 22664  | 0.48 req/s  515 out-tok/s
[  4094s] 完成 1966  成功 1966  失败 0  截断 203  三元组 22778  | 0.48 req/s  515 out-tok/s
[  4110s] 完成 1972  成功 1972  失败 0  截断 203  三元组 22828  | 0.48 req/s  514 out-tok/s
[  4128s] 完成 1983  成功 1983  失败 0  截断 204  三元组 22939  | 0.48 req/s  514 out-tok/s
[  4145s] 完成 1993  成功 1993  失败 0  截断 204  三元组 23070  | 0.48 req/s  515 out-tok/s
[  4153s] 完成 2000  成功 2000  失败 0  截断 205  三元组 23139  | 0.48 req/s  515 out-tok/s
[  4169s] 完成 2003  成功 2003  失败 0  截断 206  三元组 23172  | 0.48 req/s  514 out-tok/s
[  4188s] 完成 2012  成功 2012  失败 0  截断 207  三元组 23276  | 0.48 req/s  514 out-tok/s
[  4203s] 完成 2022  成功 2022  失败 0  截断 207  三元组 23396  | 0.48 req/s  514 out-tok/s
[  4219s] 完成 2029  成功 2029  失败 0  截断 207  三元组 23445  | 0.48 req/s  513 out-tok/s
[  4237s] 完成 2040  成功 2040  失败 0  截断 210  三元组 23625  | 0.48 req/s  515 out-tok/s
[  4253s] 完成 2047  成功 2047  失败 0  截断 211  三元组 23712  | 0.48 req/s  515 out-tok/s
[  4269s] 完成 2054  成功 2054  失败 0  截断 211  三元组 23788  | 0.48 req/s  514 out-tok/s
[  4284s] 完成 2061  成功 2061  失败 0  截断 213  三元组 23891  | 0.48 req/s  515 out-tok/s
[  4302s] 完成 2071  成功 2071  失败 0  截断 214  三元组 24002  | 0.48 req/s  515 out-tok/s
[  4319s] 完成 2078  成功 2078  失败 0  截断 214  三元组 24079  | 0.48 req/s  514 out-tok/s
[  4336s] 完成 2089  成功 2089  失败 0  截断 215  三元组 24179  | 0.48 req/s  514 out-tok/s
[  4352s] 完成 2096  成功 2096  失败 0  截断 216  三元组 24264  | 0.48 req/s  514 out-tok/s
[  4368s] 完成 2103  成功 2103  失败 0  截断 217  三元组 24323  | 0.48 req/s  514 out-tok/s
[  4387s] 完成 2112  成功 2112  失败 0  截断 219  三元组 24418  | 0.48 req/s  514 out-tok/s
[  4403s] 完成 2120  成功 2120  失败 0  截断 221  三元组 24487  | 0.48 req/s  515 out-tok/s
[  4418s] 完成 2127  成功 2127  失败 0  截断 221  三元组 24586  | 0.48 req/s  515 out-tok/s
[  4443s] 完成 2137  成功 2137  失败 0  截断 223  三元组 24688  | 0.48 req/s  514 out-tok/s
[  4462s] 完成 2147  成功 2147  失败 0  截断 225  三元组 24804  | 0.48 req/s  514 out-tok/s
[  4478s] 完成 2155  成功 2155  失败 0  截断 226  三元组 24899  | 0.48 req/s  514 out-tok/s
[  4494s] 完成 2161  成功 2161  失败 0  截断 227  三元组 24963  | 0.48 req/s  514 out-tok/s
[  4509s] 完成 2169  成功 2169  失败 0  截断 228  三元组 25074  | 0.48 req/s  514 out-tok/s
[  4527s] 完成 2178  成功 2178  失败 0  截断 229  三元组 25183  | 0.48 req/s  515 out-tok/s
[  4546s] 完成 2190  成功 2190  失败 0  截断 231  三元组 25302  | 0.48 req/s  516 out-tok/s
[  4565s] 完成 2199  成功 2199  失败 0  截断 231  三元组 25399  | 0.48 req/s  515 out-tok/s
[  4581s] 完成 2207  成功 2207  失败 0  截断 231  三元组 25488  | 0.48 req/s  515 out-tok/s
[  4597s] 完成 2219  成功 2219  失败 0  截断 232  三元组 25633  | 0.48 req/s  516 out-tok/s
[  4614s] 完成 2225  成功 2225  失败 0  截断 234  三元组 25707  | 0.48 req/s  516 out-tok/s
[  4629s] 完成 2232  成功 2232  失败 0  截断 234  三元组 25785  | 0.48 req/s  515 out-tok/s
[  4644s] 完成 2240  成功 2240  失败 0  截断 234  三元组 25879  | 0.48 req/s  515 out-tok/s
[  4663s] 完成 2246  成功 2246  失败 0  截断 234  三元组 25948  | 0.48 req/s  514 out-tok/s
[  4680s] 完成 2253  成功 2253  失败 0  截断 235  三元组 26053  | 0.48 req/s  514 out-tok/s
[  4700s] 完成 2266  成功 2266  失败 0  截断 237  三元组 26210  | 0.48 req/s  515 out-tok/s
[  4716s] 完成 2274  成功 2274  失败 0  截断 237  三元组 26300  | 0.48 req/s  515 out-tok/s
[  4732s] 完成 2280  成功 2280  失败 0  截断 237  三元组 26357  | 0.48 req/s  514 out-tok/s
[  4748s] 完成 2291  成功 2291  失败 0  截断 239  三元组 26502  | 0.48 req/s  516 out-tok/s
[  4767s] 完成 2304  成功 2304  失败 0  截断 240  三元组 26658  | 0.48 req/s  516 out-tok/s
[  4785s] 完成 2312  成功 2312  失败 0  截断 240  三元组 26748  | 0.48 req/s  516 out-tok/s
[  4802s] 完成 2317  成功 2317  失败 0  截断 241  三元组 26783  | 0.48 req/s  515 out-tok/s
[  4818s] 完成 2328  成功 2328  失败 0  截断 241  三元组 26927  | 0.48 req/s  516 out-tok/s
[  4835s] 完成 2334  成功 2334  失败 0  截断 241  三元组 26987  | 0.48 req/s  515 out-tok/s
[  4853s] 完成 2340  成功 2340  失败 0  截断 242  三元组 27059  | 0.48 req/s  515 out-tok/s
[  4872s] 完成 2345  成功 2345  失败 0  截断 244  三元组 27118  | 0.48 req/s  514 out-tok/s
[  4890s] 完成 2353  成功 2353  失败 0  截断 244  三元组 27230  | 0.48 req/s  514 out-tok/s
[  4906s] 完成 2361  成功 2361  失败 0  截断 245  三元组 27354  | 0.48 req/s  514 out-tok/s
[  4922s] 完成 2373  成功 2373  失败 0  截断 245  三元组 27487  | 0.48 req/s  515 out-tok/s
[  4940s] 完成 2383  成功 2383  失败 0  截断 247  三元组 27593  | 0.48 req/s  516 out-tok/s
[  4958s] 完成 2388  成功 2388  失败 0  截断 247  三元组 27643  | 0.48 req/s  515 out-tok/s
[  4974s] 完成 2399  成功 2399  失败 0  截断 247  三元组 27775  | 0.48 req/s  515 out-tok/s
[  4990s] 完成 2410  成功 2410  失败 0  截断 249  三元组 27895  | 0.48 req/s  516 out-tok/s
[  5005s] 完成 2420  成功 2420  失败 0  截断 249  三元组 27996  | 0.48 req/s  516 out-tok/s
[  5021s] 完成 2426  成功 2426  失败 0  截断 251  三元组 28061  | 0.48 req/s  516 out-tok/s
[  5038s] 完成 2435  成功 2435  失败 0  截断 251  三元组 28150  | 0.48 req/s  516 out-tok/s
[  5055s] 完成 2439  成功 2439  失败 0  截断 251  三元组 28195  | 0.48 req/s  515 out-tok/s
[  5070s] 完成 2447  成功 2447  失败 0  截断 251  三元组 28285  | 0.48 req/s  515 out-tok/s
[  5086s] 完成 2454  成功 2454  失败 0  截断 252  三元组 28369  | 0.48 req/s  515 out-tok/s
[  5105s] 完成 2464  成功 2464  失败 0  截断 253  三元组 28472  | 0.48 req/s  515 out-tok/s
[  5121s] 完成 2474  成功 2474  失败 0  截断 253  三元组 28575  | 0.48 req/s  515 out-tok/s
[  5136s] 完成 2485  成功 2485  失败 0  截断 256  三元组 28676  | 0.48 req/s  516 out-tok/s
[  5151s] 完成 2490  成功 2490  失败 0  截断 257  三元组 28719  | 0.48 req/s  515 out-tok/s
[  5167s] 完成 2499  成功 2499  失败 0  截断 258  三元组 28823  | 0.48 req/s  516 out-tok/s
[  5174s] 完成 2500  成功 2500  失败 0  截断 258  三元组 28830  | 0.48 req/s  515 out-tok/s
[  5189s] 完成 2506  成功 2506  失败 0  截断 259  三元组 28901  | 0.48 req/s  515 out-tok/s
[  5206s] 完成 2515  成功 2515  失败 0  截断 260  三元组 28978  | 0.48 req/s  515 out-tok/s
[  5223s] 完成 2522  成功 2522  失败 0  截断 261  三元组 29078  | 0.48 req/s  515 out-tok/s
[  5239s] 完成 2529  成功 2529  失败 0  截断 261  三元组 29153  | 0.48 req/s  515 out-tok/s
[  5256s] 完成 2541  成功 2541  失败 0  截断 263  三元组 29306  | 0.48 req/s  516 out-tok/s
[  5275s] 完成 2551  成功 2551  失败 0  截断 265  三元组 29432  | 0.48 req/s  516 out-tok/s
[  5290s] 完成 2555  成功 2555  失败 0  截断 265  三元组 29473  | 0.48 req/s  515 out-tok/s
[  5306s] 完成 2559  成功 2559  失败 0  截断 266  三元组 29501  | 0.48 req/s  515 out-tok/s
[  5321s] 完成 2570  成功 2570  失败 0  截断 268  三元组 29610  | 0.48 req/s  515 out-tok/s
[  5337s] 完成 2577  成功 2577  失败 0  截断 268  三元组 29711  | 0.48 req/s  515 out-tok/s
[  5354s] 完成 2588  成功 2588  失败 0  截断 269  三元组 29848  | 0.48 req/s  516 out-tok/s
[  5372s] 完成 2592  成功 2592  失败 0  截断 270  三元组 29907  | 0.48 req/s  515 out-tok/s
[  5389s] 完成 2601  成功 2601  失败 0  截断 271  三元组 30014  | 0.48 req/s  515 out-tok/s
[  5406s] 完成 2612  成功 2612  失败 0  截断 274  三元组 30119  | 0.48 req/s  516 out-tok/s
[  5423s] 完成 2620  成功 2620  失败 0  截断 275  三元组 30227  | 0.48 req/s  516 out-tok/s
[  5440s] 完成 2629  成功 2629  失败 0  截断 275  三元组 30311  | 0.48 req/s  516 out-tok/s
[  5456s] 完成 2638  成功 2638  失败 0  截断 276  三元组 30408  | 0.48 req/s  516 out-tok/s
[  5471s] 完成 2647  成功 2647  失败 0  截断 276  三元组 30492  | 0.48 req/s  516 out-tok/s
[  5489s] 完成 2654  成功 2654  失败 0  截断 277  三元组 30556  | 0.48 req/s  516 out-tok/s
[  5504s] 完成 2662  成功 2662  失败 0  截断 278  三元组 30650  | 0.48 req/s  516 out-tok/s
[  5524s] 完成 2667  成功 2667  失败 0  截断 278  三元组 30707  | 0.48 req/s  515 out-tok/s
[  5547s] 完成 2675  成功 2675  失败 0  截断 280  三元组 30786  | 0.48 req/s  514 out-tok/s
[  5563s] 完成 2688  成功 2688  失败 0  截断 281  三元组 30930  | 0.48 req/s  516 out-tok/s
[  5578s] 完成 2699  成功 2699  失败 0  截断 282  三元组 31058  | 0.48 req/s  516 out-tok/s
[  5594s] 完成 2706  成功 2706  失败 0  截断 283  三元组 31127  | 0.48 req/s  516 out-tok/s
[  5609s] 完成 2714  成功 2714  失败 0  截断 284  三元组 31209  | 0.48 req/s  516 out-tok/s
[  5625s] 完成 2724  成功 2724  失败 0  截断 284  三元组 31353  | 0.48 req/s  517 out-tok/s
[  5641s] 完成 2731  成功 2731  失败 0  截断 284  三元组 31421  | 0.48 req/s  516 out-tok/s
[  5660s] 完成 2740  成功 2740  失败 0  截断 285  三元组 31518  | 0.48 req/s  516 out-tok/s
[  5676s] 完成 2752  成功 2752  失败 0  截断 285  三元组 31631  | 0.48 req/s  516 out-tok/s
[  5691s] 完成 2761  成功 2761  失败 0  截断 285  三元组 31703  | 0.49 req/s  516 out-tok/s
[  5707s] 完成 2769  成功 2769  失败 0  截断 286  三元组 31790  | 0.49 req/s  516 out-tok/s
[  5724s] 完成 2776  成功 2776  失败 0  截断 288  三元组 31875  | 0.49 req/s  516 out-tok/s
[  5743s] 完成 2782  成功 2782  失败 0  截断 288  三元组 31940  | 0.48 req/s  516 out-tok/s
[  5760s] 完成 2788  成功 2788  失败 0  截断 289  三元组 32015  | 0.48 req/s  515 out-tok/s
[  5777s] 完成 2798  成功 2798  失败 0  截断 290  三元组 32132  | 0.48 req/s  515 out-tok/s
[  5794s] 完成 2804  成功 2804  失败 0  截断 290  三元组 32205  | 0.48 req/s  515 out-tok/s
[  5810s] 完成 2811  成功 2811  失败 0  截断 290  三元组 32281  | 0.48 req/s  515 out-tok/s
[  5825s] 完成 2819  成功 2819  失败 0  截断 291  三元组 32373  | 0.48 req/s  515 out-tok/s
[  5841s] 完成 2825  成功 2825  失败 0  截断 293  三元组 32459  | 0.48 req/s  515 out-tok/s
[  5857s] 完成 2836  成功 2836  失败 0  截断 297  三元组 32598  | 0.48 req/s  517 out-tok/s
[  5872s] 完成 2843  成功 2843  失败 0  截断 298  三元组 32684  | 0.48 req/s  516 out-tok/s
[  5891s] 完成 2847  成功 2847  失败 0  截断 298  三元组 32711  | 0.48 req/s  515 out-tok/s
[  5906s] 完成 2854  成功 2854  失败 0  截断 299  三元组 32799  | 0.48 req/s  515 out-tok/s
[  5923s] 完成 2861  成功 2861  失败 0  截断 300  三元组 32909  | 0.48 req/s  515 out-tok/s
[  5941s] 完成 2874  成功 2874  失败 0  截断 302  三元组 33074  | 0.48 req/s  517 out-tok/s
[  5956s] 完成 2879  成功 2879  失败 0  截断 302  三元组 33147  | 0.48 req/s  516 out-tok/s
[  5975s] 完成 2887  成功 2887  失败 0  截断 302  三元组 33212  | 0.48 req/s  515 out-tok/s
[  5995s] 完成 2902  成功 2902  失败 0  截断 305  三元组 33398  | 0.48 req/s  517 out-tok/s
[  6012s] 完成 2908  成功 2908  失败 0  截断 305  三元组 33454  | 0.48 req/s  516 out-tok/s
[  6027s] 完成 2918  成功 2918  失败 0  截断 305  三元组 33559  | 0.48 req/s  516 out-tok/s
[  6048s] 完成 2927  成功 2927  失败 0  截断 305  三元组 33662  | 0.48 req/s  516 out-tok/s
[  6064s] 完成 2935  成功 2935  失败 0  截断 306  三元组 33758  | 0.48 req/s  516 out-tok/s
[  6081s] 完成 2945  成功 2945  失败 0  截断 307  三元组 33875  | 0.48 req/s  516 out-tok/s
[  6097s] 完成 2955  成功 2955  失败 0  截断 309  三元组 33972  | 0.48 req/s  517 out-tok/s
[  6114s] 完成 2964  成功 2964  失败 0  截断 309  三元组 34044  | 0.48 req/s  516 out-tok/s
[  6134s] 完成 2971  成功 2971  失败 0  截断 311  三元组 34107  | 0.48 req/s  516 out-tok/s
[  6153s] 完成 2983  成功 2983  失败 0  截断 312  三元组 34249  | 0.48 req/s  517 out-tok/s
[  6171s] 完成 2987  成功 2987  失败 0  截断 312  三元组 34295  | 0.48 req/s  516 out-tok/s
[  6187s] 完成 2996  成功 2996  失败 0  截断 313  三元组 34395  | 0.48 req/s  516 out-tok/s
[  6200s] 完成 3000  成功 3000  失败 0  截断 313  三元组 34440  | 0.48 req/s  515 out-tok/s
[  6216s] 完成 3010  成功 3010  失败 0  截断 313  三元组 34558  | 0.48 req/s  516 out-tok/s
[  6234s] 完成 3017  成功 3017  失败 0  截断 314  三元组 34639  | 0.48 req/s  516 out-tok/s
[  6251s] 完成 3024  成功 3024  失败 0  截断 316  三元组 34715  | 0.48 req/s  516 out-tok/s
[  6267s] 完成 3033  成功 3033  失败 0  截断 317  三元组 34837  | 0.48 req/s  516 out-tok/s
[  6284s] 完成 3040  成功 3040  失败 0  截断 319  三元组 34915  | 0.48 req/s  516 out-tok/s
[  6299s] 完成 3046  成功 3046  失败 0  截断 319  三元组 35000  | 0.48 req/s  516 out-tok/s
[  6315s] 完成 3056  成功 3056  失败 0  截断 321  三元组 35104  | 0.48 req/s  517 out-tok/s
[  6330s] 完成 3063  成功 3063  失败 0  截断 322  三元组 35188  | 0.48 req/s  516 out-tok/s
[  6347s] 完成 3069  成功 3069  失败 0  截断 322  三元组 35250  | 0.48 req/s  516 out-tok/s
[  6363s] 完成 3076  成功 3076  失败 0  截断 322  三元组 35331  | 0.48 req/s  515 out-tok/s
[  6382s] 完成 3085  成功 3085  失败 0  截断 324  三元组 35423  | 0.48 req/s  516 out-tok/s
[  6399s] 完成 3096  成功 3096  失败 0  截断 326  三元组 35564  | 0.48 req/s  517 out-tok/s
[  6415s] 完成 3108  成功 3108  失败 0  截断 327  三元组 35680  | 0.48 req/s  517 out-tok/s
[  6432s] 完成 3115  成功 3115  失败 0  截断 327  三元组 35752  | 0.48 req/s  517 out-tok/s
[  6449s] 完成 3124  成功 3124  失败 0  截断 327  三元组 35849  | 0.48 req/s  516 out-tok/s
[  6467s] 完成 3133  成功 3133  失败 0  截断 327  三元组 35941  | 0.48 req/s  516 out-tok/s
[  6484s] 完成 3141  成功 3141  失败 0  截断 327  三元组 36034  | 0.48 req/s  516 out-tok/s
[  6501s] 完成 3151  成功 3151  失败 0  截断 328  三元组 36147  | 0.48 req/s  516 out-tok/s
[  6516s] 完成 3158  成功 3158  失败 0  截断 330  三元组 36230  | 0.48 req/s  516 out-tok/s
[  6532s] 完成 3168  成功 3168  失败 0  截断 330  三元组 36327  | 0.49 req/s  517 out-tok/s
[  6547s] 完成 3174  成功 3174  失败 0  截断 330  三元组 36373  | 0.48 req/s  516 out-tok/s
[  6564s] 完成 3180  成功 3180  失败 0  截断 331  三元组 36435  | 0.48 req/s  516 out-tok/s
[  6581s] 完成 3189  成功 3189  失败 0  截断 332  三元组 36550  | 0.48 req/s  516 out-tok/s
[  6596s] 完成 3196  成功 3196  失败 0  截断 333  三元组 36631  | 0.48 req/s  516 out-tok/s
[  6611s] 完成 3202  成功 3202  失败 0  截断 334  三元组 36703  | 0.48 req/s  516 out-tok/s
[  6628s] 完成 3213  成功 3213  失败 0  截断 335  三元组 36818  | 0.48 req/s  516 out-tok/s
[  6643s] 完成 3222  成功 3222  失败 0  截断 336  三元组 36916  | 0.49 req/s  517 out-tok/s
[  6660s] 完成 3229  成功 3229  失败 0  截断 337  三元组 36986  | 0.48 req/s  516 out-tok/s
[  6677s] 完成 3236  成功 3236  失败 0  截断 339  三元组 37049  | 0.48 req/s  516 out-tok/s
[  6692s] 完成 3243  成功 3243  失败 0  截断 339  三元组 37135  | 0.48 req/s  516 out-tok/s
[  6708s] 完成 3250  成功 3250  失败 0  截断 339  三元组 37217  | 0.48 req/s  516 out-tok/s
[  6724s] 完成 3256  成功 3256  失败 0  截断 341  三元组 37274  | 0.48 req/s  516 out-tok/s
[  6741s] 完成 3263  成功 3263  失败 0  截断 342  三元组 37340  | 0.48 req/s  516 out-tok/s
[  6758s] 完成 3271  成功 3271  失败 0  截断 344  三元组 37459  | 0.48 req/s  516 out-tok/s
[  6777s] 完成 3282  成功 3282  失败 0  截断 345  三元组 37586  | 0.48 req/s  516 out-tok/s
[  6794s] 完成 3293  成功 3293  失败 0  截断 346  三元组 37699  | 0.48 req/s  517 out-tok/s
[  6810s] 完成 3302  成功 3302  失败 0  截断 347  三元组 37795  | 0.48 req/s  517 out-tok/s
[  6826s] 完成 3312  成功 3312  失败 0  截断 348  三元组 37903  | 0.49 req/s  517 out-tok/s
[  6848s] 完成 3319  成功 3319  失败 0  截断 348  三元组 37983  | 0.48 req/s  516 out-tok/s
[  6863s] 完成 3329  成功 3329  失败 0  截断 348  三元组 38108  | 0.49 req/s  517 out-tok/s
[  6880s] 完成 3336  成功 3336  失败 0  截断 348  三元组 38205  | 0.48 req/s  517 out-tok/s
[  6897s] 完成 3347  成功 3347  失败 0  截断 349  三元组 38324  | 0.49 req/s  517 out-tok/s
[  6917s] 完成 3354  成功 3354  失败 0  截断 349  三元组 38390  | 0.48 req/s  516 out-tok/s
[  6933s] 完成 3362  成功 3362  失败 0  截断 349  三元组 38490  | 0.48 req/s  516 out-tok/s
[  6949s] 完成 3374  成功 3374  失败 0  截断 349  三元组 38611  | 0.49 req/s  516 out-tok/s
[  6968s] 完成 3380  成功 3380  失败 0  截断 351  三元组 38654  | 0.49 req/s  516 out-tok/s
[  6984s] 完成 3388  成功 3388  失败 0  截断 354  三元组 38741  | 0.49 req/s  517 out-tok/s
[  7002s] 完成 3396  成功 3396  失败 0  截断 354  三元组 38852  | 0.48 req/s  517 out-tok/s
[  7018s] 完成 3406  成功 3406  失败 0  截断 355  三元组 38970  | 0.49 req/s  517 out-tok/s
[  7033s] 完成 3413  成功 3413  失败 0  截断 355  三元组 39031  | 0.49 req/s  516 out-tok/s
[  7050s] 完成 3418  成功 3418  失败 0  截断 355  三元组 39082  | 0.48 req/s  516 out-tok/s
[  7067s] 完成 3425  成功 3425  失败 0  截断 357  三元组 39168  | 0.48 req/s  516 out-tok/s
[  7082s] 完成 3433  成功 3433  失败 0  截断 357  三元组 39272  | 0.48 req/s  516 out-tok/s
[  7100s] 完成 3442  成功 3442  失败 0  截断 359  三元组 39377  | 0.48 req/s  516 out-tok/s
[  7119s] 完成 3450  成功 3450  失败 0  截断 361  三元组 39472  | 0.48 req/s  516 out-tok/s
[  7135s] 完成 3459  成功 3459  失败 0  截断 363  三元组 39575  | 0.48 req/s  517 out-tok/s
[  7152s] 完成 3467  成功 3467  失败 0  截断 363  三元组 39700  | 0.48 req/s  517 out-tok/s
[  7170s] 完成 3475  成功 3475  失败 0  截断 363  三元组 39803  | 0.48 req/s  517 out-tok/s
[  7186s] 完成 3487  成功 3487  失败 0  截断 364  三元组 39926  | 0.49 req/s  517 out-tok/s
[  7203s] 完成 3495  成功 3495  失败 0  截断 365  三元组 40012  | 0.49 req/s  517 out-tok/s
[  7212s] 完成 3500  成功 3500  失败 0  截断 365  三元组 40059  | 0.49 req/s  517 out-tok/s
[  7228s] 完成 3506  成功 3506  失败 0  截断 365  三元组 40126  | 0.49 req/s  517 out-tok/s
[  7245s] 完成 3511  成功 3511  失败 0  截断 366  三元组 40196  | 0.48 req/s  516 out-tok/s
[  7264s] 完成 3518  成功 3518  失败 0  截断 366  三元组 40265  | 0.48 req/s  516 out-tok/s
[  7282s] 完成 3523  成功 3523  失败 0  截断 367  三元组 40336  | 0.48 req/s  515 out-tok/s
[  7299s] 完成 3529  成功 3529  失败 0  截断 368  三元组 40458  | 0.48 req/s  515 out-tok/s
[  7314s] 完成 3541  成功 3541  失败 0  截断 371  三元组 40624  | 0.48 req/s  517 out-tok/s
[  7333s] 完成 3546  成功 3546  失败 0  截断 371  三元组 40684  | 0.48 req/s  516 out-tok/s
[  7351s] 完成 3556  成功 3556  失败 0  截断 373  三元组 40811  | 0.48 req/s  517 out-tok/s
[  7370s] 完成 3566  成功 3566  失败 0  截断 375  三元组 40906  | 0.48 req/s  517 out-tok/s
[  7386s] 完成 3574  成功 3574  失败 0  截断 376  三元组 41023  | 0.48 req/s  517 out-tok/s
[  7402s] 完成 3581  成功 3581  失败 0  截断 376  三元组 41096  | 0.48 req/s  516 out-tok/s
[  7417s] 完成 3591  成功 3591  失败 0  截断 376  三元组 41190  | 0.48 req/s  516 out-tok/s
[  7434s] 完成 3601  成功 3601  失败 0  截断 376  三元组 41311  | 0.48 req/s  517 out-tok/s
[  7449s] 完成 3606  成功 3606  失败 0  截断 376  三元组 41374  | 0.48 req/s  517 out-tok/s
[  7464s] 完成 3617  成功 3617  失败 0  截断 377  三元组 41496  | 0.48 req/s  517 out-tok/s
[  7480s] 完成 3625  成功 3625  失败 0  截断 379  三元组 41591  | 0.48 req/s  517 out-tok/s
[  7496s] 完成 3638  成功 3638  失败 0  截断 379  三元组 41719  | 0.49 req/s  518 out-tok/s
[  7513s] 完成 3646  成功 3646  失败 0  截断 379  三元组 41804  | 0.49 req/s  517 out-tok/s
[  7530s] 完成 3655  成功 3655  失败 0  截断 379  三元组 41895  | 0.49 req/s  517 out-tok/s
[  7549s] 完成 3663  成功 3663  失败 0  截断 379  三元组 41963  | 0.49 req/s  516 out-tok/s
[  7565s] 完成 3674  成功 3674  失败 0  截断 379  三元组 42077  | 0.49 req/s  517 out-tok/s
[  7581s] 完成 3684  成功 3684  失败 0  截断 381  三元组 42187  | 0.49 req/s  517 out-tok/s
[  7597s] 完成 3690  成功 3690  失败 0  截断 381  三元组 42268  | 0.49 req/s  517 out-tok/s
[  7618s] 完成 3696  成功 3696  失败 0  截断 381  三元组 42314  | 0.49 req/s  516 out-tok/s
[  7633s] 完成 3707  成功 3707  失败 0  截断 382  三元组 42434  | 0.49 req/s  517 out-tok/s
[  7649s] 完成 3715  成功 3715  失败 0  截断 383  三元组 42532  | 0.49 req/s  517 out-tok/s
[  7667s] 完成 3722  成功 3722  失败 0  截断 383  三元组 42617  | 0.49 req/s  516 out-tok/s
[  7693s] 完成 3730  成功 3730  失败 0  截断 384  三元组 42705  | 0.48 req/s  516 out-tok/s
[  7708s] 完成 3740  成功 3740  失败 0  截断 386  三元组 42818  | 0.49 req/s  516 out-tok/s
[  7724s] 完成 3746  成功 3746  失败 0  截断 388  三元组 42873  | 0.48 req/s  516 out-tok/s
[  7742s] 完成 3755  成功 3755  失败 0  截断 390  三元组 42956  | 0.49 req/s  516 out-tok/s
[  7758s] 完成 3767  成功 3767  失败 0  截断 392  三元组 43097  | 0.49 req/s  517 out-tok/s
[  7774s] 完成 3775  成功 3775  失败 0  截断 392  三元组 43185  | 0.49 req/s  517 out-tok/s
[  7791s] 完成 3783  成功 3783  失败 0  截断 392  三元组 43274  | 0.49 req/s  517 out-tok/s
[  7813s] 完成 3793  成功 3793  失败 0  截断 393  三元组 43358  | 0.49 req/s  517 out-tok/s
[  7833s] 完成 3800  成功 3800  失败 0  截断 395  三元组 43438  | 0.49 req/s  517 out-tok/s
[  7849s] 完成 3810  成功 3810  失败 0  截断 395  三元组 43564  | 0.49 req/s  517 out-tok/s
[  7864s] 完成 3815  成功 3815  失败 0  截断 395  三元组 43623  | 0.49 req/s  516 out-tok/s
[  7880s] 完成 3821  成功 3821  失败 0  截断 396  三元组 43703  | 0.48 req/s  516 out-tok/s
[  7895s] 完成 3828  成功 3828  失败 0  截断 397  三元组 43807  | 0.48 req/s  517 out-tok/s
[  7916s] 完成 3834  成功 3834  失败 0  截断 398  三元组 43865  | 0.48 req/s  516 out-tok/s
[  7934s] 完成 3844  成功 3844  失败 0  截断 399  三元组 44003  | 0.48 req/s  517 out-tok/s
[  7950s] 完成 3855  成功 3855  失败 0  截断 399  三元组 44141  | 0.48 req/s  517 out-tok/s
[  7966s] 完成 3865  成功 3865  失败 0  截断 401  三元组 44237  | 0.49 req/s  517 out-tok/s
[  7982s] 完成 3872  成功 3872  失败 0  截断 401  三元组 44314  | 0.49 req/s  517 out-tok/s
[  7998s] 完成 3880  成功 3880  失败 0  截断 403  三元组 44404  | 0.49 req/s  517 out-tok/s
[  8021s] 完成 3893  成功 3893  失败 0  截断 405  三元组 44544  | 0.49 req/s  517 out-tok/s
[  8039s] 完成 3903  成功 3903  失败 0  截断 407  三元组 44651  | 0.49 req/s  518 out-tok/s
[  8059s] 完成 3909  成功 3909  失败 0  截断 407  三元组 44711  | 0.49 req/s  517 out-tok/s
[  8074s] 完成 3914  成功 3914  失败 0  截断 407  三元组 44757  | 0.48 req/s  516 out-tok/s
[  8091s] 完成 3921  成功 3921  失败 0  截断 407  三元组 44837  | 0.48 req/s  516 out-tok/s
[  8109s] 完成 3929  成功 3929  失败 0  截断 408  三元组 44967  | 0.48 req/s  517 out-tok/s
[  8127s] 完成 3937  成功 3937  失败 0  截断 408  三元组 45061  | 0.48 req/s  516 out-tok/s
[  8146s] 完成 3948  成功 3948  失败 0  截断 411  三元组 45150  | 0.48 req/s  517 out-tok/s
[  8166s] 完成 3959  成功 3959  失败 0  截断 412  三元组 45278  | 0.48 req/s  517 out-tok/s
[  8182s] 完成 3970  成功 3970  失败 0  截断 415  三元组 45387  | 0.49 req/s  518 out-tok/s
[  8200s] 完成 3980  成功 3980  失败 0  截断 415  三元组 45480  | 0.49 req/s  517 out-tok/s
[  8216s] 完成 3988  成功 3988  失败 0  截断 415  三元组 45588  | 0.49 req/s  517 out-tok/s
[  8234s] 完成 3994  成功 3994  失败 0  截断 415  三元组 45651  | 0.49 req/s  517 out-tok/s
[  8241s] 完成 4000  成功 4000  失败 0  截断 416  三元组 45712  | 0.49 req/s  517 out-tok/s
[  8257s] 完成 4009  成功 4009  失败 0  截断 417  三元组 45827  | 0.49 req/s  518 out-tok/s
[  8275s] 完成 4018  成功 4018  失败 0  截断 417  三元组 45942  | 0.49 req/s  518 out-tok/s
[  8290s] 完成 4027  成功 4027  失败 0  截断 417  三元组 46028  | 0.49 req/s  517 out-tok/s
[  8308s] 完成 4034  成功 4034  失败 0  截断 418  三元组 46106  | 0.49 req/s  517 out-tok/s
[  8328s] 完成 4042  成功 4042  失败 0  截断 418  三元组 46192  | 0.49 req/s  517 out-tok/s
[  8345s] 完成 4053  成功 4053  失败 0  截断 419  三元组 46324  | 0.49 req/s  517 out-tok/s
[  8361s] 完成 4063  成功 4063  失败 0  截断 420  三元组 46408  | 0.49 req/s  517 out-tok/s
[  8377s] 完成 4074  成功 4074  失败 0  截断 421  三元组 46502  | 0.49 req/s  517 out-tok/s
[  8392s] 完成 4079  成功 4079  失败 0  截断 423  三元组 46568  | 0.49 req/s  517 out-tok/s
[  8410s] 完成 4093  成功 4093  失败 0  截断 424  三元组 46693  | 0.49 req/s  518 out-tok/s
[  8427s] 完成 4104  成功 4104  失败 0  截断 424  三元组 46803  | 0.49 req/s  518 out-tok/s
[  8444s] 完成 4111  成功 4111  失败 0  截断 424  三元组 46858  | 0.49 req/s  517 out-tok/s
[  8459s] 完成 4121  成功 4121  失败 0  截断 425  三元组 46966  | 0.49 req/s  517 out-tok/s
[  8476s] 完成 4132  成功 4132  失败 0  截断 427  三元组 47095  | 0.49 req/s  518 out-tok/s
[  8494s] 完成 4138  成功 4138  失败 0  截断 428  三元组 47158  | 0.49 req/s  517 out-tok/s
[  8509s] 完成 4146  成功 4146  失败 0  截断 428  三元组 47255  | 0.49 req/s  517 out-tok/s
[  8525s] 完成 4149  成功 4149  失败 0  截断 428  三元组 47281  | 0.49 req/s  517 out-tok/s
[  8540s] 完成 4160  成功 4160  失败 0  截断 429  三元组 47433  | 0.49 req/s  517 out-tok/s
[  8556s] 完成 4167  成功 4167  失败 0  截断 429  三元组 47521  | 0.49 req/s  517 out-tok/s
[  8573s] 完成 4174  成功 4174  失败 0  截断 429  三元组 47593  | 0.49 req/s  517 out-tok/s
[  8589s] 完成 4181  成功 4181  失败 0  截断 430  三元组 47666  | 0.49 req/s  517 out-tok/s
[  8606s] 完成 4193  成功 4193  失败 0  截断 432  三元组 47797  | 0.49 req/s  517 out-tok/s
[  8621s] 完成 4202  成功 4202  失败 0  截断 433  三元组 47882  | 0.49 req/s  518 out-tok/s
[  8638s] 完成 4210  成功 4210  失败 0  截断 435  三元组 47958  | 0.49 req/s  518 out-tok/s
[  8654s] 完成 4217  成功 4217  失败 0  截断 436  三元组 48034  | 0.49 req/s  518 out-tok/s
[  8674s] 完成 4226  成功 4226  失败 0  截断 436  三元组 48124  | 0.49 req/s  517 out-tok/s
[  8692s] 完成 4238  成功 4238  失败 0  截断 436  三元组 48251  | 0.49 req/s  517 out-tok/s
[  8708s] 完成 4244  成功 4244  失败 0  截断 436  三元组 48326  | 0.49 req/s  517 out-tok/s
[  8725s] 完成 4255  成功 4255  失败 0  截断 437  三元组 48450  | 0.49 req/s  517 out-tok/s
[  8742s] 完成 4266  成功 4266  失败 0  截断 438  三元组 48584  | 0.49 req/s  518 out-tok/s
[  8758s] 完成 4271  成功 4271  失败 0  截断 438  三元组 48656  | 0.49 req/s  517 out-tok/s
[  8774s] 完成 4284  成功 4284  失败 0  截断 438  三元组 48787  | 0.49 req/s  518 out-tok/s
[  8791s] 完成 4290  成功 4290  失败 0  截断 438  三元组 48835  | 0.49 req/s  517 out-tok/s
[  8807s] 完成 4297  成功 4297  失败 0  截断 439  三元组 48944  | 0.49 req/s  517 out-tok/s
[  8822s] 完成 4306  成功 4306  失败 0  截断 439  三元组 49024  | 0.49 req/s  517 out-tok/s
[  8840s] 完成 4314  成功 4314  失败 0  截断 441  三元组 49159  | 0.49 req/s  517 out-tok/s
[  8856s] 完成 4324  成功 4324  失败 0  截断 442  三元组 49269  | 0.49 req/s  518 out-tok/s
[  8872s] 完成 4330  成功 4330  失败 0  截断 443  三元组 49327  | 0.49 req/s  517 out-tok/s
[  8888s] 完成 4334  成功 4334  失败 0  截断 443  三元组 49375  | 0.49 req/s  517 out-tok/s
[  8905s] 完成 4344  成功 4344  失败 0  截断 444  三元组 49518  | 0.49 req/s  517 out-tok/s
[  8921s] 完成 4350  成功 4350  失败 0  截断 444  三元组 49570  | 0.49 req/s  517 out-tok/s
[  8937s] 完成 4363  成功 4363  失败 0  截断 444  三元组 49720  | 0.49 req/s  518 out-tok/s
[  8954s] 完成 4374  成功 4374  失败 0  截断 444  三元组 49873  | 0.49 req/s  518 out-tok/s
[  8970s] 完成 4383  成功 4383  失败 0  截断 445  三元组 49976  | 0.49 req/s  518 out-tok/s
[  8985s] 完成 4389  成功 4389  失败 0  截断 445  三元组 50039  | 0.49 req/s  518 out-tok/s
[  9002s] 完成 4394  成功 4394  失败 0  截断 446  三元组 50094  | 0.49 req/s  517 out-tok/s
[  9018s] 完成 4401  成功 4401  失败 0  截断 446  三元组 50176  | 0.49 req/s  517 out-tok/s
[  9039s] 完成 4408  成功 4408  失败 0  截断 446  三元组 50271  | 0.49 req/s  517 out-tok/s
[  9057s] 完成 4417  成功 4417  失败 0  截断 447  三元组 50365  | 0.49 req/s  517 out-tok/s
[  9074s] 完成 4423  成功 4423  失败 0  截断 447  三元组 50422  | 0.49 req/s  516 out-tok/s
[  9091s] 完成 4429  成功 4429  失败 0  截断 448  三元组 50507  | 0.49 req/s  516 out-tok/s
[  9108s] 完成 4439  成功 4439  失败 0  截断 450  三元组 50650  | 0.49 req/s  517 out-tok/s
[  9124s] 完成 4445  成功 4445  失败 0  截断 450  三元组 50717  | 0.49 req/s  517 out-tok/s
[  9140s] 完成 4457  成功 4457  失败 0  截断 452  三元组 50870  | 0.49 req/s  518 out-tok/s
[  9155s] 完成 4465  成功 4465  失败 0  截断 453  三元组 50952  | 0.49 req/s  518 out-tok/s
[  9174s] 完成 4472  成功 4472  失败 0  截断 454  三元组 51038  | 0.49 req/s  517 out-tok/s
[  9189s] 完成 4481  成功 4481  失败 0  截断 454  三元组 51143  | 0.49 req/s  517 out-tok/s
[  9208s] 完成 4487  成功 4487  失败 0  截断 454  三元组 51239  | 0.49 req/s  517 out-tok/s
[  9226s] 完成 4497  成功 4497  失败 0  截断 454  三元组 51369  | 0.49 req/s  517 out-tok/s
[  9234s] 完成 4500  成功 4500  失败 0  截断 455  三元组 51400  | 0.49 req/s  517 out-tok/s
[  9250s] 完成 4507  成功 4507  失败 0  截断 455  三元组 51467  | 0.49 req/s  517 out-tok/s
[  9266s] 完成 4519  成功 4519  失败 0  截断 456  三元组 51594  | 0.49 req/s  517 out-tok/s
[  9283s] 完成 4527  成功 4527  失败 0  截断 457  三元组 51696  | 0.49 req/s  517 out-tok/s
[  9299s] 完成 4535  成功 4535  失败 0  截断 458  三元组 51785  | 0.49 req/s  517 out-tok/s
[  9315s] 完成 4544  成功 4544  失败 0  截断 460  三元组 51899  | 0.49 req/s  518 out-tok/s
[  9332s] 完成 4555  成功 4555  失败 0  截断 460  三元组 52003  | 0.49 req/s  518 out-tok/s
[  9348s] 完成 4565  成功 4565  失败 0  截断 461  三元组 52122  | 0.49 req/s  518 out-tok/s
[  9363s] 完成 4571  成功 4571  失败 0  截断 461  三元组 52191  | 0.49 req/s  518 out-tok/s
[  9379s] 完成 4581  成功 4581  失败 0  截断 461  三元组 52287  | 0.49 req/s  518 out-tok/s
[  9396s] 完成 4585  成功 4585  失败 0  截断 461  三元组 52333  | 0.49 req/s  517 out-tok/s
[  9411s] 完成 4592  成功 4592  失败 0  截断 461  三元组 52413  | 0.49 req/s  517 out-tok/s
[  9429s] 完成 4601  成功 4601  失败 0  截断 462  三元组 52539  | 0.49 req/s  517 out-tok/s
[  9445s] 完成 4607  成功 4607  失败 0  截断 462  三元组 52608  | 0.49 req/s  517 out-tok/s
[  9461s] 完成 4614  成功 4614  失败 0  截断 462  三元组 52695  | 0.49 req/s  517 out-tok/s
[  9478s] 完成 4624  成功 4624  失败 0  截断 464  三元组 52821  | 0.49 req/s  517 out-tok/s
[  9499s] 完成 4634  成功 4634  失败 0  截断 465  三元组 52932  | 0.49 req/s  517 out-tok/s
[  9515s] 完成 4642  成功 4642  失败 0  截断 467  三元组 53040  | 0.49 req/s  517 out-tok/s
[  9530s] 完成 4655  成功 4655  失败 0  截断 468  三元组 53220  | 0.49 req/s  518 out-tok/s
[  9547s] 完成 4663  成功 4663  失败 0  截断 468  三元组 53269  | 0.49 req/s  518 out-tok/s
[  9564s] 完成 4669  成功 4669  失败 0  截断 468  三元组 53327  | 0.49 req/s  517 out-tok/s
[  9580s] 完成 4678  成功 4678  失败 0  截断 468  三元组 53420  | 0.49 req/s  517 out-tok/s
[  9600s] 完成 4686  成功 4686  失败 0  截断 468  三元组 53533  | 0.49 req/s  517 out-tok/s
[  9617s] 完成 4695  成功 4695  失败 0  截断 470  三元组 53632  | 0.49 req/s  517 out-tok/s
[  9638s] 完成 4707  成功 4707  失败 0  截断 471  三元组 53736  | 0.49 req/s  517 out-tok/s
[  9654s] 完成 4714  成功 4714  失败 0  截断 471  三元组 53839  | 0.49 req/s  517 out-tok/s
[  9670s] 完成 4719  成功 4719  失败 0  截断 471  三元组 53905  | 0.49 req/s  517 out-tok/s
[  9690s] 完成 4728  成功 4728  失败 0  截断 472  三元组 54028  | 0.49 req/s  517 out-tok/s
[  9705s] 完成 4738  成功 4738  失败 0  截断 474  三元组 54190  | 0.49 req/s  517 out-tok/s
[  9722s] 完成 4744  成功 4744  失败 0  截断 475  三元组 54249  | 0.49 req/s  517 out-tok/s
[  9738s] 完成 4756  成功 4756  失败 0  截断 476  三元组 54402  | 0.49 req/s  518 out-tok/s
[  9755s] 完成 4763  成功 4763  失败 0  截断 477  三元组 54493  | 0.49 req/s  517 out-tok/s
[  9774s] 完成 4770  成功 4770  失败 0  截断 477  三元组 54579  | 0.49 req/s  517 out-tok/s
[  9789s] 完成 4781  成功 4781  失败 0  截断 479  三元组 54713  | 0.49 req/s  518 out-tok/s
[  9805s] 完成 4788  成功 4788  失败 0  截断 479  三元组 54788  | 0.49 req/s  517 out-tok/s
[  9822s] 完成 4794  成功 4794  失败 0  截断 479  三元组 54854  | 0.49 req/s  517 out-tok/s
[  9838s] 完成 4802  成功 4802  失败 0  截断 479  三元组 54954  | 0.49 req/s  517 out-tok/s
[  9854s] 完成 4809  成功 4809  失败 0  截断 480  三元组 55036  | 0.49 req/s  517 out-tok/s
[  9870s] 完成 4818  成功 4818  失败 0  截断 481  三元组 55142  | 0.49 req/s  517 out-tok/s
[  9886s] 完成 4826  成功 4826  失败 0  截断 482  三元组 55241  | 0.49 req/s  517 out-tok/s
[  9903s] 完成 4835  成功 4835  失败 0  截断 483  三元组 55346  | 0.49 req/s  518 out-tok/s
[  9919s] 完成 4844  成功 4844  失败 0  截断 483  三元组 55448  | 0.49 req/s  517 out-tok/s
[  9934s] 完成 4850  成功 4850  失败 0  截断 484  三元组 55517  | 0.49 req/s  517 out-tok/s
[  9952s] 完成 4857  成功 4857  失败 0  截断 484  三元组 55606  | 0.49 req/s  517 out-tok/s
[  9968s] 完成 4864  成功 4864  失败 0  截断 484  三元组 55692  | 0.49 req/s  517 out-tok/s
[  9986s] 完成 4876  成功 4876  失败 0  截断 485  三元组 55837  | 0.49 req/s  517 out-tok/s
[ 10003s] 完成 4885  成功 4885  失败 0  截断 485  三元组 55954  | 0.49 req/s  518 out-tok/s
[ 10019s] 完成 4892  成功 4892  失败 0  截断 485  三元组 56025  | 0.49 req/s  517 out-tok/s
[ 10038s] 完成 4898  成功 4898  失败 0  截断 485  三元组 56091  | 0.49 req/s  517 out-tok/s
[ 10055s] 完成 4905  成功 4905  失败 0  截断 486  三元组 56158  | 0.49 req/s  517 out-tok/s
[ 10075s] 完成 4909  成功 4909  失败 0  截断 486  三元组 56217  | 0.49 req/s  516 out-tok/s
[ 10093s] 完成 4917  成功 4917  失败 0  截断 487  三元组 56321  | 0.49 req/s  516 out-tok/s
[ 10108s] 完成 4922  成功 4922  失败 0  截断 487  三元组 56383  | 0.49 req/s  516 out-tok/s
[ 10123s] 完成 4927  成功 4927  失败 0  截断 489  三元组 56443  | 0.49 req/s  516 out-tok/s
[ 10139s] 完成 4935  成功 4935  失败 0  截断 490  三元组 56535  | 0.49 req/s  516 out-tok/s
[ 10156s] 完成 4945  成功 4945  失败 0  截断 491  三元组 56661  | 0.49 req/s  516 out-tok/s
[ 10172s] 完成 4954  成功 4954  失败 0  截断 493  三元组 56767  | 0.49 req/s  517 out-tok/s
[ 10187s] 完成 4962  成功 4962  失败 0  截断 493  三元组 56836  | 0.49 req/s  516 out-tok/s
[ 10204s] 完成 4971  成功 4971  失败 0  截断 494  三元组 56933  | 0.49 req/s  516 out-tok/s
[ 10220s] 完成 4978  成功 4978  失败 0  截断 494  三元组 57003  | 0.49 req/s  516 out-tok/s
[ 10237s] 完成 4988  成功 4988  失败 0  截断 494  三元组 57095  | 0.49 req/s  516 out-tok/s
[ 10254s] 完成 4994  成功 4994  失败 0  截断 495  三元组 57161  | 0.49 req/s  516 out-tok/s
[ 10261s] 完成 5000  成功 5000  失败 0  截断 496  三元组 57224  | 0.49 req/s  516 out-tok/s
[ 10276s] 完成 5011  成功 5011  失败 0  截断 496  三元组 57318  | 0.49 req/s  516 out-tok/s
[ 10298s] 完成 5018  成功 5018  失败 0  截断 496  三元组 57406  | 0.49 req/s  516 out-tok/s
[ 10313s] 完成 5026  成功 5026  失败 0  截断 496  三元组 57490  | 0.49 req/s  516 out-tok/s
[ 10329s] 完成 5032  成功 5032  失败 0  截断 497  三元组 57535  | 0.49 req/s  515 out-tok/s
[ 10344s] 完成 5041  成功 5041  失败 0  截断 498  三元组 57660  | 0.49 req/s  516 out-tok/s
[ 10363s] 完成 5049  成功 5049  失败 0  截断 499  三元组 57743  | 0.49 req/s  516 out-tok/s
[ 10382s] 完成 5059  成功 5059  失败 0  截断 500  三元组 57881  | 0.49 req/s  516 out-tok/s
[ 10398s] 完成 5067  成功 5067  失败 0  截断 500  三元组 57958  | 0.49 req/s  516 out-tok/s
[ 10414s] 完成 5071  成功 5071  失败 0  截断 500  三元组 57995  | 0.49 req/s  515 out-tok/s
[ 10430s] 完成 5077  成功 5077  失败 0  截断 502  三元组 58075  | 0.49 req/s  515 out-tok/s
[ 10450s] 完成 5089  成功 5089  失败 0  截断 502  三元组 58240  | 0.49 req/s  516 out-tok/s
[ 10466s] 完成 5095  成功 5095  失败 0  截断 504  三元组 58304  | 0.49 req/s  516 out-tok/s
[ 10482s] 完成 5101  成功 5101  失败 0  截断 505  三元组 58397  | 0.49 req/s  516 out-tok/s
[ 10498s] 完成 5111  成功 5111  失败 0  截断 507  三元组 58493  | 0.49 req/s  516 out-tok/s
[ 10514s] 完成 5119  成功 5119  失败 0  截断 508  三元组 58596  | 0.49 req/s  516 out-tok/s
[ 10530s] 完成 5127  成功 5127  失败 0  截断 509  三元组 58713  | 0.49 req/s  516 out-tok/s
[ 10545s] 完成 5133  成功 5133  失败 0  截断 509  三元组 58764  | 0.49 req/s  516 out-tok/s
[ 10561s] 完成 5138  成功 5138  失败 0  截断 510  三元组 58846  | 0.49 req/s  516 out-tok/s
[ 10577s] 完成 5144  成功 5144  失败 0  截断 510  三元组 58943  | 0.49 req/s  515 out-tok/s
[ 10594s] 完成 5150  成功 5150  失败 0  截断 511  三元组 59013  | 0.49 req/s  516 out-tok/s
[ 10610s] 完成 5159  成功 5159  失败 0  截断 511  三元组 59123  | 0.49 req/s  516 out-tok/s
[ 10626s] 完成 5164  成功 5164  失败 0  截断 511  三元组 59187  | 0.49 req/s  515 out-tok/s
[ 10643s] 完成 5175  成功 5175  失败 0  截断 511  三元组 59313  | 0.49 req/s  515 out-tok/s
[ 10658s] 完成 5184  成功 5184  失败 0  截断 513  三元组 59390  | 0.49 req/s  516 out-tok/s
[ 10674s] 完成 5192  成功 5192  失败 0  截断 515  三元组 59451  | 0.49 req/s  516 out-tok/s
[ 10689s] 完成 5198  成功 5198  失败 0  截断 515  三元组 59515  | 0.49 req/s  516 out-tok/s
[ 10704s] 完成 5206  成功 5206  失败 0  截断 517  三元组 59618  | 0.49 req/s  516 out-tok/s
[ 10721s] 完成 5215  成功 5215  失败 0  截断 518  三元组 59701  | 0.49 req/s  516 out-tok/s
[ 10741s] 完成 5223  成功 5223  失败 0  截断 519  三元组 59793  | 0.49 req/s  516 out-tok/s
[ 10758s] 完成 5230  成功 5230  失败 0  截断 519  三元组 59875  | 0.49 req/s  516 out-tok/s
[ 10775s] 完成 5235  成功 5235  失败 0  截断 519  三元组 59930  | 0.49 req/s  515 out-tok/s
[ 10791s] 完成 5241  成功 5241  失败 0  截断 520  三元组 59996  | 0.49 req/s  515 out-tok/s
[ 10806s] 完成 5250  成功 5250  失败 0  截断 521  三元组 60102  | 0.49 req/s  515 out-tok/s
[ 10822s] 完成 5259  成功 5259  失败 0  截断 523  三元组 60210  | 0.49 req/s  515 out-tok/s
[ 10837s] 完成 5268  成功 5268  失败 0  截断 524  三元组 60304  | 0.49 req/s  515 out-tok/s
[ 10856s] 完成 5276  成功 5276  失败 0  截断 525  三元组 60361  | 0.49 req/s  515 out-tok/s
[ 10872s] 完成 5280  成功 5280  失败 0  截断 526  三元组 60383  | 0.49 req/s  515 out-tok/s
[ 10894s] 完成 5287  成功 5287  失败 0  截断 529  三元组 60493  | 0.49 req/s  515 out-tok/s
[ 10910s] 完成 5296  成功 5296  失败 0  截断 529  三元组 60588  | 0.49 req/s  515 out-tok/s
[ 10927s] 完成 5302  成功 5302  失败 0  截断 529  三元组 60656  | 0.49 req/s  514 out-tok/s
[ 10943s] 完成 5307  成功 5307  失败 0  截断 531  三元组 60724  | 0.48 req/s  515 out-tok/s
[ 10958s] 完成 5314  成功 5314  失败 0  截断 531  三元组 60796  | 0.48 req/s  514 out-tok/s
[ 10974s] 完成 5321  成功 5321  失败 0  截断 531  三元组 60871  | 0.48 req/s  514 out-tok/s
[ 10994s] 完成 5328  成功 5328  失败 0  截断 535  三元组 60971  | 0.48 req/s  514 out-tok/s
[ 11012s] 完成 5338  成功 5338  失败 0  截断 536  三元组 61085  | 0.48 req/s  515 out-tok/s
[ 11035s] 完成 5345  成功 5345  失败 0  截断 537  三元组 61181  | 0.48 req/s  514 out-tok/s
[ 11053s] 完成 5355  成功 5355  失败 0  截断 539  三元组 61295  | 0.48 req/s  515 out-tok/s
[ 11069s] 完成 5365  成功 5365  失败 0  截断 540  三元组 61403  | 0.48 req/s  515 out-tok/s
[ 11089s] 完成 5371  成功 5371  失败 0  截断 540  三元组 61465  | 0.48 req/s  514 out-tok/s
[ 11105s] 完成 5379  成功 5379  失败 0  截断 540  三元组 61574  | 0.48 req/s  514 out-tok/s
[ 11124s] 完成 5385  成功 5385  失败 0  截断 541  三元组 61641  | 0.48 req/s  514 out-tok/s
[ 11140s] 完成 5395  成功 5395  失败 0  截断 543  三元组 61766  | 0.48 req/s  515 out-tok/s
[ 11155s] 完成 5400  成功 5400  失败 0  截断 543  三元组 61831  | 0.48 req/s  514 out-tok/s
[ 11171s] 完成 5406  成功 5406  失败 0  截断 545  三元组 61896  | 0.48 req/s  514 out-tok/s
[ 11188s] 完成 5415  成功 5415  失败 0  截断 548  三元组 62025  | 0.48 req/s  515 out-tok/s
[ 11203s] 完成 5423  成功 5423  失败 0  截断 549  三元组 62130  | 0.48 req/s  515 out-tok/s
[ 11220s] 完成 5433  成功 5433  失败 0  截断 550  三元组 62248  | 0.48 req/s  515 out-tok/s
[ 11236s] 完成 5442  成功 5442  失败 0  截断 550  三元组 62332  | 0.48 req/s  515 out-tok/s
[ 11253s] 完成 5452  成功 5452  失败 0  截断 550  三元组 62394  | 0.48 req/s  515 out-tok/s
[ 11269s] 完成 5457  成功 5457  失败 0  截断 550  三元组 62447  | 0.48 req/s  514 out-tok/s
[ 11292s] 完成 5468  成功 5468  失败 0  截断 551  三元组 62547  | 0.48 req/s  514 out-tok/s
[ 11308s] 完成 5477  成功 5477  失败 0  截断 553  三元组 62675  | 0.48 req/s  514 out-tok/s
[ 11323s] 完成 5487  成功 5487  失败 0  截断 555  三元组 62780  | 0.48 req/s  515 out-tok/s
[ 11340s] 完成 5495  成功 5495  失败 0  截断 555  三元组 62884  | 0.48 req/s  515 out-tok/s
[ 11350s] 完成 5500  成功 5500  失败 0  截断 555  三元组 62916  | 0.48 req/s  515 out-tok/s
[ 11365s] 完成 5502  成功 5502  失败 0  截断 556  三元组 62942  | 0.48 req/s  514 out-tok/s
[ 11381s] 完成 5511  成功 5511  失败 0  截断 557  三元组 63063  | 0.48 req/s  515 out-tok/s
[ 11404s] 完成 5524  成功 5524  失败 0  截断 558  三元组 63212  | 0.48 req/s  515 out-tok/s
[ 11423s] 完成 5536  成功 5536  失败 0  截断 558  三元组 63334  | 0.48 req/s  515 out-tok/s
[ 11438s] 完成 5542  成功 5542  失败 0  截断 559  三元组 63398  | 0.48 req/s  515 out-tok/s
[ 11453s] 完成 5546  成功 5546  失败 0  截断 559  三元组 63437  | 0.48 req/s  514 out-tok/s
[ 11471s] 完成 5556  成功 5556  失败 0  截断 561  三元组 63539  | 0.48 req/s  515 out-tok/s
[ 11488s] 完成 5565  成功 5565  失败 0  截断 562  三元组 63646  | 0.48 req/s  515 out-tok/s
[ 11507s] 完成 5578  成功 5578  失败 0  截断 563  三元组 63800  | 0.48 req/s  515 out-tok/s
[ 11522s] 完成 5584  成功 5584  失败 0  截断 563  三元组 63858  | 0.48 req/s  515 out-tok/s
[ 11542s] 完成 5597  成功 5597  失败 0  截断 563  三元组 64010  | 0.48 req/s  515 out-tok/s
[ 11560s] 完成 5607  成功 5607  失败 0  截断 563  三元组 64107  | 0.49 req/s  515 out-tok/s
[ 11579s] 完成 5617  成功 5617  失败 0  截断 565  三元组 64219  | 0.49 req/s  515 out-tok/s
[ 11596s] 完成 5626  成功 5626  失败 0  截断 566  三元组 64320  | 0.49 req/s  515 out-tok/s
[ 11613s] 完成 5633  成功 5633  失败 0  截断 566  三元组 64384  | 0.49 req/s  515 out-tok/s
[ 11630s] 完成 5646  成功 5646  失败 0  截断 567  三元组 64541  | 0.49 req/s  515 out-tok/s
[ 11646s] 完成 5650  成功 5650  失败 0  截断 567  三元组 64585  | 0.49 req/s  515 out-tok/s
[ 11663s] 完成 5660  成功 5660  失败 0  截断 567  三元组 64692  | 0.49 req/s  515 out-tok/s
[ 11682s] 完成 5666  成功 5666  失败 0  截断 568  三元组 64757  | 0.49 req/s  515 out-tok/s
[ 11699s] 完成 5676  成功 5676  失败 0  截断 571  三元组 64866  | 0.49 req/s  515 out-tok/s
[ 11717s] 完成 5683  成功 5683  失败 0  截断 572  三元组 64947  | 0.49 req/s  515 out-tok/s
[ 11733s] 完成 5693  成功 5693  失败 0  截断 573  三元组 65062  | 0.49 req/s  515 out-tok/s
[ 11751s] 完成 5698  成功 5698  失败 0  截断 573  三元组 65110  | 0.48 req/s  515 out-tok/s
[ 11767s] 完成 5708  成功 5708  失败 0  截断 573  三元组 65235  | 0.49 req/s  515 out-tok/s
[ 11782s] 完成 5714  成功 5714  失败 0  截断 576  三元组 65314  | 0.48 req/s  515 out-tok/s
[ 11798s] 完成 5717  成功 5717  失败 0  截断 577  三元组 65371  | 0.48 req/s  515 out-tok/s
[ 11814s] 完成 5723  成功 5723  失败 0  截断 578  三元组 65436  | 0.48 req/s  515 out-tok/s
[ 11829s] 完成 5732  成功 5732  失败 0  截断 579  三元组 65557  | 0.48 req/s  515 out-tok/s
[ 11849s] 完成 5739  成功 5739  失败 0  截断 580  三元组 65659  | 0.48 req/s  515 out-tok/s
[ 11867s] 完成 5747  成功 5747  失败 0  截断 580  三元组 65762  | 0.48 req/s  515 out-tok/s
[ 11883s] 完成 5755  成功 5755  失败 0  截断 582  三元组 65846  | 0.48 req/s  515 out-tok/s
[ 11900s] 完成 5766  成功 5766  失败 0  截断 583  三元组 66001  | 0.48 req/s  515 out-tok/s
[ 11915s] 完成 5776  成功 5776  失败 0  截断 585  三元组 66110  | 0.48 req/s  516 out-tok/s
[ 11931s] 完成 5785  成功 5785  失败 0  截断 585  三元组 66195  | 0.48 req/s  515 out-tok/s
[ 11947s] 完成 5792  成功 5792  失败 0  截断 585  三元组 66271  | 0.48 req/s  515 out-tok/s
[ 11963s] 完成 5800  成功 5800  失败 0  截断 585  三元组 66357  | 0.48 req/s  515 out-tok/s
[ 11978s] 完成 5806  成功 5806  失败 0  截断 585  三元组 66444  | 0.48 req/s  515 out-tok/s
[ 11993s] 完成 5811  成功 5811  失败 0  截断 587  三元组 66492  | 0.48 req/s  515 out-tok/s
[ 12009s] 完成 5819  成功 5819  失败 0  截断 588  三元组 66587  | 0.48 req/s  515 out-tok/s
[ 12025s] 完成 5830  成功 5830  失败 0  截断 589  三元组 66707  | 0.48 req/s  515 out-tok/s
[ 12041s] 完成 5839  成功 5839  失败 0  截断 589  三元组 66796  | 0.48 req/s  515 out-tok/s
[ 12056s] 完成 5848  成功 5848  失败 0  截断 589  三元组 66880  | 0.49 req/s  515 out-tok/s
[ 12073s] 完成 5856  成功 5856  失败 0  截断 590  三元组 66977  | 0.49 req/s  515 out-tok/s
[ 12088s] 完成 5866  成功 5866  失败 0  截断 590  三元组 67076  | 0.49 req/s  515 out-tok/s
[ 12104s] 完成 5876  成功 5876  失败 0  截断 592  三元组 67177  | 0.49 req/s  515 out-tok/s
[ 12120s] 完成 5886  成功 5886  失败 0  截断 593  三元组 67259  | 0.49 req/s  515 out-tok/s
[ 12136s] 完成 5895  成功 5895  失败 0  截断 593  三元组 67359  | 0.49 req/s  515 out-tok/s
[ 12152s] 完成 5903  成功 5903  失败 0  截断 593  三元组 67432  | 0.49 req/s  515 out-tok/s
[ 12170s] 完成 5915  成功 5915  失败 0  截断 594  三元组 67558  | 0.49 req/s  516 out-tok/s
[ 12187s] 完成 5920  成功 5920  失败 0  截断 594  三元组 67606  | 0.49 req/s  515 out-tok/s
[ 12203s] 完成 5928  成功 5928  失败 0  截断 594  三元组 67696  | 0.49 req/s  515 out-tok/s
[ 12222s] 完成 5940  成功 5940  失败 0  截断 595  三元组 67858  | 0.49 req/s  515 out-tok/s
[ 12238s] 完成 5948  成功 5948  失败 0  截断 595  三元组 67934  | 0.49 req/s  515 out-tok/s
[ 12254s] 完成 5956  成功 5956  失败 0  截断 596  三元组 67998  | 0.49 req/s  515 out-tok/s
[ 12270s] 完成 5964  成功 5964  失败 0  截断 596  三元组 68084  | 0.49 req/s  515 out-tok/s
[ 12285s] 完成 5972  成功 5972  失败 0  截断 597  三元组 68208  | 0.49 req/s  515 out-tok/s
[ 12307s] 完成 5978  成功 5978  失败 0  截断 597  三元组 68275  | 0.49 req/s  515 out-tok/s
[ 12322s] 完成 5987  成功 5987  失败 0  截断 599  三元组 68379  | 0.49 req/s  515 out-tok/s
[ 12338s] 完成 5993  成功 5993  失败 0  截断 600  三元组 68453  | 0.49 req/s  515 out-tok/s
[ 12347s] 完成 6000  成功 6000  失败 0  截断 601  三元组 68523  | 0.49 req/s  515 out-tok/s
[ 12366s] 完成 6008  成功 6008  失败 0  截断 601  三元组 68633  | 0.49 req/s  515 out-tok/s
[ 12382s] 完成 6018  成功 6018  失败 0  截断 602  三元组 68737  | 0.49 req/s  516 out-tok/s
[ 12400s] 完成 6024  成功 6024  失败 0  截断 602  三元组 68793  | 0.49 req/s  515 out-tok/s
[ 12416s] 完成 6032  成功 6032  失败 0  截断 603  三元组 68899  | 0.49 req/s  515 out-tok/s
[ 12434s] 完成 6042  成功 6042  失败 0  截断 603  三元组 69029  | 0.49 req/s  515 out-tok/s
[ 12452s] 完成 6047  成功 6047  失败 0  截断 604  三元组 69067  | 0.49 req/s  515 out-tok/s
[ 12467s] 完成 6056  成功 6056  失败 0  截断 606  三元组 69174  | 0.49 req/s  515 out-tok/s
[ 12486s] 完成 6065  成功 6065  失败 0  截断 606  三元组 69302  | 0.49 req/s  515 out-tok/s
[ 12502s] 完成 6070  成功 6070  失败 0  截断 606  三元组 69366  | 0.49 req/s  515 out-tok/s
[ 12521s] 完成 6079  成功 6079  失败 0  截断 606  三元组 69441  | 0.49 req/s  515 out-tok/s
[ 12537s] 完成 6084  成功 6084  失败 0  截断 606  三元组 69494  | 0.49 req/s  514 out-tok/s
[ 12554s] 完成 6093  成功 6093  失败 0  截断 609  三元组 69594  | 0.49 req/s  515 out-tok/s
[ 12571s] 完成 6103  成功 6103  失败 0  截断 611  三元组 69733  | 0.49 req/s  515 out-tok/s
[ 12586s] 完成 6110  成功 6110  失败 0  截断 613  三元组 69827  | 0.49 req/s  515 out-tok/s
[ 12606s] 完成 6117  成功 6117  失败 0  截断 613  三元组 69893  | 0.49 req/s  515 out-tok/s
[ 12621s] 完成 6125  成功 6125  失败 0  截断 614  三元组 69991  | 0.49 req/s  515 out-tok/s
[ 12637s] 完成 6135  成功 6135  失败 0  截断 616  三元组 70111  | 0.49 req/s  515 out-tok/s
[ 12653s] 完成 6138  成功 6138  失败 0  截断 616  三元组 70158  | 0.49 req/s  515 out-tok/s
[ 12671s] 完成 6146  成功 6146  失败 0  截断 617  三元组 70258  | 0.49 req/s  515 out-tok/s
[ 12689s] 完成 6154  成功 6154  失败 0  截断 617  三元组 70371  | 0.48 req/s  515 out-tok/s
[ 12707s] 完成 6162  成功 6162  失败 0  截断 618  三元组 70450  | 0.48 req/s  515 out-tok/s
[ 12725s] 完成 6172  成功 6172  失败 0  截断 619  三元组 70574  | 0.49 req/s  515 out-tok/s
[ 12744s] 完成 6179  成功 6179  失败 0  截断 620  三元组 70655  | 0.48 req/s  515 out-tok/s
[ 12766s] 完成 6188  成功 6188  失败 0  截断 620  三元组 70739  | 0.48 req/s  515 out-tok/s
[ 12782s] 完成 6198  成功 6198  失败 0  截断 622  三元组 70855  | 0.48 req/s  515 out-tok/s
[ 12799s] 完成 6206  成功 6206  失败 0  截断 622  三元组 70953  | 0.48 req/s  515 out-tok/s
[ 12816s] 完成 6215  成功 6215  失败 0  截断 623  三元组 71078  | 0.48 req/s  515 out-tok/s
[ 12831s] 完成 6225  成功 6225  失败 0  截断 624  三元组 71224  | 0.49 req/s  516 out-tok/s
[ 12847s] 完成 6232  成功 6232  失败 0  截断 624  三元组 71290  | 0.49 req/s  516 out-tok/s
[ 12865s] 完成 6241  成功 6241  失败 0  截断 624  三元组 71393  | 0.49 req/s  516 out-tok/s
[ 12880s] 完成 6244  成功 6244  失败 0  截断 624  三元组 71434  | 0.48 req/s  515 out-tok/s
[ 12895s] 完成 6259  成功 6259  失败 0  截断 624  三元组 71614  | 0.49 req/s  516 out-tok/s
[ 12913s] 完成 6265  成功 6265  失败 0  截断 624  三元组 71694  | 0.49 req/s  515 out-tok/s
[ 12930s] 完成 6274  成功 6274  失败 0  截断 625  三元组 71767  | 0.49 req/s  515 out-tok/s
[ 12951s] 完成 6284  成功 6284  失败 0  截断 625  三元组 71865  | 0.49 req/s  515 out-tok/s
[ 12966s] 完成 6294  成功 6294  失败 0  截断 628  三元组 71991  | 0.49 req/s  516 out-tok/s
[ 12985s] 完成 6303  成功 6303  失败 0  截断 628  三元组 72081  | 0.49 req/s  515 out-tok/s
[ 13000s] 完成 6312  成功 6312  失败 0  截断 628  三元组 72179  | 0.49 req/s  515 out-tok/s
[ 13017s] 完成 6319  成功 6319  失败 0  截断 630  三元组 72255  | 0.49 req/s  515 out-tok/s
[ 13032s] 完成 6329  成功 6329  失败 0  截断 630  三元组 72379  | 0.49 req/s  516 out-tok/s
[ 13048s] 完成 6336  成功 6336  失败 0  截断 631  三元组 72459  | 0.49 req/s  516 out-tok/s
[ 13064s] 完成 6343  成功 6343  失败 0  截断 632  三元组 72529  | 0.49 req/s  515 out-tok/s
[ 13083s] 完成 6348  成功 6348  失败 0  截断 632  三元组 72583  | 0.49 req/s  515 out-tok/s
[ 13098s] 完成 6355  成功 6355  失败 0  截断 632  三元组 72664  | 0.49 req/s  515 out-tok/s
[ 13115s] 完成 6365  成功 6365  失败 0  截断 632  三元组 72813  | 0.49 req/s  515 out-tok/s
[ 13133s] 完成 6368  成功 6368  失败 0  截断 632  三元组 72857  | 0.48 req/s  515 out-tok/s
[ 13149s] 完成 6378  成功 6378  失败 0  截断 635  三元组 72963  | 0.49 req/s  515 out-tok/s
[ 13166s] 完成 6385  成功 6385  失败 0  截断 635  三元组 73049  | 0.48 req/s  515 out-tok/s
[ 13182s] 完成 6392  成功 6392  失败 0  截断 636  三元组 73124  | 0.48 req/s  515 out-tok/s
[ 13199s] 完成 6400  成功 6400  失败 0  截断 637  三元组 73248  | 0.48 req/s  515 out-tok/s
[ 13218s] 完成 6409  成功 6409  失败 0  截断 639  三元组 73365  | 0.48 req/s  515 out-tok/s
[ 13234s] 完成 6416  成功 6416  失败 0  截断 641  三元组 73432  | 0.48 req/s  515 out-tok/s
[ 13250s] 完成 6424  成功 6424  失败 0  截断 641  三元组 73517  | 0.48 req/s  515 out-tok/s
[ 13266s] 完成 6432  成功 6432  失败 0  截断 642  三元组 73622  | 0.48 req/s  516 out-tok/s
[ 13284s] 完成 6440  成功 6440  失败 0  截断 642  三元组 73703  | 0.48 req/s  515 out-tok/s
[ 13303s] 完成 6450  成功 6450  失败 0  截断 642  三元组 73796  | 0.48 req/s  515 out-tok/s
[ 13324s] 完成 6459  成功 6459  失败 0  截断 644  三元组 73933  | 0.48 req/s  515 out-tok/s
[ 13340s] 完成 6469  成功 6469  失败 0  截断 644  三元组 74046  | 0.48 req/s  515 out-tok/s
[ 13358s] 完成 6475  成功 6475  失败 0  截断 645  三元组 74120  | 0.48 req/s  515 out-tok/s
[ 13374s] 完成 6487  成功 6487  失败 0  截断 647  三元组 74258  | 0.49 req/s  516 out-tok/s
[ 13397s] 完成 6496  成功 6496  失败 0  截断 648  三元组 74344  | 0.48 req/s  515 out-tok/s
[ 13402s] 完成 6500  成功 6500  失败 0  截断 648  三元组 74372  | 0.48 req/s  515 out-tok/s
[ 13420s] 完成 6508  成功 6508  失败 0  截断 649  三元组 74456  | 0.48 req/s  515 out-tok/s
[ 13436s] 完成 6514  成功 6514  失败 0  截断 649  三元组 74514  | 0.48 req/s  515 out-tok/s
[ 13452s] 完成 6524  成功 6524  失败 0  截断 651  三元组 74628  | 0.48 req/s  516 out-tok/s
[ 13469s] 完成 6530  成功 6530  失败 0  截断 651  三元组 74664  | 0.48 req/s  515 out-tok/s
[ 13486s] 完成 6536  成功 6536  失败 0  截断 651  三元组 74744  | 0.48 req/s  515 out-tok/s
[ 13502s] 完成 6548  成功 6548  失败 0  截断 653  三元组 74916  | 0.48 req/s  516 out-tok/s
[ 13518s] 完成 6552  成功 6552  失败 0  截断 653  三元组 74945  | 0.48 req/s  515 out-tok/s
[ 13534s] 完成 6562  成功 6562  失败 0  截断 654  三元组 75054  | 0.48 req/s  515 out-tok/s
[ 13552s] 完成 6568  成功 6568  失败 0  截断 655  三元组 75118  | 0.48 req/s  515 out-tok/s
[ 13568s] 完成 6580  成功 6580  失败 0  截断 657  三元组 75273  | 0.48 req/s  516 out-tok/s
[ 13583s] 完成 6589  成功 6589  失败 0  截断 658  三元组 75397  | 0.49 req/s  516 out-tok/s
[ 13599s] 完成 6594  成功 6594  失败 0  截断 659  三元组 75448  | 0.48 req/s  515 out-tok/s
[ 13616s] 完成 6604  成功 6604  失败 0  截断 660  三元组 75539  | 0.49 req/s  515 out-tok/s
[ 13643s] 完成 6611  成功 6611  失败 0  截断 662  三元组 75642  | 0.48 req/s  515 out-tok/s
[ 13659s] 完成 6617  成功 6617  失败 0  截断 664  三元组 75715  | 0.48 req/s  515 out-tok/s
[ 13677s] 完成 6624  成功 6624  失败 0  截断 664  三元组 75799  | 0.48 req/s  515 out-tok/s
[ 13694s] 完成 6630  成功 6630  失败 0  截断 665  三元组 75889  | 0.48 req/s  515 out-tok/s
[ 13710s] 完成 6638  成功 6638  失败 0  截断 666  三元组 76003  | 0.48 req/s  515 out-tok/s
[ 13726s] 完成 6646  成功 6646  失败 0  截断 668  三元组 76107  | 0.48 req/s  515 out-tok/s
[ 13742s] 完成 6657  成功 6657  失败 0  截断 670  三元组 76237  | 0.48 req/s  516 out-tok/s
[ 13760s] 完成 6666  成功 6666  失败 0  截断 670  三元组 76315  | 0.48 req/s  516 out-tok/s
[ 13781s] 完成 6674  成功 6674  失败 0  截断 671  三元组 76411  | 0.48 req/s  515 out-tok/s
[ 13797s] 完成 6682  成功 6682  失败 0  截断 673  三元组 76490  | 0.48 req/s  516 out-tok/s
[ 13813s] 完成 6686  成功 6686  失败 0  截断 673  三元组 76531  | 0.48 req/s  515 out-tok/s
[ 13830s] 完成 6695  成功 6695  失败 0  截断 674  三元组 76655  | 0.48 req/s  515 out-tok/s
[ 13847s] 完成 6705  成功 6705  失败 0  截断 674  三元组 76751  | 0.48 req/s  515 out-tok/s
[ 13862s] 完成 6713  成功 6713  失败 0  截断 675  三元组 76817  | 0.48 req/s  515 out-tok/s
[ 13879s] 完成 6720  成功 6720  失败 0  截断 676  三元组 76933  | 0.48 req/s  515 out-tok/s
[ 13894s] 完成 6728  成功 6728  失败 0  截断 677  三元组 77017  | 0.48 req/s  515 out-tok/s
[ 13912s] 完成 6737  成功 6737  失败 0  截断 681  三元组 77127  | 0.48 req/s  516 out-tok/s
[ 13929s] 完成 6747  成功 6747  失败 0  截断 681  三元组 77221  | 0.48 req/s  516 out-tok/s
[ 13945s] 完成 6753  成功 6753  失败 0  截断 682  三元组 77297  | 0.48 req/s  515 out-tok/s
[ 13961s] 完成 6761  成功 6761  失败 0  截断 684  三元组 77377  | 0.48 req/s  516 out-tok/s
[ 13980s] 完成 6765  成功 6765  失败 0  截断 684  三元组 77411  | 0.48 req/s  515 out-tok/s
[ 13995s] 完成 6774  成功 6774  失败 0  截断 684  三元组 77539  | 0.48 req/s  515 out-tok/s
[ 14011s] 完成 6785  成功 6785  失败 0  截断 686  三元组 77705  | 0.48 req/s  516 out-tok/s
[ 14027s] 完成 6792  成功 6792  失败 0  截断 688  三元组 77759  | 0.48 req/s  516 out-tok/s
[ 14045s] 完成 6805  成功 6805  失败 0  截断 690  三元组 77905  | 0.48 req/s  516 out-tok/s
[ 14060s] 完成 6811  成功 6811  失败 0  截断 690  三元组 77962  | 0.48 req/s  516 out-tok/s
[ 14076s] 完成 6821  成功 6821  失败 0  截断 691  三元组 78064  | 0.48 req/s  516 out-tok/s
[ 14093s] 完成 6829  成功 6829  失败 0  截断 691  三元组 78145  | 0.48 req/s  516 out-tok/s
[ 14111s] 完成 6836  成功 6836  失败 0  截断 692  三元组 78211  | 0.48 req/s  516 out-tok/s
[ 14127s] 完成 6844  成功 6844  失败 0  截断 692  三元组 78299  | 0.48 req/s  515 out-tok/s
[ 14143s] 完成 6852  成功 6852  失败 0  截断 692  三元组 78363  | 0.48 req/s  515 out-tok/s
[ 14159s] 完成 6860  成功 6860  失败 0  截断 693  三元组 78444  | 0.48 req/s  515 out-tok/s
[ 14176s] 完成 6871  成功 6871  失败 0  截断 695  三元组 78613  | 0.48 req/s  516 out-tok/s
[ 14194s] 完成 6877  成功 6877  失败 0  截断 696  三元组 78673  | 0.48 req/s  516 out-tok/s
[ 14213s] 完成 6884  成功 6884  失败 0  截断 696  三元组 78756  | 0.48 req/s  515 out-tok/s
[ 14229s] 完成 6896  成功 6896  失败 0  截断 698  三元组 78908  | 0.48 req/s  516 out-tok/s
[ 14245s] 完成 6903  成功 6903  失败 0  截断 698  三元组 78988  | 0.48 req/s  516 out-tok/s
[ 14261s] 完成 6906  成功 6906  失败 0  截断 699  三元组 79022  | 0.48 req/s  516 out-tok/s
[ 14277s] 完成 6914  成功 6914  失败 0  截断 700  三元组 79112  | 0.48 req/s  516 out-tok/s
[ 14294s] 完成 6926  成功 6926  失败 0  截断 700  三元组 79280  | 0.48 req/s  516 out-tok/s
[ 14313s] 完成 6934  成功 6934  失败 0  截断 701  三元组 79374  | 0.48 req/s  516 out-tok/s
[ 14328s] 完成 6938  成功 6938  失败 0  截断 701  三元组 79419  | 0.48 req/s  516 out-tok/s
[ 14347s] 完成 6947  成功 6947  失败 0  截断 701  三元组 79524  | 0.48 req/s  516 out-tok/s
[ 14363s] 完成 6953  成功 6953  失败 0  截断 701  三元组 79595  | 0.48 req/s  515 out-tok/s
[ 14380s] 完成 6960  成功 6960  失败 0  截断 702  三元组 79697  | 0.48 req/s  515 out-tok/s
[ 14397s] 完成 6970  成功 6970  失败 0  截断 704  三元组 79834  | 0.48 req/s  516 out-tok/s
[ 14417s] 完成 6977  成功 6977  失败 0  截断 704  三元组 79891  | 0.48 req/s  515 out-tok/s
[ 14437s] 完成 6986  成功 6986  失败 0  截断 704  三元组 80001  | 0.48 req/s  515 out-tok/s
[ 14452s] 完成 7000  成功 7000  失败 0  截断 706  三元组 80149  | 0.48 req/s  516 out-tok/s
[ 14471s] 完成 7006  成功 7006  失败 0  截断 708  三元组 80225  | 0.48 req/s  516 out-tok/s
[ 14487s] 完成 7017  成功 7017  失败 0  截断 709  三元组 80355  | 0.48 req/s  516 out-tok/s
[ 14503s] 完成 7024  成功 7024  失败 0  截断 710  三元组 80416  | 0.48 req/s  516 out-tok/s
[ 14519s] 完成 7034  成功 7034  失败 0  截断 710  三元组 80538  | 0.48 req/s  516 out-tok/s
[ 14535s] 完成 7046  成功 7046  失败 0  截断 711  三元组 80689  | 0.48 req/s  516 out-tok/s
[ 14551s] 完成 7050  成功 7050  失败 0  截断 712  三元组 80735  | 0.48 req/s  516 out-tok/s
[ 14566s] 完成 7058  成功 7058  失败 0  截断 712  三元组 80841  | 0.48 req/s  516 out-tok/s
[ 14589s] 完成 7065  成功 7065  失败 0  截断 712  三元组 80916  | 0.48 req/s  516 out-tok/s
[ 14606s] 完成 7077  成功 7077  失败 0  截断 712  三元组 81081  | 0.48 req/s  516 out-tok/s
[ 14621s] 完成 7085  成功 7085  失败 0  截断 712  三元组 81178  | 0.48 req/s  516 out-tok/s
[ 14637s] 完成 7091  成功 7091  失败 0  截断 713  三元组 81250  | 0.48 req/s  516 out-tok/s
[ 14653s] 完成 7100  成功 7100  失败 0  截断 713  三元组 81340  | 0.48 req/s  516 out-tok/s
[ 14670s] 完成 7106  成功 7106  失败 0  截断 715  三元组 81421  | 0.48 req/s  516 out-tok/s
[ 14687s] 完成 7113  成功 7113  失败 0  截断 715  三元组 81527  | 0.48 req/s  516 out-tok/s
[ 14703s] 完成 7123  成功 7123  失败 0  截断 715  三元组 81627  | 0.48 req/s  516 out-tok/s
[ 14719s] 完成 7131  成功 7131  失败 0  截断 715  三元组 81736  | 0.48 req/s  516 out-tok/s
[ 14735s] 完成 7139  成功 7139  失败 0  截断 717  三元组 81802  | 0.48 req/s  516 out-tok/s
[ 14753s] 完成 7147  成功 7147  失败 0  截断 718  三元组 81907  | 0.48 req/s  516 out-tok/s
[ 14772s] 完成 7154  成功 7154  失败 0  截断 718  三元组 81978  | 0.48 req/s  516 out-tok/s
[ 14788s] 完成 7161  成功 7161  失败 0  截断 720  三元组 82111  | 0.48 req/s  516 out-tok/s
[ 14804s] 完成 7168  成功 7168  失败 0  截断 720  三元组 82209  | 0.48 req/s  516 out-tok/s
[ 14821s] 完成 7175  成功 7175  失败 0  截断 720  三元组 82292  | 0.48 req/s  516 out-tok/s
[ 14836s] 完成 7183  成功 7183  失败 0  截断 720  三元组 82383  | 0.48 req/s  516 out-tok/s
[ 14856s] 完成 7195  成功 7195  失败 0  截断 722  三元组 82497  | 0.48 req/s  516 out-tok/s
[ 14873s] 完成 7205  成功 7205  失败 0  截断 722  三元组 82610  | 0.48 req/s  516 out-tok/s
[ 14889s] 完成 7212  成功 7212  失败 0  截断 722  三元组 82705  | 0.48 req/s  516 out-tok/s
[ 14907s] 完成 7220  成功 7220  失败 0  截断 723  三元组 82794  | 0.48 req/s  516 out-tok/s
[ 14922s] 完成 7226  成功 7226  失败 0  截断 724  三元组 82850  | 0.48 req/s  516 out-tok/s
[ 14938s] 完成 7235  成功 7235  失败 0  截断 725  三元组 82964  | 0.48 req/s  516 out-tok/s
[ 14954s] 完成 7244  成功 7244  失败 0  截断 725  三元组 83067  | 0.48 req/s  516 out-tok/s
[ 14970s] 完成 7251  成功 7251  失败 0  截断 727  三元组 83129  | 0.48 req/s  516 out-tok/s
[ 14985s] 完成 7259  成功 7259  失败 0  截断 727  三元组 83212  | 0.48 req/s  516 out-tok/s
[ 15006s] 完成 7263  成功 7263  失败 0  截断 729  三元组 83255  | 0.48 req/s  516 out-tok/s
[ 15025s] 完成 7271  成功 7271  失败 0  截断 730  三元组 83359  | 0.48 req/s  516 out-tok/s
[ 15042s] 完成 7277  成功 7277  失败 0  截断 731  三元组 83442  | 0.48 req/s  516 out-tok/s
[ 15058s] 完成 7287  成功 7287  失败 0  截断 731  三元组 83545  | 0.48 req/s  516 out-tok/s
[ 15074s] 完成 7292  成功 7292  失败 0  截断 732  三元组 83617  | 0.48 req/s  516 out-tok/s
[ 15092s] 完成 7300  成功 7300  失败 0  截断 734  三元组 83718  | 0.48 req/s  516 out-tok/s
[ 15108s] 完成 7307  成功 7307  失败 0  截断 734  三元组 83811  | 0.48 req/s  516 out-tok/s
[ 15123s] 完成 7316  成功 7316  失败 0  截断 738  三元组 83918  | 0.48 req/s  516 out-tok/s
[ 15141s] 完成 7322  成功 7322  失败 0  截断 738  三元组 83967  | 0.48 req/s  516 out-tok/s
[ 15156s] 完成 7334  成功 7334  失败 0  截断 739  三元组 84101  | 0.48 req/s  516 out-tok/s
[ 15172s] 完成 7340  成功 7340  失败 0  截断 739  三元组 84167  | 0.48 req/s  516 out-tok/s
[ 15191s] 完成 7347  成功 7347  失败 0  截断 739  三元组 84231  | 0.48 req/s  516 out-tok/s
[ 15211s] 完成 7356  成功 7356  失败 0  截断 741  三元组 84318  | 0.48 req/s  516 out-tok/s
[ 15227s] 完成 7364  成功 7364  失败 0  截断 741  三元组 84385  | 0.48 req/s  516 out-tok/s
[ 15246s] 完成 7370  成功 7370  失败 0  截断 743  三元组 84451  | 0.48 req/s  516 out-tok/s
[ 15264s] 完成 7378  成功 7378  失败 0  截断 743  三元组 84556  | 0.48 req/s  516 out-tok/s
[ 15280s] 完成 7384  成功 7384  失败 0  截断 746  三元组 84648  | 0.48 req/s  516 out-tok/s
[ 15296s] 完成 7394  成功 7394  失败 0  截断 746  三元组 84764  | 0.48 req/s  516 out-tok/s
[ 15311s] 完成 7398  成功 7398  失败 0  截断 746  三元组 84814  | 0.48 req/s  516 out-tok/s
[ 15327s] 完成 7407  成功 7407  失败 0  截断 748  三元组 84898  | 0.48 req/s  516 out-tok/s
[ 15343s] 完成 7417  成功 7417  失败 0  截断 749  三元组 85042  | 0.48 req/s  516 out-tok/s
[ 15361s] 完成 7425  成功 7425  失败 0  截断 749  三元组 85108  | 0.48 req/s  516 out-tok/s
[ 15385s] 完成 7439  成功 7439  失败 0  截断 751  三元组 85236  | 0.48 req/s  516 out-tok/s
[ 15401s] 完成 7449  成功 7449  失败 0  截断 753  三元组 85333  | 0.48 req/s  516 out-tok/s
[ 15416s] 完成 7458  成功 7458  失败 0  截断 753  三元组 85437  | 0.48 req/s  516 out-tok/s
[ 15432s] 完成 7463  成功 7463  失败 0  截断 753  三元组 85488  | 0.48 req/s  516 out-tok/s
[ 15448s] 完成 7473  成功 7473  失败 0  截断 753  三元组 85619  | 0.48 req/s  516 out-tok/s
[ 15466s] 完成 7483  成功 7483  失败 0  截断 753  三元组 85722  | 0.48 req/s  516 out-tok/s
[ 15483s] 完成 7494  成功 7494  失败 0  截断 755  三元组 85894  | 0.48 req/s  516 out-tok/s
[ 15491s] 完成 7500  成功 7500  失败 0  截断 756  三元组 85963  | 0.48 req/s  516 out-tok/s
[ 15507s] 完成 7506  成功 7506  失败 0  截断 756  三元组 86026  | 0.48 req/s  516 out-tok/s
[ 15524s] 完成 7514  成功 7514  失败 0  截断 756  三元组 86121  | 0.48 req/s  516 out-tok/s
[ 15541s] 完成 7523  成功 7523  失败 0  截断 756  三元组 86222  | 0.48 req/s  516 out-tok/s
[ 15556s] 完成 7529  成功 7529  失败 0  截断 756  三元组 86296  | 0.48 req/s  516 out-tok/s
[ 15576s] 完成 7536  成功 7536  失败 0  截断 756  三元组 86385  | 0.48 req/s  516 out-tok/s
[ 15594s] 完成 7544  成功 7544  失败 0  截断 756  三元组 86493  | 0.48 req/s  516 out-tok/s
[ 15610s] 完成 7551  成功 7551  失败 0  截断 758  三元组 86569  | 0.48 req/s  516 out-tok/s
[ 15625s] 完成 7564  成功 7564  失败 0  截断 761  三元组 86680  | 0.48 req/s  516 out-tok/s
[ 15640s] 完成 7572  成功 7572  失败 0  截断 763  三元组 86762  | 0.48 req/s  516 out-tok/s
[ 15657s] 完成 7577  成功 7577  失败 0  截断 764  三元组 86806  | 0.48 req/s  516 out-tok/s
[ 15672s] 完成 7585  成功 7585  失败 0  截断 764  三元组 86885  | 0.48 req/s  516 out-tok/s
[ 15688s] 完成 7591  成功 7591  失败 0  截断 766  三元组 86957  | 0.48 req/s  516 out-tok/s
[ 15705s] 完成 7596  成功 7596  失败 0  截断 766  三元组 87042  | 0.48 req/s  516 out-tok/s
[ 15721s] 完成 7605  成功 7605  失败 0  截断 767  三元组 87148  | 0.48 req/s  516 out-tok/s
[ 15743s] 完成 7609  成功 7609  失败 0  截断 767  三元组 87205  | 0.48 req/s  516 out-tok/s
[ 15758s] 完成 7616  成功 7616  失败 0  截断 767  三元组 87281  | 0.48 req/s  516 out-tok/s
[ 15775s] 完成 7627  成功 7627  失败 0  截断 769  三元组 87418  | 0.48 req/s  516 out-tok/s
[ 15791s] 完成 7634  成功 7634  失败 0  截断 769  三元组 87481  | 0.48 req/s  516 out-tok/s
[ 15806s] 完成 7644  成功 7644  失败 0  截断 771  三元组 87587  | 0.48 req/s  516 out-tok/s
[ 15823s] 完成 7652  成功 7652  失败 0  截断 771  三元组 87674  | 0.48 req/s  516 out-tok/s
[ 15842s] 完成 7661  成功 7661  失败 0  截断 774  三元组 87737  | 0.48 req/s  516 out-tok/s
[ 15857s] 完成 7667  成功 7667  失败 0  截断 774  三元组 87810  | 0.48 req/s  516 out-tok/s
[ 15873s] 完成 7674  成功 7674  失败 0  截断 775  三元组 87890  | 0.48 req/s  516 out-tok/s
[ 15888s] 完成 7682  成功 7682  失败 0  截断 775  三元组 87996  | 0.48 req/s  516 out-tok/s
[ 15906s] 完成 7689  成功 7689  失败 0  截断 775  三元组 88089  | 0.48 req/s  516 out-tok/s
[ 15922s] 完成 7697  成功 7697  失败 0  截断 777  三元组 88174  | 0.48 req/s  516 out-tok/s
[ 15937s] 完成 7705  成功 7705  失败 0  截断 778  三元组 88283  | 0.48 req/s  516 out-tok/s
[ 15955s] 完成 7711  成功 7711  失败 0  截断 778  三元组 88344  | 0.48 req/s  516 out-tok/s
[ 15971s] 完成 7722  成功 7722  失败 0  截断 780  三元组 88460  | 0.48 req/s  516 out-tok/s
[ 15990s] 完成 7730  成功 7730  失败 0  截断 780  三元组 88545  | 0.48 req/s  516 out-tok/s
[ 16008s] 完成 7738  成功 7738  失败 0  截断 781  三元组 88632  | 0.48 req/s  516 out-tok/s
[ 16024s] 完成 7745  成功 7745  失败 0  截断 782  三元组 88729  | 0.48 req/s  516 out-tok/s
[ 16042s] 完成 7751  成功 7751  失败 0  截断 783  三元组 88790  | 0.48 req/s  516 out-tok/s
[ 16057s] 完成 7762  成功 7762  失败 0  截断 785  三元组 88926  | 0.48 req/s  516 out-tok/s
[ 16078s] 完成 7773  成功 7773  失败 0  截断 785  三元组 89074  | 0.48 req/s  516 out-tok/s
[ 16097s] 完成 7785  成功 7785  失败 0  截断 785  三元组 89202  | 0.48 req/s  516 out-tok/s
[ 16113s] 完成 7787  成功 7787  失败 0  截断 785  三元组 89223  | 0.48 req/s  516 out-tok/s
[ 16129s] 完成 7796  成功 7796  失败 0  截断 787  三元组 89337  | 0.48 req/s  516 out-tok/s
[ 16146s] 完成 7806  成功 7806  失败 0  截断 789  三元组 89476  | 0.48 req/s  516 out-tok/s
[ 16162s] 完成 7813  成功 7813  失败 0  截断 790  三元组 89550  | 0.48 req/s  516 out-tok/s
[ 16178s] 完成 7823  成功 7823  失败 0  截断 790  三元组 89649  | 0.48 req/s  516 out-tok/s
[ 16194s] 完成 7829  成功 7829  失败 0  截断 790  三元组 89722  | 0.48 req/s  516 out-tok/s
[ 16209s] 完成 7836  成功 7836  失败 0  截断 790  三元组 89824  | 0.48 req/s  516 out-tok/s
[ 16226s] 完成 7846  成功 7846  失败 0  截断 792  三元组 89930  | 0.48 req/s  516 out-tok/s
[ 16243s] 完成 7852  成功 7852  失败 0  截断 792  三元组 89978  | 0.48 req/s  516 out-tok/s
[ 16259s] 完成 7863  成功 7863  失败 0  截断 792  三元组 90121  | 0.48 req/s  516 out-tok/s
[ 16275s] 完成 7869  成功 7869  失败 0  截断 792  三元组 90210  | 0.48 req/s  516 out-tok/s
[ 16293s] 完成 7877  成功 7877  失败 0  截断 792  三元组 90293  | 0.48 req/s  516 out-tok/s
[ 16309s] 完成 7883  成功 7883  失败 0  截断 794  三元组 90369  | 0.48 req/s  516 out-tok/s
[ 16329s] 完成 7889  成功 7889  失败 0  截断 795  三元组 90453  | 0.48 req/s  516 out-tok/s
[ 16344s] 完成 7897  成功 7897  失败 0  截断 796  三元组 90554  | 0.48 req/s  516 out-tok/s
[ 16360s] 完成 7906  成功 7906  失败 0  截断 796  三元组 90669  | 0.48 req/s  516 out-tok/s
[ 16376s] 完成 7913  成功 7913  失败 0  截断 796  三元组 90743  | 0.48 req/s  516 out-tok/s
[ 16392s] 完成 7923  成功 7923  失败 0  截断 798  三元组 90876  | 0.48 req/s  516 out-tok/s
[ 16408s] 完成 7933  成功 7933  失败 0  截断 798  三元组 90981  | 0.48 req/s  516 out-tok/s
[ 16423s] 完成 7939  成功 7939  失败 0  截断 800  三元组 91068  | 0.48 req/s  516 out-tok/s
[ 16441s] 完成 7950  成功 7950  失败 0  截断 801  三元组 91166  | 0.48 req/s  516 out-tok/s
[ 16458s] 完成 7954  成功 7954  失败 0  截断 802  三元组 91235  | 0.48 req/s  516 out-tok/s
[ 16476s] 完成 7962  成功 7962  失败 0  截断 802  三元组 91336  | 0.48 req/s  516 out-tok/s
[ 16492s] 完成 7973  成功 7973  失败 0  截断 802  三元组 91470  | 0.48 req/s  516 out-tok/s
[ 16518s] 完成 7979  成功 7979  失败 0  截断 802  三元组 91528  | 0.48 req/s  516 out-tok/s
[ 16534s] 完成 7986  成功 7986  失败 0  截断 804  三元组 91608  | 0.48 req/s  516 out-tok/s
[ 16550s] 完成 7993  成功 7993  失败 0  截断 805  三元组 91674  | 0.48 req/s  516 out-tok/s
[ 16559s] 完成 8000  成功 8000  失败 0  截断 807  三元组 91746  | 0.48 req/s  516 out-tok/s
[ 16575s] 完成 8011  成功 8011  失败 0  截断 808  三元组 91849  | 0.48 req/s  516 out-tok/s
[ 16591s] 完成 8024  成功 8024  失败 0  截断 811  三元组 92042  | 0.48 req/s  517 out-tok/s
[ 16609s] 完成 8033  成功 8033  失败 0  截断 811  三元组 92147  | 0.48 req/s  517 out-tok/s
[ 16625s] 完成 8042  成功 8042  失败 0  截断 811  三元组 92234  | 0.48 req/s  517 out-tok/s
[ 16641s] 完成 8046  成功 8046  失败 0  截断 811  三元组 92274  | 0.48 req/s  516 out-tok/s
[ 16656s] 完成 8051  成功 8051  失败 0  截断 811  三元组 92333  | 0.48 req/s  516 out-tok/s
[ 16673s] 完成 8059  成功 8059  失败 0  截断 811  三元组 92448  | 0.48 req/s  516 out-tok/s
[ 16691s] 完成 8069  成功 8069  失败 0  截断 812  三元组 92596  | 0.48 req/s  516 out-tok/s
[ 16706s] 完成 8077  成功 8077  失败 0  截断 813  三元组 92671  | 0.48 req/s  516 out-tok/s
[ 16722s] 完成 8084  成功 8084  失败 0  截断 813  三元组 92748  | 0.48 req/s  516 out-tok/s
[ 16738s] 完成 8091  成功 8091  失败 0  截断 814  三元组 92827  | 0.48 req/s  516 out-tok/s
[ 16755s] 完成 8100  成功 8100  失败 0  截断 817  三元组 92939  | 0.48 req/s  516 out-tok/s
[ 16772s] 完成 8108  成功 8108  失败 0  截断 817  三元组 93044  | 0.48 req/s  516 out-tok/s
[ 16791s] 完成 8112  成功 8112  失败 0  截断 818  三元组 93098  | 0.48 req/s  516 out-tok/s
[ 16808s] 完成 8122  成功 8122  失败 0  截断 818  三元组 93233  | 0.48 req/s  516 out-tok/s
[ 16828s] 完成 8136  成功 8136  失败 0  截断 819  三元组 93440  | 0.48 req/s  517 out-tok/s
[ 16843s] 完成 8146  成功 8146  失败 0  截断 819  三元组 93533  | 0.48 req/s  517 out-tok/s
[ 16859s] 完成 8152  成功 8152  失败 0  截断 819  三元组 93594  | 0.48 req/s  516 out-tok/s
[ 16876s] 完成 8157  成功 8157  失败 0  截断 819  三元组 93666  | 0.48 req/s  516 out-tok/s
[ 16892s] 完成 8164  成功 8164  失败 0  截断 820  三元组 93739  | 0.48 req/s  516 out-tok/s
[ 16908s] 完成 8173  成功 8173  失败 0  截断 820  三元组 93876  | 0.48 req/s  516 out-tok/s
[ 16927s] 完成 8179  成功 8179  失败 0  截断 821  三元组 93959  | 0.48 req/s  516 out-tok/s
[ 16943s] 完成 8191  成功 8191  失败 0  截断 821  三元组 94109  | 0.48 req/s  516 out-tok/s
[ 16958s] 完成 8195  成功 8195  失败 0  截断 821  三元组 94162  | 0.48 req/s  516 out-tok/s
[ 16978s] 完成 8205  成功 8205  失败 0  截断 823  三元组 94264  | 0.48 req/s  516 out-tok/s
[ 16995s] 完成 8213  成功 8213  失败 0  截断 824  三元组 94353  | 0.48 req/s  516 out-tok/s
[ 17011s] 完成 8222  成功 8222  失败 0  截断 825  三元组 94436  | 0.48 req/s  516 out-tok/s
[ 17026s] 完成 8230  成功 8230  失败 0  截断 827  三元组 94535  | 0.48 req/s  516 out-tok/s
[ 17044s] 完成 8235  成功 8235  失败 0  截断 827  三元组 94596  | 0.48 req/s  516 out-tok/s
[ 17059s] 完成 8243  成功 8243  失败 0  截断 828  三元组 94683  | 0.48 req/s  516 out-tok/s
[ 17079s] 完成 8248  成功 8248  失败 0  截断 828  三元组 94737  | 0.48 req/s  516 out-tok/s
[ 17101s] 完成 8260  成功 8260  失败 0  截断 831  三元组 94911  | 0.48 req/s  516 out-tok/s
[ 17119s] 完成 8271  成功 8271  失败 0  截断 832  三元组 95061  | 0.48 req/s  517 out-tok/s
[ 17138s] 完成 8277  成功 8277  失败 0  截断 833  三元组 95150  | 0.48 req/s  516 out-tok/s
[ 17156s] 完成 8290  成功 8290  失败 0  截断 834  三元组 95294  | 0.48 req/s  517 out-tok/s
[ 17175s] 完成 8297  成功 8297  失败 0  截断 834  三元组 95364  | 0.48 req/s  516 out-tok/s
[ 17192s] 完成 8301  成功 8301  失败 0  截断 834  三元组 95418  | 0.48 req/s  516 out-tok/s
[ 17208s] 完成 8309  成功 8309  失败 0  截断 834  三元组 95531  | 0.48 req/s  516 out-tok/s
[ 17225s] 完成 8321  成功 8321  失败 0  截断 835  三元组 95689  | 0.48 req/s  516 out-tok/s
[ 17243s] 完成 8330  成功 8330  失败 0  截断 835  三元组 95762  | 0.48 req/s  516 out-tok/s
[ 17258s] 完成 8335  成功 8335  失败 0  截断 836  三元组 95829  | 0.48 req/s  516 out-tok/s
[ 17275s] 完成 8343  成功 8343  失败 0  截断 838  三元组 95910  | 0.48 req/s  516 out-tok/s
[ 17294s] 完成 8352  成功 8352  失败 0  截断 839  三元组 96031  | 0.48 req/s  516 out-tok/s
[ 17310s] 完成 8365  成功 8365  失败 0  截断 839  三元组 96186  | 0.48 req/s  517 out-tok/s
[ 17326s] 完成 8371  成功 8371  失败 0  截断 840  三元组 96242  | 0.48 req/s  517 out-tok/s
[ 17343s] 完成 8383  成功 8383  失败 0  截断 841  三元组 96346  | 0.48 req/s  517 out-tok/s
[ 17361s] 完成 8395  成功 8395  失败 0  截断 841  三元组 96473  | 0.48 req/s  517 out-tok/s
[ 17380s] 完成 8400  成功 8400  失败 0  截断 842  三元组 96510  | 0.48 req/s  516 out-tok/s
[ 17395s] 完成 8410  成功 8410  失败 0  截断 843  三元组 96672  | 0.48 req/s  517 out-tok/s
[ 17412s] 完成 8416  成功 8416  失败 0  截断 843  三元组 96747  | 0.48 req/s  516 out-tok/s
[ 17432s] 完成 8422  成功 8422  失败 0  截断 845  三元组 96821  | 0.48 req/s  516 out-tok/s
[ 17454s] 完成 8430  成功 8430  失败 0  截断 845  三元组 96921  | 0.48 req/s  516 out-tok/s
[ 17469s] 完成 8437  成功 8437  失败 0  截断 846  三元组 97030  | 0.48 req/s  516 out-tok/s
[ 17488s] 完成 8446  成功 8446  失败 0  截断 846  三元组 97136  | 0.48 req/s  516 out-tok/s
[ 17504s] 完成 8452  成功 8452  失败 0  截断 846  三元组 97225  | 0.48 req/s  516 out-tok/s
[ 17520s] 完成 8461  成功 8461  失败 0  截断 847  三元组 97333  | 0.48 req/s  516 out-tok/s
[ 17536s] 完成 8469  成功 8469  失败 0  截断 848  三元组 97417  | 0.48 req/s  517 out-tok/s
[ 17551s] 完成 8475  成功 8475  失败 0  截断 849  三元组 97469  | 0.48 req/s  516 out-tok/s
[ 17569s] 完成 8484  成功 8484  失败 0  截断 850  三元组 97592  | 0.48 req/s  517 out-tok/s
[ 17586s] 完成 8492  成功 8492  失败 0  截断 851  三元组 97693  | 0.48 req/s  517 out-tok/s
[ 17603s] 完成 8499  成功 8499  失败 0  截断 851  三元组 97768  | 0.48 req/s  516 out-tok/s
[ 17605s] 完成 8500  成功 8500  失败 0  截断 851  三元组 97775  | 0.48 req/s  516 out-tok/s
[ 17623s] 完成 8508  成功 8508  失败 0  截断 852  三元组 97847  | 0.48 req/s  516 out-tok/s
[ 17638s] 完成 8512  成功 8512  失败 0  截断 852  三元组 97906  | 0.48 req/s  516 out-tok/s
[ 17654s] 完成 8520  成功 8520  失败 0  截断 853  三元组 97995  | 0.48 req/s  516 out-tok/s
[ 17670s] 完成 8526  成功 8526  失败 0  截断 854  三元组 98075  | 0.48 req/s  516 out-tok/s
[ 17687s] 完成 8536  成功 8536  失败 0  截断 854  三元组 98201  | 0.48 req/s  516 out-tok/s
[ 17704s] 完成 8547  成功 8547  失败 0  截断 855  三元组 98320  | 0.48 req/s  517 out-tok/s
[ 17719s] 完成 8554  成功 8554  失败 0  截断 856  三元组 98396  | 0.48 req/s  517 out-tok/s
[ 17737s] 完成 8564  成功 8564  失败 0  截断 858  三元组 98520  | 0.48 req/s  517 out-tok/s
[ 17755s] 完成 8572  成功 8572  失败 0  截断 859  三元组 98606  | 0.48 req/s  517 out-tok/s
[ 17771s] 完成 8579  成功 8579  失败 0  截断 859  三元组 98695  | 0.48 req/s  517 out-tok/s
[ 17788s] 完成 8585  成功 8585  失败 0  截断 859  三元组 98758  | 0.48 req/s  516 out-tok/s
[ 17805s] 完成 8591  成功 8591  失败 0  截断 859  三元组 98826  | 0.48 req/s  516 out-tok/s
[ 17821s] 完成 8594  成功 8594  失败 0  截断 859  三元组 98878  | 0.48 req/s  516 out-tok/s
[ 17838s] 完成 8602  成功 8602  失败 0  截断 860  三元组 98951  | 0.48 req/s  516 out-tok/s
[ 17857s] 完成 8608  成功 8608  失败 0  截断 861  三元组 99032  | 0.48 req/s  516 out-tok/s
[ 17878s] 完成 8615  成功 8615  失败 0  截断 863  三元组 99134  | 0.48 req/s  516 out-tok/s
[ 17895s] 完成 8621  成功 8621  失败 0  截断 866  三元组 99207  | 0.48 req/s  516 out-tok/s
[ 17912s] 完成 8631  成功 8631  失败 0  截断 869  三元组 99329  | 0.48 req/s  516 out-tok/s
[ 17927s] 完成 8640  成功 8640  失败 0  截断 869  三元组 99415  | 0.48 req/s  516 out-tok/s
[ 17947s] 完成 8648  成功 8648  失败 0  截断 872  三元组 99479  | 0.48 req/s  516 out-tok/s
[ 17967s] 完成 8655  成功 8655  失败 0  截断 873  三元组 99548  | 0.48 req/s  516 out-tok/s
[ 17982s] 完成 8663  成功 8663  失败 0  截断 873  三元组 99628  | 0.48 req/s  516 out-tok/s
[ 17999s] 完成 8672  成功 8672  失败 0  截断 875  三元组 99713  | 0.48 req/s  516 out-tok/s
[ 18019s] 完成 8681  成功 8681  失败 0  截断 877  三元组 99802  | 0.48 req/s  516 out-tok/s
[ 18036s] 完成 8688  成功 8688  失败 0  截断 880  三元组 99872  | 0.48 req/s  516 out-tok/s
[ 18057s] 完成 8693  成功 8693  失败 0  截断 881  三元组 99937  | 0.48 req/s  516 out-tok/s
[ 18076s] 完成 8702  成功 8702  失败 0  截断 883  三元组 100045  | 0.48 req/s  516 out-tok/s
[ 18092s] 完成 8712  成功 8712  失败 0  截断 883  三元组 100146  | 0.48 req/s  516 out-tok/s
[ 18108s] 完成 8720  成功 8720  失败 0  截断 883  三元组 100264  | 0.48 req/s  516 out-tok/s
[ 18123s] 完成 8729  成功 8729  失败 0  截断 883  三元组 100379  | 0.48 req/s  517 out-tok/s
[ 18139s] 完成 8738  成功 8738  失败 0  截断 885  三元组 100472  | 0.48 req/s  517 out-tok/s
[ 18158s] 完成 8747  成功 8747  失败 0  截断 886  三元组 100556  | 0.48 req/s  517 out-tok/s
[ 18174s] 完成 8752  成功 8752  失败 0  截断 886  三元组 100620  | 0.48 req/s  516 out-tok/s
[ 18189s] 完成 8762  成功 8762  失败 0  截断 886  三元组 100734  | 0.48 req/s  517 out-tok/s
[ 18208s] 完成 8770  成功 8770  失败 0  截断 887  三元组 100840  | 0.48 req/s  516 out-tok/s
[ 18224s] 完成 8779  成功 8779  失败 0  截断 887  三元组 100935  | 0.48 req/s  516 out-tok/s
[ 18241s] 完成 8784  成功 8784  失败 0  截断 888  三元组 100995  | 0.48 req/s  516 out-tok/s
[ 18260s] 完成 8792  成功 8792  失败 0  截断 889  三元组 101084  | 0.48 req/s  516 out-tok/s
[ 18277s] 完成 8799  成功 8799  失败 0  截断 889  三元组 101169  | 0.48 req/s  516 out-tok/s
[ 18294s] 完成 8807  成功 8807  失败 0  截断 891  三元组 101268  | 0.48 req/s  516 out-tok/s
[ 18310s] 完成 8814  成功 8814  失败 0  截断 893  三元组 101352  | 0.48 req/s  516 out-tok/s
[ 18326s] 完成 8822  成功 8822  失败 0  截断 893  三元组 101445  | 0.48 req/s  516 out-tok/s
[ 18341s] 完成 8836  成功 8836  失败 0  截断 896  三元组 101573  | 0.48 req/s  517 out-tok/s
[ 18358s] 完成 8844  成功 8844  失败 0  截断 898  三元组 101672  | 0.48 req/s  517 out-tok/s
[ 18373s] 完成 8852  成功 8852  失败 0  截断 898  三元组 101757  | 0.48 req/s  517 out-tok/s
[ 18389s] 完成 8863  成功 8863  失败 0  截断 898  三元组 101868  | 0.48 req/s  517 out-tok/s
[ 18404s] 完成 8874  成功 8874  失败 0  截断 899  三元组 101961  | 0.48 req/s  517 out-tok/s
[ 18420s] 完成 8880  成功 8880  失败 0  截断 899  三元组 102041  | 0.48 req/s  517 out-tok/s
[ 18436s] 完成 8884  成功 8884  失败 0  截断 899  三元组 102086  | 0.48 req/s  516 out-tok/s
[ 18451s] 完成 8892  成功 8892  失败 0  截断 899  三元组 102197  | 0.48 req/s  517 out-tok/s
[ 18467s] 完成 8898  成功 8898  失败 0  截断 899  三元组 102266  | 0.48 req/s  516 out-tok/s
[ 18485s] 完成 8906  成功 8906  失败 0  截断 899  三元组 102346  | 0.48 req/s  516 out-tok/s
[ 18510s] 完成 8916  成功 8916  失败 0  截断 899  三元组 102486  | 0.48 req/s  516 out-tok/s
[ 18527s] 完成 8927  成功 8927  失败 0  截断 901  三元组 102628  | 0.48 req/s  516 out-tok/s
[ 18544s] 完成 8937  成功 8937  失败 0  截断 903  三元组 102755  | 0.48 req/s  517 out-tok/s
[ 18561s] 完成 8945  成功 8945  失败 0  截断 905  三元组 102838  | 0.48 req/s  517 out-tok/s
[ 18576s] 完成 8953  成功 8953  失败 0  截断 905  三元组 102916  | 0.48 req/s  517 out-tok/s
[ 18594s] 完成 8959  成功 8959  失败 0  截断 906  三元组 102981  | 0.48 req/s  516 out-tok/s
[ 18609s] 完成 8966  成功 8966  失败 0  截断 907  三元组 103083  | 0.48 req/s  517 out-tok/s
[ 18625s] 完成 8973  成功 8973  失败 0  截断 907  三元组 103178  | 0.48 req/s  516 out-tok/s
[ 18646s] 完成 8979  成功 8979  失败 0  截断 908  三元组 103274  | 0.48 req/s  516 out-tok/s
[ 18662s] 完成 8986  成功 8986  失败 0  截断 909  三元组 103355  | 0.48 req/s  516 out-tok/s
[ 18678s] 完成 8995  成功 8995  失败 0  截断 909  三元组 103494  | 0.48 req/s  517 out-tok/s
[ 18689s] 完成 9000  成功 9000  失败 0  截断 909  三元组 103547  | 0.48 req/s  516 out-tok/s
[ 18709s] 完成 9004  成功 9004  失败 0  截断 910  三元组 103610  | 0.48 req/s  516 out-tok/s
[ 18726s] 完成 9016  成功 9016  失败 0  截断 914  三元组 103774  | 0.48 req/s  517 out-tok/s
[ 18742s] 完成 9023  成功 9023  失败 0  截断 914  三元组 103852  | 0.48 req/s  517 out-tok/s
[ 18758s] 完成 9032  成功 9032  失败 0  截断 915  三元组 103971  | 0.48 req/s  517 out-tok/s
[ 18773s] 完成 9044  成功 9044  失败 0  截断 916  三元组 104113  | 0.48 req/s  517 out-tok/s
[ 18788s] 完成 9051  成功 9051  失败 0  截断 917  三元组 104172  | 0.48 req/s  517 out-tok/s
[ 18803s] 完成 9060  成功 9060  失败 0  截断 917  三元组 104254  | 0.48 req/s  517 out-tok/s
[ 18819s] 完成 9070  成功 9070  失败 0  截断 917  三元组 104359  | 0.48 req/s  517 out-tok/s
[ 18837s] 完成 9077  成功 9077  失败 0  截断 917  三元组 104437  | 0.48 req/s  517 out-tok/s
[ 18857s] 完成 9088  成功 9088  失败 0  截断 918  三元组 104540  | 0.48 req/s  517 out-tok/s
[ 18874s] 完成 9092  成功 9092  失败 0  截断 918  三元组 104576  | 0.48 req/s  516 out-tok/s
[ 18889s] 完成 9098  成功 9098  失败 0  截断 918  三元组 104666  | 0.48 req/s  516 out-tok/s
[ 18905s] 完成 9105  成功 9105  失败 0  截断 919  三元组 104749  | 0.48 req/s  516 out-tok/s
[ 18922s] 完成 9112  成功 9112  失败 0  截断 919  三元组 104855  | 0.48 req/s  516 out-tok/s
[ 18938s] 完成 9117  成功 9117  失败 0  截断 919  三元组 104907  | 0.48 req/s  516 out-tok/s
[ 18956s] 完成 9129  成功 9129  失败 0  截断 921  三元组 105036  | 0.48 req/s  517 out-tok/s
[ 18971s] 完成 9134  成功 9134  失败 0  截断 921  三元组 105083  | 0.48 req/s  516 out-tok/s
[ 18990s] 完成 9138  成功 9138  失败 0  截断 922  三元组 105137  | 0.48 req/s  516 out-tok/s
[ 19008s] 完成 9149  成功 9149  失败 0  截断 925  三元组 105284  | 0.48 req/s  516 out-tok/s
[ 19026s] 完成 9158  成功 9158  失败 0  截断 925  三元组 105408  | 0.48 req/s  516 out-tok/s
[ 19042s] 完成 9169  成功 9169  失败 0  截断 926  三元组 105515  | 0.48 req/s  517 out-tok/s
[ 19058s] 完成 9179  成功 9179  失败 0  截断 928  三元组 105636  | 0.48 req/s  517 out-tok/s
[ 19076s] 完成 9187  成功 9187  失败 0  截断 928  三元组 105719  | 0.48 req/s  517 out-tok/s
[ 19095s] 完成 9195  成功 9195  失败 0  截断 928  三元组 105799  | 0.48 req/s  517 out-tok/s
[ 19111s] 完成 9201  成功 9201  失败 0  截断 929  三元组 105876  | 0.48 req/s  517 out-tok/s
[ 19131s] 完成 9210  成功 9210  失败 0  截断 929  三元组 105975  | 0.48 req/s  516 out-tok/s
[ 19148s] 完成 9217  成功 9217  失败 0  截断 929  三元组 106046  | 0.48 req/s  516 out-tok/s
[ 19166s] 完成 9228  成功 9228  失败 0  截断 930  三元组 106186  | 0.48 req/s  516 out-tok/s
[ 19181s] 完成 9236  成功 9236  失败 0  截断 932  三元组 106293  | 0.48 req/s  517 out-tok/s
[ 19199s] 完成 9243  成功 9243  失败 0  截断 934  三元组 106384  | 0.48 req/s  517 out-tok/s
[ 19218s] 完成 9251  成功 9251  失败 0  截断 936  三元组 106469  | 0.48 req/s  517 out-tok/s
[ 19233s] 完成 9256  成功 9256  失败 0  截断 936  三元组 106530  | 0.48 req/s  516 out-tok/s
[ 19248s] 完成 9261  成功 9261  失败 0  截断 936  三元组 106591  | 0.48 req/s  516 out-tok/s
[ 19268s] 完成 9270  成功 9270  失败 0  截断 937  三元组 106715  | 0.48 req/s  516 out-tok/s
[ 19288s] 完成 9276  成功 9276  失败 0  截断 938  三元组 106803  | 0.48 req/s  516 out-tok/s
[ 19305s] 完成 9283  成功 9283  失败 0  截断 939  三元组 106876  | 0.48 req/s  516 out-tok/s
[ 19320s] 完成 9293  成功 9293  失败 0  截断 942  三元组 107002  | 0.48 req/s  517 out-tok/s
[ 19335s] 完成 9297  成功 9297  失败 0  截断 942  三元组 107046  | 0.48 req/s  516 out-tok/s
[ 19352s] 完成 9305  成功 9305  失败 0  截断 942  三元组 107167  | 0.48 req/s  517 out-tok/s
[ 19367s] 完成 9312  成功 9312  失败 0  截断 942  三元组 107259  | 0.48 req/s  517 out-tok/s
[ 19385s] 完成 9319  成功 9319  失败 0  截断 943  三元组 107323  | 0.48 req/s  516 out-tok/s
[ 19401s] 完成 9326  成功 9326  失败 0  截断 944  三元组 107422  | 0.48 req/s  516 out-tok/s
[ 19419s] 完成 9333  成功 9333  失败 0  截断 946  三元组 107526  | 0.48 req/s  517 out-tok/s
[ 19436s] 完成 9344  成功 9344  失败 0  截断 947  三元组 107676  | 0.48 req/s  517 out-tok/s
[ 19453s] 完成 9350  成功 9350  失败 0  截断 947  三元组 107737  | 0.48 req/s  517 out-tok/s
[ 19470s] 完成 9360  成功 9360  失败 0  截断 948  三元组 107843  | 0.48 req/s  517 out-tok/s
[ 19485s] 完成 9363  成功 9363  失败 0  截断 948  三元组 107865  | 0.48 req/s  516 out-tok/s
[ 19504s] 完成 9375  成功 9375  失败 0  截断 952  三元组 108018  | 0.48 req/s  517 out-tok/s
[ 19520s] 完成 9383  成功 9383  失败 0  截断 952  三元组 108089  | 0.48 req/s  517 out-tok/s
[ 19535s] 完成 9392  成功 9392  失败 0  截断 954  三元组 108196  | 0.48 req/s  517 out-tok/s
[ 19551s] 完成 9398  成功 9398  失败 0  截断 955  三元组 108252  | 0.48 req/s  517 out-tok/s
[ 19570s] 完成 9407  成功 9407  失败 0  截断 955  三元组 108346  | 0.48 req/s  516 out-tok/s
[ 19585s] 完成 9415  成功 9415  失败 0  截断 955  三元组 108445  | 0.48 req/s  516 out-tok/s
[ 19603s] 完成 9425  成功 9425  失败 0  截断 958  三元组 108547  | 0.48 req/s  517 out-tok/s
[ 19619s] 完成 9430  成功 9430  失败 0  截断 959  三元组 108603  | 0.48 req/s  517 out-tok/s
[ 19641s] 完成 9440  成功 9440  失败 0  截断 960  三元组 108712  | 0.48 req/s  516 out-tok/s
[ 19662s] 完成 9448  成功 9448  失败 0  截断 963  三元组 108817  | 0.48 req/s  517 out-tok/s
[ 19679s] 完成 9456  成功 9456  失败 0  截断 963  三元组 108912  | 0.48 req/s  516 out-tok/s
[ 19695s] 完成 9464  成功 9464  失败 0  截断 963  三元组 109013  | 0.48 req/s  517 out-tok/s
[ 19711s] 完成 9470  成功 9470  失败 0  截断 963  三元组 109086  | 0.48 req/s  516 out-tok/s
[ 19728s] 完成 9478  成功 9478  失败 0  截断 965  三元组 109203  | 0.48 req/s  517 out-tok/s
[ 19744s] 完成 9485  成功 9485  失败 0  截断 965  三元组 109297  | 0.48 req/s  517 out-tok/s
[ 19763s] 完成 9493  成功 9493  失败 0  截断 966  三元组 109379  | 0.48 req/s  517 out-tok/s
[ 19777s] 完成 9500  成功 9500  失败 0  截断 966  三元组 109475  | 0.48 req/s  517 out-tok/s
[ 19792s] 完成 9510  成功 9510  失败 0  截断 969  三元组 109603  | 0.48 req/s  517 out-tok/s
[ 19807s] 完成 9515  成功 9515  失败 0  截断 969  三元组 109655  | 0.48 req/s  517 out-tok/s
[ 19823s] 完成 9521  成功 9521  失败 0  截断 969  三元组 109729  | 0.48 req/s  517 out-tok/s
[ 19839s] 完成 9529  成功 9529  失败 0  截断 969  三元组 109806  | 0.48 req/s  517 out-tok/s
[ 19855s] 完成 9536  成功 9536  失败 0  截断 969  三元组 109901  | 0.48 req/s  517 out-tok/s
[ 19874s] 完成 9542  成功 9542  失败 0  截断 970  三元组 109972  | 0.48 req/s  516 out-tok/s
[ 19890s] 完成 9549  成功 9549  失败 0  截断 972  三元组 110038  | 0.48 req/s  517 out-tok/s
[ 19908s] 完成 9557  成功 9557  失败 0  截断 973  三元组 110138  | 0.48 req/s  517 out-tok/s
[ 19924s] 完成 9565  成功 9565  失败 0  截断 975  三元组 110231  | 0.48 req/s  517 out-tok/s
[ 19941s] 完成 9568  成功 9568  失败 0  截断 975  三元组 110277  | 0.48 req/s  516 out-tok/s
[ 19962s] 完成 9579  成功 9579  失败 0  截断 978  三元组 110432  | 0.48 req/s  517 out-tok/s
[ 19979s] 完成 9589  成功 9589  失败 0  截断 978  三元组 110556  | 0.48 req/s  517 out-tok/s
[ 19994s] 完成 9599  成功 9599  失败 0  截断 979  三元组 110663  | 0.48 req/s  517 out-tok/s
[ 20010s] 完成 9608  成功 9608  失败 0  截断 980  三元组 110775  | 0.48 req/s  517 out-tok/s
[ 20025s] 完成 9611  成功 9611  失败 0  截断 980  三元组 110799  | 0.48 req/s  517 out-tok/s
[ 20043s] 完成 9625  成功 9625  失败 0  截断 982  三元组 110964  | 0.48 req/s  517 out-tok/s
[ 20060s] 完成 9635  成功 9635  失败 0  截断 982  三元组 111045  | 0.48 req/s  517 out-tok/s
[ 20075s] 完成 9643  成功 9643  失败 0  截断 983  三元组 111123  | 0.48 req/s  517 out-tok/s
[ 20093s] 完成 9649  成功 9649  失败 0  截断 984  三元组 111180  | 0.48 req/s  517 out-tok/s
[ 20117s] 完成 9658  成功 9658  失败 0  截断 985  三元组 111270  | 0.48 req/s  516 out-tok/s
[ 20132s] 完成 9668  成功 9668  失败 0  截断 988  三元组 111374  | 0.48 req/s  517 out-tok/s
[ 20148s] 完成 9680  成功 9680  失败 0  截断 989  三元组 111509  | 0.48 req/s  517 out-tok/s
[ 20165s] 完成 9684  成功 9684  失败 0  截断 989  三元组 111558  | 0.48 req/s  517 out-tok/s
[ 20181s] 完成 9688  成功 9688  失败 0  截断 989  三元组 111624  | 0.48 req/s  517 out-tok/s
[ 20197s] 完成 9695  成功 9695  失败 0  截断 991  三元组 111707  | 0.48 req/s  517 out-tok/s
[ 20213s] 完成 9704  成功 9704  失败 0  截断 991  三元组 111824  | 0.48 req/s  517 out-tok/s
[ 20228s] 完成 9712  成功 9712  失败 0  截断 993  三元组 111941  | 0.48 req/s  517 out-tok/s
[ 20245s] 完成 9719  成功 9719  失败 0  截断 993  三元组 112019  | 0.48 req/s  517 out-tok/s
[ 20261s] 完成 9725  成功 9725  失败 0  截断 993  三元组 112099  | 0.48 req/s  517 out-tok/s
[ 20276s] 完成 9728  成功 9728  失败 0  截断 993  三元组 112133  | 0.48 req/s  517 out-tok/s
[ 20292s] 完成 9739  成功 9739  失败 0  截断 994  三元组 112295  | 0.48 req/s  517 out-tok/s
[ 20311s] 完成 9745  成功 9745  失败 0  截断 994  三元组 112353  | 0.48 req/s  517 out-tok/s
[ 20327s] 完成 9755  成功 9755  失败 0  截断 995  三元组 112483  | 0.48 req/s  517 out-tok/s
[ 20343s] 完成 9764  成功 9764  失败 0  截断 995  三元组 112620  | 0.48 req/s  517 out-tok/s
[ 20358s] 完成 9771  成功 9771  失败 0  截断 998  三元组 112679  | 0.48 req/s  517 out-tok/s
[ 20373s] 完成 9780  成功 9780  失败 0  截断 998  三元组 112766  | 0.48 req/s  517 out-tok/s
[ 20390s] 完成 9788  成功 9788  失败 0  截断 998  三元组 112869  | 0.48 req/s  517 out-tok/s
[ 20405s] 完成 9796  成功 9796  失败 0  截断 998  三元组 112970  | 0.48 req/s  517 out-tok/s
[ 20424s] 完成 9806  成功 9806  失败 0  截断 998  三元组 113085  | 0.48 req/s  517 out-tok/s
[ 20445s] 完成 9814  成功 9814  失败 0  截断 999  三元组 113173  | 0.48 req/s  517 out-tok/s
[ 20462s] 完成 9821  成功 9821  失败 0  截断 999  三元组 113251  | 0.48 req/s  517 out-tok/s
[ 20478s] 完成 9831  成功 9831  失败 0  截断 999  三元组 113399  | 0.48 req/s  517 out-tok/s
[ 20499s] 完成 9836  成功 9836  失败 0  截断 999  三元组 113443  | 0.48 req/s  517 out-tok/s
[ 20526s] 完成 9843  成功 9843  失败 0  截断 1000  三元组 113526  | 0.48 req/s  516 out-tok/s
[ 20541s] 完成 9851  成功 9851  失败 0  截断 1002  三元组 113651  | 0.48 req/s  516 out-tok/s
[ 20557s] 完成 9856  成功 9856  失败 0  截断 1004  三元组 113698  | 0.48 req/s  516 out-tok/s
[ 20577s] 完成 9870  成功 9870  失败 0  截断 1008  三元组 113864  | 0.48 req/s  517 out-tok/s
[ 20592s] 完成 9875  成功 9875  失败 0  截断 1008  三元组 113903  | 0.48 req/s  517 out-tok/s
[ 20610s] 完成 9886  成功 9886  失败 0  截断 1008  三元组 114010  | 0.48 req/s  517 out-tok/s
[ 20627s] 完成 9891  成功 9891  失败 0  截断 1009  三元组 114088  | 0.48 req/s  517 out-tok/s
[ 20643s] 完成 9897  成功 9897  失败 0  截断 1011  三元组 114170  | 0.48 req/s  517 out-tok/s
[ 20660s] 完成 9908  成功 9908  失败 0  截断 1014  三元组 114290  | 0.48 req/s  517 out-tok/s
[ 20677s] 完成 9914  成功 9914  失败 0  截断 1014  三元组 114387  | 0.48 req/s  517 out-tok/s
[ 20692s] 完成 9921  成功 9921  失败 0  截断 1014  三元组 114481  | 0.48 req/s  517 out-tok/s
[ 20714s] 完成 9931  成功 9931  失败 0  截断 1015  三元组 114600  | 0.48 req/s  517 out-tok/s
[ 20734s] 完成 9939  成功 9939  失败 0  截断 1015  三元组 114704  | 0.48 req/s  517 out-tok/s
[ 20752s] 完成 9949  成功 9949  失败 0  截断 1016  三元组 114835  | 0.48 req/s  517 out-tok/s
[ 20769s] 完成 9960  成功 9960  失败 0  截断 1016  三元组 114965  | 0.48 req/s  517 out-tok/s
[ 20785s] 完成 9966  成功 9966  失败 0  截断 1016  三元组 115022  | 0.48 req/s  517 out-tok/s
[ 20800s] 完成 9975  成功 9975  失败 0  截断 1016  三元组 115137  | 0.48 req/s  517 out-tok/s
[ 20822s] 完成 9983  成功 9983  失败 0  截断 1018  三元组 115242  | 0.48 req/s  517 out-tok/s
[ 20838s] 完成 9991  成功 9991  失败 0  截断 1018  三元组 115318  | 0.48 req/s  517 out-tok/s
[ 20854s] 完成 9999  成功 9999  失败 0  截断 1019  三元组 115435  | 0.48 req/s  517 out-tok/s
[ 20862s] 完成 10000  成功 10000  失败 0  截断 1019  三元组 115438  | 0.48 req/s  517 out-tok/s
[ 20880s] 完成 10006  成功 10006  失败 0  截断 1019  三元组 115521  | 0.48 req/s  517 out-tok/s
[ 20899s] 完成 10015  成功 10015  失败 0  截断 1020  三元组 115659  | 0.48 req/s  517 out-tok/s
[ 20914s] 完成 10022  成功 10022  失败 0  截断 1020  三元组 115741  | 0.48 req/s  517 out-tok/s
[ 20930s] 完成 10030  成功 10030  失败 0  截断 1020  三元组 115850  | 0.48 req/s  517 out-tok/s
[ 20947s] 完成 10036  成功 10036  失败 0  截断 1021  三元组 115929  | 0.48 req/s  517 out-tok/s
[ 20963s] 完成 10043  成功 10043  失败 0  截断 1023  三元组 116027  | 0.48 req/s  517 out-tok/s
[ 20979s] 完成 10051  成功 10051  失败 0  截断 1024  三元组 116102  | 0.48 req/s  517 out-tok/s
[ 20995s] 完成 10062  成功 10062  失败 0  截断 1027  三元组 116232  | 0.48 req/s  517 out-tok/s
[ 21013s] 完成 10072  成功 10072  失败 0  截断 1027  三元组 116334  | 0.48 req/s  517 out-tok/s
[ 21032s] 完成 10080  成功 10080  失败 0  截断 1027  三元组 116423  | 0.48 req/s  517 out-tok/s
[ 21050s] 完成 10091  成功 10091  失败 0  截断 1029  三元组 116536  | 0.48 req/s  517 out-tok/s
[ 21070s] 完成 10102  成功 10102  失败 0  截断 1030  三元组 116649  | 0.48 req/s  517 out-tok/s
[ 21091s] 完成 10111  成功 10111  失败 0  截断 1032  三元组 116743  | 0.48 req/s  517 out-tok/s
[ 21110s] 完成 10119  成功 10119  失败 0  截断 1032  三元组 116824  | 0.48 req/s  517 out-tok/s
[ 21125s] 完成 10133  成功 10133  失败 0  截断 1033  三元组 117001  | 0.48 req/s  517 out-tok/s
[ 21143s] 完成 10140  成功 10140  失败 0  截断 1033  三元组 117082  | 0.48 req/s  517 out-tok/s
[ 21160s] 完成 10149  成功 10149  失败 0  截断 1033  三元组 117169  | 0.48 req/s  517 out-tok/s
[ 21177s] 完成 10158  成功 10158  失败 0  截断 1034  三元组 117282  | 0.48 req/s  517 out-tok/s
[ 21192s] 完成 10166  成功 10166  失败 0  截断 1034  三元组 117389  | 0.48 req/s  517 out-tok/s
[ 21208s] 完成 10175  成功 10175  失败 0  截断 1035  三元组 117472  | 0.48 req/s  517 out-tok/s
[ 21224s] 完成 10184  成功 10184  失败 0  截断 1035  三元组 117573  | 0.48 req/s  517 out-tok/s
[ 21242s] 完成 10192  成功 10192  失败 0  截断 1036  三元组 117665  | 0.48 req/s  517 out-tok/s
[ 21259s] 完成 10203  成功 10203  失败 0  截断 1036  三元组 117805  | 0.48 req/s  517 out-tok/s
[ 21275s] 完成 10212  成功 10212  失败 0  截断 1037  三元组 117895  | 0.48 req/s  517 out-tok/s
[ 21290s] 完成 10221  成功 10221  失败 0  截断 1038  三元组 117986  | 0.48 req/s  517 out-tok/s
[ 21306s] 完成 10229  成功 10229  失败 0  截断 1039  三元组 118096  | 0.48 req/s  517 out-tok/s
[ 21321s] 完成 10235  成功 10235  失败 0  截断 1040  三元组 118164  | 0.48 req/s  517 out-tok/s
[ 21337s] 完成 10240  成功 10240  失败 0  截断 1040  三元组 118229  | 0.48 req/s  517 out-tok/s
[ 21354s] 完成 10251  成功 10251  失败 0  截断 1041  三元组 118346  | 0.48 req/s  517 out-tok/s
[ 21369s] 完成 10257  成功 10257  失败 0  截断 1041  三元组 118416  | 0.48 req/s  517 out-tok/s
[ 21384s] 完成 10268  成功 10268  失败 0  截断 1041  三元组 118538  | 0.48 req/s  517 out-tok/s
[ 21404s] 完成 10274  成功 10274  失败 0  截断 1041  三元组 118601  | 0.48 req/s  517 out-tok/s
[ 21420s] 完成 10282  成功 10282  失败 0  截断 1042  三元组 118707  | 0.48 req/s  517 out-tok/s
[ 21436s] 完成 10291  成功 10291  失败 0  截断 1044  三元组 118833  | 0.48 req/s  517 out-tok/s
[ 21454s] 完成 10296  成功 10296  失败 0  截断 1045  三元组 118894  | 0.48 req/s  517 out-tok/s
[ 21470s] 完成 10303  成功 10303  失败 0  截断 1045  三元组 118968  | 0.48 req/s  517 out-tok/s
[ 21486s] 完成 10311  成功 10311  失败 0  截断 1046  三元组 119035  | 0.48 req/s  517 out-tok/s
[ 21501s] 完成 10315  成功 10315  失败 0  截断 1046  三元组 119089  | 0.48 req/s  516 out-tok/s
[ 21518s] 完成 10326  成功 10326  失败 0  截断 1049  三元组 119217  | 0.48 req/s  517 out-tok/s
[ 21536s] 完成 10335  成功 10335  失败 0  截断 1049  三元组 119318  | 0.48 req/s  517 out-tok/s
[ 21552s] 完成 10346  成功 10346  失败 0  截断 1052  三元组 119454  | 0.48 req/s  517 out-tok/s
[ 21574s] 完成 10357  成功 10357  失败 0  截断 1052  三元组 119575  | 0.48 req/s  517 out-tok/s
[ 21589s] 完成 10368  成功 10368  失败 0  截断 1054  三元组 119683  | 0.48 req/s  517 out-tok/s
[ 21604s] 完成 10376  成功 10376  失败 0  截断 1054  三元组 119766  | 0.48 req/s  517 out-tok/s
[ 21620s] 完成 10382  成功 10382  失败 0  截断 1054  三元组 119839  | 0.48 req/s  517 out-tok/s
[ 21639s] 完成 10392  成功 10392  失败 0  截断 1056  三元组 119945  | 0.48 req/s  517 out-tok/s
[ 21655s] 完成 10405  成功 10405  失败 0  截断 1057  三元组 120062  | 0.48 req/s  517 out-tok/s
[ 21670s] 完成 10410  成功 10410  失败 0  截断 1057  三元组 120131  | 0.48 req/s  517 out-tok/s
[ 21688s] 完成 10416  成功 10416  失败 0  截断 1057  三元组 120184  | 0.48 req/s  517 out-tok/s
[ 21708s] 完成 10425  成功 10425  失败 0  截断 1057  三元组 120301  | 0.48 req/s  517 out-tok/s
[ 21727s] 完成 10431  成功 10431  失败 0  截断 1057  三元组 120376  | 0.48 req/s  517 out-tok/s
[ 21742s] 完成 10437  成功 10437  失败 0  截断 1059  三元组 120454  | 0.48 req/s  517 out-tok/s
[ 21764s] 完成 10444  成功 10444  失败 0  截断 1060  三元组 120560  | 0.48 req/s  517 out-tok/s
[ 21781s] 完成 10450  成功 10450  失败 0  截断 1061  三元组 120625  | 0.48 req/s  516 out-tok/s
[ 21798s] 完成 10459  成功 10459  失败 0  截断 1064  三元组 120764  | 0.48 req/s  517 out-tok/s
[ 21816s] 完成 10469  成功 10469  失败 0  截断 1065  三元组 120875  | 0.48 req/s  517 out-tok/s
[ 21832s] 完成 10476  成功 10476  失败 0  截断 1066  三元组 120952  | 0.48 req/s  517 out-tok/s
[ 21854s] 完成 10486  成功 10486  失败 0  截断 1067  三元组 121080  | 0.48 req/s  517 out-tok/s
[ 21869s] 完成 10495  成功 10495  失败 0  截断 1069  三元组 121180  | 0.48 req/s  517 out-tok/s
[ 21882s] 完成 10500  成功 10500  失败 0  截断 1071  三元组 121226  | 0.48 req/s  517 out-tok/s
[ 21901s] 完成 10508  成功 10508  失败 0  截断 1071  三元组 121317  | 0.48 req/s  517 out-tok/s
[ 21922s] 完成 10516  成功 10516  失败 0  截断 1071  三元组 121415  | 0.48 req/s  517 out-tok/s
[ 21938s] 完成 10524  成功 10524  失败 0  截断 1071  三元组 121497  | 0.48 req/s  517 out-tok/s
[ 21953s] 完成 10535  成功 10535  失败 0  截断 1072  三元组 121662  | 0.48 req/s  517 out-tok/s
[ 21968s] 完成 10541  成功 10541  失败 0  截断 1073  三元组 121731  | 0.48 req/s  517 out-tok/s
[ 21984s] 完成 10554  成功 10554  失败 0  截断 1074  三元组 121877  | 0.48 req/s  517 out-tok/s
[ 22003s] 完成 10558  成功 10558  失败 0  截断 1074  三元组 121907  | 0.48 req/s  517 out-tok/s
[ 22019s] 完成 10569  成功 10569  失败 0  截断 1074  三元组 122026  | 0.48 req/s  517 out-tok/s
[ 22036s] 完成 10575  成功 10575  失败 0  截断 1074  三元组 122103  | 0.48 req/s  517 out-tok/s
[ 22052s] 完成 10583  成功 10583  失败 0  截断 1076  三元组 122187  | 0.48 req/s  517 out-tok/s
[ 22068s] 完成 10591  成功 10591  失败 0  截断 1077  三元组 122285  | 0.48 req/s  517 out-tok/s
[ 22084s] 完成 10600  成功 10600  失败 0  截断 1078  三元组 122399  | 0.48 req/s  517 out-tok/s
[ 22102s] 完成 10609  成功 10609  失败 0  截断 1078  三元组 122499  | 0.48 req/s  517 out-tok/s
[ 22117s] 完成 10613  成功 10613  失败 0  截断 1078  三元组 122536  | 0.48 req/s  517 out-tok/s
[ 22134s] 完成 10621  成功 10621  失败 0  截断 1079  三元组 122630  | 0.48 req/s  517 out-tok/s
[ 22149s] 完成 10628  成功 10628  失败 0  截断 1081  三元组 122731  | 0.48 req/s  517 out-tok/s
[ 22165s] 完成 10636  成功 10636  失败 0  截断 1082  三元组 122823  | 0.48 req/s  517 out-tok/s
[ 22182s] 完成 10647  成功 10647  失败 0  截断 1082  三元组 122950  | 0.48 req/s  517 out-tok/s
[ 22199s] 完成 10655  成功 10655  失败 0  截断 1083  三元组 123061  | 0.48 req/s  517 out-tok/s
[ 22214s] 完成 10661  成功 10661  失败 0  截断 1083  三元组 123139  | 0.48 req/s  517 out-tok/s
[ 22230s] 完成 10670  成功 10670  失败 0  截断 1083  三元组 123250  | 0.48 req/s  517 out-tok/s
[ 22245s] 完成 10678  成功 10678  失败 0  截断 1084  三元组 123327  | 0.48 req/s  517 out-tok/s
[ 22263s] 完成 10687  成功 10687  失败 0  截断 1085  三元组 123426  | 0.48 req/s  517 out-tok/s
[ 22281s] 完成 10696  成功 10696  失败 0  截断 1085  三元组 123501  | 0.48 req/s  517 out-tok/s
[ 22303s] 完成 10704  成功 10704  失败 0  截断 1085  三元组 123596  | 0.48 req/s  517 out-tok/s
[ 22318s] 完成 10710  成功 10710  失败 0  截断 1085  三元组 123661  | 0.48 req/s  517 out-tok/s
[ 22337s] 完成 10719  成功 10719  失败 0  截断 1087  三元组 123771  | 0.48 req/s  517 out-tok/s
[ 22359s] 完成 10726  成功 10726  失败 0  截断 1088  三元组 123878  | 0.48 req/s  517 out-tok/s
[ 22375s] 完成 10736  成功 10736  失败 0  截断 1089  三元组 124002  | 0.48 req/s  517 out-tok/s
[ 22390s] 完成 10744  成功 10744  失败 0  截断 1091  三元组 124073  | 0.48 req/s  517 out-tok/s
[ 22407s] 完成 10753  成功 10753  失败 0  截断 1092  三元组 124168  | 0.48 req/s  517 out-tok/s
[ 22433s] 完成 10763  成功 10763  失败 0  截断 1093  三元组 124264  | 0.48 req/s  517 out-tok/s
[ 22450s] 完成 10771  成功 10771  失败 0  截断 1095  三元组 124376  | 0.48 req/s  517 out-tok/s
[ 22468s] 完成 10780  成功 10780  失败 0  截断 1095  三元组 124477  | 0.48 req/s  517 out-tok/s
[ 22485s] 完成 10789  成功 10789  失败 0  截断 1098  三元组 124585  | 0.48 req/s  517 out-tok/s
[ 22500s] 完成 10793  成功 10793  失败 0  截断 1098  三元组 124614  | 0.48 req/s  517 out-tok/s
[ 22516s] 完成 10800  成功 10800  失败 0  截断 1098  三元组 124693  | 0.48 req/s  517 out-tok/s
[ 22532s] 完成 10815  成功 10815  失败 0  截断 1100  三元组 124875  | 0.48 req/s  517 out-tok/s
[ 22549s] 完成 10822  成功 10822  失败 0  截断 1101  三元组 124978  | 0.48 req/s  517 out-tok/s
[ 22564s] 完成 10827  成功 10827  失败 0  截断 1102  三元组 125026  | 0.48 req/s  517 out-tok/s
[ 22581s] 完成 10835  成功 10835  失败 0  截断 1102  三元组 125109  | 0.48 req/s  517 out-tok/s
[ 22600s] 完成 10847  成功 10847  失败 0  截断 1103  三元组 125258  | 0.48 req/s  517 out-tok/s
[ 22619s] 完成 10851  成功 10851  失败 0  截断 1103  三元组 125294  | 0.48 req/s  517 out-tok/s
[ 22639s] 完成 10862  成功 10862  失败 0  截断 1104  三元组 125441  | 0.48 req/s  517 out-tok/s
[ 22654s] 完成 10868  成功 10868  失败 0  截断 1104  三元组 125505  | 0.48 req/s  517 out-tok/s
[ 22670s] 完成 10877  成功 10877  失败 0  截断 1105  三元组 125628  | 0.48 req/s  517 out-tok/s
[ 22685s] 完成 10884  成功 10884  失败 0  截断 1107  三元组 125686  | 0.48 req/s  517 out-tok/s
[ 22703s] 完成 10892  成功 10892  失败 0  截断 1107  三元组 125789  | 0.48 req/s  517 out-tok/s
[ 22719s] 完成 10903  成功 10903  失败 0  截断 1109  三元组 125945  | 0.48 req/s  517 out-tok/s
[ 22738s] 完成 10910  成功 10910  失败 0  截断 1109  三元组 126022  | 0.48 req/s  517 out-tok/s
[ 22756s] 完成 10923  成功 10923  失败 0  截断 1109  三元组 126162  | 0.48 req/s  517 out-tok/s
[ 22776s] 完成 10931  成功 10931  失败 0  截断 1110  三元组 126235  | 0.48 req/s  517 out-tok/s
[ 22792s] 完成 10941  成功 10941  失败 0  截断 1112  三元组 126353  | 0.48 req/s  517 out-tok/s
[ 22807s] 完成 10949  成功 10949  失败 0  截断 1112  三元组 126442  | 0.48 req/s  517 out-tok/s
[ 22824s] 完成 10958  成功 10958  失败 0  截断 1113  三元组 126567  | 0.48 req/s  517 out-tok/s
[ 22842s] 完成 10967  成功 10967  失败 0  截断 1113  三元组 126652  | 0.48 req/s  517 out-tok/s
[ 22862s] 完成 10974  成功 10974  失败 0  截断 1113  三元组 126730  | 0.48 req/s  517 out-tok/s
[ 22880s] 完成 10987  成功 10987  失败 0  截断 1113  三元组 126892  | 0.48 req/s  517 out-tok/s
[ 22896s] 完成 10996  成功 10996  失败 0  截断 1113  三元组 126974  | 0.48 req/s  517 out-tok/s
[ 22901s] 完成 11000  成功 11000  失败 0  截断 1113  三元组 127004  | 0.48 req/s  517 out-tok/s
[ 22918s] 完成 11008  成功 11008  失败 0  截断 1113  三元组 127103  | 0.48 req/s  517 out-tok/s
[ 22937s] 完成 11017  成功 11017  失败 0  截断 1115  三元组 127204  | 0.48 req/s  517 out-tok/s
[ 22954s] 完成 11026  成功 11026  失败 0  截断 1115  三元组 127297  | 0.48 req/s  517 out-tok/s
[ 22969s] 完成 11035  成功 11035  失败 0  截断 1115  三元组 127392  | 0.48 req/s  517 out-tok/s
[ 22987s] 完成 11042  成功 11042  失败 0  截断 1115  三元组 127465  | 0.48 req/s  517 out-tok/s
[ 23003s] 完成 11051  成功 11051  失败 0  截断 1116  三元组 127600  | 0.48 req/s  517 out-tok/s
[ 23020s] 完成 11057  成功 11057  失败 0  截断 1116  三元组 127653  | 0.48 req/s  517 out-tok/s
[ 23037s] 完成 11067  成功 11067  失败 0  截断 1116  三元组 127755  | 0.48 req/s  517 out-tok/s
[ 23053s] 完成 11081  成功 11081  失败 0  截断 1118  三元组 127930  | 0.48 req/s  517 out-tok/s
[ 23072s] 完成 11091  成功 11091  失败 0  截断 1119  三元组 128018  | 0.48 req/s  517 out-tok/s
[ 23087s] 完成 11099  成功 11099  失败 0  截断 1119  三元组 128129  | 0.48 req/s  517 out-tok/s
[ 23106s] 完成 11106  成功 11106  失败 0  截断 1119  三元组 128188  | 0.48 req/s  517 out-tok/s
[ 23122s] 完成 11115  成功 11115  失败 0  截断 1121  三元组 128305  | 0.48 req/s  517 out-tok/s
[ 23141s] 完成 11122  成功 11122  失败 0  截断 1122  三元组 128382  | 0.48 req/s  517 out-tok/s
[ 23165s] 完成 11126  成功 11126  失败 0  截断 1122  三元组 128437  | 0.48 req/s  517 out-tok/s
[ 23181s] 完成 11130  成功 11130  失败 0  截断 1122  三元组 128501  | 0.48 req/s  517 out-tok/s
[ 23199s] 完成 11140  成功 11140  失败 0  截断 1122  三元组 128627  | 0.48 req/s  517 out-tok/s
[ 23217s] 完成 11150  成功 11150  失败 0  截断 1124  三元组 128733  | 0.48 req/s  517 out-tok/s
[ 23232s] 完成 11154  成功 11154  失败 0  截断 1125  三元组 128799  | 0.48 req/s  517 out-tok/s
[ 23248s] 完成 11162  成功 11162  失败 0  截断 1128  三元组 128902  | 0.48 req/s  517 out-tok/s
[ 23267s] 完成 11170  成功 11170  失败 0  截断 1129  三元组 128976  | 0.48 req/s  517 out-tok/s
[ 23282s] 完成 11180  成功 11180  失败 0  截断 1132  三元组 129088  | 0.48 req/s  517 out-tok/s
[ 23298s] 完成 11190  成功 11190  失败 0  截断 1133  三元组 129226  | 0.48 req/s  517 out-tok/s
[ 23313s] 完成 11197  成功 11197  失败 0  截断 1133  三元组 129280  | 0.48 req/s  517 out-tok/s
[ 23329s] 完成 11202  成功 11202  失败 0  截断 1133  三元组 129323  | 0.48 req/s  517 out-tok/s
[ 23346s] 完成 11211  成功 11211  失败 0  截断 1133  三元组 129454  | 0.48 req/s  517 out-tok/s
[ 23362s] 完成 11215  成功 11215  失败 0  截断 1134  三元组 129530  | 0.48 req/s  517 out-tok/s
[ 23379s] 完成 11226  成功 11226  失败 0  截断 1135  三元组 129681  | 0.48 req/s  517 out-tok/s
[ 23395s] 完成 11231  成功 11231  失败 0  截断 1135  三元组 129723  | 0.48 req/s  517 out-tok/s
[ 23411s] 完成 11237  成功 11237  失败 0  截断 1135  三元组 129794  | 0.48 req/s  517 out-tok/s
[ 23428s] 完成 11242  成功 11242  失败 0  截断 1135  三元组 129836  | 0.48 req/s  516 out-tok/s
[ 23448s] 完成 11247  成功 11247  失败 0  截断 1136  三元组 129942  | 0.48 req/s  516 out-tok/s
[ 23470s] 完成 11253  成功 11253  失败 0  截断 1139  三元组 130043  | 0.48 req/s  516 out-tok/s
[ 23487s] 完成 11261  成功 11261  失败 0  截断 1140  三元组 130149  | 0.48 req/s  517 out-tok/s
[ 23504s] 完成 11265  成功 11265  失败 0  截断 1141  三元组 130193  | 0.48 req/s  516 out-tok/s
[ 23520s] 完成 11272  成功 11272  失败 0  截断 1142  三元组 130270  | 0.48 req/s  516 out-tok/s
[ 23537s] 完成 11284  成功 11284  失败 0  截断 1144  三元组 130474  | 0.48 req/s  517 out-tok/s
[ 23553s] 完成 11294  成功 11294  失败 0  截断 1145  三元组 130569  | 0.48 req/s  517 out-tok/s
[ 23569s] 完成 11304  成功 11304  失败 0  截断 1146  三元组 130647  | 0.48 req/s  517 out-tok/s
[ 23585s] 完成 11313  成功 11313  失败 0  截断 1146  三元组 130741  | 0.48 req/s  517 out-tok/s
[ 23600s] 完成 11326  成功 11326  失败 0  截断 1146  三元组 130877  | 0.48 req/s  517 out-tok/s
[ 23617s] 完成 11333  成功 11333  失败 0  截断 1146  三元组 130941  | 0.48 req/s  517 out-tok/s
[ 23633s] 完成 11343  成功 11343  失败 0  截断 1148  三元组 131046  | 0.48 req/s  517 out-tok/s
[ 23649s] 完成 11350  成功 11350  失败 0  截断 1148  三元组 131118  | 0.48 req/s  517 out-tok/s
[ 23664s] 完成 11355  成功 11355  失败 0  截断 1149  三元组 131186  | 0.48 req/s  517 out-tok/s
[ 23680s] 完成 11363  成功 11363  失败 0  截断 1150  三元组 131291  | 0.48 req/s  517 out-tok/s
[ 23699s] 完成 11370  成功 11370  失败 0  截断 1150  三元组 131369  | 0.48 req/s  517 out-tok/s
[ 23716s] 完成 11380  成功 11380  失败 0  截断 1150  三元组 131486  | 0.48 req/s  517 out-tok/s
[ 23733s] 完成 11386  成功 11386  失败 0  截断 1150  三元组 131543  | 0.48 req/s  516 out-tok/s
[ 23756s] 完成 11398  成功 11398  失败 0  截断 1152  三元组 131740  | 0.48 req/s  517 out-tok/s
[ 23773s] 完成 11406  成功 11406  失败 0  截断 1152  三元组 131846  | 0.48 req/s  517 out-tok/s
[ 23788s] 完成 11414  成功 11414  失败 0  截断 1152  三元组 131928  | 0.48 req/s  517 out-tok/s
[ 23805s] 完成 11424  成功 11424  失败 0  截断 1156  三元组 132068  | 0.48 req/s  517 out-tok/s
[ 23823s] 完成 11437  成功 11437  失败 0  截断 1156  三元组 132212  | 0.48 req/s  517 out-tok/s
[ 23840s] 完成 11444  成功 11444  失败 0  截断 1157  三元组 132284  | 0.48 req/s  517 out-tok/s
[ 23863s] 完成 11451  成功 11451  失败 0  截断 1157  三元组 132337  | 0.48 req/s  517 out-tok/s
[ 23880s] 完成 11463  成功 11463  失败 0  截断 1158  三元组 132480  | 0.48 req/s  517 out-tok/s
[ 23899s] 完成 11471  成功 11471  失败 0  截断 1158  三元组 132596  | 0.48 req/s  517 out-tok/s
[ 23916s] 完成 11478  成功 11478  失败 0  截断 1158  三元组 132682  | 0.48 req/s  517 out-tok/s
[ 23941s] 完成 11483  成功 11483  失败 0  截断 1159  三元组 132745  | 0.48 req/s  516 out-tok/s
[ 23957s] 完成 11492  成功 11492  失败 0  截断 1159  三元组 132875  | 0.48 req/s  516 out-tok/s
[ 23970s] 完成 11500  成功 11500  失败 0  截断 1160  三元组 132994  | 0.48 req/s  517 out-tok/s
[ 23986s] 完成 11506  成功 11506  失败 0  截断 1161  三元组 133058  | 0.48 req/s  517 out-tok/s
[ 24001s] 完成 11513  成功 11513  失败 0  截断 1163  三元组 133166  | 0.48 req/s  517 out-tok/s
[ 24018s] 完成 11522  成功 11522  失败 0  截断 1163  三元组 133258  | 0.48 req/s  517 out-tok/s
[ 24033s] 完成 11529  成功 11529  失败 0  截断 1164  三元组 133356  | 0.48 req/s  517 out-tok/s
[ 24048s] 完成 11539  成功 11539  失败 0  截断 1166  三元组 133454  | 0.48 req/s  517 out-tok/s
[ 24064s] 完成 11545  成功 11545  失败 0  截断 1167  三元组 133553  | 0.48 req/s  517 out-tok/s
[ 24083s] 完成 11556  成功 11556  失败 0  截断 1167  三元组 133663  | 0.48 req/s  517 out-tok/s
[ 24098s] 完成 11563  成功 11563  失败 0  截断 1167  三元组 133735  | 0.48 req/s  517 out-tok/s
[ 24114s] 完成 11573  成功 11573  失败 0  截断 1167  三元组 133857  | 0.48 req/s  517 out-tok/s
[ 24131s] 完成 11579  成功 11579  失败 0  截断 1167  三元组 133925  | 0.48 req/s  517 out-tok/s
[ 24147s] 完成 11584  成功 11584  失败 0  截断 1167  三元组 133965  | 0.48 req/s  516 out-tok/s
[ 24162s] 完成 11595  成功 11595  失败 0  截断 1169  三元组 134094  | 0.48 req/s  517 out-tok/s
[ 24181s] 完成 11599  成功 11599  失败 0  截断 1169  三元组 134150  | 0.48 req/s  517 out-tok/s
[ 24196s] 完成 11611  成功 11611  失败 0  截断 1170  三元组 134270  | 0.48 req/s  517 out-tok/s
[ 24214s] 完成 11618  成功 11618  失败 0  截断 1170  三元组 134345  | 0.48 req/s  517 out-tok/s
[ 24230s] 完成 11630  成功 11630  失败 0  截断 1172  三元组 134484  | 0.48 req/s  517 out-tok/s
[ 24247s] 完成 11636  成功 11636  失败 0  截断 1174  三元组 134564  | 0.48 req/s  517 out-tok/s
[ 24262s] 完成 11646  成功 11646  失败 0  截断 1174  三元组 134664  | 0.48 req/s  517 out-tok/s
[ 24280s] 完成 11657  成功 11657  失败 0  截断 1175  三元组 134806  | 0.48 req/s  517 out-tok/s
[ 24295s] 完成 11666  成功 11666  失败 0  截断 1175  三元组 134890  | 0.48 req/s  517 out-tok/s
[ 24319s] 完成 11673  成功 11673  失败 0  截断 1175  三元组 134959  | 0.48 req/s  517 out-tok/s
[ 24343s] 完成 11684  成功 11684  失败 0  截断 1175  三元组 135104  | 0.48 req/s  517 out-tok/s
[ 24362s] 完成 11693  成功 11693  失败 0  截断 1177  三元组 135196  | 0.48 req/s  517 out-tok/s
[ 24377s] 完成 11701  成功 11701  失败 0  截断 1177  三元组 135313  | 0.48 req/s  517 out-tok/s
[ 24398s] 完成 11716  成功 11716  失败 0  截断 1178  三元组 135483  | 0.48 req/s  517 out-tok/s
[ 24413s] 完成 11722  成功 11722  失败 0  截断 1179  三元组 135566  | 0.48 req/s  517 out-tok/s
[ 24429s] 完成 11730  成功 11730  失败 0  截断 1179  三元组 135661  | 0.48 req/s  517 out-tok/s
[ 24446s] 完成 11739  成功 11739  失败 0  截断 1179  三元组 135780  | 0.48 req/s  517 out-tok/s
[ 24466s] 完成 11746  成功 11746  失败 0  截断 1179  三元组 135852  | 0.48 req/s  517 out-tok/s
[ 24483s] 完成 11755  成功 11755  失败 0  截断 1181  三元组 135956  | 0.48 req/s  517 out-tok/s
[ 24501s] 完成 11761  成功 11761  失败 0  截断 1181  三元组 136016  | 0.48 req/s  516 out-tok/s
[ 24523s] 完成 11768  成功 11768  失败 0  截断 1183  三元组 136128  | 0.48 req/s  517 out-tok/s
[ 24538s] 完成 11777  成功 11777  失败 0  截断 1183  三元组 136257  | 0.48 req/s  517 out-tok/s
[ 24555s] 完成 11787  成功 11787  失败 0  截断 1185  三元组 136370  | 0.48 req/s  517 out-tok/s
[ 24571s] 完成 11790  成功 11790  失败 0  截断 1185  三元组 136397  | 0.48 req/s  517 out-tok/s
[ 24589s] 完成 11800  成功 11800  失败 0  截断 1185  三元组 136522  | 0.48 req/s  517 out-tok/s
[ 24607s] 完成 11812  成功 11812  失败 0  截断 1187  三元组 136709  | 0.48 req/s  517 out-tok/s
[ 24623s] 完成 11822  成功 11822  失败 0  截断 1188  三元组 136809  | 0.48 req/s  517 out-tok/s
[ 24638s] 完成 11831  成功 11831  失败 0  截断 1188  三元组 136917  | 0.48 req/s  517 out-tok/s
[ 24654s] 完成 11842  成功 11842  失败 0  截断 1189  三元组 137030  | 0.48 req/s  517 out-tok/s
[ 24669s] 完成 11850  成功 11850  失败 0  截断 1189  三元组 137109  | 0.48 req/s  517 out-tok/s
[ 24687s] 完成 11860  成功 11860  失败 0  截断 1189  三元组 137213  | 0.48 req/s  517 out-tok/s
[ 24705s] 完成 11869  成功 11869  失败 0  截断 1189  三元组 137300  | 0.48 req/s  517 out-tok/s
[ 24723s] 完成 11875  成功 11875  失败 0  截断 1189  三元组 137371  | 0.48 req/s  517 out-tok/s
[ 24741s] 完成 11884  成功 11884  失败 0  截断 1189  三元组 137479  | 0.48 req/s  517 out-tok/s
[ 24756s] 完成 11892  成功 11892  失败 0  截断 1190  三元组 137586  | 0.48 req/s  517 out-tok/s
[ 24772s] 完成 11902  成功 11902  失败 0  截断 1191  三元组 137709  | 0.48 req/s  517 out-tok/s
[ 24789s] 完成 11910  成功 11910  失败 0  截断 1191  三元组 137825  | 0.48 req/s  517 out-tok/s
[ 24807s] 完成 11916  成功 11916  失败 0  截断 1191  三元组 137898  | 0.48 req/s  517 out-tok/s
[ 24822s] 完成 11926  成功 11926  失败 0  截断 1192  三元组 138023  | 0.48 req/s  517 out-tok/s
[ 24838s] 完成 11934  成功 11934  失败 0  截断 1192  三元组 138109  | 0.48 req/s  517 out-tok/s
[ 24856s] 完成 11943  成功 11943  失败 0  截断 1192  三元组 138207  | 0.48 req/s  517 out-tok/s
[ 24871s] 完成 11951  成功 11951  失败 0  截断 1193  三元组 138299  | 0.48 req/s  517 out-tok/s
[ 24886s] 完成 11959  成功 11959  失败 0  截断 1193  三元组 138387  | 0.48 req/s  517 out-tok/s
[ 24904s] 完成 11967  成功 11967  失败 0  截断 1193  三元组 138455  | 0.48 req/s  517 out-tok/s
[ 24920s] 完成 11975  成功 11975  失败 0  截断 1193  三元组 138552  | 0.48 req/s  517 out-tok/s
[ 24938s] 完成 11982  成功 11982  失败 0  截断 1195  三元组 138658  | 0.48 req/s  517 out-tok/s
[ 24953s] 完成 11991  成功 11991  失败 0  截断 1196  三元组 138755  | 0.48 req/s  517 out-tok/s
[ 24970s] 完成 11999  成功 11999  失败 0  截断 1197  三元组 138873  | 0.48 req/s  517 out-tok/s
[ 24975s] 完成 12000  成功 12000  失败 0  截断 1197  三元组 138882  | 0.48 req/s  517 out-tok/s
[ 24991s] 完成 12011  成功 12011  失败 0  截断 1198  三元组 139018  | 0.48 req/s  517 out-tok/s
[ 25007s] 完成 12018  成功 12018  失败 0  截断 1199  三元组 139110  | 0.48 req/s  517 out-tok/s
[ 25022s] 完成 12028  成功 12028  失败 0  截断 1199  三元组 139225  | 0.48 req/s  517 out-tok/s
[ 25042s] 完成 12036  成功 12036  失败 0  截断 1199  三元组 139307  | 0.48 req/s  517 out-tok/s
[ 25057s] 完成 12049  成功 12049  失败 0  截断 1201  三元组 139458  | 0.48 req/s  517 out-tok/s
[ 25073s] 完成 12053  成功 12053  失败 0  截断 1201  三元组 139506  | 0.48 req/s  517 out-tok/s
[ 25090s] 完成 12064  成功 12064  失败 0  截断 1202  三元组 139639  | 0.48 req/s  517 out-tok/s
[ 25107s] 完成 12075  成功 12075  失败 0  截断 1202  三元组 139748  | 0.48 req/s  517 out-tok/s
[ 25125s] 完成 12080  成功 12080  失败 0  截断 1203  三元组 139804  | 0.48 req/s  517 out-tok/s
[ 25146s] 完成 12087  成功 12087  失败 0  截断 1203  三元组 139893  | 0.48 req/s  517 out-tok/s
[ 25161s] 完成 12096  成功 12096  失败 0  截断 1203  三元组 139970  | 0.48 req/s  517 out-tok/s
[ 25177s] 完成 12104  成功 12104  失败 0  截断 1205  三元组 140052  | 0.48 req/s  517 out-tok/s
[ 25193s] 完成 12109  成功 12109  失败 0  截断 1205  三元组 140127  | 0.48 req/s  517 out-tok/s
[ 25209s] 完成 12114  成功 12114  失败 0  截断 1206  三元组 140173  | 0.48 req/s  517 out-tok/s
[ 25231s] 完成 12124  成功 12124  失败 0  截断 1207  三元组 140275  | 0.48 req/s  517 out-tok/s
[ 25249s] 完成 12137  成功 12137  失败 0  截断 1210  三元组 140426  | 0.48 req/s  517 out-tok/s
[ 25267s] 完成 12142  成功 12142  失败 0  截断 1212  三元组 140489  | 0.48 req/s  517 out-tok/s
[ 25286s] 完成 12148  成功 12148  失败 0  截断 1212  三元组 140532  | 0.48 req/s  517 out-tok/s
[ 25302s] 完成 12156  成功 12156  失败 0  截断 1212  三元组 140598  | 0.48 req/s  516 out-tok/s
[ 25321s] 完成 12165  成功 12165  失败 0  截断 1215  三元组 140702  | 0.48 req/s  517 out-tok/s
[ 25337s] 完成 12171  成功 12171  失败 0  截断 1216  三元组 140786  | 0.48 req/s  517 out-tok/s
[ 25353s] 完成 12183  成功 12183  失败 0  截断 1219  三元组 140932  | 0.48 req/s  517 out-tok/s
[ 25368s] 完成 12194  成功 12194  失败 0  截断 1219  三元组 141070  | 0.48 req/s  517 out-tok/s
[ 25383s] 完成 12204  成功 12204  失败 0  截断 1221  三元组 141158  | 0.48 req/s  517 out-tok/s
[ 25400s] 完成 12212  成功 12212  失败 0  截断 1221  三元组 141225  | 0.48 req/s  517 out-tok/s
[ 25418s] 完成 12222  成功 12222  失败 0  截断 1221  三元组 141320  | 0.48 req/s  517 out-tok/s
[ 25433s] 完成 12229  成功 12229  失败 0  截断 1221  三元组 141387  | 0.48 req/s  517 out-tok/s
[ 25448s] 完成 12235  成功 12235  失败 0  截断 1222  三元组 141483  | 0.48 req/s  517 out-tok/s
[ 25470s] 完成 12245  成功 12245  失败 0  截断 1223  三元组 141600  | 0.48 req/s  517 out-tok/s
[ 25489s] 完成 12256  成功 12256  失败 0  截断 1223  三元组 141695  | 0.48 req/s  517 out-tok/s
[ 25504s] 完成 12264  成功 12264  失败 0  截断 1224  三元组 141769  | 0.48 req/s  517 out-tok/s
[ 25522s] 完成 12273  成功 12273  失败 0  截断 1225  三元组 141868  | 0.48 req/s  517 out-tok/s
[ 25538s] 完成 12280  成功 12280  失败 0  截断 1228  三元组 141940  | 0.48 req/s  517 out-tok/s
[ 25553s] 完成 12290  成功 12290  失败 0  截断 1230  三元组 142056  | 0.48 req/s  517 out-tok/s
[ 25570s] 完成 12294  成功 12294  失败 0  截断 1230  三元组 142090  | 0.48 req/s  517 out-tok/s
[ 25588s] 完成 12304  成功 12304  失败 0  截断 1230  三元组 142208  | 0.48 req/s  517 out-tok/s
[ 25605s] 完成 12312  成功 12312  失败 0  截断 1232  三元组 142305  | 0.48 req/s  517 out-tok/s
[ 25622s] 完成 12318  成功 12318  失败 0  截断 1232  三元组 142367  | 0.48 req/s  517 out-tok/s
[ 25640s] 完成 12330  成功 12330  失败 0  截断 1232  三元组 142552  | 0.48 req/s  517 out-tok/s
[ 25656s] 完成 12340  成功 12340  失败 0  截断 1233  三元组 142698  | 0.48 req/s  517 out-tok/s
[ 25672s] 完成 12347  成功 12347  失败 0  截断 1233  三元组 142754  | 0.48 req/s  517 out-tok/s
[ 25687s] 完成 12355  成功 12355  失败 0  截断 1233  三元组 142834  | 0.48 req/s  517 out-tok/s
[ 25703s] 完成 12366  成功 12366  失败 0  截断 1233  三元组 142962  | 0.48 req/s  517 out-tok/s
[ 25719s] 完成 12375  成功 12375  失败 0  截断 1234  三元组 143042  | 0.48 req/s  517 out-tok/s
[ 25734s] 完成 12382  成功 12382  失败 0  截断 1235  三元组 143110  | 0.48 req/s  517 out-tok/s
[ 25751s] 完成 12393  成功 12393  失败 0  截断 1236  三元组 143231  | 0.48 req/s  517 out-tok/s
[ 25768s] 完成 12400  成功 12400  失败 0  截断 1236  三元组 143295  | 0.48 req/s  517 out-tok/s
[ 25786s] 完成 12409  成功 12409  失败 0  截断 1237  三元组 143410  | 0.48 req/s  517 out-tok/s
[ 25805s] 完成 12419  成功 12419  失败 0  截断 1237  三元组 143512  | 0.48 req/s  517 out-tok/s
[ 25824s] 完成 12424  成功 12424  失败 0  截断 1238  三元组 143561  | 0.48 req/s  517 out-tok/s
[ 25840s] 完成 12433  成功 12433  失败 0  截断 1239  三元组 143656  | 0.48 req/s  517 out-tok/s
[ 25856s] 完成 12438  成功 12438  失败 0  截断 1240  三元组 143764  | 0.48 req/s  517 out-tok/s
[ 25873s] 完成 12448  成功 12448  失败 0  截断 1241  三元组 143880  | 0.48 req/s  517 out-tok/s
[ 25889s] 完成 12458  成功 12458  失败 0  截断 1241  三元组 144005  | 0.48 req/s  517 out-tok/s
[ 25905s] 完成 12463  成功 12463  失败 0  截断 1241  三元组 144068  | 0.48 req/s  517 out-tok/s
[ 25926s] 完成 12470  成功 12470  失败 0  截断 1242  三元组 144156  | 0.48 req/s  517 out-tok/s
[ 25945s] 完成 12479  成功 12479  失败 0  截断 1243  三元组 144272  | 0.48 req/s  517 out-tok/s
[ 25963s] 完成 12491  成功 12491  失败 0  截断 1245  三元组 144404  | 0.48 req/s  517 out-tok/s
[ 25979s] 完成 12500  成功 12500  失败 0  截断 1245  三元组 144501  | 0.48 req/s  517 out-tok/s
[ 25996s] 完成 12504  成功 12504  失败 0  截断 1246  三元组 144538  | 0.48 req/s  517 out-tok/s
[ 26012s] 完成 12514  成功 12514  失败 0  截断 1247  三元组 144674  | 0.48 req/s  517 out-tok/s
[ 26030s] 完成 12523  成功 12523  失败 0  截断 1249  三元组 144749  | 0.48 req/s  517 out-tok/s
[ 26046s] 完成 12530  成功 12530  失败 0  截断 1251  三元组 144821  | 0.48 req/s  517 out-tok/s
[ 26061s] 完成 12537  成功 12537  失败 0  截断 1251  三元组 144894  | 0.48 req/s  517 out-tok/s
[ 26077s] 完成 12545  成功 12545  失败 0  截断 1251  三元组 144991  | 0.48 req/s  517 out-tok/s
[ 26095s] 完成 12553  成功 12553  失败 0  截断 1251  三元组 145095  | 0.48 req/s  517 out-tok/s
[ 26110s] 完成 12559  成功 12559  失败 0  截断 1252  三元组 145151  | 0.48 req/s  517 out-tok/s
[ 26130s] 完成 12568  成功 12568  失败 0  截断 1254  三元组 145254  | 0.48 req/s  517 out-tok/s
[ 26145s] 完成 12574  成功 12574  失败 0  截断 1257  三元组 145325  | 0.48 req/s  517 out-tok/s
[ 26161s] 完成 12583  成功 12583  失败 0  截断 1257  三元组 145441  | 0.48 req/s  517 out-tok/s
[ 26180s] 完成 12593  成功 12593  失败 0  截断 1258  三元组 145551  | 0.48 req/s  517 out-tok/s
[ 26197s] 完成 12606  成功 12606  失败 0  截断 1258  三元组 145679  | 0.48 req/s  517 out-tok/s
[ 26215s] 完成 12613  成功 12613  失败 0  截断 1258  三元组 145736  | 0.48 req/s  517 out-tok/s
[ 26232s] 完成 12620  成功 12620  失败 0  截断 1259  三元组 145813  | 0.48 req/s  517 out-tok/s
[ 26252s] 完成 12627  成功 12627  失败 0  截断 1259  三元组 145912  | 0.48 req/s  517 out-tok/s
[ 26268s] 完成 12643  成功 12643  失败 0  截断 1261  三元组 146107  | 0.48 req/s  517 out-tok/s
[ 26284s] 完成 12647  成功 12647  失败 0  截断 1261  三元组 146157  | 0.48 req/s  517 out-tok/s
[ 26300s] 完成 12655  成功 12655  失败 0  截断 1261  三元组 146261  | 0.48 req/s  517 out-tok/s
[ 26316s] 完成 12665  成功 12665  失败 0  截断 1261  三元组 146365  | 0.48 req/s  517 out-tok/s
[ 26335s] 完成 12673  成功 12673  失败 0  截断 1261  三元组 146457  | 0.48 req/s  517 out-tok/s
[ 26352s] 完成 12686  成功 12686  失败 0  截断 1261  三元组 146604  | 0.48 req/s  517 out-tok/s
[ 26367s] 完成 12692  成功 12692  失败 0  截断 1261  三元组 146653  | 0.48 req/s  517 out-tok/s
[ 26383s] 完成 12701  成功 12701  失败 0  截断 1262  三元组 146752  | 0.48 req/s  517 out-tok/s
[ 26400s] 完成 12707  成功 12707  失败 0  截断 1262  三元组 146848  | 0.48 req/s  517 out-tok/s
[ 26418s] 完成 12717  成功 12717  失败 0  截断 1264  三元组 146956  | 0.48 req/s  517 out-tok/s
[ 26434s] 完成 12724  成功 12724  失败 0  截断 1264  三元组 147069  | 0.48 req/s  517 out-tok/s
[ 26449s] 完成 12731  成功 12731  失败 0  截断 1264  三元组 147153  | 0.48 req/s  517 out-tok/s
[ 26465s] 完成 12738  成功 12738  失败 0  截断 1264  三元组 147229  | 0.48 req/s  517 out-tok/s
[ 26480s] 完成 12746  成功 12746  失败 0  截断 1264  三元组 147304  | 0.48 req/s  517 out-tok/s
[ 26497s] 完成 12755  成功 12755  失败 0  截断 1266  三元组 147426  | 0.48 req/s  517 out-tok/s
[ 26518s] 完成 12765  成功 12765  失败 0  截断 1266  三元组 147525  | 0.48 req/s  517 out-tok/s
[ 26534s] 完成 12775  成功 12775  失败 0  截断 1269  三元组 147645  | 0.48 req/s  517 out-tok/s
[ 26552s] 完成 12783  成功 12783  失败 0  截断 1269  三元组 147750  | 0.48 req/s  517 out-tok/s
[ 26570s] 完成 12789  成功 12789  失败 0  截断 1269  三元组 147796  | 0.48 req/s  517 out-tok/s
[ 26585s] 完成 12797  成功 12797  失败 0  截断 1269  三元组 147897  | 0.48 req/s  517 out-tok/s
[ 26605s] 完成 12804  成功 12804  失败 0  截断 1269  三元组 147980  | 0.48 req/s  517 out-tok/s
[ 26622s] 完成 12812  成功 12812  失败 0  截断 1270  三元组 148053  | 0.48 req/s  517 out-tok/s
[ 26638s] 完成 12818  成功 12818  失败 0  截断 1272  三元组 148122  | 0.48 req/s  517 out-tok/s
[ 26653s] 完成 12824  成功 12824  失败 0  截断 1274  三元组 148185  | 0.48 req/s  517 out-tok/s
[ 26668s] 完成 12832  成功 12832  失败 0  截断 1275  三元组 148280  | 0.48 req/s  517 out-tok/s
[ 26687s] 完成 12840  成功 12840  失败 0  截断 1277  三元组 148377  | 0.48 req/s  517 out-tok/s
[ 26702s] 完成 12852  成功 12852  失败 0  截断 1277  三元组 148557  | 0.48 req/s  517 out-tok/s
[ 26717s] 完成 12859  成功 12859  失败 0  截断 1278  三元组 148625  | 0.48 req/s  517 out-tok/s
[ 26733s] 完成 12864  成功 12864  失败 0  截断 1278  三元组 148683  | 0.48 req/s  517 out-tok/s
[ 26749s] 完成 12876  成功 12876  失败 0  截断 1281  三元组 148814  | 0.48 req/s  517 out-tok/s
[ 26765s] 完成 12882  成功 12882  失败 0  截断 1281  三元组 148902  | 0.48 req/s  517 out-tok/s
[ 26781s] 完成 12891  成功 12891  失败 0  截断 1281  三元组 148983  | 0.48 req/s  517 out-tok/s
[ 26797s] 完成 12898  成功 12898  失败 0  截断 1282  三元组 149062  | 0.48 req/s  517 out-tok/s
[ 26812s] 完成 12905  成功 12905  失败 0  截断 1282  三元组 149145  | 0.48 req/s  517 out-tok/s
[ 26828s] 完成 12912  成功 12912  失败 0  截断 1283  三元组 149207  | 0.48 req/s  517 out-tok/s
[ 26843s] 完成 12920  成功 12920  失败 0  截断 1284  三元组 149306  | 0.48 req/s  517 out-tok/s
[ 26860s] 完成 12928  成功 12928  失败 0  截断 1285  三元组 149381  | 0.48 req/s  517 out-tok/s
[ 26875s] 完成 12936  成功 12936  失败 0  截断 1287  三元组 149463  | 0.48 req/s  517 out-tok/s
[ 26892s] 完成 12944  成功 12944  失败 0  截断 1288  三元组 149551  | 0.48 req/s  517 out-tok/s
[ 26911s] 完成 12952  成功 12952  失败 0  截断 1289  三元组 149659  | 0.48 req/s  517 out-tok/s
[ 26930s] 完成 12957  成功 12957  失败 0  截断 1291  三元组 149732  | 0.48 req/s  517 out-tok/s
[ 26950s] 完成 12966  成功 12966  失败 0  截断 1291  三元组 149852  | 0.48 req/s  517 out-tok/s
[ 26966s] 完成 12974  成功 12974  失败 0  截断 1292  三元组 149956  | 0.48 req/s  517 out-tok/s
[ 26981s] 完成 12982  成功 12982  失败 0  截断 1294  三元组 150065  | 0.48 req/s  517 out-tok/s
[ 26997s] 完成 12990  成功 12990  失败 0  截断 1295  三元组 150151  | 0.48 req/s  517 out-tok/s
[ 27012s] 完成 12998  成功 12998  失败 0  截断 1296  三元组 150238  | 0.48 req/s  517 out-tok/s
[ 27013s] 完成 13000  成功 13000  失败 0  截断 1297  三元组 150269  | 0.48 req/s  517 out-tok/s
[ 27033s] 完成 13009  成功 13009  失败 0  截断 1297  三元组 150368  | 0.48 req/s  517 out-tok/s
[ 27048s] 完成 13015  成功 13015  失败 0  截断 1297  三元组 150441  | 0.48 req/s  517 out-tok/s
[ 27065s] 完成 13022  成功 13022  失败 0  截断 1298  三元组 150503  | 0.48 req/s  517 out-tok/s
[ 27081s] 完成 13026  成功 13026  失败 0  截断 1298  三元组 150550  | 0.48 req/s  517 out-tok/s
[ 27097s] 完成 13034  成功 13034  失败 0  截断 1300  三元组 150645  | 0.48 req/s  517 out-tok/s
[ 27118s] 完成 13041  成功 13041  失败 0  截断 1300  三元组 150722  | 0.48 req/s  517 out-tok/s
[ 27136s] 完成 13050  成功 13050  失败 0  截断 1302  三元组 150813  | 0.48 req/s  517 out-tok/s
[ 27153s] 完成 13058  成功 13058  失败 0  截断 1305  三元组 150918  | 0.48 req/s  517 out-tok/s
[ 27168s] 完成 13063  成功 13063  失败 0  截断 1306  三元组 150968  | 0.48 req/s  517 out-tok/s
[ 27185s] 完成 13074  成功 13074  失败 0  截断 1309  三元组 151123  | 0.48 req/s  517 out-tok/s
[ 27203s] 完成 13079  成功 13079  失败 0  截断 1309  三元组 151185  | 0.48 req/s  517 out-tok/s
[ 27219s] 完成 13089  成功 13089  失败 0  截断 1311  三元组 151326  | 0.48 req/s  517 out-tok/s
[ 27234s] 完成 13093  成功 13093  失败 0  截断 1311  三元组 151369  | 0.48 req/s  517 out-tok/s
[ 27250s] 完成 13103  成功 13103  失败 0  截断 1312  三元组 151507  | 0.48 req/s  517 out-tok/s
[ 27274s] 完成 13111  成功 13111  失败 0  截断 1312  三元组 151613  | 0.48 req/s  517 out-tok/s
[ 27290s] 完成 13121  成功 13121  失败 0  截断 1315  三元组 151759  | 0.48 req/s  517 out-tok/s
[ 27308s] 完成 13130  成功 13130  失败 0  截断 1315  三元组 151864  | 0.48 req/s  517 out-tok/s
[ 27324s] 完成 13136  成功 13136  失败 0  截断 1315  三元组 151922  | 0.48 req/s  517 out-tok/s
[ 27341s] 完成 13144  成功 13144  失败 0  截断 1315  三元组 152007  | 0.48 req/s  517 out-tok/s
[ 27357s] 完成 13153  成功 13153  失败 0  截断 1316  三元组 152105  | 0.48 req/s  517 out-tok/s
[ 27376s] 完成 13161  成功 13161  失败 0  截断 1317  三元组 152191  | 0.48 req/s  517 out-tok/s
[ 27391s] 完成 13167  成功 13167  失败 0  截断 1319  三元组 152259  | 0.48 req/s  517 out-tok/s
[ 27408s] 完成 13179  成功 13179  失败 0  截断 1321  三元组 152371  | 0.48 req/s  517 out-tok/s
[ 27423s] 完成 13187  成功 13187  失败 0  截断 1322  三元组 152467  | 0.48 req/s  517 out-tok/s
[ 27438s] 完成 13192  成功 13192  失败 0  截断 1322  三元组 152516  | 0.48 req/s  517 out-tok/s
[ 27455s] 完成 13202  成功 13202  失败 0  截断 1324  三元组 152628  | 0.48 req/s  517 out-tok/s
[ 27472s] 完成 13210  成功 13210  失败 0  截断 1324  三元组 152732  | 0.48 req/s  517 out-tok/s
[ 27487s] 完成 13217  成功 13217  失败 0  截断 1325  三元组 152805  | 0.48 req/s  517 out-tok/s
[ 27503s] 完成 13221  成功 13221  失败 0  截断 1325  三元组 152842  | 0.48 req/s  517 out-tok/s
[ 27519s] 完成 13231  成功 13231  失败 0  截断 1326  三元组 152951  | 0.48 req/s  517 out-tok/s
[ 27540s] 完成 13239  成功 13239  失败 0  截断 1327  三元组 153058  | 0.48 req/s  517 out-tok/s
[ 27556s] 完成 13249  成功 13249  失败 0  截断 1329  三元组 153180  | 0.48 req/s  517 out-tok/s
[ 27572s] 完成 13257  成功 13257  失败 0  截断 1329  三元组 153266  | 0.48 req/s  517 out-tok/s
[ 27588s] 完成 13265  成功 13265  失败 0  截断 1329  三元组 153387  | 0.48 req/s  517 out-tok/s
[ 27604s] 完成 13274  成功 13274  失败 0  截断 1329  三元组 153478  | 0.48 req/s  517 out-tok/s
[ 27621s] 完成 13282  成功 13282  失败 0  截断 1331  三元组 153577  | 0.48 req/s  517 out-tok/s
[ 27640s] 完成 13294  成功 13294  失败 0  截断 1331  三元组 153705  | 0.48 req/s  517 out-tok/s
[ 27657s] 完成 13301  成功 13301  失败 0  截断 1331  三元组 153769  | 0.48 req/s  517 out-tok/s
[ 27673s] 完成 13310  成功 13310  失败 0  截断 1333  三元组 153862  | 0.48 req/s  517 out-tok/s
[ 27689s] 完成 13318  成功 13318  失败 0  截断 1333  三元组 153938  | 0.48 req/s  517 out-tok/s
[ 27707s] 完成 13325  成功 13325  失败 0  截断 1334  三元组 154030  | 0.48 req/s  517 out-tok/s
[ 27723s] 完成 13335  成功 13335  失败 0  截断 1334  三元组 154144  | 0.48 req/s  517 out-tok/s
[ 27742s] 完成 13344  成功 13344  失败 0  截断 1334  三元组 154267  | 0.48 req/s  517 out-tok/s
[ 27760s] 完成 13350  成功 13350  失败 0  截断 1335  三元组 154346  | 0.48 req/s  517 out-tok/s
[ 27780s] 完成 13358  成功 13358  失败 0  截断 1335  三元组 154439  | 0.48 req/s  517 out-tok/s
[ 27795s] 完成 13368  成功 13368  失败 0  截断 1336  三元组 154586  | 0.48 req/s  517 out-tok/s
[ 27811s] 完成 13374  成功 13374  失败 0  截断 1336  三元组 154654  | 0.48 req/s  517 out-tok/s
[ 27828s] 完成 13382  成功 13382  失败 0  截断 1337  三元组 154757  | 0.48 req/s  517 out-tok/s
[ 27845s] 完成 13388  成功 13388  失败 0  截断 1338  三元组 154857  | 0.48 req/s  517 out-tok/s
[ 27861s] 完成 13394  成功 13394  失败 0  截断 1339  三元组 154956  | 0.48 req/s  517 out-tok/s
[ 27876s] 完成 13402  成功 13402  失败 0  截断 1341  三元组 155061  | 0.48 req/s  517 out-tok/s
[ 27892s] 完成 13409  成功 13409  失败 0  截断 1341  三元组 155154  | 0.48 req/s  517 out-tok/s
[ 27912s] 完成 13415  成功 13415  失败 0  截断 1341  三元组 155219  | 0.48 req/s  517 out-tok/s
[ 27930s] 完成 13428  成功 13428  失败 0  截断 1342  三元组 155393  | 0.48 req/s  517 out-tok/s
[ 27947s] 完成 13439  成功 13439  失败 0  截断 1343  三元组 155501  | 0.48 req/s  517 out-tok/s
[ 27966s] 完成 13444  成功 13444  失败 0  截断 1343  三元组 155554  | 0.48 req/s  517 out-tok/s
[ 27982s] 完成 13457  成功 13457  失败 0  截断 1346  三元组 155697  | 0.48 req/s  517 out-tok/s
[ 27997s] 完成 13461  成功 13461  失败 0  截断 1346  三元组 155744  | 0.48 req/s  517 out-tok/s
[ 28015s] 完成 13466  成功 13466  失败 0  截断 1346  三元组 155798  | 0.48 req/s  517 out-tok/s
[ 28030s] 完成 13476  成功 13476  失败 0  截断 1347  三元组 155938  | 0.48 req/s  517 out-tok/s
[ 28047s] 完成 13481  成功 13481  失败 0  截断 1347  三元组 156001  | 0.48 req/s  517 out-tok/s
[ 28063s] 完成 13488  成功 13488  失败 0  截断 1347  三元组 156094  | 0.48 req/s  517 out-tok/s
[ 28079s] 完成 13497  成功 13497  失败 0  截断 1349  三元组 156184  | 0.48 req/s  517 out-tok/s
[ 28082s] 完成 13500  成功 13500  失败 0  截断 1350  三元组 156218  | 0.48 req/s  517 out-tok/s
[ 28098s] 完成 13505  成功 13505  失败 0  截断 1352  三元组 156265  | 0.48 req/s  517 out-tok/s
[ 28115s] 完成 13514  成功 13514  失败 0  截断 1352  三元组 156368  | 0.48 req/s  517 out-tok/s
[ 28130s] 完成 13522  成功 13522  失败 0  截断 1352  三元组 156470  | 0.48 req/s  517 out-tok/s
[ 28148s] 完成 13531  成功 13531  失败 0  截断 1353  三元组 156567  | 0.48 req/s  517 out-tok/s
[ 28167s] 完成 13537  成功 13537  失败 0  截断 1353  三元组 156623  | 0.48 req/s  517 out-tok/s
[ 28183s] 完成 13544  成功 13544  失败 0  截断 1353  三元组 156714  | 0.48 req/s  517 out-tok/s
[ 28199s] 完成 13555  成功 13555  失败 0  截断 1353  三元组 156857  | 0.48 req/s  517 out-tok/s
[ 28214s] 完成 13563  成功 13563  失败 0  截断 1353  三元组 156938  | 0.48 req/s  517 out-tok/s
[ 28231s] 完成 13571  成功 13571  失败 0  截断 1354  三元组 157020  | 0.48 req/s  517 out-tok/s
[ 28246s] 完成 13576  成功 13576  失败 0  截断 1354  三元组 157071  | 0.48 req/s  517 out-tok/s
[ 28263s] 完成 13586  成功 13586  失败 0  截断 1356  三元组 157210  | 0.48 req/s  517 out-tok/s
[ 28279s] 完成 13595  成功 13595  失败 0  截断 1357  三元组 157322  | 0.48 req/s  517 out-tok/s
[ 28294s] 完成 13602  成功 13602  失败 0  截断 1358  三元组 157393  | 0.48 req/s  517 out-tok/s
[ 28314s] 完成 13609  成功 13609  失败 0  截断 1360  三元组 157496  | 0.48 req/s  517 out-tok/s
[ 28331s] 完成 13620  成功 13620  失败 0  截断 1361  三元组 157603  | 0.48 req/s  517 out-tok/s
[ 28347s] 完成 13630  成功 13630  失败 0  截断 1362  三元组 157698  | 0.48 req/s  517 out-tok/s
[ 28369s] 完成 13640  成功 13640  失败 0  截断 1363  三元组 157806  | 0.48 req/s  517 out-tok/s
[ 28385s] 完成 13647  成功 13647  失败 0  截断 1365  三元组 157893  | 0.48 req/s  517 out-tok/s
[ 28402s] 完成 13653  成功 13653  失败 0  截断 1366  三元组 157973  | 0.48 req/s  517 out-tok/s
[ 28417s] 完成 13661  成功 13661  失败 0  截断 1368  三元组 158041  | 0.48 req/s  517 out-tok/s
[ 28432s] 完成 13664  成功 13664  失败 0  截断 1368  三元组 158097  | 0.48 req/s  517 out-tok/s
[ 28447s] 完成 13673  成功 13673  失败 0  截断 1369  三元组 158209  | 0.48 req/s  517 out-tok/s
[ 28463s] 完成 13681  成功 13681  失败 0  截断 1370  三元组 158304  | 0.48 req/s  517 out-tok/s
[ 28480s] 完成 13689  成功 13689  失败 0  截断 1370  三元组 158402  | 0.48 req/s  517 out-tok/s
[ 28496s] 完成 13695  成功 13695  失败 0  截断 1371  三元组 158482  | 0.48 req/s  517 out-tok/s
[ 28512s] 完成 13704  成功 13704  失败 0  截断 1375  三元组 158617  | 0.48 req/s  517 out-tok/s
[ 28529s] 完成 13711  成功 13711  失败 0  截断 1375  三元组 158718  | 0.48 req/s  517 out-tok/s
[ 28547s] 完成 13718  成功 13718  失败 0  截断 1375  三元组 158806  | 0.48 req/s  517 out-tok/s
[ 28566s] 完成 13729  成功 13729  失败 0  截断 1376  三元组 158945  | 0.48 req/s  517 out-tok/s
[ 28582s] 完成 13734  成功 13734  失败 0  截断 1376  三元组 158992  | 0.48 req/s  517 out-tok/s
[ 28597s] 完成 13742  成功 13742  失败 0  截断 1376  三元组 159075  | 0.48 req/s  517 out-tok/s
[ 28613s] 完成 13753  成功 13753  失败 0  截断 1377  三元组 159211  | 0.48 req/s  517 out-tok/s
[ 28628s] 完成 13757  成功 13757  失败 0  截断 1377  三元组 159281  | 0.48 req/s  517 out-tok/s
[ 28646s] 完成 13765  成功 13765  失败 0  截断 1378  三元组 159392  | 0.48 req/s  517 out-tok/s
[ 28662s] 完成 13774  成功 13774  失败 0  截断 1379  三元组 159501  | 0.48 req/s  517 out-tok/s
[ 28678s] 完成 13780  成功 13780  失败 0  截断 1379  三元组 159572  | 0.48 req/s  517 out-tok/s
[ 28693s] 完成 13792  成功 13792  失败 0  截断 1379  三元组 159692  | 0.48 req/s  517 out-tok/s
[ 28710s] 完成 13798  成功 13798  失败 0  截断 1380  三元组 159769  | 0.48 req/s  517 out-tok/s
[ 28726s] 完成 13804  成功 13804  失败 0  截断 1380  三元组 159826  | 0.48 req/s  517 out-tok/s
[ 28743s] 完成 13810  成功 13810  失败 0  截断 1381  三元组 159911  | 0.48 req/s  517 out-tok/s
[ 28759s] 完成 13813  成功 13813  失败 0  截断 1381  三元组 159947  | 0.48 req/s  517 out-tok/s
[ 28780s] 完成 13821  成功 13821  失败 0  截断 1382  三元组 160040  | 0.48 req/s  517 out-tok/s
[ 28798s] 完成 13827  成功 13827  失败 0  截断 1385  三元组 160127  | 0.48 req/s  517 out-tok/s
[ 28818s] 完成 13832  成功 13832  失败 0  截断 1386  三元组 160188  | 0.48 req/s  517 out-tok/s
[ 28835s] 完成 13845  成功 13845  失败 0  截断 1389  三元组 160351  | 0.48 req/s  517 out-tok/s
[ 28851s] 完成 13849  成功 13849  失败 0  截断 1391  三元组 160392  | 0.48 req/s  517 out-tok/s
[ 28867s] 完成 13855  成功 13855  失败 0  截断 1391  三元组 160459  | 0.48 req/s  517 out-tok/s
[ 28882s] 完成 13863  成功 13863  失败 0  截断 1393  三元组 160583  | 0.48 req/s  517 out-tok/s
[ 28898s] 完成 13871  成功 13871  失败 0  截断 1396  三元组 160675  | 0.48 req/s  517 out-tok/s
[ 28917s] 完成 13877  成功 13877  失败 0  截断 1396  三元组 160755  | 0.48 req/s  517 out-tok/s
[ 28934s] 完成 13886  成功 13886  失败 0  截断 1398  三元组 160880  | 0.48 req/s  517 out-tok/s
[ 28951s] 完成 13891  成功 13891  失败 0  截断 1399  三元组 160910  | 0.48 req/s  517 out-tok/s
[ 28966s] 完成 13897  成功 13897  失败 0  截断 1400  三元组 161007  | 0.48 req/s  517 out-tok/s
[ 28981s] 完成 13906  成功 13906  失败 0  截断 1400  三元组 161114  | 0.48 req/s  517 out-tok/s
[ 28999s] 完成 13911  成功 13911  失败 0  截断 1400  三元组 161193  | 0.48 req/s  517 out-tok/s
[ 29014s] 完成 13922  成功 13922  失败 0  截断 1401  三元组 161327  | 0.48 req/s  517 out-tok/s
[ 29034s] 完成 13930  成功 13930  失败 0  截断 1402  三元组 161444  | 0.48 req/s  517 out-tok/s
[ 29051s] 完成 13943  成功 13943  失败 0  截断 1403  三元组 161548  | 0.48 req/s  517 out-tok/s
[ 29066s] 完成 13948  成功 13948  失败 0  截断 1404  三元组 161579  | 0.48 req/s  517 out-tok/s
[ 29082s] 完成 13958  成功 13958  失败 0  截断 1404  三元组 161705  | 0.48 req/s  517 out-tok/s
[ 29099s] 完成 13965  成功 13965  失败 0  截断 1404  三元组 161795  | 0.48 req/s  517 out-tok/s
[ 29121s] 完成 13971  成功 13971  失败 0  截断 1405  三元组 161874  | 0.48 req/s  517 out-tok/s
[ 29137s] 完成 13980  成功 13980  失败 0  截断 1406  三元组 161968  | 0.48 req/s  517 out-tok/s
[ 29155s] 完成 13986  成功 13986  失败 0  截断 1406  三元组 162043  | 0.48 req/s  517 out-tok/s
[ 29172s] 完成 13994  成功 13994  失败 0  截断 1408  三元组 162128  | 0.48 req/s  517 out-tok/s
[ 29185s] 完成 14000  成功 14000  失败 0  截断 1408  三元组 162217  | 0.48 req/s  517 out-tok/s
[ 29201s] 完成 14007  成功 14007  失败 0  截断 1411  三元组 162299  | 0.48 req/s  517 out-tok/s
[ 29216s] 完成 14013  成功 14013  失败 0  截断 1412  三元组 162391  | 0.48 req/s  517 out-tok/s
[ 29232s] 完成 14019  成功 14019  失败 0  截断 1413  三元组 162458  | 0.48 req/s  517 out-tok/s
[ 29247s] 完成 14027  成功 14027  失败 0  截断 1415  三元组 162544  | 0.48 req/s  517 out-tok/s
[ 29262s] 完成 14037  成功 14037  失败 0  截断 1415  三元组 162639  | 0.48 req/s  517 out-tok/s
[ 29278s] 完成 14044  成功 14044  失败 0  截断 1415  三元组 162706  | 0.48 req/s  517 out-tok/s
[ 29293s] 完成 14053  成功 14053  失败 0  截断 1419  三元组 162820  | 0.48 req/s  517 out-tok/s
[ 29310s] 完成 14062  成功 14062  失败 0  截断 1420  三元组 162896  | 0.48 req/s  517 out-tok/s
[ 29326s] 完成 14069  成功 14069  失败 0  截断 1420  三元组 162957  | 0.48 req/s  517 out-tok/s
[ 29343s] 完成 14079  成功 14079  失败 0  截断 1422  三元组 163072  | 0.48 req/s  517 out-tok/s
[ 29359s] 完成 14086  成功 14086  失败 0  截断 1422  三元组 163162  | 0.48 req/s  517 out-tok/s
[ 29375s] 完成 14095  成功 14095  失败 0  截断 1424  三元组 163239  | 0.48 req/s  517 out-tok/s
[ 29394s] 完成 14102  成功 14102  失败 0  截断 1424  三元组 163309  | 0.48 req/s  517 out-tok/s
[ 29412s] 完成 14109  成功 14109  失败 0  截断 1424  三元组 163404  | 0.48 req/s  517 out-tok/s
[ 29427s] 完成 14121  成功 14121  失败 0  截断 1425  三元组 163541  | 0.48 req/s  517 out-tok/s
[ 29450s] 完成 14131  成功 14131  失败 0  截断 1428  三元组 163657  | 0.48 req/s  517 out-tok/s
[ 29466s] 完成 14138  成功 14138  失败 0  截断 1429  三元组 163731  | 0.48 req/s  517 out-tok/s
[ 29481s] 完成 14145  成功 14145  失败 0  截断 1430  三元组 163836  | 0.48 req/s  517 out-tok/s
[ 29500s] 完成 14151  成功 14151  失败 0  截断 1430  三元组 163920  | 0.48 req/s  517 out-tok/s
[ 29518s] 完成 14159  成功 14159  失败 0  截断 1430  三元组 164001  | 0.48 req/s  517 out-tok/s
[ 29536s] 完成 14168  成功 14168  失败 0  截断 1430  三元组 164099  | 0.48 req/s  517 out-tok/s
[ 29552s] 完成 14175  成功 14175  失败 0  截断 1431  三元组 164174  | 0.48 req/s  517 out-tok/s
[ 29570s] 完成 14182  成功 14182  失败 0  截断 1432  三元组 164238  | 0.48 req/s  517 out-tok/s
[ 29585s] 完成 14185  成功 14185  失败 0  截断 1434  三元组 164274  | 0.48 req/s  517 out-tok/s
[ 29600s] 完成 14193  成功 14193  失败 0  截断 1436  三元组 164383  | 0.48 req/s  517 out-tok/s
[ 29616s] 完成 14204  成功 14204  失败 0  截断 1438  三元组 164513  | 0.48 req/s  517 out-tok/s
[ 29633s] 完成 14209  成功 14209  失败 0  截断 1438  三元组 164595  | 0.48 req/s  517 out-tok/s
[ 29653s] 完成 14216  成功 14216  失败 0  截断 1440  三元组 164679  | 0.48 req/s  517 out-tok/s
[ 29668s] 完成 14224  成功 14224  失败 0  截断 1440  三元组 164790  | 0.48 req/s  517 out-tok/s
[ 29685s] 完成 14230  成功 14230  失败 0  截断 1440  三元组 164855  | 0.48 req/s  517 out-tok/s
[ 29701s] 完成 14238  成功 14238  失败 0  截断 1441  三元组 164964  | 0.48 req/s  517 out-tok/s
[ 29717s] 完成 14244  成功 14244  失败 0  截断 1444  三元组 165053  | 0.48 req/s  517 out-tok/s
[ 29734s] 完成 14253  成功 14253  失败 0  截断 1444  三元组 165153  | 0.48 req/s  517 out-tok/s
[ 29756s] 完成 14262  成功 14262  失败 0  截断 1445  三元组 165280  | 0.48 req/s  517 out-tok/s
[ 29772s] 完成 14274  成功 14274  失败 0  截断 1446  三元组 165416  | 0.48 req/s  517 out-tok/s
[ 29790s] 完成 14281  成功 14281  失败 0  截断 1446  三元组 165479  | 0.48 req/s  517 out-tok/s
[ 29807s] 完成 14290  成功 14290  失败 0  截断 1447  三元组 165614  | 0.48 req/s  517 out-tok/s
[ 29828s] 完成 14297  成功 14297  失败 0  截断 1448  三元组 165685  | 0.48 req/s  517 out-tok/s
[ 29844s] 完成 14303  成功 14303  失败 0  截断 1448  三元组 165761  | 0.48 req/s  517 out-tok/s
[ 29863s] 完成 14311  成功 14311  失败 0  截断 1449  三元组 165841  | 0.48 req/s  517 out-tok/s
[ 29878s] 完成 14320  成功 14320  失败 0  截断 1451  三元组 165935  | 0.48 req/s  517 out-tok/s
[ 29895s] 完成 14328  成功 14328  失败 0  截断 1453  三元组 165994  | 0.48 req/s  517 out-tok/s
[ 29916s] 完成 14339  成功 14339  失败 0  截断 1454  三元组 166108  | 0.48 req/s  517 out-tok/s
[ 29932s] 完成 14350  成功 14350  失败 0  截断 1457  三元组 166238  | 0.48 req/s  517 out-tok/s
[ 29953s] 完成 14356  成功 14356  失败 0  截断 1459  三元组 166356  | 0.48 req/s  517 out-tok/s
[ 29969s] 完成 14363  成功 14363  失败 0  截断 1461  三元组 166422  | 0.48 req/s  517 out-tok/s
[ 29987s] 完成 14372  成功 14372  失败 0  截断 1461  三元组 166532  | 0.48 req/s  517 out-tok/s
[ 30006s] 完成 14382  成功 14382  失败 0  截断 1461  三元组 166672  | 0.48 req/s  517 out-tok/s
[ 30023s] 完成 14386  成功 14386  失败 0  截断 1461  三元组 166719  | 0.48 req/s  517 out-tok/s
[ 30038s] 完成 14391  成功 14391  失败 0  截断 1462  三元组 166778  | 0.48 req/s  517 out-tok/s
[ 30058s] 完成 14398  成功 14398  失败 0  截断 1464  三元组 166893  | 0.48 req/s  517 out-tok/s
[ 30074s] 完成 14407  成功 14407  失败 0  截断 1465  三元组 167010  | 0.48 req/s  517 out-tok/s
[ 30089s] 完成 14418  成功 14418  失败 0  截断 1467  三元组 167130  | 0.48 req/s  517 out-tok/s
[ 30108s] 完成 14425  成功 14425  失败 0  截断 1468  三元组 167207  | 0.48 req/s  517 out-tok/s
[ 30127s] 完成 14432  成功 14432  失败 0  截断 1469  三元组 167322  | 0.48 req/s  517 out-tok/s
[ 30144s] 完成 14441  成功 14441  失败 0  截断 1470  三元组 167440  | 0.48 req/s  517 out-tok/s
[ 30161s] 完成 14448  成功 14448  失败 0  截断 1471  三元组 167521  | 0.48 req/s  517 out-tok/s
[ 30180s] 完成 14459  成功 14459  失败 0  截断 1471  三元组 167647  | 0.48 req/s  517 out-tok/s
[ 30196s] 完成 14465  成功 14465  失败 0  截断 1471  三元组 167721  | 0.48 req/s  517 out-tok/s
[ 30211s] 完成 14475  成功 14475  失败 0  截断 1472  三元组 167833  | 0.48 req/s  517 out-tok/s
[ 30227s] 完成 14479  成功 14479  失败 0  截断 1472  三元组 167870  | 0.48 req/s  517 out-tok/s
[ 30243s] 完成 14488  成功 14488  失败 0  截断 1473  三元组 167972  | 0.48 req/s  517 out-tok/s
[ 30259s] 完成 14495  成功 14495  失败 0  截断 1474  三元组 168053  | 0.48 req/s  517 out-tok/s
[ 30272s] 完成 14500  成功 14500  失败 0  截断 1474  三元组 168106  | 0.48 req/s  517 out-tok/s
[ 30288s] 完成 14511  成功 14511  失败 0  截断 1475  三元组 168226  | 0.48 req/s  517 out-tok/s
[ 30303s] 完成 14520  成功 14520  失败 0  截断 1476  三元组 168315  | 0.48 req/s  517 out-tok/s
[ 30320s] 完成 14525  成功 14525  失败 0  截断 1477  三元组 168387  | 0.48 req/s  517 out-tok/s
[ 30336s] 完成 14532  成功 14532  失败 0  截断 1477  三元组 168461  | 0.48 req/s  517 out-tok/s
[ 30351s] 完成 14537  成功 14537  失败 0  截断 1477  三元组 168520  | 0.48 req/s  517 out-tok/s
[ 30367s] 完成 14547  成功 14547  失败 0  截断 1480  三元组 168655  | 0.48 req/s  517 out-tok/s
[ 30383s] 完成 14554  成功 14554  失败 0  截断 1481  三元组 168737  | 0.48 req/s  517 out-tok/s
[ 30401s] 完成 14563  成功 14563  失败 0  截断 1482  三元组 168839  | 0.48 req/s  517 out-tok/s
[ 30416s] 完成 14570  成功 14570  失败 0  截断 1482  三元组 168909  | 0.48 req/s  517 out-tok/s
[ 30432s] 完成 14575  成功 14575  失败 0  截断 1482  三元组 168951  | 0.48 req/s  517 out-tok/s
[ 30447s] 完成 14581  成功 14581  失败 0  截断 1485  三元组 169013  | 0.48 req/s  517 out-tok/s
[ 30462s] 完成 14589  成功 14589  失败 0  截断 1486  三元组 169125  | 0.48 req/s  517 out-tok/s
[ 30481s] 完成 14598  成功 14598  失败 0  截断 1487  三元组 169205  | 0.48 req/s  517 out-tok/s
[ 30497s] 完成 14606  成功 14606  失败 0  截断 1487  三元组 169307  | 0.48 req/s  517 out-tok/s
[ 30514s] 完成 14616  成功 14616  失败 0  截断 1487  三元组 169423  | 0.48 req/s  517 out-tok/s
[ 30531s] 完成 14627  成功 14627  失败 0  截断 1490  三元组 169554  | 0.48 req/s  517 out-tok/s
[ 30547s] 完成 14634  成功 14634  失败 0  截断 1490  三元组 169615  | 0.48 req/s  517 out-tok/s
[ 30564s] 完成 14645  成功 14645  失败 0  截断 1490  三元组 169730  | 0.48 req/s  517 out-tok/s
[ 30581s] 完成 14650  成功 14650  失败 0  截断 1490  三元组 169790  | 0.48 req/s  517 out-tok/s
[ 30598s] 完成 14656  成功 14656  失败 0  截断 1490  三元组 169847  | 0.48 req/s  517 out-tok/s
[ 30617s] 完成 14668  成功 14668  失败 0  截断 1491  三元组 169989  | 0.48 req/s  517 out-tok/s
[ 30635s] 完成 14675  成功 14675  失败 0  截断 1493  三元组 170086  | 0.48 req/s  517 out-tok/s
[ 30651s] 完成 14687  成功 14687  失败 0  截断 1496  三元组 170237  | 0.48 req/s  517 out-tok/s
[ 30666s] 完成 14693  成功 14693  失败 0  截断 1496  三元组 170305  | 0.48 req/s  517 out-tok/s
[ 30683s] 完成 14700  成功 14700  失败 0  截断 1496  三元组 170383  | 0.48 req/s  517 out-tok/s
[ 30702s] 完成 14707  成功 14707  失败 0  截断 1496  三元组 170480  | 0.48 req/s  517 out-tok/s
[ 30720s] 完成 14717  成功 14717  失败 0  截断 1497  三元组 170613  | 0.48 req/s  517 out-tok/s
[ 30737s] 完成 14725  成功 14725  失败 0  截断 1497  三元组 170668  | 0.48 req/s  517 out-tok/s
[ 30754s] 完成 14736  成功 14736  失败 0  截断 1498  三元组 170785  | 0.48 req/s  517 out-tok/s
[ 30770s] 完成 14745  成功 14745  失败 0  截断 1499  三元组 170901  | 0.48 req/s  517 out-tok/s
[ 30785s] 完成 14757  成功 14757  失败 0  截断 1499  三元组 171010  | 0.48 req/s  517 out-tok/s
[ 30801s] 完成 14767  成功 14767  失败 0  截断 1499  三元组 171101  | 0.48 req/s  517 out-tok/s
[ 30819s] 完成 14774  成功 14774  失败 0  截断 1500  三元组 171186  | 0.48 req/s  517 out-tok/s
[ 30840s] 完成 14785  成功 14785  失败 0  截断 1501  三元组 171318  | 0.48 req/s  517 out-tok/s
[ 30856s] 完成 14792  成功 14792  失败 0  截断 1501  三元组 171395  | 0.48 req/s  517 out-tok/s
[ 30873s] 完成 14803  成功 14803  失败 0  截断 1501  三元组 171524  | 0.48 req/s  517 out-tok/s
[ 30888s] 完成 14813  成功 14813  失败 0  截断 1502  三元组 171629  | 0.48 req/s  517 out-tok/s
[ 30904s] 完成 14818  成功 14818  失败 0  截断 1502  三元组 171690  | 0.48 req/s  517 out-tok/s
[ 30919s] 完成 14826  成功 14826  失败 0  截断 1502  三元组 171769  | 0.48 req/s  517 out-tok/s
[ 30937s] 完成 14835  成功 14835  失败 0  截断 1502  三元组 171894  | 0.48 req/s  517 out-tok/s
[ 30952s] 完成 14843  成功 14843  失败 0  截断 1504  三元组 172021  | 0.48 req/s  517 out-tok/s
[ 30968s] 完成 14854  成功 14854  失败 0  截断 1504  三元组 172157  | 0.48 req/s  517 out-tok/s
[ 30986s] 完成 14860  成功 14860  失败 0  截断 1504  三元组 172218  | 0.48 req/s  517 out-tok/s
[ 31001s] 完成 14867  成功 14867  失败 0  截断 1504  三元组 172292  | 0.48 req/s  517 out-tok/s
[ 31016s] 完成 14877  成功 14877  失败 0  截断 1505  三元组 172408  | 0.48 req/s  517 out-tok/s
[ 31032s] 完成 14885  成功 14885  失败 0  截断 1505  三元组 172476  | 0.48 req/s  517 out-tok/s
[ 31047s] 完成 14890  成功 14890  失败 0  截断 1505  三元组 172542  | 0.48 req/s  517 out-tok/s
[ 31062s] 完成 14897  成功 14897  失败 0  截断 1506  三元组 172626  | 0.48 req/s  517 out-tok/s
[ 31078s] 完成 14907  成功 14907  失败 0  截断 1506  三元组 172735  | 0.48 req/s  517 out-tok/s
[ 31093s] 完成 14912  成功 14912  失败 0  截断 1507  三元组 172778  | 0.48 req/s  517 out-tok/s
[ 31110s] 完成 14919  成功 14919  失败 0  截断 1508  三元组 172874  | 0.48 req/s  517 out-tok/s
[ 31130s] 完成 14927  成功 14927  失败 0  截断 1509  三元组 172962  | 0.48 req/s  517 out-tok/s
[ 31146s] 完成 14935  成功 14935  失败 0  截断 1511  三元组 173052  | 0.48 req/s  517 out-tok/s
[ 31162s] 完成 14940  成功 14940  失败 0  截断 1512  三元组 173102  | 0.48 req/s  517 out-tok/s
[ 31178s] 完成 14948  成功 14948  失败 0  截断 1513  三元组 173207  | 0.48 req/s  517 out-tok/s
[ 31199s] 完成 14957  成功 14957  失败 0  截断 1514  三元组 173342  | 0.48 req/s  517 out-tok/s
[ 31214s] 完成 14965  成功 14965  失败 0  截断 1515  三元组 173447  | 0.48 req/s  517 out-tok/s
[ 31230s] 完成 14975  成功 14975  失败 0  截断 1518  三元组 173541  | 0.48 req/s  517 out-tok/s
[ 31248s] 完成 14985  成功 14985  失败 0  截断 1519  三元组 173652  | 0.48 req/s  517 out-tok/s
[ 31263s] 完成 14997  成功 14997  失败 0  截断 1519  三元组 173790  | 0.48 req/s  517 out-tok/s
[ 31268s] 完成 15000  成功 15000  失败 0  截断 1519  三元组 173828  | 0.48 req/s  517 out-tok/s
[ 31293s] 完成 15009  成功 15009  失败 0  截断 1519  三元组 173911  | 0.48 req/s  517 out-tok/s
[ 31309s] 完成 15016  成功 15016  失败 0  截断 1519  三元组 173990  | 0.48 req/s  517 out-tok/s
[ 31326s] 完成 15022  成功 15022  失败 0  截断 1519  三元组 174076  | 0.48 req/s  517 out-tok/s
[ 31344s] 完成 15034  成功 15034  失败 0  截断 1520  三元组 174206  | 0.48 req/s  517 out-tok/s
[ 31360s] 完成 15041  成功 15041  失败 0  截断 1520  三元组 174289  | 0.48 req/s  517 out-tok/s
[ 31375s] 完成 15047  成功 15047  失败 0  截断 1520  三元组 174354  | 0.48 req/s  517 out-tok/s
[ 31392s] 完成 15051  成功 15051  失败 0  截断 1520  三元组 174410  | 0.48 req/s  517 out-tok/s
[ 31410s] 完成 15057  成功 15057  失败 0  截断 1521  三元组 174493  | 0.48 req/s  517 out-tok/s
[ 31428s] 完成 15065  成功 15065  失败 0  截断 1523  三元组 174572  | 0.48 req/s  517 out-tok/s
[ 31446s] 完成 15077  成功 15077  失败 0  截断 1523  三元组 174733  | 0.48 req/s  517 out-tok/s
[ 31464s] 完成 15085  成功 15085  失败 0  截断 1525  三元组 174869  | 0.48 req/s  517 out-tok/s
[ 31481s] 完成 15095  成功 15095  失败 0  截断 1526  三元组 175025  | 0.48 req/s  517 out-tok/s
[ 31501s] 完成 15101  成功 15101  失败 0  截断 1526  三元组 175087  | 0.48 req/s  517 out-tok/s
[ 31516s] 完成 15110  成功 15110  失败 0  截断 1526  三元组 175195  | 0.48 req/s  517 out-tok/s
[ 31535s] 完成 15121  成功 15121  失败 0  截断 1526  三元组 175325  | 0.48 req/s  517 out-tok/s
[ 31551s] 完成 15128  成功 15128  失败 0  截断 1526  三元组 175408  | 0.48 req/s  517 out-tok/s
[ 31571s] 完成 15134  成功 15134  失败 0  截断 1526  三元组 175461  | 0.48 req/s  517 out-tok/s
[ 31586s] 完成 15142  成功 15142  失败 0  截断 1527  三元组 175601  | 0.48 req/s  517 out-tok/s
[ 31603s] 完成 15151  成功 15151  失败 0  截断 1528  三元组 175736  | 0.48 req/s  517 out-tok/s
[ 31624s] 完成 15158  成功 15158  失败 0  截断 1530  三元组 175825  | 0.48 req/s  517 out-tok/s
[ 31640s] 完成 15162  成功 15162  失败 0  截断 1530  三元组 175872  | 0.48 req/s  517 out-tok/s
[ 31659s] 完成 15171  成功 15171  失败 0  截断 1531  三元组 175996  | 0.48 req/s  517 out-tok/s
[ 31674s] 完成 15178  成功 15178  失败 0  截断 1532  三元组 176069  | 0.48 req/s  517 out-tok/s
[ 31690s] 完成 15188  成功 15188  失败 0  截断 1533  三元组 176210  | 0.48 req/s  517 out-tok/s
[ 31706s] 完成 15195  成功 15195  失败 0  截断 1535  三元组 176289  | 0.48 req/s  517 out-tok/s
[ 31722s] 完成 15208  成功 15208  失败 0  截断 1535  三元组 176452  | 0.48 req/s  517 out-tok/s
[ 31739s] 完成 15217  成功 15217  失败 0  截断 1535  三元组 176545  | 0.48 req/s  517 out-tok/s
[ 31755s] 完成 15226  成功 15226  失败 0  截断 1536  三元组 176626  | 0.48 req/s  517 out-tok/s
[ 31772s] 完成 15235  成功 15235  失败 0  截断 1536  三元组 176726  | 0.48 req/s  517 out-tok/s
[ 31793s] 完成 15240  成功 15240  失败 0  截断 1536  三元组 176776  | 0.48 req/s  517 out-tok/s
[ 31809s] 完成 15250  成功 15250  失败 0  截断 1536  三元组 176931  | 0.48 req/s  517 out-tok/s
[ 31830s] 完成 15258  成功 15258  失败 0  截断 1536  三元组 177037  | 0.48 req/s  517 out-tok/s
[ 31847s] 完成 15268  成功 15268  失败 0  截断 1539  三元组 177174  | 0.48 req/s  517 out-tok/s
[ 31864s] 完成 15276  成功 15276  失败 0  截断 1539  三元组 177261  | 0.48 req/s  517 out-tok/s
[ 31879s] 完成 15285  成功 15285  失败 0  截断 1539  三元组 177359  | 0.48 req/s  517 out-tok/s
[ 31898s] 完成 15293  成功 15293  失败 0  截断 1541  三元组 177468  | 0.48 req/s  517 out-tok/s
[ 31916s] 完成 15302  成功 15302  失败 0  截断 1542  三元组 177560  | 0.48 req/s  517 out-tok/s
[ 31931s] 完成 15307  成功 15307  失败 0  截断 1542  三元组 177623  | 0.48 req/s  517 out-tok/s
[ 31949s] 完成 15315  成功 15315  失败 0  截断 1543  三元组 177736  | 0.48 req/s  517 out-tok/s
[ 31965s] 完成 15325  成功 15325  失败 0  截断 1543  三元组 177845  | 0.48 req/s  517 out-tok/s
[ 31981s] 完成 15333  成功 15333  失败 0  截断 1543  三元组 177942  | 0.48 req/s  517 out-tok/s
[ 32002s] 完成 15343  成功 15343  失败 0  截断 1545  三元组 178075  | 0.48 req/s  517 out-tok/s
[ 32017s] 完成 15349  成功 15349  失败 0  截断 1545  三元组 178145  | 0.48 req/s  517 out-tok/s
[ 32036s] 完成 15355  成功 15355  失败 0  截断 1546  三元组 178231  | 0.48 req/s  517 out-tok/s
[ 32052s] 完成 15365  成功 15365  失败 0  截断 1548  三元组 178354  | 0.48 req/s  517 out-tok/s
[ 32070s] 完成 15373  成功 15373  失败 0  截断 1549  三元组 178477  | 0.48 req/s  517 out-tok/s
[ 32088s] 完成 15381  成功 15381  失败 0  截断 1549  三元组 178568  | 0.48 req/s  517 out-tok/s
[ 32107s] 完成 15390  成功 15390  失败 0  截断 1551  三元组 178711  | 0.48 req/s  517 out-tok/s
[ 32124s] 完成 15399  成功 15399  失败 0  截断 1554  三元组 178812  | 0.48 req/s  517 out-tok/s
[ 32140s] 完成 15408  成功 15408  失败 0  截断 1554  三元组 178922  | 0.48 req/s  517 out-tok/s
[ 32155s] 完成 15416  成功 15416  失败 0  截断 1555  三元组 178991  | 0.48 req/s  517 out-tok/s
[ 32176s] 完成 15421  成功 15421  失败 0  截断 1555  三元组 179036  | 0.48 req/s  517 out-tok/s
[ 32192s] 完成 15429  成功 15429  失败 0  截断 1555  三元组 179163  | 0.48 req/s  517 out-tok/s
[ 32210s] 完成 15438  成功 15438  失败 0  截断 1556  三元组 179332  | 0.48 req/s  517 out-tok/s
[ 32230s] 完成 15447  成功 15447  失败 0  截断 1556  三元组 179429  | 0.48 req/s  517 out-tok/s
[ 32245s] 完成 15453  成功 15453  失败 0  截断 1557  三元组 179514  | 0.48 req/s  517 out-tok/s
[ 32263s] 完成 15462  成功 15462  失败 0  截断 1557  三元组 179626  | 0.48 req/s  517 out-tok/s
[ 32278s] 完成 15472  成功 15472  失败 0  截断 1560  三元组 179779  | 0.48 req/s  517 out-tok/s
[ 32295s] 完成 15479  成功 15479  失败 0  截断 1560  三元组 179837  | 0.48 req/s  517 out-tok/s
[ 32311s] 完成 15484  成功 15484  失败 0  截断 1561  三元组 179899  | 0.48 req/s  517 out-tok/s
[ 32327s] 完成 15495  成功 15495  失败 0  截断 1562  三元组 180045  | 0.48 req/s  517 out-tok/s
[ 32336s] 完成 15500  成功 15500  失败 0  截断 1562  三元组 180102  | 0.48 req/s  517 out-tok/s
[ 32354s] 完成 15511  成功 15511  失败 0  截断 1562  三元组 180210  | 0.48 req/s  517 out-tok/s
[ 32369s] 完成 15519  成功 15519  失败 0  截断 1564  三元组 180319  | 0.48 req/s  517 out-tok/s
[ 32388s] 完成 15527  成功 15527  失败 0  截断 1565  三元组 180393  | 0.48 req/s  517 out-tok/s
[ 32406s] 完成 15531  成功 15531  失败 0  截断 1566  三元组 180423  | 0.48 req/s  517 out-tok/s
[ 32422s] 完成 15541  成功 15541  失败 0  截断 1566  三元组 180540  | 0.48 req/s  517 out-tok/s
[ 32438s] 完成 15547  成功 15547  失败 0  截断 1568  三元组 180620  | 0.48 req/s  517 out-tok/s
[ 32454s] 完成 15554  成功 15554  失败 0  截断 1568  三元组 180691  | 0.48 req/s  517 out-tok/s
[ 32469s] 完成 15562  成功 15562  失败 0  截断 1569  三元组 180793  | 0.48 req/s  517 out-tok/s
[ 32488s] 完成 15568  成功 15568  失败 0  截断 1569  三元组 180867  | 0.48 req/s  517 out-tok/s
[ 32504s] 完成 15577  成功 15577  失败 0  截断 1570  三元组 180994  | 0.48 req/s  517 out-tok/s
[ 32520s] 完成 15582  成功 15582  失败 0  截断 1571  三元组 181047  | 0.48 req/s  517 out-tok/s
[ 32537s] 完成 15589  成功 15589  失败 0  截断 1571  三元组 181147  | 0.48 req/s  517 out-tok/s
[ 32553s] 完成 15593  成功 15593  失败 0  截断 1571  三元组 181181  | 0.48 req/s  517 out-tok/s
[ 32570s] 完成 15603  成功 15603  失败 0  截断 1573  三元组 181317  | 0.48 req/s  517 out-tok/s
[ 32588s] 完成 15615  成功 15615  失败 0  截断 1574  三元组 181437  | 0.48 req/s  517 out-tok/s
[ 32605s] 完成 15625  成功 15625  失败 0  截断 1575  三元组 181531  | 0.48 req/s  517 out-tok/s
[ 32628s] 完成 15633  成功 15633  失败 0  截断 1577  三元组 181623  | 0.48 req/s  517 out-tok/s
[ 32643s] 完成 15641  成功 15641  失败 0  截断 1578  三元组 181708  | 0.48 req/s  517 out-tok/s
[ 32660s] 完成 15653  成功 15653  失败 0  截断 1580  三元组 181837  | 0.48 req/s  517 out-tok/s
[ 32678s] 完成 15660  成功 15660  失败 0  截断 1581  三元组 181938  | 0.48 req/s  517 out-tok/s
[ 32695s] 完成 15668  成功 15668  失败 0  截断 1581  三元组 182026  | 0.48 req/s  517 out-tok/s
[ 32713s] 完成 15674  成功 15674  失败 0  截断 1581  三元组 182104  | 0.48 req/s  517 out-tok/s
[ 32731s] 完成 15681  成功 15681  失败 0  截断 1582  三元组 182185  | 0.48 req/s  517 out-tok/s
[ 32746s] 完成 15689  成功 15689  失败 0  截断 1582  三元组 182288  | 0.48 req/s  517 out-tok/s
[ 32767s] 完成 15698  成功 15698  失败 0  截断 1583  三元组 182409  | 0.48 req/s  517 out-tok/s
[ 32786s] 完成 15707  成功 15707  失败 0  截断 1584  三元组 182538  | 0.48 req/s  517 out-tok/s
[ 32801s] 完成 15715  成功 15715  失败 0  截断 1585  三元组 182642  | 0.48 req/s  517 out-tok/s
[ 32817s] 完成 15721  成功 15721  失败 0  截断 1586  三元组 182706  | 0.48 req/s  517 out-tok/s
[ 32834s] 完成 15735  成功 15735  失败 0  截断 1586  三元组 182893  | 0.48 req/s  517 out-tok/s
[ 32850s] 完成 15743  成功 15743  失败 0  截断 1587  三元组 182982  | 0.48 req/s  517 out-tok/s
[ 32865s] 完成 15753  成功 15753  失败 0  截断 1587  三元组 183091  | 0.48 req/s  517 out-tok/s
[ 32880s] 完成 15760  成功 15760  失败 0  截断 1587  三元组 183160  | 0.48 req/s  517 out-tok/s
[ 32899s] 完成 15770  成功 15770  失败 0  截断 1588  三元组 183246  | 0.48 req/s  517 out-tok/s
[ 32918s] 完成 15774  成功 15774  失败 0  截断 1589  三元组 183289  | 0.48 req/s  517 out-tok/s
[ 32937s] 完成 15784  成功 15784  失败 0  截断 1589  三元组 183441  | 0.48 req/s  517 out-tok/s
[ 32953s] 完成 15791  成功 15791  失败 0  截断 1589  三元组 183542  | 0.48 req/s  517 out-tok/s
[ 32974s] 完成 15796  成功 15796  失败 0  截断 1589  三元组 183600  | 0.48 req/s  517 out-tok/s
[ 32990s] 完成 15809  成功 15809  失败 0  截断 1592  三元组 183797  | 0.48 req/s  517 out-tok/s
[ 33006s] 完成 15816  成功 15816  失败 0  截断 1592  三元组 183877  | 0.48 req/s  517 out-tok/s
[ 33022s] 完成 15827  成功 15827  失败 0  截断 1593  三元组 183995  | 0.48 req/s  517 out-tok/s
[ 33041s] 完成 15836  成功 15836  失败 0  截断 1595  三元组 184097  | 0.48 req/s  517 out-tok/s
[ 33056s] 完成 15846  成功 15846  失败 0  截断 1595  三元组 184183  | 0.48 req/s  517 out-tok/s
[ 33076s] 完成 15853  成功 15853  失败 0  截断 1597  三元组 184278  | 0.48 req/s  517 out-tok/s
[ 33096s] 完成 15862  成功 15862  失败 0  截断 1598  三元组 184403  | 0.48 req/s  517 out-tok/s
[ 33116s] 完成 15871  成功 15871  失败 0  截断 1599  三元组 184500  | 0.48 req/s  517 out-tok/s
[ 33131s] 完成 15879  成功 15879  失败 0  截断 1599  三元组 184630  | 0.48 req/s  517 out-tok/s
[ 33148s] 完成 15886  成功 15886  失败 0  截断 1599  三元组 184702  | 0.48 req/s  517 out-tok/s
[ 33164s] 完成 15896  成功 15896  失败 0  截断 1599  三元组 184806  | 0.48 req/s  517 out-tok/s
[ 33181s] 完成 15903  成功 15903  失败 0  截断 1600  三元组 184888  | 0.48 req/s  517 out-tok/s
[ 33200s] 完成 15912  成功 15912  失败 0  截断 1601  三元组 184998  | 0.48 req/s  517 out-tok/s
[ 33219s] 完成 15920  成功 15920  失败 0  截断 1602  三元组 185115  | 0.48 req/s  517 out-tok/s
[ 33234s] 完成 15930  成功 15930  失败 0  截断 1602  三元组 185220  | 0.48 req/s  517 out-tok/s
[ 33251s] 完成 15937  成功 15937  失败 0  截断 1603  三元组 185315  | 0.48 req/s  517 out-tok/s
[ 33267s] 完成 15945  成功 15945  失败 0  截断 1603  三元组 185433  | 0.48 req/s  517 out-tok/s
[ 33286s] 完成 15952  成功 15952  失败 0  截断 1603  三元组 185527  | 0.48 req/s  517 out-tok/s
[ 33301s] 完成 15960  成功 15960  失败 0  截断 1605  三元组 185632  | 0.48 req/s  517 out-tok/s
[ 33316s] 完成 15969  成功 15969  失败 0  截断 1605  三元组 185753  | 0.48 req/s  517 out-tok/s
[ 33333s] 完成 15976  成功 15976  失败 0  截断 1605  三元组 185834  | 0.48 req/s  517 out-tok/s
[ 33350s] 完成 15981  成功 15981  失败 0  截断 1606  三元组 185886  | 0.48 req/s  517 out-tok/s
[ 33366s] 完成 15993  成功 15993  失败 0  截断 1606  三元组 186059  | 0.48 req/s  517 out-tok/s
[ 33385s] 完成 15999  成功 15999  失败 0  截断 1606  三元组 186136  | 0.48 req/s  517 out-tok/s
[ 33387s] 完成 16000  成功 16000  失败 0  截断 1606  三元组 186142  | 0.48 req/s  517 out-tok/s
[ 33403s] 完成 16010  成功 16010  失败 0  截断 1608  三元组 186243  | 0.48 req/s  517 out-tok/s
[ 33421s] 完成 16015  成功 16015  失败 0  截断 1608  三元组 186306  | 0.48 req/s  517 out-tok/s
[ 33437s] 完成 16022  成功 16022  失败 0  截断 1608  三元组 186408  | 0.48 req/s  517 out-tok/s
[ 33453s] 完成 16031  成功 16031  失败 0  截断 1609  三元组 186502  | 0.48 req/s  517 out-tok/s
[ 33468s] 完成 16041  成功 16041  失败 0  截断 1611  三元组 186621  | 0.48 req/s  517 out-tok/s
[ 33484s] 完成 16049  成功 16049  失败 0  截断 1611  三元组 186705  | 0.48 req/s  517 out-tok/s
[ 33499s] 完成 16055  成功 16055  失败 0  截断 1612  三元组 186778  | 0.48 req/s  517 out-tok/s
[ 33516s] 完成 16065  成功 16065  失败 0  截断 1613  三元组 186869  | 0.48 req/s  517 out-tok/s
[ 33533s] 完成 16072  成功 16072  失败 0  截断 1614  三元组 186981  | 0.48 req/s  517 out-tok/s
[ 33552s] 完成 16082  成功 16082  失败 0  截断 1615  三元组 187109  | 0.48 req/s  517 out-tok/s
[ 33568s] 完成 16094  成功 16094  失败 0  截断 1615  三元组 187229  | 0.48 req/s  517 out-tok/s
[ 33584s] 完成 16098  成功 16098  失败 0  截断 1615  三元组 187280  | 0.48 req/s  517 out-tok/s
[ 33603s] 完成 16103  成功 16103  失败 0  截断 1615  三元组 187342  | 0.48 req/s  517 out-tok/s
[ 33621s] 完成 16113  成功 16113  失败 0  截断 1616  三元组 187500  | 0.48 req/s  517 out-tok/s
[ 33638s] 完成 16121  成功 16121  失败 0  截断 1616  三元组 187612  | 0.48 req/s  517 out-tok/s
[ 33654s] 完成 16131  成功 16131  失败 0  截断 1618  三元组 187716  | 0.48 req/s  517 out-tok/s
[ 33670s] 完成 16142  成功 16142  失败 0  截断 1618  三元组 187854  | 0.48 req/s  517 out-tok/s
[ 33686s] 完成 16148  成功 16148  失败 0  截断 1618  三元组 187925  | 0.48 req/s  517 out-tok/s
[ 33701s] 完成 16155  成功 16155  失败 0  截断 1621  三元组 187993  | 0.48 req/s  517 out-tok/s
[ 33721s] 完成 16164  成功 16164  失败 0  截断 1621  三元组 188093  | 0.48 req/s  517 out-tok/s
[ 33737s] 完成 16169  成功 16169  失败 0  截断 1621  三元组 188156  | 0.48 req/s  517 out-tok/s
[ 33753s] 完成 16180  成功 16180  失败 0  截断 1622  三元组 188246  | 0.48 req/s  517 out-tok/s
[ 33768s] 完成 16184  成功 16184  失败 0  截断 1624  三元组 188299  | 0.48 req/s  517 out-tok/s
[ 33784s] 完成 16195  成功 16195  失败 0  截断 1624  三元组 188425  | 0.48 req/s  517 out-tok/s
[ 33799s] 完成 16198  成功 16198  失败 0  截断 1625  三元组 188470  | 0.48 req/s  517 out-tok/s
[ 33815s] 完成 16203  成功 16203  失败 0  截断 1625  三元组 188516  | 0.48 req/s  517 out-tok/s
[ 33832s] 完成 16216  成功 16216  失败 0  截断 1627  三元组 188693  | 0.48 req/s  517 out-tok/s
[ 33852s] 完成 16223  成功 16223  失败 0  截断 1627  三元组 188765  | 0.48 req/s  517 out-tok/s
[ 33868s] 完成 16232  成功 16232  失败 0  截断 1627  三元组 188851  | 0.48 req/s  517 out-tok/s
[ 33884s] 完成 16244  成功 16244  失败 0  截断 1629  三元组 188979  | 0.48 req/s  517 out-tok/s
[ 33902s] 完成 16252  成功 16252  失败 0  截断 1630  三元组 189085  | 0.48 req/s  517 out-tok/s
[ 33918s] 完成 16262  成功 16262  失败 0  截断 1631  三元组 189179  | 0.48 req/s  517 out-tok/s
[ 33938s] 完成 16268  成功 16268  失败 0  截断 1632  三元组 189258  | 0.48 req/s  517 out-tok/s
[ 33955s] 完成 16272  成功 16272  失败 0  截断 1632  三元组 189313  | 0.48 req/s  517 out-tok/s
[ 33976s] 完成 16280  成功 16280  失败 0  截断 1633  三元组 189434  | 0.48 req/s  517 out-tok/s
[ 33993s] 完成 16290  成功 16290  失败 0  截断 1634  三元组 189586  | 0.48 req/s  517 out-tok/s
[ 34008s] 完成 16296  成功 16296  失败 0  截断 1634  三元组 189668  | 0.48 req/s  517 out-tok/s
[ 34025s] 完成 16302  成功 16302  失败 0  截断 1636  三元组 189749  | 0.48 req/s  517 out-tok/s
[ 34042s] 完成 16308  成功 16308  失败 0  截断 1637  三元组 189836  | 0.48 req/s  517 out-tok/s
[ 34058s] 完成 16315  成功 16315  失败 0  截断 1637  三元组 189922  | 0.48 req/s  517 out-tok/s
[ 34074s] 完成 16327  成功 16327  失败 0  截断 1639  三元组 190032  | 0.48 req/s  517 out-tok/s
[ 34096s] 完成 16337  成功 16337  失败 0  截断 1639  三元组 190137  | 0.48 req/s  517 out-tok/s
[ 34113s] 完成 16344  成功 16344  失败 0  截断 1639  三元组 190203  | 0.48 req/s  517 out-tok/s
[ 34130s] 完成 16353  成功 16353  失败 0  截断 1641  三元组 190298  | 0.48 req/s  517 out-tok/s
[ 34148s] 完成 16361  成功 16361  失败 0  截断 1641  三元组 190413  | 0.48 req/s  517 out-tok/s
[ 34167s] 完成 16370  成功 16370  失败 0  截断 1641  三元组 190532  | 0.48 req/s  517 out-tok/s
[ 34184s] 完成 16378  成功 16378  失败 0  截断 1643  三元组 190645  | 0.48 req/s  517 out-tok/s
[ 34199s] 完成 16386  成功 16386  失败 0  截断 1644  三元组 190737  | 0.48 req/s  517 out-tok/s
[ 34217s] 完成 16394  成功 16394  失败 0  截断 1645  三元组 190834  | 0.48 req/s  517 out-tok/s
[ 34233s] 完成 16400  成功 16400  失败 0  截断 1646  三元组 190921  | 0.48 req/s  517 out-tok/s
[ 34251s] 完成 16405  成功 16405  失败 0  截断 1646  三元组 190982  | 0.48 req/s  517 out-tok/s
[ 34266s] 完成 16417  成功 16417  失败 0  截断 1646  三元组 191133  | 0.48 req/s  517 out-tok/s
[ 34282s] 完成 16424  成功 16424  失败 0  截断 1647  三元组 191197  | 0.48 req/s  517 out-tok/s
[ 34298s] 完成 16431  成功 16431  失败 0  截断 1648  三元组 191270  | 0.48 req/s  517 out-tok/s
[ 34314s] 完成 16438  成功 16438  失败 0  截断 1649  三元组 191342  | 0.48 req/s  517 out-tok/s
[ 34330s] 完成 16447  成功 16447  失败 0  截断 1650  三元组 191450  | 0.48 req/s  517 out-tok/s
[ 34348s] 完成 16454  成功 16454  失败 0  截断 1651  三元组 191547  | 0.48 req/s  517 out-tok/s
[ 34364s] 完成 16464  成功 16464  失败 0  截断 1652  三元组 191637  | 0.48 req/s  517 out-tok/s
[ 34386s] 完成 16474  成功 16474  失败 0  截断 1654  三元组 191757  | 0.48 req/s  517 out-tok/s
[ 34402s] 完成 16481  成功 16481  失败 0  截断 1654  三元组 191838  | 0.48 req/s  517 out-tok/s
[ 34418s] 完成 16488  成功 16488  失败 0  截断 1654  三元组 191929  | 0.48 req/s  517 out-tok/s
[ 34434s] 完成 16494  成功 16494  失败 0  截断 1654  三元组 191971  | 0.48 req/s  517 out-tok/s
[ 34447s] 完成 16500  成功 16500  失败 0  截断 1656  三元组 192051  | 0.48 req/s  517 out-tok/s
[ 34463s] 完成 16507  成功 16507  失败 0  截断 1657  三元组 192143  | 0.48 req/s  517 out-tok/s
[ 34481s] 完成 16514  成功 16514  失败 0  截断 1659  三元组 192200  | 0.48 req/s  517 out-tok/s
[ 34496s] 完成 16521  成功 16521  失败 0  截断 1659  三元组 192311  | 0.48 req/s  517 out-tok/s
[ 34511s] 完成 16528  成功 16528  失败 0  截断 1660  三元组 192376  | 0.48 req/s  517 out-tok/s
[ 34527s] 完成 16536  成功 16536  失败 0  截断 1662  三元组 192501  | 0.48 req/s  517 out-tok/s
[ 34547s] 完成 16545  成功 16545  失败 0  截断 1663  三元组 192598  | 0.48 req/s  517 out-tok/s
[ 34564s] 完成 16554  成功 16554  失败 0  截断 1664  三元组 192734  | 0.48 req/s  517 out-tok/s
[ 34582s] 完成 16563  成功 16563  失败 0  截断 1664  三元组 192845  | 0.48 req/s  517 out-tok/s
[ 34598s] 完成 16575  成功 16575  失败 0  截断 1665  三元组 192970  | 0.48 req/s  517 out-tok/s
[ 34614s] 完成 16581  成功 16581  失败 0  截断 1666  三元组 193020  | 0.48 req/s  517 out-tok/s
[ 34630s] 完成 16587  成功 16587  失败 0  截断 1666  三元组 193102  | 0.48 req/s  517 out-tok/s
[ 34647s] 完成 16598  成功 16598  失败 0  截断 1666  三元组 193226  | 0.48 req/s  517 out-tok/s
[ 34666s] 完成 16607  成功 16607  失败 0  截断 1667  三元组 193331  | 0.48 req/s  517 out-tok/s
[ 34684s] 完成 16616  成功 16616  失败 0  截断 1668  三元组 193446  | 0.48 req/s  517 out-tok/s
[ 34702s] 完成 16625  成功 16625  失败 0  截断 1669  三元组 193571  | 0.48 req/s  517 out-tok/s
[ 34717s] 完成 16630  成功 16630  失败 0  截断 1669  三元组 193655  | 0.48 req/s  517 out-tok/s
[ 34733s] 完成 16637  成功 16637  失败 0  截断 1669  三元组 193740  | 0.48 req/s  517 out-tok/s
[ 34749s] 完成 16647  成功 16647  失败 0  截断 1669  三元组 193859  | 0.48 req/s  517 out-tok/s
[ 34765s] 完成 16655  成功 16655  失败 0  截断 1669  三元组 193961  | 0.48 req/s  517 out-tok/s
[ 34790s] 完成 16662  成功 16662  失败 0  截断 1669  三元组 194036  | 0.48 req/s  517 out-tok/s
[ 34808s] 完成 16669  成功 16669  失败 0  截断 1671  三元组 194142  | 0.48 req/s  517 out-tok/s
[ 34827s] 完成 16677  成功 16677  失败 0  截断 1673  三元组 194254  | 0.48 req/s  517 out-tok/s
[ 34843s] 完成 16686  成功 16686  失败 0  截断 1674  三元组 194375  | 0.48 req/s  517 out-tok/s
[ 34862s] 完成 16697  成功 16697  失败 0  截断 1675  三元组 194553  | 0.48 req/s  517 out-tok/s
[ 34877s] 完成 16704  成功 16704  失败 0  截断 1676  三元组 194642  | 0.48 req/s  517 out-tok/s
[ 34892s] 完成 16710  成功 16710  失败 0  截断 1677  三元组 194686  | 0.48 req/s  517 out-tok/s
[ 34912s] 完成 16718  成功 16718  失败 0  截断 1678  三元组 194779  | 0.48 req/s  517 out-tok/s
[ 34932s] 完成 16724  成功 16724  失败 0  截断 1678  三元组 194859  | 0.48 req/s  517 out-tok/s
[ 34950s] 完成 16732  成功 16732  失败 0  截断 1679  三元组 194975  | 0.48 req/s  517 out-tok/s
[ 34967s] 完成 16741  成功 16741  失败 0  截断 1679  三元组 195092  | 0.48 req/s  517 out-tok/s
[ 34984s] 完成 16748  成功 16748  失败 0  截断 1680  三元组 195183  | 0.48 req/s  517 out-tok/s
[ 35001s] 完成 16755  成功 16755  失败 0  截断 1682  三元组 195265  | 0.48 req/s  517 out-tok/s
[ 35020s] 完成 16765  成功 16765  失败 0  截断 1683  三元组 195399  | 0.48 req/s  517 out-tok/s
[ 35035s] 完成 16772  成功 16772  失败 0  截断 1683  三元组 195487  | 0.48 req/s  517 out-tok/s
[ 35051s] 完成 16777  成功 16777  失败 0  截断 1683  三元组 195534  | 0.48 req/s  517 out-tok/s
[ 35067s] 完成 16786  成功 16786  失败 0  截断 1684  三元组 195658  | 0.48 req/s  517 out-tok/s
[ 35083s] 完成 16791  成功 16791  失败 0  截断 1684  三元组 195732  | 0.48 req/s  517 out-tok/s
[ 35100s] 完成 16800  成功 16800  失败 0  截断 1684  三元组 195849  | 0.48 req/s  517 out-tok/s
[ 35118s] 完成 16807  成功 16807  失败 0  截断 1684  三元组 195920  | 0.48 req/s  517 out-tok/s
[ 35133s] 完成 16816  成功 16816  失败 0  截断 1686  三元组 196058  | 0.48 req/s  517 out-tok/s
[ 35150s] 完成 16821  成功 16821  失败 0  截断 1686  三元组 196119  | 0.48 req/s  517 out-tok/s
[ 35167s] 完成 16828  成功 16828  失败 0  截断 1686  三元组 196217  | 0.48 req/s  517 out-tok/s
[ 35183s] 完成 16836  成功 16836  失败 0  截断 1687  三元组 196329  | 0.48 req/s  517 out-tok/s
[ 35204s] 完成 16846  成功 16846  失败 0  截断 1687  三元组 196458  | 0.48 req/s  517 out-tok/s
[ 35223s] 完成 16853  成功 16853  失败 0  截断 1687  三元组 196549  | 0.48 req/s  517 out-tok/s
[ 35238s] 完成 16865  成功 16865  失败 0  截断 1688  三元组 196709  | 0.48 req/s  517 out-tok/s
[ 35254s] 完成 16872  成功 16872  失败 0  截断 1689  三元组 196779  | 0.48 req/s  517 out-tok/s
[ 35269s] 完成 16878  成功 16878  失败 0  截断 1690  三元组 196847  | 0.48 req/s  517 out-tok/s
[ 35286s] 完成 16883  成功 16883  失败 0  截断 1691  三元组 196922  | 0.48 req/s  517 out-tok/s
[ 35301s] 完成 16891  成功 16891  失败 0  截断 1692  三元组 197017  | 0.48 req/s  517 out-tok/s
[ 35317s] 完成 16896  成功 16896  失败 0  截断 1692  三元组 197074  | 0.48 req/s  517 out-tok/s
[ 35334s] 完成 16904  成功 16904  失败 0  截断 1692  三元组 197157  | 0.48 req/s  517 out-tok/s
[ 35351s] 完成 16909  成功 16909  失败 0  截断 1693  三元组 197218  | 0.48 req/s  517 out-tok/s
[ 35366s] 完成 16913  成功 16913  失败 0  截断 1694  三元组 197267  | 0.48 req/s  517 out-tok/s
[ 35382s] 完成 16923  成功 16923  失败 0  截断 1695  三元组 197390  | 0.48 req/s  517 out-tok/s
[ 35398s] 完成 16929  成功 16929  失败 0  截断 1698  三元组 197460  | 0.48 req/s  517 out-tok/s
[ 35413s] 完成 16938  成功 16938  失败 0  截断 1701  三元组 197586  | 0.48 req/s  517 out-tok/s
[ 35429s] 完成 16949  成功 16949  失败 0  截断 1702  三元组 197724  | 0.48 req/s  517 out-tok/s
[ 35445s] 完成 16957  成功 16957  失败 0  截断 1703  三元组 197790  | 0.48 req/s  517 out-tok/s
[ 35461s] 完成 16965  成功 16965  失败 0  截断 1705  三元组 197889  | 0.48 req/s  517 out-tok/s
[ 35482s] 完成 16974  成功 16974  失败 0  截断 1705  三元组 197981  | 0.48 req/s  517 out-tok/s
[ 35499s] 完成 16982  成功 16982  失败 0  截断 1705  三元组 198068  | 0.48 req/s  517 out-tok/s
[ 35517s] 完成 16989  成功 16989  失败 0  截断 1705  三元组 198138  | 0.48 req/s  517 out-tok/s
[ 35532s] 完成 16998  成功 16998  失败 0  截断 1705  三元组 198249  | 0.48 req/s  517 out-tok/s
[ 35536s] 完成 17000  成功 17000  失败 0  截断 1705  三元组 198272  | 0.48 req/s  517 out-tok/s
[ 35554s] 完成 17009  成功 17009  失败 0  截断 1706  三元组 198368  | 0.48 req/s  517 out-tok/s
[ 35570s] 完成 17022  成功 17022  失败 0  截断 1709  三元组 198506  | 0.48 req/s  517 out-tok/s
[ 35586s] 完成 17027  成功 17027  失败 0  截断 1709  三元组 198559  | 0.48 req/s  517 out-tok/s
[ 35602s] 完成 17033  成功 17033  失败 0  截断 1709  三元组 198641  | 0.48 req/s  517 out-tok/s
[ 35617s] 完成 17041  成功 17041  失败 0  截断 1710  三元组 198717  | 0.48 req/s  517 out-tok/s
[ 35633s] 完成 17050  成功 17050  失败 0  截断 1711  三元组 198829  | 0.48 req/s  517 out-tok/s
[ 35650s] 完成 17058  成功 17058  失败 0  截断 1712  三元组 198902  | 0.48 req/s  517 out-tok/s
[ 35667s] 完成 17065  成功 17065  失败 0  截断 1712  三元组 198967  | 0.48 req/s  517 out-tok/s
[ 35683s] 完成 17070  成功 17070  失败 0  截断 1713  三元组 199020  | 0.48 req/s  517 out-tok/s
[ 35698s] 完成 17077  成功 17077  失败 0  截断 1717  三元组 199107  | 0.48 req/s  517 out-tok/s
[ 35714s] 完成 17085  成功 17085  失败 0  截断 1718  三元组 199203  | 0.48 req/s  517 out-tok/s
[ 35731s] 完成 17092  成功 17092  失败 0  截断 1718  三元组 199294  | 0.48 req/s  517 out-tok/s
[ 35747s] 完成 17099  成功 17099  失败 0  截断 1718  三元组 199380  | 0.48 req/s  517 out-tok/s
[ 35765s] 完成 17109  成功 17109  失败 0  截断 1720  三元组 199499  | 0.48 req/s  517 out-tok/s
[ 35789s] 完成 17120  成功 17120  失败 0  截断 1722  三元组 199621  | 0.48 req/s  517 out-tok/s
[ 35806s] 完成 17134  成功 17134  失败 0  截断 1722  三元组 199780  | 0.48 req/s  517 out-tok/s
[ 35825s] 完成 17141  成功 17141  失败 0  截断 1722  三元组 199860  | 0.48 req/s  517 out-tok/s
[ 35840s] 完成 17150  成功 17150  失败 0  截断 1722  三元组 199987  | 0.48 req/s  517 out-tok/s
[ 35856s] 完成 17155  成功 17155  失败 0  截断 1722  三元组 200053  | 0.48 req/s  517 out-tok/s
[ 35871s] 完成 17164  成功 17164  失败 0  截断 1723  三元组 200195  | 0.48 req/s  517 out-tok/s
[ 35890s] 完成 17173  成功 17173  失败 0  截断 1723  三元组 200307  | 0.48 req/s  517 out-tok/s
[ 35906s] 完成 17180  成功 17180  失败 0  截断 1723  三元组 200393  | 0.48 req/s  517 out-tok/s
[ 35922s] 完成 17189  成功 17189  失败 0  截断 1723  三元组 200480  | 0.48 req/s  517 out-tok/s
[ 35945s] 完成 17193  成功 17193  失败 0  截断 1724  三元组 200562  | 0.48 req/s  517 out-tok/s
[ 35963s] 完成 17201  成功 17201  失败 0  截断 1725  三元组 200670  | 0.48 req/s  517 out-tok/s
[ 35979s] 完成 17208  成功 17208  失败 0  截断 1725  三元组 200787  | 0.48 req/s  517 out-tok/s
[ 35998s] 完成 17217  成功 17217  失败 0  截断 1726  三元组 200927  | 0.48 req/s  517 out-tok/s
[ 36014s] 完成 17221  成功 17221  失败 0  截断 1726  三元组 200981  | 0.48 req/s  517 out-tok/s
[ 36033s] 完成 17232  成功 17232  失败 0  截断 1727  三元组 201087  | 0.48 req/s  517 out-tok/s
[ 36049s] 完成 17240  成功 17240  失败 0  截断 1729  三元组 201177  | 0.48 req/s  517 out-tok/s
[ 36065s] 完成 17249  成功 17249  失败 0  截断 1730  三元组 201298  | 0.48 req/s  517 out-tok/s
[ 36081s] 完成 17257  成功 17257  失败 0  截断 1732  三元组 201407  | 0.48 req/s  517 out-tok/s
[ 36105s] 完成 17264  成功 17264  失败 0  截断 1732  三元组 201508  | 0.48 req/s  517 out-tok/s
[ 36121s] 完成 17275  成功 17275  失败 0  截断 1733  三元组 201636  | 0.48 req/s  517 out-tok/s
[ 36136s] 完成 17282  成功 17282  失败 0  截断 1733  三元组 201704  | 0.48 req/s  517 out-tok/s
[ 36151s] 完成 17290  成功 17290  失败 0  截断 1733  三元组 201788  | 0.48 req/s  517 out-tok/s
[ 36168s] 完成 17296  成功 17296  失败 0  截断 1733  三元组 201880  | 0.48 req/s  517 out-tok/s
[ 36183s] 完成 17300  成功 17300  失败 0  截断 1734  三元组 201945  | 0.48 req/s  517 out-tok/s
[ 36198s] 完成 17306  成功 17306  失败 0  截断 1734  三元组 202042  | 0.48 req/s  517 out-tok/s
[ 36213s] 完成 17318  成功 17318  失败 0  截断 1736  三元组 202201  | 0.48 req/s  517 out-tok/s
[ 36231s] 完成 17321  成功 17321  失败 0  截断 1736  三元组 202236  | 0.48 req/s  517 out-tok/s
[ 36247s] 完成 17327  成功 17327  失败 0  截断 1737  三元组 202334  | 0.48 req/s  517 out-tok/s
[ 36266s] 完成 17333  成功 17333  失败 0  截断 1737  三元组 202429  | 0.48 req/s  517 out-tok/s
[ 36281s] 完成 17340  成功 17340  失败 0  截断 1738  三元组 202534  | 0.48 req/s  517 out-tok/s
[ 36299s] 完成 17347  成功 17347  失败 0  截断 1741  三元组 202625  | 0.48 req/s  517 out-tok/s
[ 36314s] 完成 17354  成功 17354  失败 0  截断 1741  三元组 202725  | 0.48 req/s  517 out-tok/s
[ 36331s] 完成 17361  成功 17361  失败 0  截断 1741  三元组 202819  | 0.48 req/s  517 out-tok/s
[ 36348s] 完成 17372  成功 17372  失败 0  截断 1741  三元组 202967  | 0.48 req/s  517 out-tok/s
[ 36364s] 完成 17376  成功 17376  失败 0  截断 1743  三元组 203015  | 0.48 req/s  517 out-tok/s
[ 36380s] 完成 17381  成功 17381  失败 0  截断 1743  三元组 203071  | 0.48 req/s  517 out-tok/s
[ 36396s] 完成 17391  成功 17391  失败 0  截断 1745  三元组 203228  | 0.48 req/s  517 out-tok/s
[ 36419s] 完成 17400  成功 17400  失败 0  截断 1745  三元组 203348  | 0.48 req/s  517 out-tok/s
[ 36436s] 完成 17408  成功 17408  失败 0  截断 1745  三元组 203439  | 0.48 req/s  517 out-tok/s
[ 36451s] 完成 17415  成功 17415  失败 0  截断 1746  三元组 203529  | 0.48 req/s  517 out-tok/s
[ 36466s] 完成 17424  成功 17424  失败 0  截断 1747  三元组 203655  | 0.48 req/s  517 out-tok/s
[ 36482s] 完成 17431  成功 17431  失败 0  截断 1747  三元组 203728  | 0.48 req/s  517 out-tok/s
[ 36498s] 完成 17439  成功 17439  失败 0  截断 1749  三元组 203819  | 0.48 req/s  517 out-tok/s
[ 36514s] 完成 17445  成功 17445  失败 0  截断 1749  三元组 203882  | 0.48 req/s  517 out-tok/s
[ 36529s] 完成 17452  成功 17452  失败 0  截断 1750  三元组 203953  | 0.48 req/s  517 out-tok/s
[ 36545s] 完成 17464  成功 17464  失败 0  截断 1751  三元组 204107  | 0.48 req/s  517 out-tok/s
[ 36561s] 完成 17473  成功 17473  失败 0  截断 1752  三元组 204178  | 0.48 req/s  517 out-tok/s
[ 36577s] 完成 17482  成功 17482  失败 0  截断 1753  三元组 204271  | 0.48 req/s  517 out-tok/s
[ 36595s] 完成 17487  成功 17487  失败 0  截断 1753  三元组 204307  | 0.48 req/s  517 out-tok/s
[ 36612s] 完成 17494  成功 17494  失败 0  截断 1754  三元组 204404  | 0.48 req/s  517 out-tok/s
[ 36624s] 完成 17500  成功 17500  失败 0  截断 1755  三元组 204479  | 0.48 req/s  517 out-tok/s
[ 36640s] 完成 17511  成功 17511  失败 0  截断 1756  三元组 204577  | 0.48 req/s  517 out-tok/s
[ 36658s] 完成 17516  成功 17516  失败 0  截断 1756  三元组 204637  | 0.48 req/s  517 out-tok/s
[ 36678s] 完成 17522  成功 17522  失败 0  截断 1757  三元组 204731  | 0.48 req/s  517 out-tok/s
[ 36695s] 完成 17529  成功 17529  失败 0  截断 1758  三元组 204817  | 0.48 req/s  517 out-tok/s
[ 36717s] 完成 17536  成功 17536  失败 0  截断 1761  三元组 204914  | 0.48 req/s  517 out-tok/s
[ 36737s] 完成 17546  成功 17546  失败 0  截断 1762  三元组 205034  | 0.48 req/s  517 out-tok/s
[ 36757s] 完成 17554  成功 17554  失败 0  截断 1762  三元组 205155  | 0.48 req/s  517 out-tok/s
[ 36773s] 完成 17559  成功 17559  失败 0  截断 1762  三元组 205215  | 0.48 req/s  517 out-tok/s
[ 36788s] 完成 17569  成功 17569  失败 0  截断 1763  三元组 205345  | 0.48 req/s  517 out-tok/s
[ 36805s] 完成 17580  成功 17580  失败 0  截断 1768  三元组 205474  | 0.48 req/s  517 out-tok/s
[ 36821s] 完成 17588  成功 17588  失败 0  截断 1768  三元组 205570  | 0.48 req/s  517 out-tok/s
[ 36838s] 完成 17594  成功 17594  失败 0  截断 1769  三元组 205636  | 0.48 req/s  517 out-tok/s
[ 36854s] 完成 17605  成功 17605  失败 0  截断 1769  三元组 205787  | 0.48 req/s  517 out-tok/s
[ 36871s] 完成 17609  成功 17609  失败 0  截断 1769  三元组 205827  | 0.48 req/s  517 out-tok/s
[ 36890s] 完成 17614  成功 17614  失败 0  截断 1769  三元组 205881  | 0.48 req/s  517 out-tok/s
[ 36905s] 完成 17620  成功 17620  失败 0  截断 1770  三元组 205949  | 0.48 req/s  517 out-tok/s
[ 36921s] 完成 17628  成功 17628  失败 0  截断 1770  三元组 206052  | 0.48 req/s  517 out-tok/s
[ 36947s] 完成 17638  成功 17638  失败 0  截断 1772  三元组 206178  | 0.48 req/s  517 out-tok/s
[ 36964s] 完成 17650  成功 17650  失败 0  截断 1775  三元组 206345  | 0.48 req/s  517 out-tok/s
[ 36980s] 完成 17656  成功 17656  失败 0  截断 1778  三元组 206427  | 0.48 req/s  517 out-tok/s
[ 36998s] 完成 17664  成功 17664  失败 0  截断 1779  三元组 206526  | 0.48 req/s  517 out-tok/s
[ 37013s] 完成 17667  成功 17667  失败 0  截断 1779  三元组 206576  | 0.48 req/s  517 out-tok/s
[ 37029s] 完成 17673  成功 17673  失败 0  截断 1779  三元组 206658  | 0.48 req/s  517 out-tok/s
[ 37047s] 完成 17680  成功 17680  失败 0  截断 1779  三元组 206738  | 0.48 req/s  517 out-tok/s
[ 37063s] 完成 17692  成功 17692  失败 0  截断 1779  三元组 206906  | 0.48 req/s  517 out-tok/s
[ 37079s] 完成 17698  成功 17698  失败 0  截断 1780  三元组 206997  | 0.48 req/s  517 out-tok/s
[ 37095s] 完成 17707  成功 17707  失败 0  截断 1781  三元组 207093  | 0.48 req/s  517 out-tok/s
[ 37111s] 完成 17715  成功 17715  失败 0  截断 1782  三元组 207168  | 0.48 req/s  517 out-tok/s
[ 37127s] 完成 17723  成功 17723  失败 0  截断 1785  三元组 207265  | 0.48 req/s  517 out-tok/s
[ 37142s] 完成 17728  成功 17728  失败 0  截断 1786  三元组 207311  | 0.48 req/s  517 out-tok/s
[ 37164s] 完成 17737  成功 17737  失败 0  截断 1787  三元组 207412  | 0.48 req/s  517 out-tok/s
[ 37186s] 完成 17747  成功 17747  失败 0  截断 1789  三元组 207524  | 0.48 req/s  517 out-tok/s
[ 37203s] 完成 17754  成功 17754  失败 0  截断 1789  三元组 207604  | 0.48 req/s  517 out-tok/s
[ 37223s] 完成 17763  成功 17763  失败 0  截断 1792  三元组 207697  | 0.48 req/s  517 out-tok/s
[ 37242s] 完成 17770  成功 17770  失败 0  截断 1793  三元组 207816  | 0.48 req/s  517 out-tok/s
[ 37257s] 完成 17777  成功 17777  失败 0  截断 1793  三元组 207899  | 0.48 req/s  517 out-tok/s
[ 37273s] 完成 17784  成功 17784  失败 0  截断 1794  三元组 208024  | 0.48 req/s  517 out-tok/s
[ 37292s] 完成 17793  成功 17793  失败 0  截断 1795  三元组 208138  | 0.48 req/s  517 out-tok/s
[ 37308s] 完成 17797  成功 17797  失败 0  截断 1795  三元组 208212  | 0.48 req/s  517 out-tok/s
[ 37324s] 完成 17806  成功 17806  失败 0  截断 1795  三元组 208310  | 0.48 req/s  517 out-tok/s
[ 37340s] 完成 17816  成功 17816  失败 0  截断 1797  三元组 208451  | 0.48 req/s  517 out-tok/s
[ 37360s] 完成 17821  成功 17821  失败 0  截断 1797  三元组 208514  | 0.48 req/s  517 out-tok/s
[ 37375s] 完成 17829  成功 17829  失败 0  截断 1798  三元组 208630  | 0.48 req/s  517 out-tok/s
[ 37391s] 完成 17834  成功 17834  失败 0  截断 1798  三元组 208688  | 0.48 req/s  517 out-tok/s
[ 37407s] 完成 17838  成功 17838  失败 0  截断 1798  三元组 208738  | 0.48 req/s  517 out-tok/s
[ 37423s] 完成 17849  成功 17849  失败 0  截断 1799  三元组 208876  | 0.48 req/s  517 out-tok/s
[ 37439s] 完成 17856  成功 17856  失败 0  截断 1802  三元组 208967  | 0.48 req/s  517 out-tok/s
[ 37458s] 完成 17861  成功 17861  失败 0  截断 1803  三元组 209010  | 0.48 req/s  517 out-tok/s
[ 37478s] 完成 17869  成功 17869  失败 0  截断 1804  三元组 209126  | 0.48 req/s  517 out-tok/s
[ 37495s] 完成 17877  成功 17877  失败 0  截断 1806  三元组 209218  | 0.48 req/s  517 out-tok/s
[ 37513s] 完成 17884  成功 17884  失败 0  截断 1806  三元组 209328  | 0.48 req/s  517 out-tok/s
[ 37528s] 完成 17891  成功 17891  失败 0  截断 1806  三元组 209408  | 0.48 req/s  517 out-tok/s
[ 37546s] 完成 17897  成功 17897  失败 0  截断 1809  三元组 209457  | 0.48 req/s  517 out-tok/s
[ 37561s] 完成 17903  成功 17903  失败 0  截断 1809  三元组 209549  | 0.48 req/s  517 out-tok/s
[ 37578s] 完成 17911  成功 17911  失败 0  截断 1812  三元组 209661  | 0.48 req/s  517 out-tok/s
[ 37593s] 完成 17918  成功 17918  失败 0  截断 1813  三元组 209738  | 0.48 req/s  517 out-tok/s
[ 37610s] 完成 17922  成功 17922  失败 0  截断 1813  三元组 209802  | 0.48 req/s  517 out-tok/s
[ 37626s] 完成 17929  成功 17929  失败 0  截断 1813  三元组 209893  | 0.48 req/s  517 out-tok/s
[ 37644s] 完成 17935  成功 17935  失败 0  截断 1813  三元组 209976  | 0.48 req/s  517 out-tok/s
[ 37661s] 完成 17944  成功 17944  失败 0  截断 1815  三元组 210102  | 0.48 req/s  517 out-tok/s
[ 37677s] 完成 17951  成功 17951  失败 0  截断 1818  三元组 210183  | 0.48 req/s  517 out-tok/s
[ 37692s] 完成 17962  成功 17962  失败 0  截断 1819  三元组 210311  | 0.48 req/s  517 out-tok/s
[ 37708s] 完成 17971  成功 17971  失败 0  截断 1820  三元组 210433  | 0.48 req/s  517 out-tok/s
[ 37723s] 完成 17979  成功 17979  失败 0  截断 1821  三元组 210525  | 0.48 req/s  517 out-tok/s
[ 37740s] 完成 17986  成功 17986  失败 0  截断 1821  三元组 210579  | 0.48 req/s  517 out-tok/s
[ 37758s] 完成 17991  成功 17991  失败 0  截断 1821  三元组 210645  | 0.48 req/s  517 out-tok/s
[ 37775s] 完成 17999  成功 17999  失败 0  截断 1821  三元组 210742  | 0.48 req/s  517 out-tok/s
[ 37778s] 完成 18000  成功 18000  失败 0  截断 1821  三元组 210758  | 0.48 req/s  517 out-tok/s
[ 37794s] 完成 18010  成功 18010  失败 0  截断 1822  三元组 210935  | 0.48 req/s  517 out-tok/s
[ 37809s] 完成 18014  成功 18014  失败 0  截断 1822  三元组 210973  | 0.48 req/s  517 out-tok/s
[ 37826s] 完成 18024  成功 18024  失败 0  截断 1822  三元组 211083  | 0.48 req/s  517 out-tok/s
[ 37842s] 完成 18034  成功 18034  失败 0  截断 1823  三元组 211194  | 0.48 req/s  517 out-tok/s
[ 37860s] 完成 18046  成功 18046  失败 0  截断 1823  三元组 211309  | 0.48 req/s  517 out-tok/s
[ 37879s] 完成 18055  成功 18055  失败 0  截断 1824  三元组 211393  | 0.48 req/s  517 out-tok/s
[ 37897s] 完成 18066  成功 18066  失败 0  截断 1825  三元组 211524  | 0.48 req/s  517 out-tok/s
[ 37915s] 完成 18073  成功 18073  失败 0  截断 1825  三元组 211591  | 0.48 req/s  517 out-tok/s
[ 37932s] 完成 18082  成功 18082  失败 0  截断 1825  三元组 211695  | 0.48 req/s  517 out-tok/s
[ 37947s] 完成 18088  成功 18088  失败 0  截断 1825  三元组 211766  | 0.48 req/s  517 out-tok/s
[ 37963s] 完成 18095  成功 18095  失败 0  截断 1825  三元组 211871  | 0.48 req/s  517 out-tok/s
[ 37983s] 完成 18104  成功 18104  失败 0  截断 1827  三元组 211998  | 0.48 req/s  517 out-tok/s
[ 38000s] 完成 18114  成功 18114  失败 0  截断 1828  三元组 212127  | 0.48 req/s  517 out-tok/s
[ 38015s] 完成 18122  成功 18122  失败 0  截断 1828  三元组 212223  | 0.48 req/s  517 out-tok/s
[ 38033s] 完成 18127  成功 18127  失败 0  截断 1828  三元组 212270  | 0.48 req/s  517 out-tok/s
[ 38054s] 完成 18130  成功 18130  失败 0  截断 1828  三元组 212313  | 0.48 req/s  517 out-tok/s
[ 38070s] 完成 18139  成功 18139  失败 0  截断 1828  三元组 212426  | 0.48 req/s  517 out-tok/s
[ 38085s] 完成 18148  成功 18148  失败 0  截断 1829  三元组 212546  | 0.48 req/s  517 out-tok/s
[ 38102s] 完成 18154  成功 18154  失败 0  截断 1830  三元组 212653  | 0.48 req/s  517 out-tok/s
[ 38126s] 完成 18163  成功 18163  失败 0  截断 1833  三元组 212753  | 0.48 req/s  517 out-tok/s
[ 38141s] 完成 18172  成功 18172  失败 0  截断 1834  三元组 212884  | 0.48 req/s  517 out-tok/s
[ 38156s] 完成 18178  成功 18178  失败 0  截断 1834  三元组 212956  | 0.48 req/s  517 out-tok/s
[ 38171s] 完成 18183  成功 18183  失败 0  截断 1834  三元组 213008  | 0.48 req/s  517 out-tok/s
[ 38187s] 完成 18190  成功 18190  失败 0  截断 1834  三元组 213085  | 0.48 req/s  517 out-tok/s
[ 38202s] 完成 18200  成功 18200  失败 0  截断 1834  三元组 213202  | 0.48 req/s  517 out-tok/s
[ 38219s] 完成 18211  成功 18211  失败 0  截断 1835  三元组 213331  | 0.48 req/s  517 out-tok/s
[ 38234s] 完成 18216  成功 18216  失败 0  截断 1836  三元组 213405  | 0.48 req/s  517 out-tok/s
[ 38251s] 完成 18225  成功 18225  失败 0  截断 1836  三元组 213519  | 0.48 req/s  517 out-tok/s
[ 38272s] 完成 18233  成功 18233  失败 0  截断 1836  三元组 213602  | 0.48 req/s  517 out-tok/s
[ 38287s] 完成 18242  成功 18242  失败 0  截断 1836  三元组 213694  | 0.48 req/s  517 out-tok/s
[ 38306s] 完成 18251  成功 18251  失败 0  截断 1838  三元组 213820  | 0.48 req/s  517 out-tok/s
[ 38322s] 完成 18261  成功 18261  失败 0  截断 1838  三元组 213933  | 0.48 req/s  517 out-tok/s
[ 38344s] 完成 18265  成功 18265  失败 0  截断 1838  三元组 213981  | 0.48 req/s  517 out-tok/s
[ 38359s] 完成 18274  成功 18274  失败 0  截断 1839  三元组 214081  | 0.48 req/s  517 out-tok/s
[ 38375s] 完成 18286  成功 18286  失败 0  截断 1840  三元组 214227  | 0.48 req/s  517 out-tok/s
[ 38394s] 完成 18291  成功 18291  失败 0  截断 1840  三元组 214282  | 0.48 req/s  517 out-tok/s
[ 38411s] 完成 18301  成功 18301  失败 0  截断 1843  三元组 214407  | 0.48 req/s  517 out-tok/s
[ 38431s] 完成 18308  成功 18308  失败 0  截断 1843  三元组 214485  | 0.48 req/s  517 out-tok/s
[ 38446s] 完成 18316  成功 18316  失败 0  截断 1844  三元组 214583  | 0.48 req/s  517 out-tok/s
[ 38462s] 完成 18324  成功 18324  失败 0  截断 1845  三元组 214706  | 0.48 req/s  517 out-tok/s
[ 38478s] 完成 18337  成功 18337  失败 0  截断 1846  三元组 214843  | 0.48 req/s  517 out-tok/s
[ 38499s] 完成 18344  成功 18344  失败 0  截断 1847  三元组 214923  | 0.48 req/s  517 out-tok/s
[ 38516s] 完成 18349  成功 18349  失败 0  截断 1847  三元组 214969  | 0.48 req/s  517 out-tok/s
[ 38534s] 完成 18355  成功 18355  失败 0  截断 1849  三元组 215039  | 0.48 req/s  517 out-tok/s
[ 38554s] 完成 18364  成功 18364  失败 0  截断 1850  三元组 215188  | 0.48 req/s  517 out-tok/s
[ 38571s] 完成 18369  成功 18369  失败 0  截断 1850  三元组 215247  | 0.48 req/s  517 out-tok/s
[ 38588s] 完成 18374  成功 18374  失败 0  截断 1851  三元组 215297  | 0.48 req/s  517 out-tok/s
[ 38609s] 完成 18386  成功 18386  失败 0  截断 1852  三元组 215457  | 0.48 req/s  517 out-tok/s
[ 38626s] 完成 18393  成功 18393  失败 0  截断 1854  三元组 215562  | 0.48 req/s  517 out-tok/s
[ 38644s] 完成 18403  成功 18403  失败 0  截断 1856  三元组 215677  | 0.48 req/s  517 out-tok/s
[ 38662s] 完成 18410  成功 18410  失败 0  截断 1856  三元组 215759  | 0.48 req/s  517 out-tok/s
[ 38680s] 完成 18418  成功 18418  失败 0  截断 1857  三元组 215860  | 0.48 req/s  517 out-tok/s
[ 38695s] 完成 18427  成功 18427  失败 0  截断 1859  三元组 215947  | 0.48 req/s  517 out-tok/s
[ 38711s] 完成 18431  成功 18431  失败 0  截断 1859  三元组 216002  | 0.48 req/s  517 out-tok/s
[ 38728s] 完成 18436  成功 18436  失败 0  截断 1859  三元组 216073  | 0.48 req/s  517 out-tok/s
[ 38743s] 完成 18443  成功 18443  失败 0  截断 1860  三元组 216174  | 0.48 req/s  517 out-tok/s
[ 38764s] 完成 18453  成功 18453  失败 0  截断 1862  三元组 216320  | 0.48 req/s  517 out-tok/s
[ 38779s] 完成 18460  成功 18460  失败 0  截断 1863  三元组 216386  | 0.48 req/s  517 out-tok/s
[ 38795s] 完成 18467  成功 18467  失败 0  截断 1863  三元组 216480  | 0.48 req/s  517 out-tok/s
[ 38811s] 完成 18476  成功 18476  失败 0  截断 1863  三元组 216591  | 0.48 req/s  517 out-tok/s
[ 38829s] 完成 18487  成功 18487  失败 0  截断 1865  三元组 216751  | 0.48 req/s  517 out-tok/s
[ 38845s] 完成 18495  成功 18495  失败 0  截断 1865  三元组 216841  | 0.48 req/s  517 out-tok/s
[ 38863s] 完成 18499  成功 18499  失败 0  截断 1865  三元组 216896  | 0.48 req/s  517 out-tok/s
[ 38864s] 完成 18500  成功 18500  失败 0  截断 1866  三元组 216905  | 0.48 req/s  517 out-tok/s
[ 38882s] 完成 18511  成功 18511  失败 0  截断 1866  三元组 217053  | 0.48 req/s  517 out-tok/s
[ 38899s] 完成 18515  成功 18515  失败 0  截断 1866  三元组 217099  | 0.48 req/s  517 out-tok/s
[ 38915s] 完成 18522  成功 18522  失败 0  截断 1866  三元组 217194  | 0.48 req/s  517 out-tok/s
[ 38930s] 完成 18531  成功 18531  失败 0  截断 1867  三元组 217287  | 0.48 req/s  517 out-tok/s
[ 38945s] 完成 18538  成功 18538  失败 0  截断 1869  三元组 217400  | 0.48 req/s  517 out-tok/s
[ 38964s] 完成 18543  成功 18543  失败 0  截断 1869  三元组 217479  | 0.48 req/s  517 out-tok/s
[ 38980s] 完成 18551  成功 18551  失败 0  截断 1870  三元组 217592  | 0.48 req/s  517 out-tok/s
[ 38996s] 完成 18560  成功 18560  失败 0  截断 1872  三元组 217707  | 0.48 req/s  517 out-tok/s
[ 39012s] 完成 18568  成功 18568  失败 0  截断 1873  三元组 217815  | 0.48 req/s  517 out-tok/s
[ 39029s] 完成 18577  成功 18577  失败 0  截断 1874  三元组 217930  | 0.48 req/s  517 out-tok/s
[ 39049s] 完成 18585  成功 18585  失败 0  截断 1874  三元组 218030  | 0.48 req/s  517 out-tok/s
[ 39066s] 完成 18591  成功 18591  失败 0  截断 1875  三元组 218131  | 0.48 req/s  517 out-tok/s
[ 39085s] 完成 18600  成功 18600  失败 0  截断 1876  三元组 218245  | 0.48 req/s  517 out-tok/s
[ 39104s] 完成 18611  成功 18611  失败 0  截断 1876  三元组 218407  | 0.48 req/s  517 out-tok/s
[ 39119s] 完成 18619  成功 18619  失败 0  截断 1876  三元组 218501  | 0.48 req/s  517 out-tok/s
[ 39137s] 完成 18627  成功 18627  失败 0  截断 1877  三元组 218613  | 0.48 req/s  517 out-tok/s
[ 39154s] 完成 18635  成功 18635  失败 0  截断 1879  三元组 218705  | 0.48 req/s  517 out-tok/s
[ 39171s] 完成 18643  成功 18643  失败 0  截断 1879  三元组 218792  | 0.48 req/s  517 out-tok/s
[ 39186s] 完成 18650  成功 18650  失败 0  截断 1879  三元组 218886  | 0.48 req/s  517 out-tok/s
[ 39203s] 完成 18657  成功 18657  失败 0  截断 1879  三元组 218961  | 0.48 req/s  517 out-tok/s
[ 39221s] 完成 18664  成功 18664  失败 0  截断 1879  三元组 219054  | 0.48 req/s  517 out-tok/s
[ 39236s] 完成 18672  成功 18672  失败 0  截断 1881  三元组 219159  | 0.48 req/s  517 out-tok/s
[ 39253s] 完成 18684  成功 18684  失败 0  截断 1881  三元组 219348  | 0.48 req/s  518 out-tok/s
[ 39270s] 完成 18691  成功 18691  失败 0  截断 1881  三元组 219424  | 0.48 req/s  517 out-tok/s
[ 39285s] 完成 18698  成功 18698  失败 0  截断 1881  三元组 219505  | 0.48 req/s  517 out-tok/s
[ 39300s] 完成 18702  成功 18702  失败 0  截断 1881  三元组 219564  | 0.48 req/s  517 out-tok/s
[ 39317s] 完成 18707  成功 18707  失败 0  截断 1881  三元组 219635  | 0.48 req/s  517 out-tok/s
[ 39333s] 完成 18714  成功 18714  失败 0  截断 1883  三元组 219743  | 0.48 req/s  517 out-tok/s
[ 39351s] 完成 18720  成功 18720  失败 0  截断 1883  三元组 219823  | 0.48 req/s  517 out-tok/s
[ 39370s] 完成 18727  成功 18727  失败 0  截断 1883  三元组 219941  | 0.48 req/s  517 out-tok/s
[ 39386s] 完成 18734  成功 18734  失败 0  截断 1884  三元组 220023  | 0.48 req/s  517 out-tok/s
[ 39402s] 完成 18742  成功 18742  失败 0  截断 1884  三元组 220118  | 0.48 req/s  517 out-tok/s
[ 39419s] 完成 18755  成功 18755  失败 0  截断 1886  三元组 220284  | 0.48 req/s  517 out-tok/s
[ 39436s] 完成 18762  成功 18762  失败 0  截断 1887  三元组 220367  | 0.48 req/s  517 out-tok/s
[ 39452s] 完成 18767  成功 18767  失败 0  截断 1888  三元组 220444  | 0.48 req/s  517 out-tok/s
[ 39467s] 完成 18774  成功 18774  失败 0  截断 1889  三元组 220549  | 0.48 req/s  517 out-tok/s
[ 39485s] 完成 18784  成功 18784  失败 0  截断 1889  三元组 220668  | 0.48 req/s  517 out-tok/s
[ 39501s] 完成 18792  成功 18792  失败 0  截断 1889  三元组 220765  | 0.48 req/s  517 out-tok/s
[ 39516s] 完成 18795  成功 18795  失败 0  截断 1889  三元组 220804  | 0.48 req/s  517 out-tok/s
[ 39533s] 完成 18804  成功 18804  失败 0  截断 1890  三元组 220905  | 0.48 req/s  517 out-tok/s
[ 39549s] 完成 18810  成功 18810  失败 0  截断 1890  三元组 221001  | 0.48 req/s  517 out-tok/s
[ 39566s] 完成 18820  成功 18820  失败 0  截断 1893  三元组 221116  | 0.48 req/s  517 out-tok/s
[ 39586s] 完成 18828  成功 18828  失败 0  截断 1894  三元组 221219  | 0.48 req/s  517 out-tok/s
[ 39603s] 完成 18838  成功 18838  失败 0  截断 1895  三元组 221379  | 0.48 req/s  517 out-tok/s
[ 39623s] 完成 18851  成功 18851  失败 0  截断 1896  三元组 221490  | 0.48 req/s  517 out-tok/s
[ 39638s] 完成 18859  成功 18859  失败 0  截断 1896  三元组 221576  | 0.48 req/s  517 out-tok/s
[ 39655s] 完成 18866  成功 18866  失败 0  截断 1896  三元组 221649  | 0.48 req/s  517 out-tok/s
[ 39670s] 完成 18875  成功 18875  失败 0  截断 1897  三元组 221743  | 0.48 req/s  517 out-tok/s
[ 39686s] 完成 18882  成功 18882  失败 0  截断 1897  三元组 221819  | 0.48 req/s  517 out-tok/s
[ 39701s] 完成 18889  成功 18889  失败 0  截断 1898  三元组 221896  | 0.48 req/s  517 out-tok/s
[ 39719s] 完成 18900  成功 18900  失败 0  截断 1900  三元组 222002  | 0.48 req/s  517 out-tok/s
[ 39743s] 完成 18907  成功 18907  失败 0  截断 1900  三元组 222077  | 0.48 req/s  517 out-tok/s
[ 39758s] 完成 18911  成功 18911  失败 0  截断 1901  三元组 222118  | 0.48 req/s  517 out-tok/s
[ 39773s] 完成 18918  成功 18918  失败 0  截断 1903  三元组 222260  | 0.48 req/s  517 out-tok/s
[ 39791s] 完成 18928  成功 18928  失败 0  截断 1903  三元组 222405  | 0.48 req/s  517 out-tok/s
[ 39810s] 完成 18934  成功 18934  失败 0  截断 1905  三元组 222519  | 0.48 req/s  517 out-tok/s
[ 39828s] 完成 18942  成功 18942  失败 0  截断 1905  三元组 222615  | 0.48 req/s  517 out-tok/s
[ 39843s] 完成 18952  成功 18952  失败 0  截断 1906  三元组 222724  | 0.48 req/s  517 out-tok/s
[ 39859s] 完成 18959  成功 18959  失败 0  截断 1908  三元组 222795  | 0.48 req/s  517 out-tok/s
[ 39874s] 完成 18968  成功 18968  失败 0  截断 1909  三元组 222920  | 0.48 req/s  517 out-tok/s
[ 39894s] 完成 18974  成功 18974  失败 0  截断 1910  三元组 222993  | 0.48 req/s  517 out-tok/s
[ 39909s] 完成 18979  成功 18979  失败 0  截断 1910  三元组 223057  | 0.48 req/s  517 out-tok/s
[ 39924s] 完成 18989  成功 18989  失败 0  截断 1910  三元组 223182  | 0.48 req/s  517 out-tok/s
[ 39939s] 完成 18995  成功 18995  失败 0  截断 1912  三元组 223245  | 0.48 req/s  517 out-tok/s
[ 39951s] 完成 19000  成功 19000  失败 0  截断 1912  三元组 223295  | 0.48 req/s  517 out-tok/s
[ 39967s] 完成 19009  成功 19009  失败 0  截断 1912  三元组 223416  | 0.48 req/s  517 out-tok/s
[ 39986s] 完成 19016  成功 19016  失败 0  截断 1913  三元组 223533  | 0.48 req/s  517 out-tok/s
[ 40004s] 完成 19024  成功 19024  失败 0  截断 1915  三元组 223612  | 0.48 req/s  517 out-tok/s
[ 40022s] 完成 19033  成功 19033  失败 0  截断 1915  三元组 223738  | 0.48 req/s  517 out-tok/s
[ 40038s] 完成 19039  成功 19039  失败 0  截断 1916  三元组 223817  | 0.48 req/s  517 out-tok/s
[ 40057s] 完成 19044  成功 19044  失败 0  截断 1916  三元组 223859  | 0.48 req/s  517 out-tok/s
[ 40076s] 完成 19054  成功 19054  失败 0  截断 1916  三元组 223994  | 0.48 req/s  517 out-tok/s
[ 40092s] 完成 19060  成功 19060  失败 0  截断 1916  三元组 224069  | 0.48 req/s  517 out-tok/s
[ 40108s] 完成 19071  成功 19071  失败 0  截断 1919  三元组 224245  | 0.48 req/s  517 out-tok/s
[ 40124s] 完成 19076  成功 19076  失败 0  截断 1921  三元组 224298  | 0.48 req/s  517 out-tok/s
[ 40140s] 完成 19080  成功 19080  失败 0  截断 1922  三元组 224364  | 0.48 req/s  517 out-tok/s
[ 40156s] 完成 19086  成功 19086  失败 0  截断 1923  三元组 224451  | 0.48 req/s  517 out-tok/s
[ 40172s] 完成 19094  成功 19094  失败 0  截断 1925  三元组 224548  | 0.48 req/s  517 out-tok/s
[ 40189s] 完成 19102  成功 19102  失败 0  截断 1925  三元组 224630  | 0.48 req/s  517 out-tok/s
[ 40209s] 完成 19111  成功 19111  失败 0  截断 1925  三元组 224768  | 0.48 req/s  517 out-tok/s
[ 40226s] 完成 19119  成功 19119  失败 0  截断 1926  三元组 224877  | 0.48 req/s  517 out-tok/s
[ 40248s] 完成 19128  成功 19128  失败 0  截断 1928  三元组 224979  | 0.48 req/s  517 out-tok/s
[ 40268s] 完成 19137  成功 19137  失败 0  截断 1929  三元组 225102  | 0.48 req/s  517 out-tok/s
[ 40284s] 完成 19145  成功 19145  失败 0  截断 1931  三元组 225219  | 0.48 req/s  517 out-tok/s
[ 40305s] 完成 19150  成功 19150  失败 0  截断 1931  三元组 225277  | 0.48 req/s  517 out-tok/s
[ 40322s] 完成 19156  成功 19156  失败 0  截断 1931  三元组 225343  | 0.48 req/s  517 out-tok/s
[ 40340s] 完成 19166  成功 19166  失败 0  截断 1932  三元组 225473  | 0.48 req/s  517 out-tok/s
[ 40358s] 完成 19173  成功 19173  失败 0  截断 1935  三元组 225570  | 0.48 req/s  517 out-tok/s
[ 40373s] 完成 19177  成功 19177  失败 0  截断 1935  三元组 225619  | 0.47 req/s  517 out-tok/s
[ 40390s] 完成 19185  成功 19185  失败 0  截断 1938  三元组 225785  | 0.47 req/s  517 out-tok/s
[ 40409s] 完成 19197  成功 19197  失败 0  截断 1938  三元组 225955  | 0.48 req/s  518 out-tok/s
[ 40424s] 完成 19202  成功 19202  失败 0  截断 1938  三元组 226031  | 0.48 req/s  517 out-tok/s
[ 40440s] 完成 19209  成功 19209  失败 0  截断 1938  三元组 226101  | 0.47 req/s  517 out-tok/s
[ 40455s] 完成 19219  成功 19219  失败 0  截断 1939  三元组 226242  | 0.48 req/s  518 out-tok/s
[ 40472s] 完成 19229  成功 19229  失败 0  截断 1940  三元组 226387  | 0.48 req/s  518 out-tok/s
[ 40489s] 完成 19235  成功 19235  失败 0  截断 1940  三元组 226476  | 0.48 req/s  518 out-tok/s
[ 40507s] 完成 19243  成功 19243  失败 0  截断 1940  三元组 226550  | 0.48 req/s  517 out-tok/s
[ 40523s] 完成 19247  成功 19247  失败 0  截断 1941  三元组 226609  | 0.47 req/s  517 out-tok/s
[ 40538s] 完成 19259  成功 19259  失败 0  截断 1941  三元组 226762  | 0.48 req/s  517 out-tok/s
[ 40555s] 完成 19262  成功 19262  失败 0  截断 1941  三元组 226785  | 0.47 req/s  517 out-tok/s
[ 40570s] 完成 19273  成功 19273  失败 0  截断 1941  三元组 226946  | 0.48 req/s  517 out-tok/s
[ 40587s] 完成 19278  成功 19278  失败 0  截断 1941  三元组 227017  | 0.47 req/s  517 out-tok/s
[ 40603s] 完成 19285  成功 19285  失败 0  截断 1942  三元组 227091  | 0.47 req/s  517 out-tok/s
[ 40619s] 完成 19294  成功 19294  失败 0  截断 1943  三元组 227220  | 0.48 req/s  517 out-tok/s
[ 40636s] 完成 19299  成功 19299  失败 0  截断 1945  三元组 227296  | 0.47 req/s  517 out-tok/s
[ 40653s] 完成 19308  成功 19308  失败 0  截断 1946  三元组 227417  | 0.47 req/s  517 out-tok/s
[ 40671s] 完成 19311  成功 19311  失败 0  截断 1946  三元组 227448  | 0.47 req/s  517 out-tok/s
[ 40688s] 完成 19319  成功 19319  失败 0  截断 1947  三元组 227561  | 0.47 req/s  517 out-tok/s
[ 40705s] 完成 19330  成功 19330  失败 0  截断 1948  三元组 227692  | 0.47 req/s  517 out-tok/s
[ 40720s] 完成 19336  成功 19336  失败 0  截断 1950  三元组 227793  | 0.47 req/s  517 out-tok/s
[ 40739s] 完成 19341  成功 19341  失败 0  截断 1951  三元组 227852  | 0.47 req/s  517 out-tok/s
[ 40756s] 完成 19346  成功 19346  失败 0  截断 1951  三元组 227918  | 0.47 req/s  517 out-tok/s
[ 40774s] 完成 19357  成功 19357  失败 0  截断 1953  三元组 228057  | 0.47 req/s  517 out-tok/s
[ 40793s] 完成 19365  成功 19365  失败 0  截断 1954  三元组 228140  | 0.47 req/s  517 out-tok/s
[ 40808s] 完成 19370  成功 19370  失败 0  截断 1954  三元组 228208  | 0.47 req/s  517 out-tok/s
[ 40825s] 完成 19378  成功 19378  失败 0  截断 1955  三元组 228322  | 0.47 req/s  517 out-tok/s
[ 40846s] 完成 19386  成功 19386  失败 0  截断 1956  三元组 228423  | 0.47 req/s  517 out-tok/s
[ 40862s] 完成 19393  成功 19393  失败 0  截断 1958  三元组 228510  | 0.47 req/s  517 out-tok/s
[ 40878s] 完成 19403  成功 19403  失败 0  截断 1958  三元组 228640  | 0.47 req/s  517 out-tok/s
[ 40896s] 完成 19410  成功 19410  失败 0  截断 1959  三元组 228721  | 0.47 req/s  517 out-tok/s
[ 40914s] 完成 19414  成功 19414  失败 0  截断 1959  三元组 228774  | 0.47 req/s  517 out-tok/s
[ 40930s] 完成 19425  成功 19425  失败 0  截断 1961  三元组 228955  | 0.47 req/s  518 out-tok/s
[ 40950s] 完成 19430  成功 19430  失败 0  截断 1962  三元组 229032  | 0.47 req/s  517 out-tok/s
[ 40968s] 完成 19438  成功 19438  失败 0  截断 1962  三元组 229133  | 0.47 req/s  517 out-tok/s
[ 40983s] 完成 19448  成功 19448  失败 0  截断 1963  三元组 229247  | 0.47 req/s  517 out-tok/s
[ 41001s] 完成 19453  成功 19453  失败 0  截断 1964  三元组 229294  | 0.47 req/s  517 out-tok/s
[ 41019s] 完成 19458  成功 19458  失败 0  截断 1964  三元组 229374  | 0.47 req/s  517 out-tok/s
[ 41037s] 完成 19465  成功 19465  失败 0  截断 1966  三元组 229452  | 0.47 req/s  517 out-tok/s
[ 41058s] 完成 19474  成功 19474  失败 0  截断 1969  三元组 229566  | 0.47 req/s  517 out-tok/s
[ 41074s] 完成 19483  成功 19483  失败 0  截断 1970  三元组 229656  | 0.47 req/s  517 out-tok/s
[ 41089s] 完成 19494  成功 19494  失败 0  截断 1972  三元组 229762  | 0.47 req/s  518 out-tok/s
[ 41104s] 完成 19500  成功 19500  失败 0  截断 1972  三元组 229868  | 0.47 req/s  518 out-tok/s
[ 41122s] 完成 19504  成功 19504  失败 0  截断 1972  三元组 229926  | 0.47 req/s  517 out-tok/s
[ 41138s] 完成 19511  成功 19511  失败 0  截断 1973  三元组 230012  | 0.47 req/s  517 out-tok/s
[ 41156s] 完成 19516  成功 19516  失败 0  截断 1974  三元组 230069  | 0.47 req/s  517 out-tok/s
[ 41174s] 完成 19520  成功 19520  失败 0  截断 1975  三元组 230118  | 0.47 req/s  517 out-tok/s
[ 41192s] 完成 19527  成功 19527  失败 0  截断 1975  三元组 230222  | 0.47 req/s  517 out-tok/s
[ 41209s] 完成 19532  成功 19532  失败 0  截断 1976  三元组 230277  | 0.47 req/s  517 out-tok/s
[ 41227s] 完成 19540  成功 19540  失败 0  截断 1978  三元组 230392  | 0.47 req/s  517 out-tok/s
[ 41246s] 完成 19546  成功 19546  失败 0  截断 1980  三元组 230457  | 0.47 req/s  517 out-tok/s
[ 41264s] 完成 19557  成功 19557  失败 0  截断 1984  三元组 230605  | 0.47 req/s  517 out-tok/s
[ 41281s] 完成 19563  成功 19563  失败 0  截断 1984  三元组 230690  | 0.47 req/s  517 out-tok/s
[ 41299s] 完成 19569  成功 19569  失败 0  截断 1985  三元组 230750  | 0.47 req/s  517 out-tok/s
[ 41316s] 完成 19575  成功 19575  失败 0  截断 1987  三元组 230842  | 0.47 req/s  517 out-tok/s
[ 41334s] 完成 19583  成功 19583  失败 0  截断 1989  三元组 230978  | 0.47 req/s  517 out-tok/s
[ 41354s] 完成 19588  成功 19588  失败 0  截断 1989  三元组 231052  | 0.47 req/s  517 out-tok/s
[ 41370s] 完成 19595  成功 19595  失败 0  截断 1990  三元组 231182  | 0.47 req/s  517 out-tok/s
[ 41387s] 完成 19606  成功 19606  失败 0  截断 1990  三元组 231325  | 0.47 req/s  517 out-tok/s
[ 41404s] 完成 19614  成功 19614  失败 0  截断 1991  三元组 231420  | 0.47 req/s  517 out-tok/s
[ 41420s] 完成 19622  成功 19622  失败 0  截断 1993  三元组 231505  | 0.47 req/s  517 out-tok/s
[ 41437s] 完成 19629  成功 19629  失败 0  截断 1993  三元组 231590  | 0.47 req/s  517 out-tok/s
[ 41455s] 完成 19636  成功 19636  失败 0  截断 1994  三元组 231681  | 0.47 req/s  517 out-tok/s
[ 41471s] 完成 19642  成功 19642  失败 0  截断 1995  三元组 231751  | 0.47 req/s  517 out-tok/s
[ 41487s] 完成 19647  成功 19647  失败 0  截断 1996  三元组 231835  | 0.47 req/s  517 out-tok/s
[ 41504s] 完成 19654  成功 19654  失败 0  截断 1997  三元组 231918  | 0.47 req/s  517 out-tok/s
[ 41519s] 完成 19660  成功 19660  失败 0  截断 1998  三元组 232009  | 0.47 req/s  517 out-tok/s
[ 41536s] 完成 19664  成功 19664  失败 0  截断 1999  三元组 232061  | 0.47 req/s  517 out-tok/s
[ 41552s] 完成 19674  成功 19674  失败 0  截断 2001  三元组 232181  | 0.47 req/s  517 out-tok/s
[ 41570s] 完成 19684  成功 19684  失败 0  截断 2003  三元组 232324  | 0.47 req/s  517 out-tok/s
[ 41585s] 完成 19690  成功 19690  失败 0  截断 2003  三元组 232409  | 0.47 req/s  517 out-tok/s
[ 41601s] 完成 19696  成功 19696  失败 0  截断 2004  三元组 232483  | 0.47 req/s  517 out-tok/s
[ 41616s] 完成 19706  成功 19706  失败 0  截断 2004  三元组 232587  | 0.47 req/s  517 out-tok/s
[ 41632s] 完成 19709  成功 19709  失败 0  截断 2005  三元组 232633  | 0.47 req/s  517 out-tok/s
[ 41650s] 完成 19719  成功 19719  失败 0  截断 2006  三元组 232782  | 0.47 req/s  517 out-tok/s
[ 41665s] 完成 19725  成功 19725  失败 0  截断 2006  三元组 232844  | 0.47 req/s  517 out-tok/s
[ 41680s] 完成 19730  成功 19730  失败 0  截断 2006  三元组 232909  | 0.47 req/s  517 out-tok/s
[ 41696s] 完成 19738  成功 19738  失败 0  截断 2006  三元组 233022  | 0.47 req/s  517 out-tok/s
[ 41711s] 完成 19751  成功 19751  失败 0  截断 2007  三元组 233170  | 0.47 req/s  518 out-tok/s
[ 41728s] 完成 19760  成功 19760  失败 0  截断 2007  三元组 233249  | 0.47 req/s  517 out-tok/s
[ 41743s] 完成 19772  成功 19772  失败 0  截断 2010  三元组 233383  | 0.47 req/s  518 out-tok/s
[ 41760s] 完成 19781  成功 19781  失败 0  截断 2011  三元组 233462  | 0.47 req/s  518 out-tok/s
[ 41777s] 完成 19791  成功 19791  失败 0  截断 2011  三元组 233570  | 0.47 req/s  518 out-tok/s
[ 41792s] 完成 19801  成功 19801  失败 0  截断 2011  三元组 233659  | 0.47 req/s  518 out-tok/s
[ 41807s] 完成 19809  成功 19809  失败 0  截断 2011  三元组 233751  | 0.47 req/s  518 out-tok/s
[ 41825s] 完成 19820  成功 19820  失败 0  截断 2011  三元组 233843  | 0.47 req/s  518 out-tok/s
[ 41841s] 完成 19830  成功 19830  失败 0  截断 2011  三元组 233959  | 0.47 req/s  518 out-tok/s
[ 41857s] 完成 19835  成功 19835  失败 0  截断 2011  三元组 234002  | 0.47 req/s  517 out-tok/s
[ 41873s] 完成 19845  成功 19845  失败 0  截断 2012  三元组 234126  | 0.47 req/s  517 out-tok/s
[ 41889s] 完成 19854  成功 19854  失败 0  截断 2012  三元组 234241  | 0.47 req/s  517 out-tok/s
[ 41905s] 完成 19865  成功 19865  失败 0  截断 2012  三元组 234352  | 0.47 req/s  517 out-tok/s
[ 41922s] 完成 19876  成功 19876  失败 0  截断 2013  三元组 234463  | 0.47 req/s  518 out-tok/s
[ 41937s] 完成 19881  成功 19881  失败 0  截断 2014  三元组 234507  | 0.47 req/s  518 out-tok/s
[ 41955s] 完成 19891  成功 19891  失败 0  截断 2014  三元组 234611  | 0.47 req/s  517 out-tok/s
[ 41971s] 完成 19895  成功 19895  失败 0  截断 2015  三元组 234642  | 0.47 req/s  517 out-tok/s
[ 41986s] 完成 19904  成功 19904  失败 0  截断 2015  三元组 234767  | 0.47 req/s  517 out-tok/s
[ 42005s] 完成 19911  成功 19911  失败 0  截断 2015  三元组 234883  | 0.47 req/s  517 out-tok/s
[ 42020s] 完成 19921  成功 19921  失败 0  截断 2016  三元组 235011  | 0.47 req/s  518 out-tok/s
[ 42037s] 完成 19929  成功 19929  失败 0  截断 2016  三元组 235103  | 0.47 req/s  518 out-tok/s
[ 42053s] 完成 19936  成功 19936  失败 0  截断 2017  三元组 235164  | 0.47 req/s  517 out-tok/s
[ 42069s] 完成 19944  成功 19944  失败 0  截断 2018  三元组 235261  | 0.47 req/s  517 out-tok/s
[ 42086s] 完成 19952  成功 19952  失败 0  截断 2018  三元组 235346  | 0.47 req/s  517 out-tok/s
[ 42104s] 完成 19964  成功 19964  失败 0  截断 2020  三元组 235514  | 0.47 req/s  518 out-tok/s
[ 42119s] 完成 19975  成功 19975  失败 0  截断 2021  三元组 235629  | 0.47 req/s  518 out-tok/s
[ 42134s] 完成 19985  成功 19985  失败 0  截断 2021  三元组 235724  | 0.47 req/s  518 out-tok/s
[ 42149s] 完成 19992  成功 19992  失败 0  截断 2021  三元组 235798  | 0.47 req/s  518 out-tok/s
[ 42160s] 完成 20000  成功 20000  失败 0  截断 2021  三元组 235877  | 0.47 req/s  518 out-tok/s
[ 42178s] 完成 20010  成功 20010  失败 0  截断 2021  三元组 235968  | 0.47 req/s  518 out-tok/s
[ 42196s] 完成 20019  成功 20019  失败 0  截断 2022  三元组 236067  | 0.47 req/s  517 out-tok/s
[ 42211s] 完成 20028  成功 20028  失败 0  截断 2023  三元组 236192  | 0.47 req/s  518 out-tok/s
[ 42227s] 完成 20033  成功 20033  失败 0  截断 2023  三元组 236249  | 0.47 req/s  518 out-tok/s
[ 42242s] 完成 20038  成功 20038  失败 0  截断 2023  三元组 236302  | 0.47 req/s  517 out-tok/s
[ 42259s] 完成 20049  成功 20049  失败 0  截断 2024  三元组 236427  | 0.47 req/s  517 out-tok/s
[ 42274s] 完成 20062  成功 20062  失败 0  截断 2025  三元组 236579  | 0.47 req/s  518 out-tok/s
[ 42292s] 完成 20072  成功 20072  失败 0  截断 2026  三元组 236677  | 0.47 req/s  518 out-tok/s
[ 42309s] 完成 20081  成功 20081  失败 0  截断 2026  三元组 236769  | 0.47 req/s  518 out-tok/s
[ 42325s] 完成 20088  成功 20088  失败 0  截断 2026  三元组 236834  | 0.47 req/s  517 out-tok/s
[ 42345s] 完成 20094  成功 20094  失败 0  截断 2028  三元组 236897  | 0.47 req/s  517 out-tok/s
[ 42361s] 完成 20100  成功 20100  失败 0  截断 2030  三元组 236966  | 0.47 req/s  517 out-tok/s
[ 42376s] 完成 20113  成功 20113  失败 0  截断 2030  三元组 237119  | 0.47 req/s  518 out-tok/s
[ 42393s] 完成 20124  成功 20124  失败 0  截断 2030  三元组 237219  | 0.47 req/s  518 out-tok/s
[ 42416s] 完成 20128  成功 20128  失败 0  截断 2031  三元组 237262  | 0.47 req/s  517 out-tok/s
[ 42434s] 完成 20137  成功 20137  失败 0  截断 2033  三元组 237374  | 0.47 req/s  517 out-tok/s
[ 42459s] 完成 20150  成功 20150  失败 0  截断 2034  三元组 237511  | 0.47 req/s  517 out-tok/s
[ 42479s] 完成 20158  成功 20158  失败 0  截断 2037  三元组 237626  | 0.47 req/s  517 out-tok/s
[ 42495s] 完成 20163  成功 20163  失败 0  截断 2037  三元组 237686  | 0.47 req/s  517 out-tok/s
[ 42510s] 完成 20171  成功 20171  失败 0  截断 2038  三元组 237791  | 0.47 req/s  517 out-tok/s
[ 42526s] 完成 20178  成功 20178  失败 0  截断 2039  三元组 237840  | 0.47 req/s  517 out-tok/s
[ 42554s] 完成 20186  成功 20186  失败 0  截断 2041  三元组 237933  | 0.47 req/s  517 out-tok/s
[ 42570s] 完成 20196  成功 20196  失败 0  截断 2042  三元组 238048  | 0.47 req/s  517 out-tok/s
[ 42587s] 完成 20206  成功 20206  失败 0  截断 2044  三元组 238150  | 0.47 req/s  517 out-tok/s
[ 42603s] 完成 20216  成功 20216  失败 0  截断 2047  三元组 238248  | 0.47 req/s  517 out-tok/s
[ 42620s] 完成 20221  成功 20221  失败 0  截断 2049  三元组 238287  | 0.47 req/s  517 out-tok/s
[ 42640s] 完成 20229  成功 20229  失败 0  截断 2051  三元组 238371  | 0.47 req/s  517 out-tok/s
[ 42655s] 完成 20240  成功 20240  失败 0  截断 2052  三元组 238474  | 0.47 req/s  517 out-tok/s
[ 42671s] 完成 20249  成功 20249  失败 0  截断 2054  三元组 238560  | 0.47 req/s  518 out-tok/s
[ 42686s] 完成 20258  成功 20258  失败 0  截断 2054  三元组 238654  | 0.47 req/s  517 out-tok/s
[ 42701s] 完成 20270  成功 20270  失败 0  截断 2056  三元组 238817  | 0.47 req/s  518 out-tok/s
[ 42719s] 完成 20280  成功 20280  失败 0  截断 2056  三元组 238917  | 0.47 req/s  518 out-tok/s
[ 42736s] 完成 20287  成功 20287  失败 0  截断 2056  三元组 238964  | 0.47 req/s  518 out-tok/s
[ 42755s] 完成 20296  成功 20296  失败 0  截断 2056  三元组 239062  | 0.47 req/s  517 out-tok/s
[ 42771s] 完成 20306  成功 20306  失败 0  截断 2057  三元组 239174  | 0.47 req/s  518 out-tok/s
[ 42788s] 完成 20311  成功 20311  失败 0  截断 2058  三元组 239216  | 0.47 req/s  517 out-tok/s
[ 42803s] 完成 20316  成功 20316  失败 0  截断 2058  三元组 239263  | 0.47 req/s  517 out-tok/s
[ 42818s] 完成 20323  成功 20323  失败 0  截断 2058  三元组 239353  | 0.47 req/s  517 out-tok/s
[ 42834s] 完成 20337  成功 20337  失败 0  截断 2061  三元组 239499  | 0.47 req/s  518 out-tok/s
[ 42850s] 完成 20344  成功 20344  失败 0  截断 2063  三元组 239562  | 0.47 req/s  518 out-tok/s
[ 42868s] 完成 20355  成功 20355  失败 0  截断 2065  三元组 239679  | 0.47 req/s  518 out-tok/s
[ 42884s] 完成 20362  成功 20362  失败 0  截断 2065  三元组 239760  | 0.47 req/s  518 out-tok/s
[ 42900s] 完成 20373  成功 20373  失败 0  截断 2066  三元组 239877  | 0.47 req/s  518 out-tok/s
[ 42918s] 完成 20378  成功 20378  失败 0  截断 2066  三元组 239928  | 0.47 req/s  518 out-tok/s
[ 42935s] 完成 20390  成功 20390  失败 0  截断 2066  三元组 240064  | 0.47 req/s  518 out-tok/s
[ 42953s] 完成 20398  成功 20398  失败 0  截断 2066  三元组 240164  | 0.47 req/s  518 out-tok/s
[ 42973s] 完成 20408  成功 20408  失败 0  截断 2066  三元组 240280  | 0.47 req/s  518 out-tok/s
[ 42988s] 完成 20416  成功 20416  失败 0  截断 2067  三元组 240375  | 0.47 req/s  518 out-tok/s
[ 43008s] 完成 20421  成功 20421  失败 0  截断 2067  三元组 240423  | 0.47 req/s  517 out-tok/s
[ 43027s] 完成 20435  成功 20435  失败 0  截断 2071  三元组 240570  | 0.47 req/s  518 out-tok/s
[ 43050s] 完成 20441  成功 20441  失败 0  截断 2071  三元组 240638  | 0.47 req/s  518 out-tok/s
[ 43065s] 完成 20450  成功 20450  失败 0  截断 2071  三元组 240729  | 0.47 req/s  517 out-tok/s
[ 43085s] 完成 20457  成功 20457  失败 0  截断 2072  三元组 240786  | 0.47 req/s  517 out-tok/s
[ 43102s] 完成 20466  成功 20466  失败 0  截断 2074  三元组 240893  | 0.47 req/s  517 out-tok/s
[ 43117s] 完成 20473  成功 20473  失败 0  截断 2074  三元组 240950  | 0.47 req/s  517 out-tok/s
[ 43132s] 完成 20478  成功 20478  失败 0  截断 2076  三元组 241044  | 0.47 req/s  517 out-tok/s
[ 43148s] 完成 20483  成功 20483  失败 0  截断 2079  三元组 241149  | 0.47 req/s  517 out-tok/s
[ 43165s] 完成 20491  成功 20491  失败 0  截断 2079  三元组 241245  | 0.47 req/s  517 out-tok/s
[ 43180s] 完成 20500  成功 20500  失败 0  截断 2083  三元组 241338  | 0.47 req/s  518 out-tok/s
[ 43196s] 完成 20509  成功 20509  失败 0  截断 2083  三元组 241448  | 0.47 req/s  518 out-tok/s
[ 43214s] 完成 20517  成功 20517  失败 0  截断 2083  三元组 241543  | 0.47 req/s  518 out-tok/s
[ 43230s] 完成 20527  成功 20527  失败 0  截断 2083  三元组 241656  | 0.47 req/s  518 out-tok/s
[ 43248s] 完成 20533  成功 20533  失败 0  截断 2085  三元组 241706  | 0.47 req/s  518 out-tok/s
[ 43265s] 完成 20540  成功 20540  失败 0  截断 2087  三元组 241786  | 0.47 req/s  518 out-tok/s
[ 43282s] 完成 20549  成功 20549  失败 0  截断 2088  三元组 241880  | 0.47 req/s  518 out-tok/s
[ 43301s] 完成 20556  成功 20556  失败 0  截断 2088  三元组 241986  | 0.47 req/s  518 out-tok/s
[ 43322s] 完成 20561  成功 20561  失败 0  截断 2088  三元组 242044  | 0.47 req/s  517 out-tok/s
[ 43337s] 完成 20567  成功 20567  失败 0  截断 2091  三元组 242159  | 0.47 req/s  517 out-tok/s
[ 43354s] 完成 20576  成功 20576  失败 0  截断 2093  三元组 242263  | 0.47 req/s  518 out-tok/s
[ 43371s] 完成 20580  成功 20580  失败 0  截断 2093  三元组 242304  | 0.47 req/s  517 out-tok/s
[ 43386s] 完成 20594  成功 20594  失败 0  截断 2093  三元组 242481  | 0.47 req/s  518 out-tok/s
[ 43401s] 完成 20598  成功 20598  失败 0  截断 2094  三元组 242519  | 0.47 req/s  518 out-tok/s
[ 43417s] 完成 20607  成功 20607  失败 0  截断 2096  三元组 242618  | 0.47 req/s  518 out-tok/s
[ 43435s] 完成 20616  成功 20616  失败 0  截断 2098  三元组 242723  | 0.47 req/s  518 out-tok/s
[ 43451s] 完成 20629  成功 20629  失败 0  截断 2099  三元组 242845  | 0.47 req/s  518 out-tok/s
[ 43470s] 完成 20638  成功 20638  失败 0  截断 2099  三元组 242922  | 0.47 req/s  518 out-tok/s
[ 43489s] 完成 20646  成功 20646  失败 0  截断 2100  三元组 243017  | 0.47 req/s  518 out-tok/s
[ 43504s] 完成 20654  成功 20654  失败 0  截断 2102  三元组 243090  | 0.47 req/s  518 out-tok/s
[ 43520s] 完成 20662  成功 20662  失败 0  截断 2103  三元组 243183  | 0.47 req/s  518 out-tok/s
[ 43536s] 完成 20673  成功 20673  失败 0  截断 2104  三元组 243315  | 0.47 req/s  518 out-tok/s
[ 43556s] 完成 20680  成功 20680  失败 0  截断 2104  三元组 243404  | 0.47 req/s  518 out-tok/s
[ 43572s] 完成 20691  成功 20691  失败 0  截断 2105  三元组 243548  | 0.47 req/s  518 out-tok/s
[ 43589s] 完成 20697  成功 20697  失败 0  截断 2105  三元组 243589  | 0.47 req/s  518 out-tok/s
[ 43607s] 完成 20707  成功 20707  失败 0  截断 2105  三元组 243695  | 0.47 req/s  518 out-tok/s
[ 43623s] 完成 20723  成功 20723  失败 0  截断 2106  三元组 243904  | 0.48 req/s  518 out-tok/s
[ 43638s] 完成 20729  成功 20729  失败 0  截断 2106  三元组 243977  | 0.48 req/s  518 out-tok/s
[ 43655s] 完成 20737  成功 20737  失败 0  截断 2106  三元组 244064  | 0.48 req/s  518 out-tok/s
[ 43671s] 完成 20745  成功 20745  失败 0  截断 2106  三元组 244127  | 0.48 req/s  518 out-tok/s
[ 43687s] 完成 20754  成功 20754  失败 0  截断 2107  三元组 244238  | 0.48 req/s  518 out-tok/s
[ 43704s] 完成 20766  成功 20766  失败 0  截断 2108  三元组 244349  | 0.48 req/s  518 out-tok/s
[ 43720s] 完成 20773  成功 20773  失败 0  截断 2108  三元组 244443  | 0.48 req/s  518 out-tok/s
[ 43736s] 完成 20781  成功 20781  失败 0  截断 2108  三元组 244523  | 0.48 req/s  518 out-tok/s
[ 43751s] 完成 20788  成功 20788  失败 0  截断 2108  三元组 244584  | 0.48 req/s  518 out-tok/s
[ 43768s] 完成 20796  成功 20796  失败 0  截断 2109  三元组 244684  | 0.48 req/s  518 out-tok/s
[ 43784s] 完成 20805  成功 20805  失败 0  截断 2111  三元组 244776  | 0.48 req/s  518 out-tok/s
[ 43801s] 完成 20814  成功 20814  失败 0  截断 2112  三元组 244881  | 0.48 req/s  518 out-tok/s
[ 43819s] 完成 20822  成功 20822  失败 0  截断 2112  三元组 244951  | 0.48 req/s  518 out-tok/s
[ 43836s] 完成 20832  成功 20832  失败 0  截断 2113  三元组 245075  | 0.48 req/s  518 out-tok/s
[ 43855s] 完成 20841  成功 20841  失败 0  截断 2113  三元组 245196  | 0.48 req/s  518 out-tok/s
[ 43871s] 完成 20846  成功 20846  失败 0  截断 2113  三元组 245274  | 0.48 req/s  518 out-tok/s
[ 43888s] 完成 20857  成功 20857  失败 0  截断 2115  三元组 245412  | 0.48 req/s  518 out-tok/s
[ 43904s] 完成 20868  成功 20868  失败 0  截断 2115  三元组 245515  | 0.48 req/s  518 out-tok/s
[ 43920s] 完成 20875  成功 20875  失败 0  截断 2115  三元组 245587  | 0.48 req/s  518 out-tok/s
[ 43937s] 完成 20884  成功 20884  失败 0  截断 2115  三元组 245698  | 0.48 req/s  518 out-tok/s
[ 43956s] 完成 20892  成功 20892  失败 0  截断 2116  三元组 245786  | 0.48 req/s  518 out-tok/s
[ 43971s] 完成 20900  成功 20900  失败 0  截断 2117  三元组 245895  | 0.48 req/s  518 out-tok/s
[ 43988s] 完成 20906  成功 20906  失败 0  截断 2118  三元组 245973  | 0.48 req/s  518 out-tok/s
[ 44004s] 完成 20914  成功 20914  失败 0  截断 2119  三元组 246075  | 0.48 req/s  518 out-tok/s
[ 44020s] 完成 20917  成功 20917  失败 0  截断 2119  三元组 246111  | 0.48 req/s  518 out-tok/s
[ 44037s] 完成 20924  成功 20924  失败 0  截断 2119  三元组 246211  | 0.48 req/s  518 out-tok/s
[ 44053s] 完成 20929  成功 20929  失败 0  截断 2120  三元组 246283  | 0.48 req/s  517 out-tok/s
[ 44068s] 完成 20936  成功 20936  失败 0  截断 2123  三元组 246368  | 0.48 req/s  518 out-tok/s
[ 44084s] 完成 20942  成功 20942  失败 0  截断 2125  三元组 246431  | 0.48 req/s  518 out-tok/s
[ 44102s] 完成 20949  成功 20949  失败 0  截断 2126  三元组 246505  | 0.48 req/s  517 out-tok/s
[ 44122s] 完成 20959  成功 20959  失败 0  截断 2129  三元组 246637  | 0.48 req/s  518 out-tok/s
[ 44140s] 完成 20971  成功 20971  失败 0  截断 2129  三元组 246768  | 0.48 req/s  518 out-tok/s
[ 44155s] 完成 20981  成功 20981  失败 0  截断 2130  三元组 246890  | 0.48 req/s  518 out-tok/s
[ 44171s] 完成 20990  成功 20990  失败 0  截断 2131  三元组 246974  | 0.48 req/s  518 out-tok/s
[ 44187s] 完成 20999  成功 20999  失败 0  截断 2131  三元组 247064  | 0.48 req/s  518 out-tok/s
[ 44187s] 完成 21000  成功 21000  失败 0  截断 2131  三元组 247069  | 0.48 req/s  518 out-tok/s
[ 44204s] 完成 21010  成功 21010  失败 0  截断 2132  三元组 247180  | 0.48 req/s  518 out-tok/s
[ 44221s] 完成 21020  成功 21020  失败 0  截断 2132  三元组 247262  | 0.48 req/s  518 out-tok/s
[ 44236s] 完成 21027  成功 21027  失败 0  截断 2132  三元组 247331  | 0.48 req/s  518 out-tok/s
[ 44255s] 完成 21036  成功 21036  失败 0  截断 2133  三元组 247428  | 0.48 req/s  518 out-tok/s
[ 44271s] 完成 21042  成功 21042  失败 0  截断 2133  三元组 247516  | 0.48 req/s  518 out-tok/s
[ 44287s] 完成 21049  成功 21049  失败 0  截断 2133  三元组 247597  | 0.48 req/s  518 out-tok/s
[ 44302s] 完成 21057  成功 21057  失败 0  截断 2134  三元组 247698  | 0.48 req/s  518 out-tok/s
[ 44317s] 完成 21067  成功 21067  失败 0  截断 2136  三元组 247821  | 0.48 req/s  518 out-tok/s
[ 44334s] 完成 21076  成功 21076  失败 0  截断 2136  三元组 247926  | 0.48 req/s  518 out-tok/s
[ 44350s] 完成 21083  成功 21083  失败 0  截断 2136  三元组 247980  | 0.48 req/s  518 out-tok/s
[ 44365s] 完成 21090  成功 21090  失败 0  截断 2137  三元组 248056  | 0.48 req/s  518 out-tok/s
[ 44380s] 完成 21101  成功 21101  失败 0  截断 2137  三元组 248205  | 0.48 req/s  518 out-tok/s
[ 44396s] 完成 21108  成功 21108  失败 0  截断 2137  三元组 248283  | 0.48 req/s  518 out-tok/s
[ 44412s] 完成 21111  成功 21111  失败 0  截断 2138  三元组 248301  | 0.48 req/s  518 out-tok/s
[ 44427s] 完成 21120  成功 21120  失败 0  截断 2138  三元组 248409  | 0.48 req/s  518 out-tok/s
[ 44446s] 完成 21132  成功 21132  失败 0  截断 2139  三元组 248565  | 0.48 req/s  518 out-tok/s
[ 44462s] 完成 21141  成功 21141  失败 0  截断 2139  三元组 248661  | 0.48 req/s  518 out-tok/s
[ 44482s] 完成 21151  成功 21151  失败 0  截断 2140  三元组 248760  | 0.48 req/s  518 out-tok/s
[ 44497s] 完成 21161  成功 21161  失败 0  截断 2141  三元组 248873  | 0.48 req/s  518 out-tok/s
[ 44513s] 完成 21164  成功 21164  失败 0  截断 2142  三元组 248897  | 0.48 req/s  518 out-tok/s
[ 44530s] 完成 21174  成功 21174  失败 0  截断 2144  三元组 249009  | 0.48 req/s  518 out-tok/s
[ 44546s] 完成 21182  成功 21182  失败 0  截断 2145  三元组 249091  | 0.48 req/s  518 out-tok/s
[ 44562s] 完成 21187  成功 21187  失败 0  截断 2146  三元组 249140  | 0.48 req/s  518 out-tok/s
[ 44580s] 完成 21193  成功 21193  失败 0  截断 2146  三元组 249193  | 0.48 req/s  518 out-tok/s
[ 44597s] 完成 21202  成功 21202  失败 0  截断 2147  三元组 249290  | 0.48 req/s  518 out-tok/s
[ 44615s] 完成 21212  成功 21212  失败 0  截断 2149  三元组 249442  | 0.48 req/s  518 out-tok/s
[ 44634s] 完成 21223  成功 21223  失败 0  截断 2152  三元组 249558  | 0.48 req/s  518 out-tok/s
[ 44650s] 完成 21234  成功 21234  失败 0  截断 2152  三元组 249668  | 0.48 req/s  518 out-tok/s
[ 44666s] 完成 21241  成功 21241  失败 0  截断 2154  三元组 249725  | 0.48 req/s  518 out-tok/s
[ 44682s] 完成 21251  成功 21251  失败 0  截断 2155  三元组 249840  | 0.48 req/s  518 out-tok/s
[ 44698s] 完成 21258  成功 21258  失败 0  截断 2156  三元组 249922  | 0.48 req/s  518 out-tok/s
[ 44714s] 完成 21267  成功 21267  失败 0  截断 2156  三元组 250012  | 0.48 req/s  518 out-tok/s
[ 44730s] 完成 21275  成功 21275  失败 0  截断 2156  三元组 250084  | 0.48 req/s  518 out-tok/s
[ 44751s] 完成 21285  成功 21285  失败 0  截断 2156  三元组 250178  | 0.48 req/s  518 out-tok/s
[ 44767s] 完成 21295  成功 21295  失败 0  截断 2157  三元组 250281  | 0.48 req/s  518 out-tok/s
[ 44785s] 完成 21308  成功 21308  失败 0  截断 2160  三元组 250409  | 0.48 req/s  518 out-tok/s
[ 44803s] 完成 21315  成功 21315  失败 0  截断 2161  三元组 250489  | 0.48 req/s  518 out-tok/s
[ 44819s] 完成 21318  成功 21318  失败 0  截断 2162  三元组 250516  | 0.48 req/s  518 out-tok/s
[ 44834s] 完成 21322  成功 21322  失败 0  截断 2162  三元组 250574  | 0.48 req/s  518 out-tok/s
[ 44854s] 完成 21332  成功 21332  失败 0  截断 2162  三元组 250709  | 0.48 req/s  518 out-tok/s
[ 44872s] 完成 21341  成功 21341  失败 0  截断 2162  三元组 250781  | 0.48 req/s  518 out-tok/s
[ 44888s] 完成 21349  成功 21349  失败 0  截断 2164  三元组 250865  | 0.48 req/s  518 out-tok/s
[ 44907s] 完成 21357  成功 21357  失败 0  截断 2168  三元组 250947  | 0.48 req/s  518 out-tok/s
[ 44923s] 完成 21368  成功 21368  失败 0  截断 2168  三元组 251049  | 0.48 req/s  518 out-tok/s
[ 44939s] 完成 21378  成功 21378  失败 0  截断 2172  三元组 251138  | 0.48 req/s  518 out-tok/s
[ 44954s] 完成 21384  成功 21384  失败 0  截断 2172  三元组 251200  | 0.48 req/s  518 out-tok/s
[ 44970s] 完成 21394  成功 21394  失败 0  截断 2174  三元组 251315  | 0.48 req/s  518 out-tok/s
[ 44989s] 完成 21402  成功 21402  失败 0  截断 2174  三元组 251408  | 0.48 req/s  518 out-tok/s
[ 45004s] 完成 21413  成功 21413  失败 0  截断 2177  三元组 251547  | 0.48 req/s  518 out-tok/s
[ 45026s] 完成 21423  成功 21423  失败 0  截断 2177  三元组 251656  | 0.48 req/s  518 out-tok/s
[ 45047s] 完成 21438  成功 21438  失败 0  截断 2177  三元组 251839  | 0.48 req/s  518 out-tok/s
[ 45062s] 完成 21447  成功 21447  失败 0  截断 2177  三元组 251932  | 0.48 req/s  518 out-tok/s
[ 45077s] 完成 21456  成功 21456  失败 0  截断 2177  三元组 252023  | 0.48 req/s  518 out-tok/s
[ 45093s] 完成 21467  成功 21467  失败 0  截断 2178  三元组 252128  | 0.48 req/s  518 out-tok/s
[ 45113s] 完成 21472  成功 21472  失败 0  截断 2178  三元组 252171  | 0.48 req/s  518 out-tok/s
[ 45128s] 完成 21481  成功 21481  失败 0  截断 2178  三元组 252300  | 0.48 req/s  518 out-tok/s
[ 45145s] 完成 21489  成功 21489  失败 0  截断 2178  三元组 252367  | 0.48 req/s  518 out-tok/s
[ 45160s] 完成 21500  成功 21500  失败 0  截断 2180  三元组 252466  | 0.48 req/s  518 out-tok/s
[ 45175s] 完成 21505  成功 21505  失败 0  截断 2180  三元组 252516  | 0.48 req/s  518 out-tok/s
[ 45190s] 完成 21511  成功 21511  失败 0  截断 2180  三元组 252590  | 0.48 req/s  518 out-tok/s
[ 45207s] 完成 21523  成功 21523  失败 0  截断 2181  三元组 252767  | 0.48 req/s  518 out-tok/s
[ 45224s] 完成 21535  成功 21535  失败 0  截断 2182  三元组 252905  | 0.48 req/s  518 out-tok/s
[ 45240s] 完成 21540  成功 21540  失败 0  截断 2182  三元组 252956  | 0.48 req/s  518 out-tok/s
[ 45256s] 完成 21548  成功 21548  失败 0  截断 2182  三元组 253047  | 0.48 req/s  518 out-tok/s
[ 45271s] 完成 21559  成功 21559  失败 0  截断 2183  三元组 253152  | 0.48 req/s  518 out-tok/s
[ 45287s] 完成 21571  成功 21571  失败 0  截断 2183  三元组 253304  | 0.48 req/s  518 out-tok/s
[ 45304s] 完成 21580  成功 21580  失败 0  截断 2183  三元组 253397  | 0.48 req/s  518 out-tok/s
[ 45320s] 完成 21586  成功 21586  失败 0  截断 2183  三元组 253484  | 0.48 req/s  518 out-tok/s
[ 45336s] 完成 21594  成功 21594  失败 0  截断 2183  三元组 253557  | 0.48 req/s  518 out-tok/s
[ 45353s] 完成 21603  成功 21603  失败 0  截断 2184  三元组 253651  | 0.48 req/s  518 out-tok/s
[ 45369s] 完成 21609  成功 21609  失败 0  截断 2184  三元组 253719  | 0.48 req/s  518 out-tok/s
[ 45385s] 完成 21616  成功 21616  失败 0  截断 2184  三元组 253797  | 0.48 req/s  518 out-tok/s
[ 45400s] 完成 21627  成功 21627  失败 0  截断 2185  三元组 253903  | 0.48 req/s  518 out-tok/s
[ 45415s] 完成 21637  成功 21637  失败 0  截断 2188  三元组 254016  | 0.48 req/s  518 out-tok/s
[ 45431s] 完成 21644  成功 21644  失败 0  截断 2188  三元组 254066  | 0.48 req/s  518 out-tok/s
[ 45446s] 完成 21652  成功 21652  失败 0  截断 2189  三元组 254142  | 0.48 req/s  518 out-tok/s
[ 45467s] 完成 21660  成功 21660  失败 0  截断 2191  三元组 254236  | 0.48 req/s  518 out-tok/s
[ 45483s] 完成 21670  成功 21670  失败 0  截断 2192  三元组 254343  | 0.48 req/s  518 out-tok/s
[ 45500s] 完成 21682  成功 21682  失败 0  截断 2194  三元组 254461  | 0.48 req/s  518 out-tok/s
[ 45517s] 完成 21686  成功 21686  失败 0  截断 2194  三元组 254526  | 0.48 req/s  518 out-tok/s
[ 45537s] 完成 21698  成功 21698  失败 0  截断 2195  三元组 254668  | 0.48 req/s  518 out-tok/s
[ 45553s] 完成 21707  成功 21707  失败 0  截断 2195  三元组 254746  | 0.48 req/s  518 out-tok/s
[ 45570s] 完成 21716  成功 21716  失败 0  截断 2196  三元组 254845  | 0.48 req/s  518 out-tok/s
[ 45585s] 完成 21726  成功 21726  失败 0  截断 2197  三元组 254945  | 0.48 req/s  518 out-tok/s
[ 45605s] 完成 21736  成功 21736  失败 0  截断 2197  三元组 255061  | 0.48 req/s  518 out-tok/s
[ 45621s] 完成 21745  成功 21745  失败 0  截断 2197  三元组 255137  | 0.48 req/s  518 out-tok/s
[ 45640s] 完成 21756  成功 21756  失败 0  截断 2198  三元组 255236  | 0.48 req/s  518 out-tok/s
[ 45657s] 完成 21762  成功 21762  失败 0  截断 2199  三元组 255296  | 0.48 req/s  518 out-tok/s
[ 45673s] 完成 21775  成功 21775  失败 0  截断 2199  三元组 255467  | 0.48 req/s  518 out-tok/s
[ 45690s] 完成 21783  成功 21783  失败 0  截断 2200  三元组 255546  | 0.48 req/s  518 out-tok/s
[ 45705s] 完成 21792  成功 21792  失败 0  截断 2200  三元组 255648  | 0.48 req/s  518 out-tok/s
[ 45722s] 完成 21799  成功 21799  失败 0  截断 2201  三元组 255745  | 0.48 req/s  518 out-tok/s
[ 45742s] 完成 21805  成功 21805  失败 0  截断 2201  三元组 255820  | 0.48 req/s  518 out-tok/s
[ 45759s] 完成 21814  成功 21814  失败 0  截断 2201  三元组 255930  | 0.48 req/s  518 out-tok/s
[ 45776s] 完成 21824  成功 21824  失败 0  截断 2202  三元组 255998  | 0.48 req/s  518 out-tok/s
[ 45794s] 完成 21833  成功 21833  失败 0  截断 2203  三元组 256130  | 0.48 req/s  518 out-tok/s
[ 45812s] 完成 21843  成功 21843  失败 0  截断 2203  三元组 256241  | 0.48 req/s  518 out-tok/s
[ 45830s] 完成 21850  成功 21850  失败 0  截断 2204  三元组 256304  | 0.48 req/s  518 out-tok/s
[ 45847s] 完成 21860  成功 21860  失败 0  截断 2206  三元组 256445  | 0.48 req/s  518 out-tok/s
[ 45864s] 完成 21867  成功 21867  失败 0  截断 2206  三元组 256520  | 0.48 req/s  518 out-tok/s
[ 45883s] 完成 21874  成功 21874  失败 0  截断 2206  三元组 256616  | 0.48 req/s  518 out-tok/s
[ 45900s] 完成 21882  成功 21882  失败 0  截断 2206  三元组 256677  | 0.48 req/s  518 out-tok/s
[ 45915s] 完成 21889  成功 21889  失败 0  截断 2206  三元组 256779  | 0.48 req/s  518 out-tok/s
[ 45930s] 完成 21896  成功 21896  失败 0  截断 2209  三元组 256868  | 0.48 req/s  518 out-tok/s
[ 45946s] 完成 21910  成功 21910  失败 0  截断 2211  三元组 257018  | 0.48 req/s  518 out-tok/s
[ 45962s] 完成 21920  成功 21920  失败 0  截断 2213  三元组 257120  | 0.48 req/s  518 out-tok/s
[ 45982s] 完成 21928  成功 21928  失败 0  截断 2213  三元组 257172  | 0.48 req/s  518 out-tok/s
[ 45997s] 完成 21940  成功 21940  失败 0  截断 2214  三元组 257299  | 0.48 req/s  518 out-tok/s
[ 46015s] 完成 21947  成功 21947  失败 0  截断 2214  三元组 257372  | 0.48 req/s  518 out-tok/s
[ 46030s] 完成 21957  成功 21957  失败 0  截断 2215  三元组 257484  | 0.48 req/s  518 out-tok/s
[ 46047s] 完成 21964  成功 21964  失败 0  截断 2216  三元组 257565  | 0.48 req/s  518 out-tok/s
[ 46063s] 完成 21975  成功 21975  失败 0  截断 2216  三元组 257666  | 0.48 req/s  518 out-tok/s
[ 46080s] 完成 21982  成功 21982  失败 0  截断 2216  三元组 257739  | 0.48 req/s  518 out-tok/s
[ 46095s] 完成 21990  成功 21990  失败 0  截断 2216  三元组 257818  | 0.48 req/s  518 out-tok/s
[ 46112s] 完成 21994  成功 21994  失败 0  截断 2216  三元组 257863  | 0.48 req/s  518 out-tok/s
[ 46123s] 完成 22000  成功 22000  失败 0  截断 2216  三元组 257936  | 0.48 req/s  518 out-tok/s
[ 46139s] 完成 22004  成功 22004  失败 0  截断 2216  三元组 257966  | 0.48 req/s  518 out-tok/s
[ 46156s] 完成 22012  成功 22012  失败 0  截断 2219  三元组 258052  | 0.48 req/s  518 out-tok/s
[ 46172s] 完成 22025  成功 22025  失败 0  截断 2222  三元组 258211  | 0.48 req/s  518 out-tok/s
[ 46193s] 完成 22032  成功 22032  失败 0  截断 2223  三元组 258289  | 0.48 req/s  518 out-tok/s
[ 46208s] 完成 22038  成功 22038  失败 0  截断 2225  三元组 258348  | 0.48 req/s  518 out-tok/s
[ 46227s] 完成 22047  成功 22047  失败 0  截断 2226  三元组 258452  | 0.48 req/s  518 out-tok/s
[ 46245s] 完成 22057  成功 22057  失败 0  截断 2226  三元组 258563  | 0.48 req/s  518 out-tok/s
[ 46261s] 完成 22066  成功 22066  失败 0  截断 2228  三元组 258664  | 0.48 req/s  518 out-tok/s
[ 46279s] 完成 22074  成功 22074  失败 0  截断 2228  三元组 258782  | 0.48 req/s  518 out-tok/s
[ 46296s] 完成 22084  成功 22084  失败 0  截断 2228  三元组 258880  | 0.48 req/s  518 out-tok/s
[ 46312s] 完成 22089  成功 22089  失败 0  截断 2228  三元组 258933  | 0.48 req/s  518 out-tok/s
[ 46332s] 完成 22100  成功 22100  失败 0  截断 2231  三元组 259091  | 0.48 req/s  518 out-tok/s
[ 46348s] 完成 22108  成功 22108  失败 0  截断 2231  三元组 259189  | 0.48 req/s  518 out-tok/s
[ 46372s] 完成 22113  成功 22113  失败 0  截断 2231  三元组 259251  | 0.48 req/s  518 out-tok/s
[ 46388s] 完成 22120  成功 22120  失败 0  截断 2233  三元组 259363  | 0.48 req/s  518 out-tok/s
[ 46404s] 完成 22133  成功 22133  失败 0  截断 2234  三元组 259531  | 0.48 req/s  518 out-tok/s
[ 46422s] 完成 22139  成功 22139  失败 0  截断 2235  三元组 259592  | 0.48 req/s  518 out-tok/s
[ 46438s] 完成 22147  成功 22147  失败 0  截断 2235  三元组 259694  | 0.48 req/s  518 out-tok/s
[ 46453s] 完成 22157  成功 22157  失败 0  截断 2236  三元组 259795  | 0.48 req/s  518 out-tok/s
[ 46469s] 完成 22161  成功 22161  失败 0  截断 2237  三元组 259844  | 0.48 req/s  518 out-tok/s
[ 46484s] 完成 22167  成功 22167  失败 0  截断 2237  三元组 259921  | 0.48 req/s  518 out-tok/s
[ 46499s] 完成 22175  成功 22175  失败 0  截断 2238  三元组 260002  | 0.48 req/s  518 out-tok/s
[ 46515s] 完成 22183  成功 22182  失败 1  截断 2239  三元组 260079  | 0.48 req/s  518 out-tok/s
[ 46533s] 完成 22189  成功 22188  失败 1  截断 2239  三元组 260137  | 0.48 req/s  518 out-tok/s
[ 46548s] 完成 22203  成功 22202  失败 1  截断 2242  三元组 260294  | 0.48 req/s  518 out-tok/s
[ 46565s] 完成 22211  成功 22210  失败 1  截断 2243  三元组 260376  | 0.48 req/s  518 out-tok/s
[ 46585s] 完成 22220  成功 22219  失败 1  截断 2244  三元组 260442  | 0.48 req/s  518 out-tok/s
[ 46601s] 完成 22236  成功 22235  失败 1  截断 2246  三元组 260601  | 0.48 req/s  518 out-tok/s
[ 46619s] 完成 22248  成功 22247  失败 1  截断 2248  三元组 260705  | 0.48 req/s  518 out-tok/s
[ 46634s] 完成 22258  成功 22257  失败 1  截断 2248  三元组 260793  | 0.48 req/s  518 out-tok/s
[ 46650s] 完成 22259  成功 22258  失败 1  截断 2248  三元组 260806  | 0.48 req/s  518 out-tok/s
[ 46666s] 完成 22270  成功 22269  失败 1  截断 2249  三元组 260919  | 0.48 req/s  518 out-tok/s
[ 46682s] 完成 22278  成功 22277  失败 1  截断 2250  三元组 260998  | 0.48 req/s  518 out-tok/s
[ 46698s] 完成 22286  成功 22285  失败 1  截断 2250  三元组 261071  | 0.48 req/s  518 out-tok/s
[ 46713s] 完成 22293  成功 22292  失败 1  截断 2250  三元组 261150  | 0.48 req/s  518 out-tok/s
[ 46728s] 完成 22301  成功 22300  失败 1  截断 2251  三元组 261225  | 0.48 req/s  518 out-tok/s
[ 46747s] 完成 22310  成功 22309  失败 1  截断 2252  三元组 261329  | 0.48 req/s  518 out-tok/s
[ 46765s] 完成 22319  成功 22318  失败 1  截断 2255  三元组 261426  | 0.48 req/s  518 out-tok/s
[ 46781s] 完成 22327  成功 22326  失败 1  截断 2256  三元组 261526  | 0.48 req/s  518 out-tok/s
[ 46796s] 完成 22333  成功 22332  失败 1  截断 2256  三元组 261576  | 0.48 req/s  518 out-tok/s
[ 46811s] 完成 22343  成功 22342  失败 1  截断 2257  三元组 261661  | 0.48 req/s  518 out-tok/s
[ 46827s] 完成 22353  成功 22352  失败 1  截断 2257  三元组 261749  | 0.48 req/s  518 out-tok/s
[ 46842s] 完成 22359  成功 22358  失败 1  截断 2258  三元组 261831  | 0.48 req/s  518 out-tok/s
[ 46861s] 完成 22365  成功 22364  失败 1  截断 2259  三元组 261890  | 0.48 req/s  518 out-tok/s
[ 46876s] 完成 22375  成功 22374  失败 1  截断 2260  三元组 262024  | 0.48 req/s  518 out-tok/s
[ 46892s] 完成 22381  成功 22380  失败 1  截断 2261  三元组 262095  | 0.48 req/s  518 out-tok/s
[ 46908s] 完成 22388  成功 22387  失败 1  截断 2262  三元组 262203  | 0.48 req/s  518 out-tok/s
[ 46927s] 完成 22394  成功 22393  失败 1  截断 2262  三元组 262293  | 0.48 req/s  518 out-tok/s
[ 46944s] 完成 22407  成功 22406  失败 1  截断 2262  三元组 262417  | 0.48 req/s  518 out-tok/s
[ 46961s] 完成 22412  成功 22411  失败 1  截断 2262  三元组 262462  | 0.48 req/s  518 out-tok/s
[ 46977s] 完成 22423  成功 22422  失败 1  截断 2265  三元组 262573  | 0.48 req/s  518 out-tok/s
[ 46992s] 完成 22430  成功 22429  失败 1  截断 2266  三元组 262635  | 0.48 req/s  518 out-tok/s
[ 47007s] 完成 22435  成功 22434  失败 1  截断 2267  三元组 262677  | 0.48 req/s  518 out-tok/s
[ 47023s] 完成 22445  成功 22444  失败 1  截断 2269  三元组 262787  | 0.48 req/s  518 out-tok/s
[ 47042s] 完成 22454  成功 22453  失败 1  截断 2271  三元组 262893  | 0.48 req/s  518 out-tok/s
[ 47058s] 完成 22463  成功 22462  失败 1  截断 2272  三元组 262989  | 0.48 req/s  518 out-tok/s
[ 47074s] 完成 22471  成功 22470  失败 1  截断 2273  三元组 263075  | 0.48 req/s  518 out-tok/s
[ 47089s] 完成 22479  成功 22478  失败 1  截断 2274  三元组 263158  | 0.48 req/s  518 out-tok/s
[ 47104s] 完成 22484  成功 22483  失败 1  截断 2274  三元组 263207  | 0.48 req/s  518 out-tok/s
[ 47123s] 完成 22492  成功 22491  失败 1  截断 2274  三元组 263303  | 0.48 req/s  518 out-tok/s
[ 47134s] 完成 22500  成功 22499  失败 1  截断 2275  三元组 263420  | 0.48 req/s  518 out-tok/s
[ 47151s] 完成 22507  成功 22506  失败 1  截断 2276  三元组 263505  | 0.48 req/s  518 out-tok/s
[ 47168s] 完成 22515  成功 22514  失败 1  截断 2276  三元组 263585  | 0.48 req/s  518 out-tok/s
[ 47189s] 完成 22525  成功 22524  失败 1  截断 2277  三元组 263691  | 0.48 req/s  518 out-tok/s
[ 47208s] 完成 22530  成功 22529  失败 1  截断 2278  三元组 263754  | 0.48 req/s  518 out-tok/s
[ 47225s] 完成 22542  成功 22541  失败 1  截断 2278  三元组 263914  | 0.48 req/s  518 out-tok/s
[ 47240s] 完成 22550  成功 22549  失败 1  截断 2279  三元组 263983  | 0.48 req/s  518 out-tok/s
[ 47255s] 完成 22560  成功 22559  失败 1  截断 2280  三元组 264096  | 0.48 req/s  518 out-tok/s
[ 47271s] 完成 22568  成功 22567  失败 1  截断 2282  三元组 264190  | 0.48 req/s  518 out-tok/s
[ 47287s] 完成 22574  成功 22573  失败 1  截断 2283  三元组 264244  | 0.48 req/s  518 out-tok/s
[ 47306s] 完成 22585  成功 22584  失败 1  截断 2283  三元组 264379  | 0.48 req/s  518 out-tok/s
[ 47323s] 完成 22593  成功 22592  失败 1  截断 2284  三元组 264467  | 0.48 req/s  518 out-tok/s
[ 47338s] 完成 22603  成功 22602  失败 1  截断 2285  三元组 264566  | 0.48 req/s  518 out-tok/s
[ 47354s] 完成 22610  成功 22609  失败 1  截断 2285  三元组 264611  | 0.48 req/s  518 out-tok/s
[ 47371s] 完成 22620  成功 22619  失败 1  截断 2287  三元组 264722  | 0.48 req/s  518 out-tok/s
[ 47389s] 完成 22628  成功 22627  失败 1  截断 2287  三元组 264784  | 0.48 req/s  518 out-tok/s
[ 47405s] 完成 22638  成功 22637  失败 1  截断 2288  三元组 264901  | 0.48 req/s  518 out-tok/s
[ 47425s] 完成 22648  成功 22647  失败 1  截断 2290  三元组 264998  | 0.48 req/s  518 out-tok/s
[ 47441s] 完成 22658  成功 22657  失败 1  截断 2291  三元组 265085  | 0.48 req/s  518 out-tok/s
[ 47458s] 完成 22669  成功 22668  失败 1  截断 2295  三元组 265251  | 0.48 req/s  518 out-tok/s
[ 47474s] 完成 22678  成功 22677  失败 1  截断 2295  三元组 265345  | 0.48 req/s  518 out-tok/s
[ 47491s] 完成 22684  成功 22683  失败 1  截断 2295  三元组 265409  | 0.48 req/s  518 out-tok/s
[ 47506s] 完成 22693  成功 22692  失败 1  截断 2296  三元组 265515  | 0.48 req/s  518 out-tok/s
[ 47522s] 完成 22701  成功 22700  失败 1  截断 2296  三元组 265597  | 0.48 req/s  518 out-tok/s
[ 47541s] 完成 22707  成功 22706  失败 1  截断 2296  三元组 265652  | 0.48 req/s  518 out-tok/s
[ 47557s] 完成 22711  成功 22710  失败 1  截断 2296  三元组 265698  | 0.48 req/s  518 out-tok/s
[ 47572s] 完成 22718  成功 22717  失败 1  截断 2297  三元组 265768  | 0.48 req/s  518 out-tok/s
[ 47590s] 完成 22722  成功 22721  失败 1  截断 2297  三元组 265832  | 0.48 req/s  518 out-tok/s
[ 47607s] 完成 22733  成功 22732  失败 1  截断 2303  三元组 265964  | 0.48 req/s  518 out-tok/s
[ 47622s] 完成 22742  成功 22741  失败 1  截断 2304  三元组 266080  | 0.48 req/s  518 out-tok/s
[ 47638s] 完成 22749  成功 22748  失败 1  截断 2304  三元组 266163  | 0.48 req/s  518 out-tok/s
[ 47654s] 完成 22764  成功 22763  失败 1  截断 2307  三元组 266290  | 0.48 req/s  518 out-tok/s
[ 47671s] 完成 22772  成功 22771  失败 1  截断 2307  三元组 266359  | 0.48 req/s  518 out-tok/s
[ 47687s] 完成 22780  成功 22779  失败 1  截断 2307  三元组 266446  | 0.48 req/s  518 out-tok/s
[ 47702s] 完成 22785  成功 22784  失败 1  截断 2307  三元组 266505  | 0.48 req/s  518 out-tok/s
[ 47718s] 完成 22791  成功 22790  失败 1  截断 2307  三元组 266579  | 0.48 req/s  518 out-tok/s
[ 47735s] 完成 22800  成功 22799  失败 1  截断 2309  三元组 266698  | 0.48 req/s  518 out-tok/s
[ 47750s] 完成 22812  成功 22811  失败 1  截断 2311  三元组 266820  | 0.48 req/s  518 out-tok/s
[ 47766s] 完成 22817  成功 22816  失败 1  截断 2311  三元组 266895  | 0.48 req/s  518 out-tok/s
[ 47782s] 完成 22825  成功 22824  失败 1  截断 2312  三元组 266975  | 0.48 req/s  518 out-tok/s
[ 47798s] 完成 22830  成功 22829  失败 1  截断 2312  三元组 267017  | 0.48 req/s  518 out-tok/s
[ 47813s] 完成 22839  成功 22838  失败 1  截断 2313  三元组 267113  | 0.48 req/s  518 out-tok/s
[ 47830s] 完成 22848  成功 22847  失败 1  截断 2315  三元组 267238  | 0.48 req/s  518 out-tok/s
[ 47849s] 完成 22856  成功 22855  失败 1  截断 2315  三元组 267321  | 0.48 req/s  518 out-tok/s
[ 47864s] 完成 22864  成功 22863  失败 1  截断 2315  三元组 267415  | 0.48 req/s  518 out-tok/s
[ 47882s] 完成 22870  成功 22869  失败 1  截断 2315  三元组 267477  | 0.48 req/s  518 out-tok/s
[ 47898s] 完成 22879  成功 22878  失败 1  截断 2318  三元组 267599  | 0.48 req/s  518 out-tok/s
[ 47914s] 完成 22887  成功 22886  失败 1  截断 2319  三元组 267668  | 0.48 req/s  518 out-tok/s
[ 47936s] 完成 22895  成功 22894  失败 1  截断 2320  三元组 267733  | 0.48 req/s  518 out-tok/s
[ 47952s] 完成 22903  成功 22902  失败 1  截断 2320  三元组 267824  | 0.48 req/s  518 out-tok/s
[ 47968s] 完成 22913  成功 22912  失败 1  截断 2322  三元组 267913  | 0.48 req/s  518 out-tok/s
[ 47985s] 完成 22921  成功 22920  失败 1  截断 2324  三元组 267998  | 0.48 req/s  518 out-tok/s
[ 48001s] 完成 22929  成功 22928  失败 1  截断 2327  三元组 268088  | 0.48 req/s  518 out-tok/s
[ 48020s] 完成 22935  成功 22934  失败 1  截断 2327  三元组 268138  | 0.48 req/s  518 out-tok/s
[ 48037s] 完成 22945  成功 22944  失败 1  截断 2328  三元组 268241  | 0.48 req/s  518 out-tok/s
[ 48054s] 完成 22957  成功 22956  失败 1  截断 2332  三元组 268383  | 0.48 req/s  518 out-tok/s
[ 48071s] 完成 22965  成功 22964  失败 1  截断 2332  三元组 268469  | 0.48 req/s  518 out-tok/s
[ 48086s] 完成 22973  成功 22972  失败 1  截断 2333  三元组 268570  | 0.48 req/s  518 out-tok/s
[ 48101s] 完成 22979  成功 22978  失败 1  截断 2334  三元组 268649  | 0.48 req/s  518 out-tok/s
[ 48119s] 完成 22986  成功 22985  失败 1  截断 2335  三元组 268744  | 0.48 req/s  518 out-tok/s
[ 48135s] 完成 22995  成功 22994  失败 1  截断 2337  三元组 268869  | 0.48 req/s  518 out-tok/s
[ 48147s] 完成 23000  成功 22999  失败 1  截断 2337  三元组 268943  | 0.48 req/s  518 out-tok/s
[ 48162s] 完成 23002  成功 23001  失败 1  截断 2337  三元组 268976  | 0.48 req/s  518 out-tok/s
[ 48178s] 完成 23008  成功 23007  失败 1  截断 2338  三元组 269074  | 0.48 req/s  518 out-tok/s
[ 48193s] 完成 23021  成功 23020  失败 1  截断 2338  三元组 269240  | 0.48 req/s  518 out-tok/s
[ 48209s] 完成 23026  成功 23025  失败 1  截断 2339  三元组 269290  | 0.48 req/s  518 out-tok/s
[ 48232s] 完成 23034  成功 23033  失败 1  截断 2339  三元组 269367  | 0.48 req/s  518 out-tok/s
[ 48247s] 完成 23045  成功 23044  失败 1  截断 2341  三元组 269507  | 0.48 req/s  518 out-tok/s
[ 48264s] 完成 23057  成功 23056  失败 1  截断 2342  三元组 269695  | 0.48 req/s  518 out-tok/s
[ 48280s] 完成 23063  成功 23062  失败 1  截断 2344  三元组 269749  | 0.48 req/s  518 out-tok/s
[ 48296s] 完成 23069  成功 23068  失败 1  截断 2344  三元组 269815  | 0.48 req/s  518 out-tok/s
[ 48312s] 完成 23076  成功 23075  失败 1  截断 2345  三元组 269901  | 0.48 req/s  518 out-tok/s
[ 48327s] 完成 23084  成功 23083  失败 1  截断 2345  三元组 269994  | 0.48 req/s  518 out-tok/s
[ 48352s] 完成 23092  成功 23091  失败 1  截断 2346  三元组 270106  | 0.48 req/s  518 out-tok/s
[ 48369s] 完成 23098  成功 23097  失败 1  截断 2346  三元组 270180  | 0.48 req/s  518 out-tok/s
[ 48390s] 完成 23104  成功 23103  失败 1  截断 2346  三元组 270266  | 0.48 req/s  518 out-tok/s
[ 48407s] 完成 23110  成功 23109  失败 1  截断 2347  三元组 270346  | 0.48 req/s  518 out-tok/s
[ 48424s] 完成 23120  成功 23119  失败 1  截断 2350  三元组 270462  | 0.48 req/s  518 out-tok/s
[ 48439s] 完成 23130  成功 23129  失败 1  截断 2352  三元组 270525  | 0.48 req/s  518 out-tok/s
[ 48457s] 完成 23138  成功 23137  失败 1  截断 2354  三元组 270637  | 0.48 req/s  518 out-tok/s
[ 48474s] 完成 23143  成功 23142  失败 1  截断 2356  三元组 270683  | 0.48 req/s  518 out-tok/s
[ 48494s] 完成 23152  成功 23151  失败 1  截断 2356  三元组 270771  | 0.48 req/s  518 out-tok/s
[ 48512s] 完成 23165  成功 23164  失败 1  截断 2357  三元组 270915  | 0.48 req/s  518 out-tok/s
[ 48529s] 完成 23171  成功 23170  失败 1  截断 2358  三元组 270974  | 0.48 req/s  518 out-tok/s
[ 48546s] 完成 23178  成功 23177  失败 1  截断 2359  三元组 271054  | 0.48 req/s  518 out-tok/s
[ 48563s] 完成 23192  成功 23191  失败 1  截断 2361  三元组 271203  | 0.48 req/s  518 out-tok/s
[ 48580s] 完成 23200  成功 23199  失败 1  截断 2362  三元组 271278  | 0.48 req/s  518 out-tok/s
[ 48598s] 完成 23208  成功 23207  失败 1  截断 2364  三元组 271359  | 0.48 req/s  518 out-tok/s
[ 48614s] 完成 23216  成功 23215  失败 1  截断 2365  三元组 271426  | 0.48 req/s  518 out-tok/s
[ 48631s] 完成 23222  成功 23221  失败 1  截断 2366  三元组 271512  | 0.48 req/s  518 out-tok/s
[ 48648s] 完成 23229  成功 23228  失败 1  截断 2366  三元组 271596  | 0.48 req/s  518 out-tok/s
[ 48663s] 完成 23239  成功 23238  失败 1  截断 2366  三元组 271741  | 0.48 req/s  518 out-tok/s
[ 48680s] 完成 23248  成功 23247  失败 1  截断 2368  三元组 271856  | 0.48 req/s  518 out-tok/s
[ 48695s] 完成 23255  成功 23254  失败 1  截断 2368  三元组 271931  | 0.48 req/s  518 out-tok/s
[ 48711s] 完成 23265  成功 23264  失败 1  截断 2368  三元组 272021  | 0.48 req/s  518 out-tok/s
[ 48731s] 完成 23271  成功 23270  失败 1  截断 2369  三元组 272092  | 0.48 req/s  518 out-tok/s
[ 48748s] 完成 23280  成功 23279  失败 1  截断 2370  三元组 272206  | 0.48 req/s  518 out-tok/s
[ 48765s] 完成 23284  成功 23283  失败 1  截断 2371  三元组 272244  | 0.48 req/s  518 out-tok/s
[ 48782s] 完成 23297  成功 23296  失败 1  截断 2372  三元组 272425  | 0.48 req/s  518 out-tok/s
[ 48799s] 完成 23305  成功 23304  失败 1  截断 2372  三元组 272531  | 0.48 req/s  518 out-tok/s
[ 48818s] 完成 23311  成功 23310  失败 1  截断 2372  三元组 272593  | 0.48 req/s  518 out-tok/s
[ 48836s] 完成 23323  成功 23322  失败 1  截断 2375  三元组 272739  | 0.48 req/s  518 out-tok/s
[ 48852s] 完成 23333  成功 23332  失败 1  截断 2375  三元组 272840  | 0.48 req/s  518 out-tok/s
[ 48869s] 完成 23344  成功 23343  失败 1  截断 2377  三元组 272953  | 0.48 req/s  518 out-tok/s
[ 48884s] 完成 23356  成功 23355  失败 1  截断 2377  三元组 273057  | 0.48 req/s  518 out-tok/s
[ 48903s] 完成 23364  成功 23363  失败 1  截断 2378  三元组 273128  | 0.48 req/s  518 out-tok/s
[ 48919s] 完成 23370  成功 23369  失败 1  截断 2378  三元组 273182  | 0.48 req/s  518 out-tok/s
[ 48935s] 完成 23378  成功 23377  失败 1  截断 2378  三元组 273273  | 0.48 req/s  518 out-tok/s
[ 48952s] 完成 23383  成功 23382  失败 1  截断 2378  三元组 273333  | 0.48 req/s  518 out-tok/s
[ 48969s] 完成 23393  成功 23392  失败 1  截断 2379  三元组 273446  | 0.48 req/s  518 out-tok/s
[ 48984s] 完成 23399  成功 23398  失败 1  截断 2381  三元组 273522  | 0.48 req/s  518 out-tok/s
[ 49000s] 完成 23409  成功 23408  失败 1  截断 2382  三元组 273623  | 0.48 req/s  518 out-tok/s
[ 49015s] 完成 23420  成功 23419  失败 1  截断 2385  三元组 273795  | 0.48 req/s  518 out-tok/s
[ 49036s] 完成 23431  成功 23430  失败 1  截断 2386  三元组 273892  | 0.48 req/s  518 out-tok/s
[ 49052s] 完成 23439  成功 23438  失败 1  截断 2387  三元组 273983  | 0.48 req/s  518 out-tok/s
[ 49069s] 完成 23448  成功 23447  失败 1  截断 2388  三元组 274109  | 0.48 req/s  518 out-tok/s
[ 49084s] 完成 23456  成功 23455  失败 1  截断 2388  三元组 274184  | 0.48 req/s  518 out-tok/s
[ 49101s] 完成 23467  成功 23466  失败 1  截断 2388  三元组 274304  | 0.48 req/s  518 out-tok/s
[ 49117s] 完成 23472  成功 23471  失败 1  截断 2389  三元组 274353  | 0.48 req/s  518 out-tok/s
[ 49135s] 完成 23481  成功 23480  失败 1  截断 2389  三元组 274454  | 0.48 req/s  518 out-tok/s
[ 49151s] 完成 23489  成功 23488  失败 1  截断 2389  三元组 274543  | 0.48 req/s  518 out-tok/s
[ 49164s] 完成 23500  成功 23499  失败 1  截断 2391  三元组 274677  | 0.48 req/s  518 out-tok/s
[ 49180s] 完成 23505  成功 23504  失败 1  截断 2391  三元组 274735  | 0.48 req/s  518 out-tok/s
[ 49197s] 完成 23511  成功 23510  失败 1  截断 2391  三元组 274803  | 0.48 req/s  518 out-tok/s
[ 49217s] 完成 23520  成功 23519  失败 1  截断 2391  三元组 274899  | 0.48 req/s  518 out-tok/s
[ 49240s] 完成 23527  成功 23526  失败 1  截断 2395  三元组 274972  | 0.48 req/s  518 out-tok/s
[ 49257s] 完成 23537  成功 23536  失败 1  截断 2398  三元组 275091  | 0.48 req/s  518 out-tok/s
[ 49275s] 完成 23545  成功 23544  失败 1  截断 2398  三元组 275179  | 0.48 req/s  518 out-tok/s
[ 49291s] 完成 23551  成功 23550  失败 1  截断 2398  三元组 275243  | 0.48 req/s  518 out-tok/s
[ 49306s] 完成 23562  成功 23561  失败 1  截断 2398  三元组 275386  | 0.48 req/s  518 out-tok/s
[ 49322s] 完成 23572  成功 23571  失败 1  截断 2401  三元组 275485  | 0.48 req/s  518 out-tok/s
[ 49338s] 完成 23585  成功 23584  失败 1  截断 2402  三元组 275608  | 0.48 req/s  518 out-tok/s
[ 49353s] 完成 23593  成功 23592  失败 1  截断 2403  三元组 275684  | 0.48 req/s  518 out-tok/s
[ 49373s] 完成 23601  成功 23600  失败 1  截断 2403  三元组 275761  | 0.48 req/s  518 out-tok/s
[ 49389s] 完成 23608  成功 23607  失败 1  截断 2403  三元组 275845  | 0.48 req/s  518 out-tok/s
[ 49404s] 完成 23619  成功 23618  失败 1  截断 2403  三元组 275966  | 0.48 req/s  518 out-tok/s
[ 49420s] 完成 23627  成功 23626  失败 1  截断 2403  三元组 276028  | 0.48 req/s  518 out-tok/s
[ 49437s] 完成 23638  成功 23637  失败 1  截断 2405  三元组 276160  | 0.48 req/s  518 out-tok/s
[ 49453s] 完成 23646  成功 23645  失败 1  截断 2407  三元组 276254  | 0.48 req/s  518 out-tok/s
[ 49469s] 完成 23655  成功 23654  失败 1  截断 2407  三元组 276383  | 0.48 req/s  518 out-tok/s
[ 49486s] 完成 23667  成功 23666  失败 1  截断 2407  三元组 276490  | 0.48 req/s  518 out-tok/s
[ 49507s] 完成 23674  成功 23673  失败 1  截断 2407  三元组 276574  | 0.48 req/s  518 out-tok/s
[ 49524s] 完成 23682  成功 23681  失败 1  截断 2408  三元组 276677  | 0.48 req/s  518 out-tok/s
[ 49541s] 完成 23689  成功 23688  失败 1  截断 2408  三元组 276762  | 0.48 req/s  518 out-tok/s
[ 49559s] 完成 23695  成功 23694  失败 1  截断 2409  三元组 276852  | 0.48 req/s  518 out-tok/s
[ 49575s] 完成 23704  成功 23703  失败 1  截断 2409  三元组 276980  | 0.48 req/s  518 out-tok/s
[ 49593s] 完成 23711  成功 23710  失败 1  截断 2410  三元组 277083  | 0.48 req/s  518 out-tok/s
[ 49609s] 完成 23717  成功 23716  失败 1  截断 2412  三元组 277144  | 0.48 req/s  518 out-tok/s
[ 49624s] 完成 23721  成功 23720  失败 1  截断 2413  三元组 277184  | 0.48 req/s  518 out-tok/s
[ 49643s] 完成 23727  成功 23726  失败 1  截断 2415  三元组 277240  | 0.48 req/s  518 out-tok/s
[ 49661s] 完成 23734  成功 23733  失败 1  截断 2416  三元组 277343  | 0.48 req/s  518 out-tok/s
[ 49677s] 完成 23743  成功 23742  失败 1  截断 2418  三元组 277464  | 0.48 req/s  518 out-tok/s
[ 49693s] 完成 23752  成功 23751  失败 1  截断 2420  三元组 277569  | 0.48 req/s  518 out-tok/s
[ 49709s] 完成 23761  成功 23760  失败 1  截断 2420  三元组 277650  | 0.48 req/s  518 out-tok/s
[ 49724s] 完成 23767  成功 23766  失败 1  截断 2422  三元组 277695  | 0.48 req/s  518 out-tok/s
[ 49742s] 完成 23773  成功 23772  失败 1  截断 2422  三元组 277763  | 0.48 req/s  518 out-tok/s
[ 49757s] 完成 23788  成功 23787  失败 1  截断 2425  三元组 277904  | 0.48 req/s  518 out-tok/s
[ 49773s] 完成 23796  成功 23795  失败 1  截断 2426  三元组 278006  | 0.48 req/s  518 out-tok/s
[ 49789s] 完成 23803  成功 23802  失败 1  截断 2426  三元组 278058  | 0.48 req/s  518 out-tok/s
[ 49805s] 完成 23813  成功 23812  失败 1  截断 2427  三元组 278151  | 0.48 req/s  518 out-tok/s
[ 49821s] 完成 23820  成功 23819  失败 1  截断 2428  三元组 278217  | 0.48 req/s  518 out-tok/s
[ 49840s] 完成 23831  成功 23830  失败 1  截断 2430  三元组 278332  | 0.48 req/s  518 out-tok/s
[ 49855s] 完成 23837  成功 23836  失败 1  截断 2431  三元组 278390  | 0.48 req/s  518 out-tok/s
[ 49878s] 完成 23846  成功 23845  失败 1  截断 2432  三元组 278476  | 0.48 req/s  518 out-tok/s
[ 49898s] 完成 23853  成功 23852  失败 1  截断 2432  三元组 278564  | 0.48 req/s  518 out-tok/s
[ 49916s] 完成 23863  成功 23862  失败 1  截断 2435  三元组 278687  | 0.48 req/s  518 out-tok/s
[ 49933s] 完成 23871  成功 23870  失败 1  截断 2436  三元组 278771  | 0.48 req/s  518 out-tok/s
[ 49951s] 完成 23877  成功 23876  失败 1  截断 2436  三元组 278841  | 0.48 req/s  518 out-tok/s
[ 49968s] 完成 23888  成功 23887  失败 1  截断 2438  三元组 278960  | 0.48 req/s  518 out-tok/s
[ 49983s] 完成 23896  成功 23895  失败 1  截断 2439  三元组 279083  | 0.48 req/s  518 out-tok/s
[ 49998s] 完成 23907  成功 23906  失败 1  截断 2440  三元组 279207  | 0.48 req/s  518 out-tok/s
[ 50019s] 完成 23915  成功 23914  失败 1  截断 2441  三元组 279285  | 0.48 req/s  518 out-tok/s
[ 50035s] 完成 23924  成功 23923  失败 1  截断 2443  三元组 279394  | 0.48 req/s  518 out-tok/s
[ 50053s] 完成 23934  成功 23933  失败 1  截断 2444  三元组 279505  | 0.48 req/s  518 out-tok/s
[ 50071s] 完成 23942  成功 23941  失败 1  截断 2444  三元组 279601  | 0.48 req/s  518 out-tok/s
[ 50088s] 完成 23952  成功 23951  失败 1  截断 2444  三元组 279702  | 0.48 req/s  518 out-tok/s
[ 50108s] 完成 23963  成功 23962  失败 1  截断 2444  三元组 279839  | 0.48 req/s  518 out-tok/s
[ 50124s] 完成 23970  成功 23969  失败 1  截断 2444  三元组 279906  | 0.48 req/s  518 out-tok/s
[ 50140s] 完成 23977  成功 23976  失败 1  截断 2445  三元组 280010  | 0.48 req/s  518 out-tok/s
[ 50156s] 完成 23984  成功 23983  失败 1  截断 2445  三元组 280078  | 0.48 req/s  518 out-tok/s
[ 50171s] 完成 23993  成功 23992  失败 1  截断 2446  三元组 280161  | 0.48 req/s  518 out-tok/s
[ 50183s] 完成 24000  成功 23999  失败 1  截断 2447  三元组 280242  | 0.48 req/s  518 out-tok/s
[ 50203s] 完成 24012  成功 24011  失败 1  截断 2449  三元组 280356  | 0.48 req/s  518 out-tok/s
[ 50219s] 完成 24020  成功 24019  失败 1  截断 2449  三元组 280432  | 0.48 req/s  518 out-tok/s
[ 50237s] 完成 24029  成功 24028  失败 1  截断 2449  三元组 280546  | 0.48 req/s  518 out-tok/s
[ 50254s] 完成 24035  成功 24034  失败 1  截断 2449  三元组 280605  | 0.48 req/s  518 out-tok/s
[ 50269s] 完成 24044  成功 24043  失败 1  截断 2450  三元组 280731  | 0.48 req/s  518 out-tok/s
[ 50287s] 完成 24055  成功 24054  失败 1  截断 2451  三元组 280842  | 0.48 req/s  518 out-tok/s
[ 50304s] 完成 24061  成功 24060  失败 1  截断 2451  三元组 280916  | 0.48 req/s  518 out-tok/s
[ 50322s] 完成 24066  成功 24065  失败 1  截断 2452  三元组 280972  | 0.48 req/s  518 out-tok/s
[ 50339s] 完成 24074  成功 24073  失败 1  截断 2453  三元组 281069  | 0.48 req/s  518 out-tok/s
[ 50355s] 完成 24081  成功 24080  失败 1  截断 2455  三元组 281142  | 0.48 req/s  518 out-tok/s
[ 50375s] 完成 24090  成功 24089  失败 1  截断 2455  三元组 281246  | 0.48 req/s  518 out-tok/s
[ 50390s] 完成 24098  成功 24097  失败 1  截断 2455  三元组 281339  | 0.48 req/s  518 out-tok/s
[ 50406s] 完成 24107  成功 24106  失败 1  截断 2456  三元组 281438  | 0.48 req/s  518 out-tok/s
[ 50423s] 完成 24113  成功 24112  失败 1  截断 2457  三元组 281495  | 0.48 req/s  518 out-tok/s
[ 50439s] 完成 24123  成功 24122  失败 1  截断 2460  三元组 281637  | 0.48 req/s  518 out-tok/s
[ 50456s] 完成 24134  成功 24133  失败 1  截断 2461  三元组 281783  | 0.48 req/s  518 out-tok/s
[ 50471s] 完成 24144  成功 24143  失败 1  截断 2461  三元组 281881  | 0.48 req/s  518 out-tok/s
[ 50487s] 完成 24150  成功 24149  失败 1  截断 2461  三元组 281949  | 0.48 req/s  518 out-tok/s
[ 50503s] 完成 24157  成功 24156  失败 1  截断 2461  三元组 282018  | 0.48 req/s  518 out-tok/s
[ 50520s] 完成 24166  成功 24165  失败 1  截断 2461  三元组 282121  | 0.48 req/s  518 out-tok/s
[ 50539s] 完成 24177  成功 24176  失败 1  截断 2462  三元组 282278  | 0.48 req/s  518 out-tok/s
[ 50556s] 完成 24182  成功 24181  失败 1  截断 2462  三元组 282335  | 0.48 req/s  518 out-tok/s
[ 50574s] 完成 24188  成功 24187  失败 1  截断 2462  三元组 282426  | 0.48 req/s  518 out-tok/s
[ 50591s] 完成 24196  成功 24195  失败 1  截断 2463  三元组 282524  | 0.48 req/s  518 out-tok/s
[ 50607s] 完成 24200  成功 24199  失败 1  截断 2464  三元组 282570  | 0.48 req/s  518 out-tok/s
[ 50622s] 完成 24208  成功 24207  失败 1  截断 2465  三元组 282672  | 0.48 req/s  518 out-tok/s
[ 50639s] 完成 24213  成功 24212  失败 1  截断 2465  三元组 282718  | 0.48 req/s  518 out-tok/s
[ 50656s] 完成 24219  成功 24218  失败 1  截断 2465  三元组 282805  | 0.48 req/s  518 out-tok/s
[ 50680s] 完成 24231  成功 24230  失败 1  截断 2470  三元组 282929  | 0.48 req/s  518 out-tok/s
[ 50696s] 完成 24242  成功 24241  失败 1  截断 2474  三元组 283044  | 0.48 req/s  518 out-tok/s
[ 50711s] 完成 24250  成功 24249  失败 1  截断 2475  三元组 283141  | 0.48 req/s  518 out-tok/s
[ 50728s] 完成 24261  成功 24260  失败 1  截断 2477  三元组 283256  | 0.48 req/s  518 out-tok/s
[ 50746s] 完成 24269  成功 24268  失败 1  截断 2478  三元组 283327  | 0.48 req/s  518 out-tok/s
[ 50762s] 完成 24274  成功 24273  失败 1  截断 2478  三元组 283385  | 0.48 req/s  518 out-tok/s
[ 50780s] 完成 24281  成功 24280  失败 1  截断 2478  三元组 283478  | 0.48 req/s  518 out-tok/s
[ 50796s] 完成 24287  成功 24286  失败 1  截断 2478  三元组 283532  | 0.48 req/s  518 out-tok/s
[ 50814s] 完成 24297  成功 24296  失败 1  截断 2478  三元组 283655  | 0.48 req/s  518 out-tok/s
[ 50831s] 完成 24306  成功 24305  失败 1  截断 2480  三元组 283789  | 0.48 req/s  518 out-tok/s
[ 50847s] 完成 24316  成功 24315  失败 1  截断 2480  三元组 283908  | 0.48 req/s  518 out-tok/s
[ 50869s] 完成 24327  成功 24326  失败 1  截断 2483  三元组 284036  | 0.48 req/s  518 out-tok/s
[ 50885s] 完成 24338  成功 24337  失败 1  截断 2483  三元组 284135  | 0.48 req/s  518 out-tok/s
[ 50902s] 完成 24345  成功 24344  失败 1  截断 2484  三元组 284209  | 0.48 req/s  518 out-tok/s
[ 50919s] 完成 24354  成功 24353  失败 1  截断 2484  三元组 284307  | 0.48 req/s  518 out-tok/s
[ 50938s] 完成 24364  成功 24363  失败 1  截断 2484  三元组 284394  | 0.48 req/s  518 out-tok/s
[ 50953s] 完成 24375  成功 24374  失败 1  截断 2486  三元组 284529  | 0.48 req/s  518 out-tok/s
[ 50970s] 完成 24381  成功 24380  失败 1  截断 2487  三元组 284586  | 0.48 req/s  518 out-tok/s
[ 50987s] 完成 24387  成功 24386  失败 1  截断 2487  三元组 284645  | 0.48 req/s  518 out-tok/s
[ 51004s] 完成 24391  成功 24390  失败 1  截断 2487  三元组 284694  | 0.48 req/s  518 out-tok/s
[ 51020s] 完成 24401  成功 24400  失败 1  截断 2489  三元组 284832  | 0.48 req/s  518 out-tok/s
[ 51038s] 完成 24409  成功 24408  失败 1  截断 2489  三元组 284927  | 0.48 req/s  518 out-tok/s
[ 51055s] 完成 24416  成功 24415  失败 1  截断 2491  三元组 285024  | 0.48 req/s  518 out-tok/s
[ 51071s] 完成 24421  成功 24420  失败 1  截断 2491  三元组 285065  | 0.48 req/s  518 out-tok/s
[ 51086s] 完成 24425  成功 24424  失败 1  截断 2491  三元组 285117  | 0.48 req/s  518 out-tok/s
[ 51103s] 完成 24435  成功 24434  失败 1  截断 2494  三元组 285243  | 0.48 req/s  518 out-tok/s
[ 51122s] 完成 24445  成功 24444  失败 1  截断 2497  三元组 285391  | 0.48 req/s  518 out-tok/s
[ 51138s] 完成 24452  成功 24451  失败 1  截断 2497  三元组 285476  | 0.48 req/s  518 out-tok/s
[ 51153s] 完成 24460  成功 24459  失败 1  截断 2497  三元组 285548  | 0.48 req/s  518 out-tok/s
[ 51169s] 完成 24468  成功 24467  失败 1  截断 2497  三元组 285633  | 0.48 req/s  518 out-tok/s
[ 51186s] 完成 24481  成功 24480  失败 1  截断 2500  三元组 285794  | 0.48 req/s  518 out-tok/s
[ 51202s] 完成 24494  成功 24493  失败 1  截断 2501  三元组 285903  | 0.48 req/s  518 out-tok/s
[ 51218s] 完成 24500  成功 24499  失败 1  截断 2501  三元组 285952  | 0.48 req/s  518 out-tok/s
[ 51234s] 完成 24509  成功 24508  失败 1  截断 2502  三元组 286029  | 0.48 req/s  518 out-tok/s
[ 51251s] 完成 24518  成功 24517  失败 1  截断 2503  三元组 286108  | 0.48 req/s  518 out-tok/s
[ 51266s] 完成 24526  成功 24525  失败 1  截断 2503  三元组 286182  | 0.48 req/s  518 out-tok/s
[ 51283s] 完成 24535  成功 24534  失败 1  截断 2503  三元组 286287  | 0.48 req/s  518 out-tok/s
[ 51298s] 完成 24543  成功 24542  失败 1  截断 2503  三元组 286387  | 0.48 req/s  518 out-tok/s
[ 51315s] 完成 24556  成功 24555  失败 1  截断 2504  三元组 286522  | 0.48 req/s  518 out-tok/s
[ 51330s] 完成 24565  成功 24564  失败 1  截断 2506  三元组 286637  | 0.48 req/s  518 out-tok/s
[ 51346s] 完成 24570  成功 24569  失败 1  截断 2506  三元组 286681  | 0.48 req/s  518 out-tok/s
[ 51362s] 完成 24582  成功 24581  失败 1  截断 2506  三元组 286802  | 0.48 req/s  518 out-tok/s
[ 51378s] 完成 24587  成功 24586  失败 1  截断 2506  三元组 286867  | 0.48 req/s  518 out-tok/s
[ 51394s] 完成 24597  成功 24596  失败 1  截断 2507  三元组 286996  | 0.48 req/s  518 out-tok/s
[ 51409s] 完成 24605  成功 24604  失败 1  截断 2508  三元组 287095  | 0.48 req/s  518 out-tok/s
[ 51425s] 完成 24612  成功 24611  失败 1  截断 2508  三元组 287164  | 0.48 req/s  518 out-tok/s
[ 51444s] 完成 24623  成功 24622  失败 1  截断 2509  三元组 287279  | 0.48 req/s  518 out-tok/s
[ 51460s] 完成 24630  成功 24629  失败 1  截断 2510  三元组 287329  | 0.48 req/s  518 out-tok/s
[ 51477s] 完成 24636  成功 24635  失败 1  截断 2510  三元组 287386  | 0.48 req/s  518 out-tok/s
[ 51493s] 完成 24646  成功 24645  失败 1  截断 2513  三元组 287499  | 0.48 req/s  518 out-tok/s
[ 51508s] 完成 24655  成功 24654  失败 1  截断 2514  三元组 287609  | 0.48 req/s  518 out-tok/s
[ 51526s] 完成 24660  成功 24659  失败 1  截断 2517  三元组 287672  | 0.48 req/s  518 out-tok/s
[ 51541s] 完成 24668  成功 24667  失败 1  截断 2518  三元组 287762  | 0.48 req/s  518 out-tok/s
[ 51558s] 完成 24677  成功 24676  失败 1  截断 2518  三元组 287849  | 0.48 req/s  518 out-tok/s
[ 51577s] 完成 24689  成功 24688  失败 1  截断 2520  三元组 287978  | 0.48 req/s  518 out-tok/s
[ 51594s] 完成 24700  成功 24699  失败 1  截断 2521  三元组 288106  | 0.48 req/s  518 out-tok/s
[ 51611s] 完成 24712  成功 24711  失败 1  截断 2522  三元组 288238  | 0.48 req/s  518 out-tok/s
[ 51628s] 完成 24721  成功 24720  失败 1  截断 2523  三元组 288321  | 0.48 req/s  518 out-tok/s
[ 51644s] 完成 24732  成功 24731  失败 1  截断 2523  三元组 288440  | 0.48 req/s  518 out-tok/s
[ 51664s] 完成 24740  成功 24739  失败 1  截断 2523  三元组 288518  | 0.48 req/s  518 out-tok/s
[ 51679s] 完成 24749  成功 24748  失败 1  截断 2523  三元组 288611  | 0.48 req/s  518 out-tok/s
[ 51695s] 完成 24756  成功 24755  失败 1  截断 2523  三元组 288691  | 0.48 req/s  518 out-tok/s
[ 51710s] 完成 24764  成功 24763  失败 1  截断 2523  三元组 288790  | 0.48 req/s  518 out-tok/s
[ 51726s] 完成 24772  成功 24771  失败 1  截断 2526  三元组 288869  | 0.48 req/s  518 out-tok/s
[ 51742s] 完成 24779  成功 24778  失败 1  截断 2526  三元组 288960  | 0.48 req/s  518 out-tok/s
[ 51760s] 完成 24786  成功 24785  失败 1  截断 2526  三元组 289026  | 0.48 req/s  518 out-tok/s
[ 51776s] 完成 24794  成功 24793  失败 1  截断 2526  三元组 289130  | 0.48 req/s  518 out-tok/s
[ 51792s] 完成 24804  成功 24803  失败 1  截断 2527  三元组 289231  | 0.48 req/s  518 out-tok/s
[ 51808s] 完成 24810  成功 24809  失败 1  截断 2527  三元组 289308  | 0.48 req/s  518 out-tok/s
[ 51825s] 完成 24817  成功 24816  失败 1  截断 2530  三元组 289390  | 0.48 req/s  518 out-tok/s
[ 51840s] 完成 24827  成功 24826  失败 1  截断 2531  三元组 289498  | 0.48 req/s  518 out-tok/s
[ 51855s] 完成 24835  成功 24834  失败 1  截断 2532  三元组 289583  | 0.48 req/s  518 out-tok/s
[ 51873s] 完成 24844  成功 24843  失败 1  截断 2532  三元组 289659  | 0.48 req/s  518 out-tok/s
[ 51889s] 完成 24856  成功 24855  失败 1  截断 2533  三元组 289819  | 0.48 req/s  518 out-tok/s
[ 51909s] 完成 24863  成功 24862  失败 1  截断 2533  三元组 289892  | 0.48 req/s  518 out-tok/s
[ 51925s] 完成 24873  成功 24872  失败 1  截断 2534  三元组 290003  | 0.48 req/s  518 out-tok/s
[ 51945s] 完成 24878  成功 24877  失败 1  截断 2534  三元组 290062  | 0.48 req/s  518 out-tok/s
[ 51960s] 完成 24886  成功 24885  失败 1  截断 2534  三元组 290135  | 0.48 req/s  518 out-tok/s
[ 51978s] 完成 24896  成功 24895  失败 1  截断 2535  三元组 290247  | 0.48 req/s  518 out-tok/s
[ 51994s] 完成 24902  成功 24901  失败 1  截断 2535  三元组 290308  | 0.48 req/s  518 out-tok/s
[ 52012s] 完成 24912  成功 24911  失败 1  截断 2536  三元组 290426  | 0.48 req/s  518 out-tok/s
[ 52027s] 完成 24921  成功 24920  失败 1  截断 2538  三元组 290555  | 0.48 req/s  518 out-tok/s
[ 52045s] 完成 24930  成功 24929  失败 1  截断 2539  三元组 290649  | 0.48 req/s  518 out-tok/s
[ 52062s] 完成 24939  成功 24938  失败 1  截断 2539  三元组 290740  | 0.48 req/s  518 out-tok/s
[ 52079s] 完成 24947  成功 24946  失败 1  截断 2541  三元组 290810  | 0.48 req/s  518 out-tok/s
[ 52096s] 完成 24951  成功 24950  失败 1  截断 2541  三元组 290863  | 0.48 req/s  518 out-tok/s
[ 52111s] 完成 24961  成功 24960  失败 1  截断 2542  三元组 290992  | 0.48 req/s  518 out-tok/s
[ 52129s] 完成 24970  成功 24969  失败 1  截断 2544  三元组 291088  | 0.48 req/s  518 out-tok/s
[ 52148s] 完成 24979  成功 24978  失败 1  截断 2544  三元组 291197  | 0.48 req/s  518 out-tok/s
[ 52164s] 完成 24989  成功 24988  失败 1  截断 2545  三元组 291315  | 0.48 req/s  518 out-tok/s
[ 52180s] 完成 24998  成功 24997  失败 1  截断 2546  三元组 291411  | 0.48 req/s  518 out-tok/s
[ 52182s] 完成 25000  成功 24999  失败 1  截断 2547  三元组 291432  | 0.48 req/s  518 out-tok/s
[ 52198s] 完成 25006  成功 25005  失败 1  截断 2548  三元组 291492  | 0.48 req/s  518 out-tok/s
[ 52213s] 完成 25013  成功 25012  失败 1  截断 2549  三元组 291557  | 0.48 req/s  518 out-tok/s
[ 52230s] 完成 25020  成功 25019  失败 1  截断 2550  三元组 291656  | 0.48 req/s  518 out-tok/s
[ 52246s] 完成 25029  成功 25028  失败 1  截断 2551  三元组 291769  | 0.48 req/s  518 out-tok/s
[ 52270s] 完成 25033  成功 25032  失败 1  截断 2552  三元组 291820  | 0.48 req/s  518 out-tok/s
[ 52286s] 完成 25041  成功 25040  失败 1  截断 2553  三元组 291901  | 0.48 req/s  518 out-tok/s
[ 52301s] 完成 25050  成功 25049  失败 1  截断 2553  三元组 292019  | 0.48 req/s  518 out-tok/s
[ 52319s] 完成 25059  成功 25058  失败 1  截断 2554  三元组 292115  | 0.48 req/s  518 out-tok/s
[ 52334s] 完成 25071  成功 25070  失败 1  截断 2556  三元组 292237  | 0.48 req/s  518 out-tok/s
[ 52354s] 完成 25077  成功 25076  失败 1  截断 2556  三元组 292294  | 0.48 req/s  518 out-tok/s
[ 52372s] 完成 25089  成功 25088  失败 1  截断 2558  三元组 292416  | 0.48 req/s  518 out-tok/s
[ 52387s] 完成 25093  成功 25092  失败 1  截断 2558  三元组 292453  | 0.48 req/s  518 out-tok/s
[ 52402s] 完成 25102  成功 25101  失败 1  截断 2560  三元组 292544  | 0.48 req/s  518 out-tok/s
[ 52420s] 完成 25111  成功 25110  失败 1  截断 2561  三元组 292628  | 0.48 req/s  518 out-tok/s
[ 52435s] 完成 25119  成功 25118  失败 1  截断 2562  三元组 292714  | 0.48 req/s  518 out-tok/s
[ 52453s] 完成 25122  成功 25121  失败 1  截断 2563  三元组 292742  | 0.48 req/s  518 out-tok/s
[ 52469s] 完成 25131  成功 25130  失败 1  截断 2564  三元组 292874  | 0.48 req/s  518 out-tok/s
[ 52488s] 完成 25136  成功 25135  失败 1  截断 2565  三元组 292931  | 0.48 req/s  518 out-tok/s
[ 52505s] 完成 25144  成功 25143  失败 1  截断 2566  三元组 293022  | 0.48 req/s  518 out-tok/s
[ 52525s] 完成 25151  成功 25150  失败 1  截断 2567  三元组 293092  | 0.48 req/s  518 out-tok/s
[ 52541s] 完成 25161  成功 25160  失败 1  截断 2567  三元组 293202  | 0.48 req/s  518 out-tok/s
[ 52556s] 完成 25172  成功 25171  失败 1  截断 2572  三元组 293319  | 0.48 req/s  518 out-tok/s
[ 52573s] 完成 25181  成功 25180  失败 1  截断 2574  三元组 293420  | 0.48 req/s  518 out-tok/s
[ 52588s] 完成 25188  成功 25187  失败 1  截断 2575  三元组 293502  | 0.48 req/s  518 out-tok/s
[ 52610s] 完成 25195  成功 25194  失败 1  截断 2576  三元组 293580  | 0.48 req/s  518 out-tok/s
[ 52626s] 完成 25207  成功 25206  失败 1  截断 2576  三元组 293717  | 0.48 req/s  518 out-tok/s
[ 52641s] 完成 25215  成功 25214  失败 1  截断 2576  三元组 293811  | 0.48 req/s  518 out-tok/s
[ 52658s] 完成 25222  成功 25221  失败 1  截断 2577  三元组 293891  | 0.48 req/s  518 out-tok/s
[ 52674s] 完成 25233  成功 25232  失败 1  截断 2577  三元组 293986  | 0.48 req/s  518 out-tok/s
[ 52691s] 完成 25239  成功 25238  失败 1  截断 2577  三元组 294051  | 0.48 req/s  518 out-tok/s
[ 52707s] 完成 25247  成功 25246  失败 1  截断 2579  三元组 294129  | 0.48 req/s  518 out-tok/s
[ 52722s] 完成 25257  成功 25256  失败 1  截断 2581  三元组 294249  | 0.48 req/s  518 out-tok/s
[ 52738s] 完成 25267  成功 25266  失败 1  截断 2581  三元组 294360  | 0.48 req/s  518 out-tok/s
[ 52753s] 完成 25272  成功 25271  失败 1  截断 2581  三元组 294410  | 0.48 req/s  518 out-tok/s
[ 52773s] 完成 25282  成功 25281  失败 1  截断 2581  三元组 294501  | 0.48 req/s  518 out-tok/s
[ 52789s] 完成 25292  成功 25291  失败 1  截断 2581  三元组 294610  | 0.48 req/s  518 out-tok/s
[ 52804s] 完成 25298  成功 25297  失败 1  截断 2583  三元组 294659  | 0.48 req/s  518 out-tok/s
[ 52821s] 完成 25303  成功 25302  失败 1  截断 2584  三元组 294728  | 0.48 req/s  518 out-tok/s
[ 52844s] 完成 25314  成功 25313  失败 1  截断 2586  三元组 294864  | 0.48 req/s  518 out-tok/s
[ 52860s] 完成 25321  成功 25320  失败 1  截断 2587  三元组 294928  | 0.48 req/s  518 out-tok/s
[ 52876s] 完成 25333  成功 25332  失败 1  截断 2589  三元组 295078  | 0.48 req/s  518 out-tok/s
[ 52892s] 完成 25339  成功 25338  失败 1  截断 2589  三元组 295138  | 0.48 req/s  518 out-tok/s
[ 52911s] 完成 25345  成功 25344  失败 1  截断 2590  三元组 295224  | 0.48 req/s  518 out-tok/s
[ 52927s] 完成 25350  成功 25349  失败 1  截断 2590  三元组 295273  | 0.48 req/s  518 out-tok/s
[ 52942s] 完成 25358  成功 25357  失败 1  截断 2591  三元组 295376  | 0.48 req/s  518 out-tok/s
[ 52958s] 完成 25364  成功 25363  失败 1  截断 2591  三元组 295456  | 0.48 req/s  518 out-tok/s
[ 52975s] 完成 25372  成功 25371  失败 1  截断 2594  三元组 295544  | 0.48 req/s  518 out-tok/s
[ 52995s] 完成 25382  成功 25381  失败 1  截断 2595  三元组 295703  | 0.48 req/s  518 out-tok/s
[ 53010s] 完成 25392  成功 25391  失败 1  截断 2595  三元组 295791  | 0.48 req/s  518 out-tok/s
[ 53026s] 完成 25404  成功 25403  失败 1  截断 2596  三元组 295919  | 0.48 req/s  518 out-tok/s
[ 53044s] 完成 25413  成功 25412  失败 1  截断 2596  三元组 296005  | 0.48 req/s  518 out-tok/s
[ 53060s] 完成 25423  成功 25422  失败 1  截断 2596  三元组 296107  | 0.48 req/s  518 out-tok/s
[ 53077s] 完成 25433  成功 25432  失败 1  截断 2597  三元组 296232  | 0.48 req/s  518 out-tok/s
[ 53093s] 完成 25439  成功 25438  失败 1  截断 2597  三元组 296284  | 0.48 req/s  518 out-tok/s
[ 53111s] 完成 25447  成功 25446  失败 1  截断 2597  三元组 296347  | 0.48 req/s  518 out-tok/s
[ 53128s] 完成 25455  成功 25454  失败 1  截断 2598  三元组 296423  | 0.48 req/s  518 out-tok/s
[ 53145s] 完成 25465  成功 25464  失败 1  截断 2599  三元组 296529  | 0.48 req/s  518 out-tok/s
[ 53162s] 完成 25472  成功 25471  失败 1  截断 2599  三元组 296588  | 0.48 req/s  518 out-tok/s
[ 53184s] 完成 25477  成功 25476  失败 1  截断 2601  三元组 296660  | 0.48 req/s  518 out-tok/s
[ 53200s] 完成 25482  成功 25481  失败 1  截断 2603  三元组 296738  | 0.48 req/s  518 out-tok/s
[ 53216s] 完成 25492  成功 25491  失败 1  截断 2608  三元组 296884  | 0.48 req/s  518 out-tok/s
[ 53230s] 完成 25500  成功 25499  失败 1  截断 2609  三元组 296984  | 0.48 req/s  518 out-tok/s
[ 53246s] 完成 25514  成功 25513  失败 1  截断 2609  三元组 297117  | 0.48 req/s  518 out-tok/s
[ 53262s] 完成 25525  成功 25524  失败 1  截断 2609  三元组 297223  | 0.48 req/s  518 out-tok/s
[ 53279s] 完成 25534  成功 25533  失败 1  截断 2609  三元组 297300  | 0.48 req/s  518 out-tok/s
[ 53295s] 完成 25543  成功 25542  失败 1  截断 2610  三元组 297384  | 0.48 req/s  518 out-tok/s
[ 53312s] 完成 25549  成功 25548  失败 1  截断 2611  三元组 297449  | 0.48 req/s  518 out-tok/s
[ 53328s] 完成 25557  成功 25556  失败 1  截断 2611  三元组 297543  | 0.48 req/s  518 out-tok/s
[ 53345s] 完成 25568  成功 25567  失败 1  截断 2611  三元组 297648  | 0.48 req/s  518 out-tok/s
[ 53362s] 完成 25574  成功 25573  失败 1  截断 2611  三元组 297730  | 0.48 req/s  518 out-tok/s
[ 53377s] 完成 25580  成功 25579  失败 1  截断 2611  三元组 297775  | 0.48 req/s  518 out-tok/s
[ 53392s] 完成 25586  成功 25585  失败 1  截断 2612  三元组 297856  | 0.48 req/s  518 out-tok/s
[ 53408s] 完成 25595  成功 25594  失败 1  截断 2614  三元组 297961  | 0.48 req/s  518 out-tok/s
[ 53425s] 完成 25609  成功 25608  失败 1  截断 2618  三元组 298097  | 0.48 req/s  518 out-tok/s
[ 53440s] 完成 25613  成功 25612  失败 1  截断 2618  三元组 298130  | 0.48 req/s  518 out-tok/s
[ 53458s] 完成 25620  成功 25619  失败 1  截断 2619  三元组 298187  | 0.48 req/s  518 out-tok/s
[ 53473s] 完成 25631  成功 25630  失败 1  截断 2620  三元组 298296  | 0.48 req/s  518 out-tok/s
[ 53490s] 完成 25639  成功 25638  失败 1  截断 2620  三元组 298400  | 0.48 req/s  518 out-tok/s
[ 53505s] 完成 25646  成功 25645  失败 1  截断 2621  三元组 298482  | 0.48 req/s  518 out-tok/s
[ 53522s] 完成 25654  成功 25653  失败 1  截断 2622  三元组 298576  | 0.48 req/s  518 out-tok/s
[ 53540s] 完成 25667  成功 25666  失败 1  截断 2623  三元组 298720  | 0.48 req/s  518 out-tok/s
[ 53558s] 完成 25674  成功 25673  失败 1  截断 2623  三元组 298787  | 0.48 req/s  518 out-tok/s
[ 53574s] 完成 25683  成功 25682  失败 1  截断 2624  三元组 298892  | 0.48 req/s  518 out-tok/s
[ 53590s] 完成 25690  成功 25689  失败 1  截断 2624  三元组 298963  | 0.48 req/s  518 out-tok/s
[ 53605s] 完成 25700  成功 25699  失败 1  截断 2624  三元组 299054  | 0.48 req/s  518 out-tok/s
[ 53622s] 完成 25707  成功 25706  失败 1  截断 2624  三元组 299153  | 0.48 req/s  518 out-tok/s
[ 53638s] 完成 25715  成功 25714  失败 1  截断 2625  三元组 299263  | 0.48 req/s  518 out-tok/s
[ 53655s] 完成 25720  成功 25719  失败 1  截断 2625  三元组 299338  | 0.48 req/s  518 out-tok/s
[ 53671s] 完成 25729  成功 25728  失败 1  截断 2627  三元组 299447  | 0.48 req/s  518 out-tok/s
[ 53687s] 完成 25735  成功 25734  失败 1  截断 2627  三元组 299506  | 0.48 req/s  518 out-tok/s
[ 53703s] 完成 25743  成功 25742  失败 1  截断 2628  三元组 299615  | 0.48 req/s  518 out-tok/s
[ 53721s] 完成 25756  成功 25755  失败 1  截断 2629  三元组 299763  | 0.48 req/s  518 out-tok/s
[ 53736s] 完成 25767  成功 25766  失败 1  截断 2630  三元组 299882  | 0.48 req/s  518 out-tok/s
[ 53752s] 完成 25775  成功 25774  失败 1  截断 2630  三元组 299970  | 0.48 req/s  518 out-tok/s
[ 53771s] 完成 25784  成功 25783  失败 1  截断 2630  三元组 300061  | 0.48 req/s  518 out-tok/s
[ 53787s] 完成 25792  成功 25791  失败 1  截断 2631  三元组 300147  | 0.48 req/s  518 out-tok/s
[ 53802s] 完成 25806  成功 25805  失败 1  截断 2632  三元组 300325  | 0.48 req/s  518 out-tok/s
[ 53819s] 完成 25814  成功 25813  失败 1  截断 2632  三元组 300388  | 0.48 req/s  518 out-tok/s
[ 53835s] 完成 25823  成功 25822  失败 1  截断 2633  三元组 300498  | 0.48 req/s  518 out-tok/s
[ 53851s] 完成 25835  成功 25834  失败 1  截断 2633  三元组 300621  | 0.48 req/s  518 out-tok/s
[ 53868s] 完成 25843  成功 25842  失败 1  截断 2633  三元组 300701  | 0.48 req/s  518 out-tok/s
[ 53884s] 完成 25853  成功 25852  失败 1  截断 2633  三元组 300800  | 0.48 req/s  518 out-tok/s
[ 53901s] 完成 25859  成功 25858  失败 1  截断 2633  三元组 300868  | 0.48 req/s  518 out-tok/s
[ 53916s] 完成 25866  成功 25865  失败 1  截断 2634  三元组 300940  | 0.48 req/s  518 out-tok/s
[ 53931s] 完成 25878  成功 25877  失败 1  截断 2634  三元组 301076  | 0.48 req/s  518 out-tok/s
[ 53952s] 完成 25890  成功 25889  失败 1  截断 2636  三元组 301202  | 0.48 req/s  518 out-tok/s
[ 53971s] 完成 25901  成功 25900  失败 1  截断 2636  三元组 301295  | 0.48 req/s  518 out-tok/s
[ 53987s] 完成 25909  成功 25908  失败 1  截断 2637  三元组 301382  | 0.48 req/s  518 out-tok/s
[ 54003s] 完成 25920  成功 25919  失败 1  截断 2637  三元组 301509  | 0.48 req/s  518 out-tok/s
[ 54022s] 完成 25925  成功 25924  失败 1  截断 2638  三元组 301551  | 0.48 req/s  518 out-tok/s
[ 54038s] 完成 25936  成功 25935  失败 1  截断 2638  三元组 301658  | 0.48 req/s  518 out-tok/s
[ 54055s] 完成 25945  成功 25944  失败 1  截断 2639  三元组 301791  | 0.48 req/s  518 out-tok/s
[ 54070s] 完成 25951  成功 25950  失败 1  截断 2639  三元组 301845  | 0.48 req/s  518 out-tok/s
[ 54088s] 完成 25959  成功 25958  失败 1  截断 2639  三元组 301949  | 0.48 req/s  518 out-tok/s
[ 54115s] 完成 25969  成功 25968  失败 1  截断 2640  三元组 302075  | 0.48 req/s  518 out-tok/s
[ 54131s] 完成 25981  成功 25980  失败 1  截断 2643  三元组 302255  | 0.48 req/s  518 out-tok/s
[ 54149s] 完成 25990  成功 25989  失败 1  截断 2643  三元组 302339  | 0.48 req/s  518 out-tok/s
[ 54164s] 完成 26000  成功 25999  失败 1  截断 2643  三元组 302420  | 0.48 req/s  518 out-tok/s
[ 54180s] 完成 26005  成功 26004  失败 1  截断 2643  三元组 302468  | 0.48 req/s  518 out-tok/s
[ 54196s] 完成 26013  成功 26012  失败 1  截断 2646  三元组 302552  | 0.48 req/s  518 out-tok/s
[ 54213s] 完成 26021  成功 26020  失败 1  截断 2646  三元组 302646  | 0.48 req/s  518 out-tok/s
[ 54231s] 完成 26029  成功 26028  失败 1  截断 2647  三元组 302769  | 0.48 req/s  518 out-tok/s
[ 54248s] 完成 26043  成功 26042  失败 1  截断 2649  三元组 302918  | 0.48 req/s  518 out-tok/s
[ 54264s] 完成 26052  成功 26051  失败 1  截断 2650  三元组 303006  | 0.48 req/s  518 out-tok/s
[ 54281s] 完成 26066  成功 26065  失败 1  截断 2650  三元组 303125  | 0.48 req/s  518 out-tok/s
[ 54297s] 完成 26072  成功 26071  失败 1  截断 2650  三元组 303175  | 0.48 req/s  518 out-tok/s
[ 54314s] 完成 26078  成功 26077  失败 1  截断 2652  三元组 303239  | 0.48 req/s  518 out-tok/s
[ 54331s] 完成 26085  成功 26084  失败 1  截断 2653  三元组 303335  | 0.48 req/s  518 out-tok/s
[ 54348s] 完成 26092  成功 26091  失败 1  截断 2653  三元组 303422  | 0.48 req/s  518 out-tok/s
[ 54363s] 完成 26102  成功 26101  失败 1  截断 2654  三元组 303555  | 0.48 req/s  518 out-tok/s
[ 54387s] 完成 26111  成功 26110  失败 1  截断 2654  三元组 303671  | 0.48 req/s  518 out-tok/s
[ 54405s] 完成 26121  成功 26120  失败 1  截断 2656  三元组 303779  | 0.48 req/s  518 out-tok/s
[ 54421s] 完成 26128  成功 26127  失败 1  截断 2657  三元组 303836  | 0.48 req/s  518 out-tok/s
[ 54436s] 完成 26138  成功 26137  失败 1  截断 2658  三元组 303954  | 0.48 req/s  518 out-tok/s
[ 54456s] 完成 26147  成功 26146  失败 1  截断 2659  三元组 304059  | 0.48 req/s  518 out-tok/s
[ 54472s] 完成 26154  成功 26153  失败 1  截断 2659  三元组 304117  | 0.48 req/s  518 out-tok/s
[ 54488s] 完成 26163  成功 26162  失败 1  截断 2660  三元组 304220  | 0.48 req/s  518 out-tok/s
[ 54503s] 完成 26169  成功 26168  失败 1  截断 2663  三元组 304312  | 0.48 req/s  518 out-tok/s
[ 54521s] 完成 26176  成功 26175  失败 1  截断 2665  三元组 304390  | 0.48 req/s  518 out-tok/s
[ 54536s] 完成 26183  成功 26182  失败 1  截断 2665  三元组 304474  | 0.48 req/s  518 out-tok/s
[ 54553s] 完成 26190  成功 26189  失败 1  截断 2665  三元组 304567  | 0.48 req/s  518 out-tok/s
[ 54568s] 完成 26192  成功 26191  失败 1  截断 2666  三元组 304610  | 0.48 req/s  518 out-tok/s
[ 54588s] 完成 26203  成功 26202  失败 1  截断 2667  三元组 304741  | 0.48 req/s  518 out-tok/s
[ 54604s] 完成 26212  成功 26211  失败 1  截断 2669  三元组 304850  | 0.48 req/s  518 out-tok/s
[ 54629s] 完成 26220  成功 26219  失败 1  截断 2670  三元组 304943  | 0.48 req/s  518 out-tok/s
[ 54644s] 完成 26225  成功 26224  失败 1  截断 2670  三元组 305014  | 0.48 req/s  518 out-tok/s
[ 54659s] 完成 26237  成功 26236  失败 1  截断 2672  三元组 305180  | 0.48 req/s  518 out-tok/s
[ 54676s] 完成 26246  成功 26245  失败 1  截断 2673  三元组 305304  | 0.48 req/s  518 out-tok/s
[ 54695s] 完成 26259  成功 26258  失败 1  截断 2674  三元组 305428  | 0.48 req/s  518 out-tok/s
[ 54710s] 完成 26264  成功 26263  失败 1  截断 2674  三元组 305495  | 0.48 req/s  518 out-tok/s
[ 54727s] 完成 26269  成功 26268  失败 1  截断 2674  三元组 305545  | 0.48 req/s  518 out-tok/s
[ 54744s] 完成 26278  成功 26277  失败 1  截断 2675  三元组 305649  | 0.48 req/s  518 out-tok/s
[ 54760s] 完成 26285  成功 26284  失败 1  截断 2677  三元组 305725  | 0.48 req/s  518 out-tok/s
[ 54776s] 完成 26292  成功 26291  失败 1  截断 2677  三元组 305822  | 0.48 req/s  518 out-tok/s
[ 54795s] 完成 26301  成功 26300  失败 1  截断 2677  三元组 305917  | 0.48 req/s  518 out-tok/s
[ 54810s] 完成 26307  成功 26306  失败 1  截断 2678  三元组 305980  | 0.48 req/s  518 out-tok/s
[ 54826s] 完成 26317  成功 26316  失败 1  截断 2680  三元组 306127  | 0.48 req/s  518 out-tok/s
[ 54843s] 完成 26327  成功 26326  失败 1  截断 2683  三元组 306217  | 0.48 req/s  518 out-tok/s
[ 54860s] 完成 26337  成功 26336  失败 1  截断 2684  三元组 306298  | 0.48 req/s  518 out-tok/s
[ 54877s] 完成 26344  成功 26343  失败 1  截断 2684  三元组 306366  | 0.48 req/s  518 out-tok/s
[ 54892s] 完成 26350  成功 26349  失败 1  截断 2684  三元组 306431  | 0.48 req/s  518 out-tok/s
[ 54908s] 完成 26360  成功 26359  失败 1  截断 2685  三元组 306543  | 0.48 req/s  518 out-tok/s
[ 54924s] 完成 26368  成功 26367  失败 1  截断 2686  三元组 306637  | 0.48 req/s  518 out-tok/s
[ 54939s] 完成 26374  成功 26373  失败 1  截断 2688  三元组 306696  | 0.48 req/s  518 out-tok/s
[ 54954s] 完成 26382  成功 26381  失败 1  截断 2689  三元组 306786  | 0.48 req/s  518 out-tok/s
[ 54971s] 完成 26393  成功 26392  失败 1  截断 2690  三元组 306922  | 0.48 req/s  518 out-tok/s
[ 54988s] 完成 26399  成功 26398  失败 1  截断 2690  三元组 306982  | 0.48 req/s  518 out-tok/s
[ 55005s] 完成 26409  成功 26408  失败 1  截断 2690  三元组 307105  | 0.48 req/s  518 out-tok/s
[ 55022s] 完成 26417  成功 26416  失败 1  截断 2691  三元组 307177  | 0.48 req/s  518 out-tok/s
[ 55038s] 完成 26425  成功 26424  失败 1  截断 2691  三元组 307258  | 0.48 req/s  518 out-tok/s
[ 55053s] 完成 26429  成功 26428  失败 1  截断 2692  三元组 307305  | 0.48 req/s  518 out-tok/s
[ 55069s] 完成 26434  成功 26433  失败 1  截断 2693  三元组 307368  | 0.48 req/s  518 out-tok/s
[ 55084s] 完成 26447  成功 26446  失败 1  截断 2693  三元组 307504  | 0.48 req/s  518 out-tok/s
[ 55100s] 完成 26453  成功 26452  失败 1  截断 2694  三元组 307564  | 0.48 req/s  518 out-tok/s
[ 55122s] 完成 26460  成功 26459  失败 1  截断 2695  三元组 307642  | 0.48 req/s  518 out-tok/s
[ 55138s] 完成 26466  成功 26465  失败 1  截断 2696  三元组 307717  | 0.48 req/s  518 out-tok/s
[ 55155s] 完成 26479  成功 26478  失败 1  截断 2698  三元组 307878  | 0.48 req/s  518 out-tok/s
[ 55171s] 完成 26486  成功 26485  失败 1  截断 2698  三元组 307947  | 0.48 req/s  518 out-tok/s
[ 55190s] 完成 26497  成功 26496  失败 1  截断 2698  三元组 308066  | 0.48 req/s  518 out-tok/s
[ 55193s] 完成 26500  成功 26499  失败 1  截断 2698  三元组 308085  | 0.48 req/s  518 out-tok/s
[ 55209s] 完成 26510  成功 26509  失败 1  截断 2698  三元组 308179  | 0.48 req/s  518 out-tok/s
[ 55229s] 完成 26515  成功 26514  失败 1  截断 2698  三元组 308222  | 0.48 req/s  518 out-tok/s
[ 55251s] 完成 26526  成功 26525  失败 1  截断 2702  三元组 308352  | 0.48 req/s  518 out-tok/s
[ 55267s] 完成 26536  成功 26535  失败 1  截断 2703  三元组 308484  | 0.48 req/s  518 out-tok/s
[ 55282s] 完成 26544  成功 26543  失败 1  截断 2704  三元组 308556  | 0.48 req/s  518 out-tok/s
[ 55299s] 完成 26553  成功 26552  失败 1  截断 2705  三元组 308673  | 0.48 req/s  518 out-tok/s
[ 55314s] 完成 26562  成功 26561  失败 1  截断 2706  三元组 308786  | 0.48 req/s  518 out-tok/s
[ 55329s] 完成 26570  成功 26569  失败 1  截断 2707  三元组 308889  | 0.48 req/s  518 out-tok/s
[ 55345s] 完成 26577  成功 26576  失败 1  截断 2707  三元组 308948  | 0.48 req/s  518 out-tok/s
[ 55363s] 完成 26585  成功 26584  失败 1  截断 2709  三元组 309054  | 0.48 req/s  518 out-tok/s
[ 55378s] 完成 26591  成功 26590  失败 1  截断 2709  三元组 309125  | 0.48 req/s  518 out-tok/s
[ 55394s] 完成 26603  成功 26602  失败 1  截断 2710  三元组 309235  | 0.48 req/s  518 out-tok/s
[ 55413s] 完成 26610  成功 26609  失败 1  截断 2710  三元组 309319  | 0.48 req/s  518 out-tok/s
[ 55430s] 完成 26620  成功 26619  失败 1  截断 2712  三元组 309432  | 0.48 req/s  518 out-tok/s
[ 55446s] 完成 26628  成功 26627  失败 1  截断 2713  三元组 309542  | 0.48 req/s  518 out-tok/s
[ 55463s] 完成 26637  成功 26636  失败 1  截断 2713  三元组 309616  | 0.48 req/s  518 out-tok/s
[ 55482s] 完成 26644  成功 26643  失败 1  截断 2713  三元组 309699  | 0.48 req/s  518 out-tok/s
[ 55500s] 完成 26651  成功 26650  失败 1  截断 2713  三元组 309790  | 0.48 req/s  518 out-tok/s
[ 55518s] 完成 26663  成功 26662  失败 1  截断 2714  三元组 309931  | 0.48 req/s  518 out-tok/s
[ 55535s] 完成 26673  成功 26672  失败 1  截断 2715  三元组 310045  | 0.48 req/s  518 out-tok/s
[ 55551s] 完成 26680  成功 26679  失败 1  截断 2716  三元组 310116  | 0.48 req/s  518 out-tok/s
[ 55567s] 完成 26690  成功 26689  失败 1  截断 2717  三元组 310221  | 0.48 req/s  518 out-tok/s
[ 55582s] 完成 26699  成功 26698  失败 1  截断 2718  三元组 310311  | 0.48 req/s  518 out-tok/s
[ 55597s] 完成 26708  成功 26707  失败 1  截断 2718  三元组 310408  | 0.48 req/s  518 out-tok/s
[ 55614s] 完成 26716  成功 26715  失败 1  截断 2718  三元组 310508  | 0.48 req/s  518 out-tok/s
[ 55632s] 完成 26726  成功 26725  失败 1  截断 2718  三元组 310611  | 0.48 req/s  518 out-tok/s
[ 55647s] 完成 26737  成功 26736  失败 1  截断 2719  三元组 310754  | 0.48 req/s  518 out-tok/s
[ 55665s] 完成 26744  成功 26743  失败 1  截断 2720  三元组 310819  | 0.48 req/s  518 out-tok/s
[ 55684s] 完成 26752  成功 26751  失败 1  截断 2721  三元组 310910  | 0.48 req/s  518 out-tok/s
[ 55702s] 完成 26757  成功 26756  失败 1  截断 2722  三元组 310982  | 0.48 req/s  518 out-tok/s
[ 55721s] 完成 26768  成功 26767  失败 1  截断 2722  三元组 311129  | 0.48 req/s  518 out-tok/s
[ 55740s] 完成 26774  成功 26773  失败 1  截断 2722  三元组 311190  | 0.48 req/s  518 out-tok/s
[ 55757s] 完成 26784  成功 26783  失败 1  截断 2723  三元组 311305  | 0.48 req/s  518 out-tok/s
[ 55774s] 完成 26793  成功 26792  失败 1  截断 2724  三元组 311397  | 0.48 req/s  518 out-tok/s
[ 55793s] 完成 26801  成功 26800  失败 1  截断 2728  三元组 311491  | 0.48 req/s  518 out-tok/s
[ 55808s] 完成 26810  成功 26809  失败 1  截断 2728  三元组 311579  | 0.48 req/s  518 out-tok/s
[ 55824s] 完成 26818  成功 26817  失败 1  截断 2729  三元组 311687  | 0.48 req/s  518 out-tok/s
[ 55839s] 完成 26826  成功 26825  失败 1  截断 2729  三元组 311773  | 0.48 req/s  518 out-tok/s
[ 55855s] 完成 26832  成功 26831  失败 1  截断 2729  三元组 311827  | 0.48 req/s  518 out-tok/s
[ 55871s] 完成 26838  成功 26837  失败 1  截断 2730  三元组 311907  | 0.48 req/s  518 out-tok/s
[ 55888s] 完成 26847  成功 26846  失败 1  截断 2730  三元组 312019  | 0.48 req/s  518 out-tok/s
[ 55903s] 完成 26858  成功 26857  失败 1  截断 2731  三元组 312136  | 0.48 req/s  518 out-tok/s
[ 55918s] 完成 26867  成功 26866  失败 1  截断 2733  三元组 312247  | 0.48 req/s  518 out-tok/s
[ 55933s] 完成 26874  成功 26873  失败 1  截断 2733  三元组 312304  | 0.48 req/s  518 out-tok/s
[ 55951s] 完成 26880  成功 26879  失败 1  截断 2733  三元组 312354  | 0.48 req/s  518 out-tok/s
[ 55967s] 完成 26891  成功 26890  失败 1  截断 2735  三元组 312494  | 0.48 req/s  518 out-tok/s
[ 55982s] 完成 26899  成功 26898  失败 1  截断 2737  三元组 312590  | 0.48 req/s  518 out-tok/s
[ 56001s] 完成 26910  成功 26909  失败 1  截断 2737  三元组 312724  | 0.48 req/s  518 out-tok/s
[ 56017s] 完成 26918  成功 26917  失败 1  截断 2738  三元组 312806  | 0.48 req/s  518 out-tok/s
[ 56035s] 完成 26927  成功 26926  失败 1  截断 2740  三元组 312905  | 0.48 req/s  518 out-tok/s
[ 56051s] 完成 26935  成功 26934  失败 1  截断 2740  三元组 313010  | 0.48 req/s  518 out-tok/s
[ 56066s] 完成 26945  成功 26944  失败 1  截断 2741  三元组 313125  | 0.48 req/s  518 out-tok/s
[ 56084s] 完成 26954  成功 26953  失败 1  截断 2741  三元组 313203  | 0.48 req/s  518 out-tok/s
[ 56099s] 完成 26963  成功 26962  失败 1  截断 2741  三元组 313299  | 0.48 req/s  518 out-tok/s
[ 56117s] 完成 26973  成功 26972  失败 1  截断 2742  三元组 313390  | 0.48 req/s  518 out-tok/s
[ 56136s] 完成 26986  成功 26985  失败 1  截断 2742  三元组 313516  | 0.48 req/s  518 out-tok/s
[ 56152s] 完成 26995  成功 26994  失败 1  截断 2743  三元组 313609  | 0.48 req/s  518 out-tok/s
[ 56162s] 完成 27000  成功 26999  失败 1  截断 2743  三元组 313655  | 0.48 req/s  518 out-tok/s
[ 56177s] 完成 27012  成功 27011  失败 1  截断 2743  三元组 313755  | 0.48 req/s  518 out-tok/s
[ 56192s] 完成 27019  成功 27018  失败 1  截断 2744  三元组 313825  | 0.48 req/s  518 out-tok/s
[ 56210s] 完成 27024  成功 27023  失败 1  截断 2745  三元组 313881  | 0.48 req/s  518 out-tok/s
[ 56227s] 完成 27032  成功 27031  失败 1  截断 2747  三元组 313970  | 0.48 req/s  518 out-tok/s
[ 56243s] 完成 27037  成功 27036  失败 1  截断 2747  三元组 314041  | 0.48 req/s  518 out-tok/s
[ 56259s] 完成 27044  成功 27043  失败 1  截断 2748  三元组 314121  | 0.48 req/s  518 out-tok/s
[ 56278s] 完成 27054  成功 27053  失败 1  截断 2751  三元组 314220  | 0.48 req/s  518 out-tok/s
[ 56297s] 完成 27061  成功 27060  失败 1  截断 2751  三元组 314307  | 0.48 req/s  518 out-tok/s
[ 56315s] 完成 27069  成功 27068  失败 1  截断 2753  三元组 314407  | 0.48 req/s  518 out-tok/s
[ 56333s] 完成 27075  成功 27074  失败 1  截断 2754  三元组 314468  | 0.48 req/s  518 out-tok/s
[ 56349s] 完成 27085  成功 27084  失败 1  截断 2756  三元组 314612  | 0.48 req/s  518 out-tok/s
[ 56366s] 完成 27092  成功 27091  失败 1  截断 2758  三元组 314723  | 0.48 req/s  518 out-tok/s
[ 56385s] 完成 27099  成功 27098  失败 1  截断 2759  三元组 314788  | 0.48 req/s  518 out-tok/s
[ 56401s] 完成 27105  成功 27104  失败 1  截断 2759  三元组 314866  | 0.48 req/s  518 out-tok/s
[ 56416s] 完成 27111  成功 27110  失败 1  截断 2760  三元组 314932  | 0.48 req/s  518 out-tok/s
[ 56435s] 完成 27120  成功 27119  失败 1  截断 2761  三元组 315029  | 0.48 req/s  518 out-tok/s
[ 56454s] 完成 27127  成功 27126  失败 1  截断 2763  三元组 315120  | 0.48 req/s  518 out-tok/s
[ 56469s] 完成 27139  成功 27138  失败 1  截断 2765  三元组 315246  | 0.48 req/s  518 out-tok/s
[ 56486s] 完成 27149  成功 27148  失败 1  截断 2766  三元组 315339  | 0.48 req/s  518 out-tok/s
[ 56502s] 完成 27158  成功 27157  失败 1  截断 2769  三元组 315436  | 0.48 req/s  519 out-tok/s
[ 56520s] 完成 27164  成功 27163  失败 1  截断 2769  三元组 315483  | 0.48 req/s  518 out-tok/s
[ 56536s] 完成 27172  成功 27171  失败 1  截断 2769  三元组 315567  | 0.48 req/s  518 out-tok/s
[ 56551s] 完成 27180  成功 27179  失败 1  截断 2770  三元组 315655  | 0.48 req/s  518 out-tok/s
[ 56570s] 完成 27187  成功 27186  失败 1  截断 2770  三元组 315744  | 0.48 req/s  518 out-tok/s
[ 56587s] 完成 27195  成功 27194  失败 1  截断 2770  三元组 315825  | 0.48 req/s  518 out-tok/s
[ 56604s] 完成 27202  成功 27201  失败 1  截断 2771  三元组 315891  | 0.48 req/s  518 out-tok/s
[ 56622s] 完成 27214  成功 27213  失败 1  截断 2772  三元组 316079  | 0.48 req/s  518 out-tok/s
[ 56637s] 完成 27225  成功 27224  失败 1  截断 2776  三元组 316191  | 0.48 req/s  519 out-tok/s
[ 56652s] 完成 27231  成功 27230  失败 1  截断 2776  三元组 316248  | 0.48 req/s  518 out-tok/s
[ 56668s] 完成 27242  成功 27241  失败 1  截断 2777  三元组 316354  | 0.48 req/s  519 out-tok/s
[ 56683s] 完成 27250  成功 27249  失败 1  截断 2777  三元组 316424  | 0.48 req/s  518 out-tok/s
[ 56698s] 完成 27258  成功 27257  失败 1  截断 2778  三元组 316529  | 0.48 req/s  519 out-tok/s
[ 56716s] 完成 27266  成功 27265  失败 1  截断 2778  三元组 316610  | 0.48 req/s  518 out-tok/s
[ 56731s] 完成 27276  成功 27275  失败 1  截断 2778  三元组 316708  | 0.48 req/s  518 out-tok/s
[ 56747s] 完成 27289  成功 27288  失败 1  截断 2778  三元组 316832  | 0.48 req/s  518 out-tok/s
[ 56763s] 完成 27300  成功 27299  失败 1  截断 2778  三元组 316909  | 0.48 req/s  518 out-tok/s
[ 56782s] 完成 27313  成功 27312  失败 1  截断 2782  三元组 317042  | 0.48 req/s  519 out-tok/s
[ 56799s] 完成 27322  成功 27321  失败 1  截断 2783  三元组 317137  | 0.48 req/s  519 out-tok/s
[ 56814s] 完成 27329  成功 27328  失败 1  截断 2783  三元组 317215  | 0.48 req/s  519 out-tok/s
[ 56830s] 完成 27341  成功 27340  失败 1  截断 2783  三元组 317355  | 0.48 req/s  519 out-tok/s
[ 56849s] 完成 27346  成功 27345  失败 1  截断 2783  三元组 317392  | 0.48 req/s  518 out-tok/s
[ 56865s] 完成 27355  成功 27354  失败 1  截断 2783  三元组 317491  | 0.48 req/s  518 out-tok/s
[ 56882s] 完成 27364  成功 27363  失败 1  截断 2783  三元组 317598  | 0.48 req/s  518 out-tok/s
[ 56897s] 完成 27370  成功 27369  失败 1  截断 2783  三元组 317662  | 0.48 req/s  518 out-tok/s
[ 56913s] 完成 27378  成功 27377  失败 1  截断 2784  三元组 317752  | 0.48 req/s  518 out-tok/s
[ 56931s] 完成 27387  成功 27386  失败 1  截断 2785  三元组 317857  | 0.48 req/s  518 out-tok/s
[ 56948s] 完成 27395  成功 27394  失败 1  截断 2786  三元组 317965  | 0.48 req/s  518 out-tok/s
[ 56970s] 完成 27406  成功 27405  失败 1  截断 2787  三元组 318090  | 0.48 req/s  519 out-tok/s
[ 56988s] 完成 27416  成功 27415  失败 1  截断 2787  三元组 318175  | 0.48 req/s  518 out-tok/s
[ 57008s] 完成 27418  成功 27417  失败 1  截断 2787  三元组 318199  | 0.48 req/s  518 out-tok/s
[ 57023s] 完成 27429  成功 27428  失败 1  截断 2789  三元组 318365  | 0.48 req/s  518 out-tok/s
[ 57040s] 完成 27432  成功 27431  失败 1  截断 2789  三元组 318404  | 0.48 req/s  518 out-tok/s
[ 57055s] 完成 27442  成功 27441  失败 1  截断 2791  三元组 318513  | 0.48 req/s  518 out-tok/s
[ 57072s] 完成 27451  成功 27450  失败 1  截断 2794  三元组 318643  | 0.48 req/s  518 out-tok/s
[ 57088s] 完成 27459  成功 27458  失败 1  截断 2794  三元组 318753  | 0.48 req/s  518 out-tok/s
[ 57103s] 完成 27465  成功 27464  失败 1  截断 2795  三元组 318817  | 0.48 req/s  518 out-tok/s
[ 57122s] 完成 27472  成功 27471  失败 1  截断 2797  三元组 318885  | 0.48 req/s  518 out-tok/s
[ 57138s] 完成 27482  成功 27481  失败 1  截断 2798  三元组 319027  | 0.48 req/s  518 out-tok/s
[ 57156s] 完成 27493  成功 27492  失败 1  截断 2798  三元组 319160  | 0.48 req/s  519 out-tok/s
[ 57167s] 完成 27500  成功 27499  失败 1  截断 2799  三元组 319251  | 0.48 req/s  519 out-tok/s
[ 57183s] 完成 27505  成功 27504  失败 1  截断 2799  三元组 319286  | 0.48 req/s  518 out-tok/s
[ 57200s] 完成 27512  成功 27511  失败 1  截断 2799  三元组 319403  | 0.48 req/s  518 out-tok/s
[ 57217s] 完成 27519  成功 27518  失败 1  截断 2800  三元组 319471  | 0.48 req/s  518 out-tok/s
[ 57233s] 完成 27532  成功 27531  失败 1  截断 2801  三元组 319638  | 0.48 req/s  519 out-tok/s
[ 57249s] 完成 27540  成功 27539  失败 1  截断 2802  三元组 319720  | 0.48 req/s  519 out-tok/s
[ 57264s] 完成 27549  成功 27548  失败 1  截断 2802  三元组 319807  | 0.48 req/s  519 out-tok/s
[ 57280s] 完成 27559  成功 27558  失败 1  截断 2802  三元组 319911  | 0.48 req/s  519 out-tok/s
[ 57298s] 完成 27569  成功 27568  失败 1  截断 2803  三元组 319998  | 0.48 req/s  519 out-tok/s
[ 57317s] 完成 27576  成功 27575  失败 1  截断 2804  三元组 320095  | 0.48 req/s  519 out-tok/s
[ 57332s] 完成 27588  成功 27587  失败 1  截断 2804  三元组 320222  | 0.48 req/s  519 out-tok/s
[ 57348s] 完成 27596  成功 27595  失败 1  截断 2804  三元组 320320  | 0.48 req/s  519 out-tok/s
[ 57364s] 完成 27599  成功 27598  失败 1  截断 2804  三元组 320356  | 0.48 req/s  518 out-tok/s
[ 57383s] 完成 27606  成功 27605  失败 1  截断 2804  三元组 320431  | 0.48 req/s  518 out-tok/s
[ 57398s] 完成 27613  成功 27612  失败 1  截断 2804  三元组 320527  | 0.48 req/s  518 out-tok/s
[ 57414s] 完成 27620  成功 27619  失败 1  截断 2805  三元组 320610  | 0.48 req/s  518 out-tok/s
[ 57429s] 完成 27627  成功 27626  失败 1  截断 2805  三元组 320702  | 0.48 req/s  518 out-tok/s
[ 57447s] 完成 27637  成功 27636  失败 1  截断 2806  三元组 320821  | 0.48 req/s  518 out-tok/s
[ 57462s] 完成 27650  成功 27649  失败 1  截断 2809  三元组 320952  | 0.48 req/s  519 out-tok/s
[ 57478s] 完成 27658  成功 27657  失败 1  截断 2810  三元组 321024  | 0.48 req/s  519 out-tok/s
[ 57497s] 完成 27665  成功 27664  失败 1  截断 2811  三元组 321114  | 0.48 req/s  519 out-tok/s
[ 57514s] 完成 27679  成功 27678  失败 1  截断 2811  三元组 321250  | 0.48 req/s  519 out-tok/s
[ 57529s] 完成 27688  成功 27687  失败 1  截断 2811  三元组 321346  | 0.48 req/s  519 out-tok/s
[ 57544s] 完成 27696  成功 27695  失败 1  截断 2812  三元组 321420  | 0.48 req/s  519 out-tok/s
[ 57560s] 完成 27703  成功 27702  失败 1  截断 2813  三元组 321508  | 0.48 req/s  519 out-tok/s
[ 57577s] 完成 27714  成功 27713  失败 1  截断 2813  三元组 321629  | 0.48 req/s  519 out-tok/s
[ 57592s] 完成 27720  成功 27719  失败 1  截断 2813  三元组 321673  | 0.48 req/s  518 out-tok/s
[ 57608s] 完成 27732  成功 27731  失败 1  截断 2814  三元组 321803  | 0.48 req/s  519 out-tok/s
[ 57625s] 完成 27742  成功 27741  失败 1  截断 2816  三元组 321913  | 0.48 req/s  519 out-tok/s
[ 57641s] 完成 27750  成功 27749  失败 1  截断 2817  三元组 321968  | 0.48 req/s  519 out-tok/s
[ 57656s] 完成 27760  成功 27759  失败 1  截断 2817  三元组 322059  | 0.48 req/s  519 out-tok/s
[ 57672s] 完成 27772  成功 27771  失败 1  截断 2819  三元组 322198  | 0.48 req/s  519 out-tok/s
[ 57687s] 完成 27780  成功 27779  失败 1  截断 2819  三元组 322267  | 0.48 req/s  519 out-tok/s
[ 57702s] 完成 27789  成功 27788  失败 1  截断 2819  三元组 322367  | 0.48 req/s  519 out-tok/s
[ 57726s] 完成 27798  成功 27797  失败 1  截断 2819  三元组 322462  | 0.48 req/s  519 out-tok/s
[ 57743s] 完成 27810  成功 27809  失败 1  截断 2820  三元组 322586  | 0.48 req/s  519 out-tok/s
[ 57764s] 完成 27821  成功 27820  失败 1  截断 2820  三元组 322719  | 0.48 req/s  519 out-tok/s
[ 57781s] 完成 27827  成功 27826  失败 1  截断 2820  三元组 322815  | 0.48 req/s  519 out-tok/s
[ 57801s] 完成 27836  成功 27835  失败 1  截断 2821  三元组 322917  | 0.48 req/s  519 out-tok/s
[ 57818s] 完成 27842  成功 27841  失败 1  截断 2821  三元组 322997  | 0.48 req/s  519 out-tok/s
[ 57833s] 完成 27850  成功 27849  失败 1  截断 2821  三元组 323070  | 0.48 req/s  518 out-tok/s
[ 57848s] 完成 27859  成功 27858  失败 1  截断 2821  三元组 323194  | 0.48 req/s  519 out-tok/s
[ 57865s] 完成 27866  成功 27865  失败 1  截断 2822  三元组 323265  | 0.48 req/s  519 out-tok/s
[ 57884s] 完成 27879  成功 27878  失败 1  截断 2822  三元组 323403  | 0.48 req/s  519 out-tok/s
[ 57900s] 完成 27886  成功 27885  失败 1  截断 2824  三元组 323484  | 0.48 req/s  519 out-tok/s
[ 57920s] 完成 27897  成功 27896  失败 1  截断 2825  三元组 323600  | 0.48 req/s  519 out-tok/s
[ 57937s] 完成 27909  成功 27908  失败 1  截断 2826  三元组 323731  | 0.48 req/s  519 out-tok/s
[ 57953s] 完成 27920  成功 27919  失败 1  截断 2827  三元组 323809  | 0.48 req/s  519 out-tok/s
[ 57970s] 完成 27928  成功 27927  失败 1  截断 2827  三元组 323892  | 0.48 req/s  519 out-tok/s
[ 57986s] 完成 27937  成功 27936  失败 1  截断 2827  三元组 323975  | 0.48 req/s  519 out-tok/s
[ 58003s] 完成 27948  成功 27947  失败 1  截断 2829  三元组 324091  | 0.48 req/s  519 out-tok/s
[ 58019s] 完成 27955  成功 27954  失败 1  截断 2829  三元组 324155  | 0.48 req/s  519 out-tok/s
[ 58036s] 完成 27966  成功 27965  失败 1  截断 2829  三元组 324281  | 0.48 req/s  519 out-tok/s
[ 58052s] 完成 27973  成功 27972  失败 1  截断 2830  三元组 324358  | 0.48 req/s  519 out-tok/s
[ 58069s] 完成 27981  成功 27980  失败 1  截断 2831  三元组 324438  | 0.48 req/s  519 out-tok/s
[ 58086s] 完成 27989  成功 27988  失败 1  截断 2832  三元组 324541  | 0.48 req/s  519 out-tok/s
[ 58103s] 完成 27996  成功 27995  失败 1  截断 2832  三元组 324607  | 0.48 req/s  518 out-tok/s
[ 58114s] 完成 28000  成功 27999  失败 1  截断 2832  三元组 324666  | 0.48 req/s  518 out-tok/s
[ 58133s] 完成 28008  成功 28007  失败 1  截断 2834  三元组 324761  | 0.48 req/s  519 out-tok/s
[ 58151s] 完成 28015  成功 28014  失败 1  截断 2834  三元组 324847  | 0.48 req/s  518 out-tok/s
[ 58166s] 完成 28023  成功 28022  失败 1  截断 2835  三元组 324941  | 0.48 req/s  518 out-tok/s
[ 58183s] 完成 28029  成功 28028  失败 1  截断 2836  三元组 325011  | 0.48 req/s  518 out-tok/s
[ 58203s] 完成 28039  成功 28038  失败 1  截断 2838  三元组 325121  | 0.48 req/s  518 out-tok/s
[ 58222s] 完成 28046  成功 28045  失败 1  截断 2839  三元组 325202  | 0.48 req/s  518 out-tok/s
[ 58237s] 完成 28056  成功 28055  失败 1  截断 2841  三元组 325331  | 0.48 req/s  519 out-tok/s
[ 58255s] 完成 28061  成功 28060  失败 1  截断 2842  三元组 325380  | 0.48 req/s  519 out-tok/s
[ 58271s] 完成 28071  成功 28070  失败 1  截断 2843  三元组 325491  | 0.48 req/s  519 out-tok/s
[ 58290s] 完成 28081  成功 28080  失败 1  截断 2845  三元组 325591  | 0.48 req/s  519 out-tok/s
[ 58308s] 完成 28088  成功 28087  失败 1  截断 2847  三元组 325706  | 0.48 req/s  519 out-tok/s
[ 58327s] 完成 28096  成功 28095  失败 1  截断 2847  三元组 325800  | 0.48 req/s  519 out-tok/s
[ 58343s] 完成 28106  成功 28105  失败 1  截断 2848  三元组 325913  | 0.48 req/s  519 out-tok/s
[ 58359s] 完成 28114  成功 28113  失败 1  截断 2848  三元组 325999  | 0.48 req/s  519 out-tok/s
[ 58375s] 完成 28123  成功 28122  失败 1  截断 2849  三元组 326103  | 0.48 req/s  519 out-tok/s
[ 58391s] 完成 28129  成功 28128  失败 1  截断 2849  三元组 326160  | 0.48 req/s  519 out-tok/s
[ 58408s] 完成 28136  成功 28135  失败 1  截断 2849  三元组 326231  | 0.48 req/s  518 out-tok/s
[ 58425s] 完成 28147  成功 28146  失败 1  截断 2852  三元组 326376  | 0.48 req/s  519 out-tok/s
[ 58441s] 完成 28156  成功 28155  失败 1  截断 2853  三元组 326460  | 0.48 req/s  519 out-tok/s
[ 58457s] 完成 28163  成功 28162  失败 1  截断 2853  三元组 326555  | 0.48 req/s  519 out-tok/s
[ 58473s] 完成 28173  成功 28172  失败 1  截断 2853  三元组 326658  | 0.48 req/s  519 out-tok/s
[ 58488s] 完成 28181  成功 28180  失败 1  截断 2854  三元组 326723  | 0.48 req/s  519 out-tok/s
[ 58508s] 完成 28193  成功 28192  失败 1  截断 2855  三元组 326864  | 0.48 req/s  519 out-tok/s
[ 58524s] 完成 28201  成功 28200  失败 1  截断 2857  三元组 326952  | 0.48 req/s  519 out-tok/s
[ 58540s] 完成 28208  成功 28207  失败 1  截断 2859  三元组 327026  | 0.48 req/s  519 out-tok/s
[ 58558s] 完成 28217  成功 28216  失败 1  截断 2860  三元组 327150  | 0.48 req/s  519 out-tok/s
[ 58580s] 完成 28226  成功 28225  失败 1  截断 2860  三元组 327238  | 0.48 req/s  519 out-tok/s
[ 58596s] 完成 28233  成功 28232  失败 1  截断 2860  三元组 327347  | 0.48 req/s  519 out-tok/s
[ 58612s] 完成 28244  成功 28243  失败 1  截断 2861  三元组 327480  | 0.48 req/s  519 out-tok/s
[ 58628s] 完成 28251  成功 28250  失败 1  截断 2863  三元组 327565  | 0.48 req/s  519 out-tok/s
[ 58646s] 完成 28262  成功 28261  失败 1  截断 2865  三元组 327714  | 0.48 req/s  519 out-tok/s
[ 58663s] 完成 28274  成功 28273  失败 1  截断 2866  三元组 327826  | 0.48 req/s  519 out-tok/s
[ 58680s] 完成 28280  成功 28279  失败 1  截断 2866  三元组 327879  | 0.48 req/s  519 out-tok/s
[ 58696s] 完成 28290  成功 28289  失败 1  截断 2866  三元组 327992  | 0.48 req/s  519 out-tok/s
[ 58714s] 完成 28300  成功 28299  失败 1  截断 2867  三元组 328118  | 0.48 req/s  519 out-tok/s
[ 58730s] 完成 28309  成功 28308  失败 1  截断 2867  三元组 328196  | 0.48 req/s  519 out-tok/s
[ 58745s] 完成 28319  成功 28318  失败 1  截断 2867  三元组 328324  | 0.48 req/s  519 out-tok/s
[ 58763s] 完成 28325  成功 28324  失败 1  截断 2868  三元组 328389  | 0.48 req/s  519 out-tok/s
[ 58781s] 完成 28337  成功 28336  失败 1  截断 2868  三元组 328531  | 0.48 req/s  519 out-tok/s
[ 58797s] 完成 28342  成功 28341  失败 1  截断 2868  三元组 328589  | 0.48 req/s  519 out-tok/s
[ 58816s] 完成 28348  成功 28347  失败 1  截断 2868  三元组 328657  | 0.48 req/s  519 out-tok/s
[ 58833s] 完成 28357  成功 28356  失败 1  截断 2868  三元组 328787  | 0.48 req/s  519 out-tok/s
[ 58848s] 完成 28362  成功 28361  失败 1  截断 2868  三元组 328827  | 0.48 req/s  519 out-tok/s
[ 58865s] 完成 28371  成功 28370  失败 1  截断 2869  三元组 328945  | 0.48 req/s  519 out-tok/s
[ 58880s] 完成 28375  成功 28374  失败 1  截断 2869  三元组 328994  | 0.48 req/s  518 out-tok/s
[ 58898s] 完成 28386  成功 28385  失败 1  截断 2870  三元组 329140  | 0.48 req/s  519 out-tok/s
[ 58914s] 完成 28394  成功 28393  失败 1  截断 2872  三元组 329249  | 0.48 req/s  519 out-tok/s
[ 58930s] 完成 28403  成功 28402  失败 1  截断 2873  三元组 329317  | 0.48 req/s  519 out-tok/s
[ 58946s] 完成 28411  成功 28410  失败 1  截断 2873  三元组 329419  | 0.48 req/s  519 out-tok/s
[ 58961s] 完成 28421  成功 28420  失败 1  截断 2874  三元组 329552  | 0.48 req/s  519 out-tok/s
[ 58977s] 完成 28426  成功 28425  失败 1  截断 2874  三元组 329593  | 0.48 req/s  519 out-tok/s
[ 58993s] 完成 28431  成功 28430  失败 1  截断 2874  三元组 329644  | 0.48 req/s  519 out-tok/s
[ 59008s] 完成 28434  成功 28433  失败 1  截断 2874  三元组 329679  | 0.48 req/s  518 out-tok/s
[ 59024s] 完成 28443  成功 28442  失败 1  截断 2876  三元组 329771  | 0.48 req/s  518 out-tok/s
[ 59040s] 完成 28451  成功 28450  失败 1  截断 2877  三元组 329855  | 0.48 req/s  519 out-tok/s
[ 59056s] 完成 28458  成功 28457  失败 1  截断 2877  三元组 329934  | 0.48 req/s  518 out-tok/s
[ 59074s] 完成 28468  成功 28467  失败 1  截断 2880  三元组 330044  | 0.48 req/s  519 out-tok/s
[ 59091s] 完成 28477  成功 28476  失败 1  截断 2884  三元组 330146  | 0.48 req/s  519 out-tok/s
[ 59107s] 完成 28489  成功 28488  失败 1  截断 2885  三元组 330290  | 0.48 req/s  519 out-tok/s
[ 59122s] 完成 28497  成功 28496  失败 1  截断 2885  三元组 330361  | 0.48 req/s  519 out-tok/s
[ 59125s] 完成 28500  成功 28499  失败 1  截断 2886  三元组 330409  | 0.48 req/s  519 out-tok/s
[ 59140s] 完成 28508  成功 28507  失败 1  截断 2886  三元组 330477  | 0.48 req/s  519 out-tok/s
[ 59156s] 完成 28516  成功 28515  失败 1  截断 2886  三元组 330561  | 0.48 req/s  519 out-tok/s
[ 59174s] 完成 28524  成功 28523  失败 1  截断 2886  三元组 330653  | 0.48 req/s  519 out-tok/s
[ 59192s] 完成 28532  成功 28531  失败 1  截断 2887  三元组 330721  | 0.48 req/s  519 out-tok/s
[ 59208s] 完成 28540  成功 28539  失败 1  截断 2888  三元组 330797  | 0.48 req/s  519 out-tok/s
[ 59223s] 完成 28547  成功 28546  失败 1  截断 2889  三元组 330863  | 0.48 req/s  519 out-tok/s
[ 59243s] 完成 28557  成功 28556  失败 1  截断 2889  三元组 330979  | 0.48 req/s  518 out-tok/s
[ 59261s] 完成 28567  成功 28566  失败 1  截断 2891  三元组 331074  | 0.48 req/s  519 out-tok/s
[ 59280s] 完成 28575  成功 28574  失败 1  截断 2894  三元组 331158  | 0.48 req/s  519 out-tok/s
[ 59296s] 完成 28585  成功 28584  失败 1  截断 2897  三元组 331255  | 0.48 req/s  519 out-tok/s
[ 59323s] 完成 28597  成功 28596  失败 1  截断 2898  三元组 331389  | 0.48 req/s  519 out-tok/s
[ 59339s] 完成 28602  成功 28601  失败 1  截断 2898  三元组 331435  | 0.48 req/s  518 out-tok/s
[ 59355s] 完成 28609  成功 28608  失败 1  截断 2900  三元组 331528  | 0.48 req/s  519 out-tok/s
[ 59370s] 完成 28618  成功 28617  失败 1  截断 2902  三元组 331627  | 0.48 req/s  519 out-tok/s
[ 59388s] 完成 28626  成功 28625  失败 1  截断 2904  三元组 331728  | 0.48 req/s  519 out-tok/s
[ 59403s] 完成 28635  成功 28634  失败 1  截断 2904  三元组 331861  | 0.48 req/s  519 out-tok/s
[ 59418s] 完成 28642  成功 28641  失败 1  截断 2904  三元组 331925  | 0.48 req/s  519 out-tok/s
[ 59434s] 完成 28649  成功 28648  失败 1  截断 2904  三元组 332005  | 0.48 req/s  519 out-tok/s
[ 59449s] 完成 28661  成功 28660  失败 1  截断 2904  三元组 332142  | 0.48 req/s  519 out-tok/s
[ 59464s] 完成 28672  成功 28671  失败 1  截断 2907  三元组 332258  | 0.48 req/s  519 out-tok/s
[ 59480s] 完成 28680  成功 28679  失败 1  截断 2907  三元组 332324  | 0.48 req/s  519 out-tok/s
[ 59495s] 完成 28687  成功 28686  失败 1  截断 2907  三元组 332384  | 0.48 req/s  519 out-tok/s
[ 59512s] 完成 28697  成功 28696  失败 1  截断 2908  三元组 332482  | 0.48 req/s  519 out-tok/s
[ 59528s] 完成 28705  成功 28704  失败 1  截断 2909  三元组 332580  | 0.48 req/s  519 out-tok/s
[ 59548s] 完成 28710  成功 28709  失败 1  截断 2910  三元组 332623  | 0.48 req/s  519 out-tok/s
[ 59563s] 完成 28717  成功 28716  失败 1  截断 2910  三元组 332735  | 0.48 req/s  519 out-tok/s
[ 59578s] 完成 28725  成功 28724  失败 1  截断 2911  三元组 332852  | 0.48 req/s  519 out-tok/s
[ 59596s] 完成 28733  成功 28732  失败 1  截断 2912  三元组 332938  | 0.48 req/s  519 out-tok/s
[ 59613s] 完成 28736  成功 28735  失败 1  截断 2912  三元组 332963  | 0.48 req/s  518 out-tok/s
[ 59629s] 完成 28747  成功 28746  失败 1  截断 2913  三元组 333101  | 0.48 req/s  519 out-tok/s
[ 59646s] 完成 28753  成功 28752  失败 1  截断 2913  三元组 333196  | 0.48 req/s  519 out-tok/s
[ 59661s] 完成 28762  成功 28761  失败 1  截断 2915  三元组 333292  | 0.48 req/s  519 out-tok/s
[ 59676s] 完成 28767  成功 28766  失败 1  截断 2916  三元组 333338  | 0.48 req/s  519 out-tok/s
[ 59692s] 完成 28780  成功 28779  失败 1  截断 2919  三元组 333499  | 0.48 req/s  519 out-tok/s
[ 59711s] 完成 28788  成功 28787  失败 1  截断 2919  三元组 333559  | 0.48 req/s  519 out-tok/s
[ 59726s] 完成 28799  成功 28798  失败 1  截断 2921  三元组 333722  | 0.48 req/s  519 out-tok/s
[ 59745s] 完成 28805  成功 28804  失败 1  截断 2921  三元组 333766  | 0.48 req/s  519 out-tok/s
[ 59761s] 完成 28816  成功 28815  失败 1  截断 2922  三元组 333866  | 0.48 req/s  519 out-tok/s
[ 59778s] 完成 28823  成功 28822  失败 1  截断 2922  三元组 333970  | 0.48 req/s  519 out-tok/s
[ 59793s] 完成 28831  成功 28830  失败 1  截断 2923  三元组 334048  | 0.48 req/s  519 out-tok/s
[ 59809s] 完成 28838  成功 28837  失败 1  截断 2924  三元组 334122  | 0.48 req/s  519 out-tok/s
[ 59825s] 完成 28846  成功 28845  失败 1  截断 2925  三元组 334220  | 0.48 req/s  519 out-tok/s
[ 59842s] 完成 28854  成功 28853  失败 1  截断 2927  三元组 334294  | 0.48 req/s  519 out-tok/s
[ 59859s] 完成 28864  成功 28863  失败 1  截断 2929  三元组 334419  | 0.48 req/s  519 out-tok/s
[ 59876s] 完成 28872  成功 28871  失败 1  截断 2929  三元组 334497  | 0.48 req/s  519 out-tok/s
[ 59892s] 完成 28881  成功 28880  失败 1  截断 2929  三元组 334621  | 0.48 req/s  519 out-tok/s
[ 59907s] 完成 28886  成功 28885  失败 1  截断 2929  三元组 334666  | 0.48 req/s  519 out-tok/s
[ 59923s] 完成 28892  成功 28891  失败 1  截断 2929  三元组 334767  | 0.48 req/s  519 out-tok/s
[ 59941s] 完成 28896  成功 28895  失败 1  截断 2930  三元组 334819  | 0.48 req/s  519 out-tok/s
[ 59957s] 完成 28902  成功 28901  失败 1  截断 2931  三元组 334890  | 0.48 req/s  518 out-tok/s
[ 59973s] 完成 28912  成功 28911  失败 1  截断 2932  三元组 335028  | 0.48 req/s  519 out-tok/s
[ 59989s] 完成 28921  成功 28920  失败 1  截断 2935  三元组 335127  | 0.48 req/s  519 out-tok/s
[ 60008s] 完成 28928  成功 28927  失败 1  截断 2936  三元组 335206  | 0.48 req/s  519 out-tok/s
[ 60024s] 完成 28938  成功 28937  失败 1  截断 2936  三元组 335303  | 0.48 req/s  519 out-tok/s
[ 60041s] 完成 28948  成功 28947  失败 1  截断 2938  三元组 335427  | 0.48 req/s  519 out-tok/s
[ 60058s] 完成 28956  成功 28955  失败 1  截断 2939  三元组 335520  | 0.48 req/s  519 out-tok/s
[ 60074s] 完成 28962  成功 28961  失败 1  截断 2939  三元组 335593  | 0.48 req/s  519 out-tok/s
[ 60091s] 完成 28970  成功 28969  失败 1  截断 2939  三元组 335686  | 0.48 req/s  519 out-tok/s
[ 60109s] 完成 28973  成功 28972  失败 1  截断 2940  三元组 335732  | 0.48 req/s  518 out-tok/s
[ 60127s] 完成 28981  成功 28980  失败 1  截断 2941  三元组 335844  | 0.48 req/s  519 out-tok/s
[ 60143s] 完成 28991  成功 28990  失败 1  截断 2942  三元组 335970  | 0.48 req/s  519 out-tok/s
[ 60156s] 完成 29000  成功 28999  失败 1  截断 2942  三元组 336080  | 0.48 req/s  519 out-tok/s
[ 60173s] 完成 29008  成功 29007  失败 1  截断 2944  三元组 336201  | 0.48 req/s  519 out-tok/s
[ 60188s] 完成 29017  成功 29016  失败 1  截断 2945  三元组 336280  | 0.48 req/s  519 out-tok/s
[ 60204s] 完成 29026  成功 29025  失败 1  截断 2946  三元组 336387  | 0.48 req/s  519 out-tok/s
[ 60225s] 完成 29033  成功 29032  失败 1  截断 2946  三元组 336458  | 0.48 req/s  519 out-tok/s
[ 60245s] 完成 29040  成功 29039  失败 1  截断 2946  三元组 336555  | 0.48 req/s  519 out-tok/s
[ 60260s] 完成 29050  成功 29049  失败 1  截断 2947  三元组 336708  | 0.48 req/s  519 out-tok/s
[ 60278s] 完成 29061  成功 29060  失败 1  截断 2948  三元组 336830  | 0.48 req/s  519 out-tok/s
[ 60294s] 完成 29068  成功 29067  失败 1  截断 2948  三元组 336910  | 0.48 req/s  519 out-tok/s
[ 60310s] 完成 29076  成功 29075  失败 1  截断 2949  三元组 337040  | 0.48 req/s  519 out-tok/s
[ 60326s] 完成 29083  成功 29082  失败 1  截断 2949  三元组 337117  | 0.48 req/s  519 out-tok/s
[ 60347s] 完成 29090  成功 29089  失败 1  截断 2950  三元组 337200  | 0.48 req/s  519 out-tok/s
[ 60362s] 完成 29098  成功 29097  失败 1  截断 2951  三元组 337315  | 0.48 req/s  519 out-tok/s
[ 60382s] 完成 29111  成功 29110  失败 1  截断 2952  三元组 337484  | 0.48 req/s  519 out-tok/s
[ 60397s] 完成 29119  成功 29118  失败 1  截断 2953  三元组 337559  | 0.48 req/s  519 out-tok/s
[ 60414s] 完成 29126  成功 29125  失败 1  截断 2954  三元组 337623  | 0.48 req/s  519 out-tok/s
[ 60432s] 完成 29138  成功 29137  失败 1  截断 2955  三元组 337759  | 0.48 req/s  519 out-tok/s
[ 60458s] 完成 29145  成功 29144  失败 1  截断 2955  三元组 337841  | 0.48 req/s  519 out-tok/s
[ 60474s] 完成 29152  成功 29151  失败 1  截断 2957  三元组 337935  | 0.48 req/s  519 out-tok/s
[ 60489s] 完成 29162  成功 29161  失败 1  截断 2957  三元组 338044  | 0.48 req/s  519 out-tok/s
[ 60504s] 完成 29169  成功 29168  失败 1  截断 2958  三元组 338114  | 0.48 req/s  519 out-tok/s
[ 60521s] 完成 29178  成功 29177  失败 1  截断 2958  三元组 338198  | 0.48 req/s  519 out-tok/s
[ 60537s] 完成 29186  成功 29185  失败 1  截断 2960  三元组 338276  | 0.48 req/s  519 out-tok/s
[ 60553s] 完成 29194  成功 29193  失败 1  截断 2961  三元组 338362  | 0.48 req/s  519 out-tok/s
[ 60568s] 完成 29203  成功 29202  失败 1  截断 2962  三元组 338467  | 0.48 req/s  519 out-tok/s
[ 60584s] 完成 29213  成功 29212  失败 1  截断 2967  三元组 338586  | 0.48 req/s  519 out-tok/s
[ 60599s] 完成 29223  成功 29222  失败 1  截断 2967  三元组 338706  | 0.48 req/s  519 out-tok/s
[ 60617s] 完成 29229  成功 29228  失败 1  截断 2967  三元组 338766  | 0.48 req/s  519 out-tok/s
[ 60632s] 完成 29241  成功 29240  失败 1  截断 2968  三元组 338875  | 0.48 req/s  519 out-tok/s
[ 60648s] 完成 29247  成功 29246  失败 1  截断 2968  三元组 338942  | 0.48 req/s  519 out-tok/s
[ 60665s] 完成 29259  成功 29258  失败 1  截断 2968  三元组 339076  | 0.48 req/s  519 out-tok/s
[ 60680s] 完成 29265  成功 29264  失败 1  截断 2968  三元组 339143  | 0.48 req/s  519 out-tok/s
[ 60696s] 完成 29277  成功 29276  失败 1  截断 2969  三元组 339286  | 0.48 req/s  519 out-tok/s
[ 60714s] 完成 29286  成功 29285  失败 1  截断 2969  三元组 339396  | 0.48 req/s  519 out-tok/s
[ 60729s] 完成 29297  成功 29296  失败 1  截断 2969  三元组 339502  | 0.48 req/s  519 out-tok/s
[ 60745s] 完成 29304  成功 29303  失败 1  截断 2969  三元组 339562  | 0.48 req/s  519 out-tok/s
[ 60760s] 完成 29312  成功 29311  失败 1  截断 2969  三元组 339636  | 0.48 req/s  519 out-tok/s
[ 60776s] 完成 29320  成功 29319  失败 1  截断 2969  三元组 339740  | 0.48 req/s  519 out-tok/s
[ 60793s] 完成 29329  成功 29328  失败 1  截断 2971  三元组 339837  | 0.48 req/s  519 out-tok/s
[ 60808s] 完成 29337  成功 29336  失败 1  截断 2973  三元组 339926  | 0.48 req/s  519 out-tok/s
[ 60824s] 完成 29348  成功 29347  失败 1  截断 2973  三元组 340041  | 0.48 req/s  519 out-tok/s
[ 60843s] 完成 29353  成功 29352  失败 1  截断 2973  三元组 340076  | 0.48 req/s  519 out-tok/s
[ 60860s] 完成 29357  成功 29356  失败 1  截断 2974  三元组 340109  | 0.48 req/s  519 out-tok/s
[ 60877s] 完成 29364  成功 29363  失败 1  截断 2974  三元组 340179  | 0.48 req/s  518 out-tok/s
[ 60893s] 完成 29375  成功 29374  失败 1  截断 2977  三元组 340336  | 0.48 req/s  519 out-tok/s
[ 60913s] 完成 29386  成功 29385  失败 1  截断 2978  三元组 340470  | 0.48 req/s  519 out-tok/s
[ 60930s] 完成 29399  成功 29398  失败 1  截断 2979  三元组 340590  | 0.48 req/s  519 out-tok/s
[ 60946s] 完成 29409  成功 29408  失败 1  截断 2981  三元组 340694  | 0.48 req/s  519 out-tok/s
[ 60961s] 完成 29419  成功 29418  失败 1  截断 2982  三元组 340807  | 0.48 req/s  519 out-tok/s
[ 60976s] 完成 29426  成功 29425  失败 1  截断 2982  三元组 340883  | 0.48 req/s  519 out-tok/s
[ 60994s] 完成 29440  成功 29439  失败 1  截断 2982  三元组 341037  | 0.48 req/s  519 out-tok/s
[ 61010s] 完成 29448  成功 29447  失败 1  截断 2982  三元组 341110  | 0.48 req/s  519 out-tok/s
[ 61025s] 完成 29455  成功 29454  失败 1  截断 2982  三元组 341190  | 0.48 req/s  519 out-tok/s
[ 61043s] 完成 29463  成功 29462  失败 1  截断 2982  三元组 341259  | 0.48 req/s  519 out-tok/s
[ 61065s] 完成 29470  成功 29469  失败 1  截断 2982  三元组 341332  | 0.48 req/s  518 out-tok/s
[ 61080s] 完成 29478  成功 29477  失败 1  截断 2985  三元组 341418  | 0.48 req/s  519 out-tok/s
[ 61096s] 完成 29489  成功 29488  失败 1  截断 2985  三元组 341556  | 0.48 req/s  519 out-tok/s
[ 61112s] 完成 29497  成功 29496  失败 1  截断 2987  三元组 341649  | 0.48 req/s  519 out-tok/s
[ 61119s] 完成 29500  成功 29499  失败 1  截断 2988  三元组 341688  | 0.48 req/s  519 out-tok/s
[ 61138s] 完成 29509  成功 29508  失败 1  截断 2989  三元组 341778  | 0.48 req/s  519 out-tok/s
[ 61153s] 完成 29516  成功 29515  失败 1  截断 2990  三元组 341861  | 0.48 req/s  519 out-tok/s
[ 61169s] 完成 29526  成功 29525  失败 1  截断 2991  三元组 341984  | 0.48 req/s  519 out-tok/s
[ 61184s] 完成 29540  成功 29539  失败 1  截断 2992  三元组 342139  | 0.48 req/s  519 out-tok/s
[ 61202s] 完成 29546  成功 29545  失败 1  截断 2992  三元组 342193  | 0.48 req/s  519 out-tok/s
[ 61217s] 完成 29551  成功 29550  失败 1  截断 2992  三元组 342246  | 0.48 req/s  519 out-tok/s
[ 61232s] 完成 29559  成功 29558  失败 1  截断 2993  三元组 342341  | 0.48 req/s  519 out-tok/s
[ 61248s] 完成 29571  成功 29570  失败 1  截断 2993  三元组 342488  | 0.48 req/s  519 out-tok/s
[ 61264s] 完成 29577  成功 29576  失败 1  截断 2993  三元组 342550  | 0.48 req/s  519 out-tok/s
[ 61282s] 完成 29583  成功 29582  失败 1  截断 2993  三元组 342611  | 0.48 req/s  519 out-tok/s
[ 61298s] 完成 29586  成功 29585  失败 1  截断 2993  三元组 342635  | 0.48 req/s  519 out-tok/s
[ 61315s] 完成 29594  成功 29593  失败 1  截断 2994  三元组 342730  | 0.48 req/s  519 out-tok/s
[ 61331s] 完成 29603  成功 29602  失败 1  截断 2997  三元组 342854  | 0.48 req/s  519 out-tok/s
[ 61347s] 完成 29609  成功 29608  失败 1  截断 2998  三元组 342930  | 0.48 req/s  519 out-tok/s
[ 61362s] 完成 29617  成功 29616  失败 1  截断 2998  三元组 343013  | 0.48 req/s  519 out-tok/s
[ 61378s] 完成 29625  成功 29624  失败 1  截断 2998  三元组 343100  | 0.48 req/s  519 out-tok/s
[ 61394s] 完成 29633  成功 29632  失败 1  截断 3001  三元组 343202  | 0.48 req/s  519 out-tok/s
[ 61413s] 完成 29640  成功 29639  失败 1  截断 3002  三元组 343309  | 0.48 req/s  519 out-tok/s
[ 61430s] 完成 29650  成功 29649  失败 1  截断 3003  三元组 343396  | 0.48 req/s  519 out-tok/s
[ 61446s] 完成 29660  成功 29659  失败 1  截断 3004  三元组 343487  | 0.48 req/s  519 out-tok/s
[ 61464s] 完成 29670  成功 29669  失败 1  截断 3004  三元组 343592  | 0.48 req/s  519 out-tok/s
[ 61480s] 完成 29677  成功 29676  失败 1  截断 3004  三元组 343677  | 0.48 req/s  519 out-tok/s
[ 61495s] 完成 29683  成功 29682  失败 1  截断 3005  三元组 343744  | 0.48 req/s  519 out-tok/s
[ 61511s] 完成 29689  成功 29688  失败 1  截断 3005  三元组 343806  | 0.48 req/s  519 out-tok/s
[ 61530s] 完成 29701  成功 29700  失败 1  截断 3008  三元组 343943  | 0.48 req/s  519 out-tok/s
[ 61547s] 完成 29707  成功 29706  失败 1  截断 3008  三元组 344007  | 0.48 req/s  519 out-tok/s
[ 61567s] 完成 29713  成功 29712  失败 1  截断 3009  三元组 344076  | 0.48 req/s  519 out-tok/s
[ 61586s] 完成 29725  成功 29724  失败 1  截断 3012  三元组 344219  | 0.48 req/s  519 out-tok/s
[ 61602s] 完成 29731  成功 29730  失败 1  截断 3014  三元组 344291  | 0.48 req/s  519 out-tok/s
[ 61618s] 完成 29738  成功 29737  失败 1  截断 3015  三元组 344344  | 0.48 req/s  519 out-tok/s
[ 61633s] 完成 29746  成功 29745  失败 1  截断 3016  三元组 344405  | 0.48 req/s  519 out-tok/s
[ 61650s] 完成 29760  成功 29759  失败 1  截断 3018  三元组 344577  | 0.48 req/s  519 out-tok/s
[ 61667s] 完成 29766  成功 29765  失败 1  截断 3018  三元组 344650  | 0.48 req/s  519 out-tok/s
[ 61683s] 完成 29774  成功 29773  失败 1  截断 3018  三元组 344746  | 0.48 req/s  519 out-tok/s
[ 61701s] 完成 29785  成功 29784  失败 1  截断 3019  三元组 344851  | 0.48 req/s  519 out-tok/s
[ 61717s] 完成 29792  成功 29791  失败 1  截断 3021  三元组 344940  | 0.48 req/s  519 out-tok/s
[ 61734s] 完成 29800  成功 29799  失败 1  截断 3022  三元组 345054  | 0.48 req/s  519 out-tok/s
[ 61753s] 完成 29809  成功 29808  失败 1  截断 3022  三元组 345155  | 0.48 req/s  519 out-tok/s
[ 61769s] 完成 29818  成功 29817  失败 1  截断 3022  三元组 345257  | 0.48 req/s  519 out-tok/s
[ 61785s] 完成 29827  成功 29826  失败 1  截断 3022  三元组 345355  | 0.48 req/s  519 out-tok/s
[ 61803s] 完成 29835  成功 29834  失败 1  截断 3024  三元组 345479  | 0.48 req/s  519 out-tok/s
[ 61818s] 完成 29845  成功 29844  失败 1  截断 3024  三元组 345563  | 0.48 req/s  519 out-tok/s
[ 61834s] 完成 29853  成功 29852  失败 1  截断 3025  三元组 345657  | 0.48 req/s  519 out-tok/s
[ 61851s] 完成 29865  成功 29864  失败 1  截断 3027  三元组 345756  | 0.48 req/s  519 out-tok/s
[ 61867s] 完成 29869  成功 29868  失败 1  截断 3027  三元组 345796  | 0.48 req/s  519 out-tok/s
[ 61883s] 完成 29879  成功 29878  失败 1  截断 3029  三元组 345929  | 0.48 req/s  519 out-tok/s
[ 61898s] 完成 29885  成功 29884  失败 1  截断 3029  三元组 345994  | 0.48 req/s  519 out-tok/s
[ 61915s] 完成 29892  成功 29891  失败 1  截断 3029  三元组 346088  | 0.48 req/s  519 out-tok/s
[ 61931s] 完成 29901  成功 29900  失败 1  截断 3030  三元组 346210  | 0.48 req/s  519 out-tok/s
[ 61946s] 完成 29912  成功 29911  失败 1  截断 3031  三元组 346318  | 0.48 req/s  519 out-tok/s
[ 61962s] 完成 29919  成功 29918  失败 1  截断 3032  三元组 346393  | 0.48 req/s  519 out-tok/s
[ 61977s] 完成 29926  成功 29925  失败 1  截断 3032  三元组 346448  | 0.48 req/s  519 out-tok/s
[ 61996s] 完成 29932  成功 29931  失败 1  截断 3034  三元组 346545  | 0.48 req/s  519 out-tok/s
[ 62011s] 完成 29940  成功 29939  失败 1  截断 3034  三元组 346630  | 0.48 req/s  519 out-tok/s
[ 62028s] 完成 29946  成功 29945  失败 1  截断 3035  三元组 346715  | 0.48 req/s  519 out-tok/s
[ 62044s] 完成 29952  成功 29951  失败 1  截断 3036  三元组 346798  | 0.48 req/s  519 out-tok/s
[ 62060s] 完成 29958  成功 29957  失败 1  截断 3036  三元组 346860  | 0.48 req/s  519 out-tok/s
[ 62076s] 完成 29966  成功 29965  失败 1  截断 3036  三元组 346958  | 0.48 req/s  519 out-tok/s
[ 62091s] 完成 29977  成功 29976  失败 1  截断 3039  三元组 347101  | 0.48 req/s  519 out-tok/s
[ 62106s] 完成 29986  成功 29985  失败 1  截断 3041  三元组 347196  | 0.48 req/s  519 out-tok/s
[ 62128s] 完成 29992  成功 29991  失败 1  截断 3041  三元组 347263  | 0.48 req/s  519 out-tok/s
[ 62141s] 完成 30000  成功 29999  失败 1  截断 3042  三元组 347324  | 0.48 req/s  519 out-tok/s
[ 62158s] 完成 30009  成功 30008  失败 1  截断 3043  三元组 347431  | 0.48 req/s  519 out-tok/s
[ 62173s] 完成 30018  成功 30017  失败 1  截断 3044  三元组 347554  | 0.48 req/s  519 out-tok/s
[ 62189s] 完成 30028  成功 30027  失败 1  截断 3044  三元组 347661  | 0.48 req/s  519 out-tok/s
[ 62205s] 完成 30036  成功 30035  失败 1  截断 3044  三元组 347747  | 0.48 req/s  519 out-tok/s
[ 62222s] 完成 30046  成功 30045  失败 1  截断 3045  三元组 347852  | 0.48 req/s  519 out-tok/s
[ 62237s] 完成 30052  成功 30051  失败 1  截断 3046  三元组 347909  | 0.48 req/s  519 out-tok/s
[ 62254s] 完成 30061  成功 30060  失败 1  截断 3047  三元组 348020  | 0.48 req/s  519 out-tok/s
[ 62271s] 完成 30070  成功 30069  失败 1  截断 3047  三元组 348119  | 0.48 req/s  519 out-tok/s
[ 62288s] 完成 30076  成功 30075  失败 1  截断 3048  三元组 348198  | 0.48 req/s  519 out-tok/s
[ 62305s] 完成 30085  成功 30084  失败 1  截断 3048  三元组 348299  | 0.48 req/s  519 out-tok/s
[ 62323s] 完成 30095  成功 30094  失败 1  截断 3049  三元组 348409  | 0.48 req/s  519 out-tok/s
[ 62340s] 完成 30103  成功 30102  失败 1  截断 3052  三元组 348522  | 0.48 req/s  519 out-tok/s
[ 62355s] 完成 30109  成功 30108  失败 1  截断 3052  三元组 348590  | 0.48 req/s  519 out-tok/s
[ 62373s] 完成 30118  成功 30117  失败 1  截断 3053  三元组 348703  | 0.48 req/s  519 out-tok/s
[ 62389s] 完成 30125  成功 30124  失败 1  截断 3053  三元组 348769  | 0.48 req/s  519 out-tok/s
[ 62405s] 完成 30134  成功 30133  失败 1  截断 3054  三元组 348873  | 0.48 req/s  519 out-tok/s
[ 62425s] 完成 30140  成功 30139  失败 1  截断 3054  三元组 348940  | 0.48 req/s  519 out-tok/s
[ 62442s] 完成 30146  成功 30145  失败 1  截断 3055  三元组 349007  | 0.48 req/s  519 out-tok/s
[ 62458s] 完成 30155  成功 30154  失败 1  截断 3056  三元组 349102  | 0.48 req/s  519 out-tok/s
[ 62474s] 完成 30168  成功 30167  失败 1  截断 3062  三元组 349232  | 0.48 req/s  519 out-tok/s
[ 62492s] 完成 30173  成功 30172  失败 1  截断 3062  三元组 349273  | 0.48 req/s  519 out-tok/s
[ 62507s] 完成 30185  成功 30184  失败 1  截断 3063  三元组 349422  | 0.48 req/s  519 out-tok/s
[ 62524s] 完成 30191  成功 30190  失败 1  截断 3064  三元组 349476  | 0.48 req/s  519 out-tok/s
[ 62542s] 完成 30200  成功 30199  失败 1  截断 3066  三元组 349582  | 0.48 req/s  519 out-tok/s
[ 62561s] 完成 30206  成功 30205  失败 1  截断 3066  三元组 349626  | 0.48 req/s  519 out-tok/s
[ 62581s] 完成 30216  成功 30215  失败 1  截断 3066  三元组 349767  | 0.48 req/s  519 out-tok/s
[ 62602s] 完成 30221  成功 30220  失败 1  截断 3067  三元组 349809  | 0.48 req/s  519 out-tok/s
[ 62620s] 完成 30228  成功 30227  失败 1  截断 3068  三元组 349874  | 0.48 req/s  519 out-tok/s
[ 62636s] 完成 30241  成功 30240  失败 1  截断 3071  三元组 350047  | 0.48 req/s  519 out-tok/s
[ 62658s] 完成 30248  成功 30247  失败 1  截断 3071  三元组 350116  | 0.48 req/s  519 out-tok/s
[ 62675s] 完成 30260  成功 30259  失败 1  截断 3073  三元组 350245  | 0.48 req/s  519 out-tok/s
[ 62691s] 完成 30272  成功 30271  失败 1  截断 3075  三元组 350347  | 0.48 req/s  519 out-tok/s
[ 62706s] 完成 30281  成功 30280  失败 1  截断 3076  三元组 350469  | 0.48 req/s  519 out-tok/s
[ 62721s] 完成 30286  成功 30285  失败 1  截断 3077  三元组 350527  | 0.48 req/s  519 out-tok/s
[ 62737s] 完成 30296  成功 30295  失败 1  截断 3079  三元组 350677  | 0.48 req/s  519 out-tok/s
[ 62753s] 完成 30303  成功 30302  失败 1  截断 3079  三元组 350742  | 0.48 req/s  519 out-tok/s
[ 62769s] 完成 30310  成功 30309  失败 1  截断 3079  三元组 350813  | 0.48 req/s  519 out-tok/s
[ 62785s] 完成 30315  成功 30314  失败 1  截断 3079  三元组 350861  | 0.48 req/s  519 out-tok/s
[ 62802s] 完成 30324  成功 30323  失败 1  截断 3079  三元组 350992  | 0.48 req/s  519 out-tok/s
[ 62820s] 完成 30333  成功 30332  失败 1  截断 3080  三元组 351087  | 0.48 req/s  519 out-tok/s
[ 62835s] 完成 30342  成功 30341  失败 1  截断 3082  三元组 351178  | 0.48 req/s  519 out-tok/s
[ 62855s] 完成 30350  成功 30349  失败 1  截断 3085  三元组 351272  | 0.48 req/s  519 out-tok/s
[ 62871s] 完成 30357  成功 30356  失败 1  截断 3087  三元组 351367  | 0.48 req/s  519 out-tok/s
[ 62886s] 完成 30365  成功 30364  失败 1  截断 3087  三元组 351452  | 0.48 req/s  519 out-tok/s
[ 62902s] 完成 30377  成功 30376  失败 1  截断 3088  三元组 351607  | 0.48 req/s  519 out-tok/s
[ 62920s] 完成 30386  成功 30385  失败 1  截断 3089  三元组 351704  | 0.48 req/s  519 out-tok/s
[ 62936s] 完成 30394  成功 30393  失败 1  截断 3090  三元组 351801  | 0.48 req/s  519 out-tok/s
[ 62952s] 完成 30397  成功 30396  失败 1  截断 3090  三元组 351820  | 0.48 req/s  519 out-tok/s
[ 62968s] 完成 30404  成功 30403  失败 1  截断 3091  三元组 351907  | 0.48 req/s  519 out-tok/s
[ 62983s] 完成 30416  成功 30415  失败 1  截断 3091  三元组 352098  | 0.48 req/s  519 out-tok/s
[ 63000s] 完成 30422  成功 30421  失败 1  截断 3091  三元组 352183  | 0.48 req/s  519 out-tok/s
[ 63016s] 完成 30431  成功 30430  失败 1  截断 3091  三元组 352275  | 0.48 req/s  519 out-tok/s
[ 63033s] 完成 30437  成功 30436  失败 1  截断 3091  三元组 352350  | 0.48 req/s  519 out-tok/s
[ 63048s] 完成 30445  成功 30444  失败 1  截断 3091  三元组 352449  | 0.48 req/s  519 out-tok/s
[ 63071s] 完成 30456  成功 30455  失败 1  截断 3092  三元组 352556  | 0.48 req/s  519 out-tok/s
[ 63087s] 完成 30466  成功 30465  失败 1  截断 3092  三元组 352648  | 0.48 req/s  519 out-tok/s
[ 63106s] 完成 30473  成功 30472  失败 1  截断 3094  三元组 352699  | 0.48 req/s  519 out-tok/s
[ 63126s] 完成 30483  成功 30482  失败 1  截断 3096  三元组 352845  | 0.48 req/s  519 out-tok/s
[ 63142s] 完成 30490  成功 30489  失败 1  截断 3098  三元组 352927  | 0.48 req/s  519 out-tok/s
[ 63160s] 完成 30500  成功 30499  失败 1  截断 3098  三元组 353037  | 0.48 req/s  519 out-tok/s
[ 63176s] 完成 30508  成功 30507  失败 1  截断 3099  三元组 353129  | 0.48 req/s  519 out-tok/s
[ 63192s] 完成 30516  成功 30515  失败 1  截断 3099  三元组 353202  | 0.48 req/s  519 out-tok/s
[ 63209s] 完成 30524  成功 30523  失败 1  截断 3100  三元组 353301  | 0.48 req/s  519 out-tok/s
[ 63224s] 完成 30537  成功 30536  失败 1  截断 3103  三元组 353408  | 0.48 req/s  519 out-tok/s
[ 63242s] 完成 30545  成功 30544  失败 1  截断 3103  三元组 353479  | 0.48 req/s  519 out-tok/s
[ 63258s] 完成 30553  成功 30552  失败 1  截断 3104  三元组 353565  | 0.48 req/s  519 out-tok/s
[ 63276s] 完成 30562  成功 30561  失败 1  截断 3106  三元组 353656  | 0.48 req/s  519 out-tok/s
[ 63292s] 完成 30574  成功 30573  失败 1  截断 3106  三元组 353773  | 0.48 req/s  519 out-tok/s
[ 63310s] 完成 30583  成功 30582  失败 1  截断 3106  三元组 353884  | 0.48 req/s  519 out-tok/s
[ 63325s] 完成 30590  成功 30589  失败 1  截断 3106  三元组 353934  | 0.48 req/s  519 out-tok/s
[ 63340s] 完成 30601  成功 30600  失败 1  截断 3107  三元组 354076  | 0.48 req/s  519 out-tok/s
[ 63359s] 完成 30611  成功 30610  失败 1  截断 3108  三元组 354168  | 0.48 req/s  519 out-tok/s
[ 63377s] 完成 30618  成功 30617  失败 1  截断 3109  三元组 354240  | 0.48 req/s  519 out-tok/s
[ 63393s] 完成 30630  成功 30629  失败 1  截断 3109  三元组 354385  | 0.48 req/s  519 out-tok/s
[ 63409s] 完成 30637  成功 30636  失败 1  截断 3109  三元组 354446  | 0.48 req/s  519 out-tok/s
[ 63425s] 完成 30647  成功 30646  失败 1  截断 3109  三元组 354550  | 0.48 req/s  519 out-tok/s
[ 63448s] 完成 30659  成功 30658  失败 1  截断 3110  三元组 354716  | 0.48 req/s  519 out-tok/s
[ 63463s] 完成 30670  成功 30669  失败 1  截断 3110  三元组 354848  | 0.48 req/s  519 out-tok/s
[ 63479s] 完成 30676  成功 30675  失败 1  截断 3110  三元组 354898  | 0.48 req/s  519 out-tok/s
[ 63500s] 完成 30691  成功 30690  失败 1  截断 3111  三元组 355048  | 0.48 req/s  519 out-tok/s
[ 63516s] 完成 30702  成功 30701  失败 1  截断 3111  三元组 355149  | 0.48 req/s  519 out-tok/s
[ 63533s] 完成 30714  成功 30713  失败 1  截断 3111  三元组 355274  | 0.48 req/s  519 out-tok/s
[ 63551s] 完成 30720  成功 30719  失败 1  截断 3111  三元组 355327  | 0.48 req/s  519 out-tok/s
[ 63568s] 完成 30726  成功 30725  失败 1  截断 3111  三元组 355391  | 0.48 req/s  519 out-tok/s
[ 63583s] 完成 30734  成功 30733  失败 1  截断 3114  三元组 355460  | 0.48 req/s  519 out-tok/s
[ 63599s] 完成 30742  成功 30741  失败 1  截断 3114  三元组 355571  | 0.48 req/s  519 out-tok/s
[ 63616s] 完成 30749  成功 30748  失败 1  截断 3114  三元组 355666  | 0.48 req/s  519 out-tok/s
[ 63636s] 完成 30755  成功 30754  失败 1  截断 3116  三元组 355732  | 0.48 req/s  519 out-tok/s
[ 63653s] 完成 30768  成功 30767  失败 1  截断 3118  三元组 355865  | 0.48 req/s  519 out-tok/s
[ 63669s] 完成 30775  成功 30774  失败 1  截断 3119  三元组 355931  | 0.48 req/s  519 out-tok/s
[ 63685s] 完成 30786  成功 30785  失败 1  截断 3120  三元组 356021  | 0.48 req/s  519 out-tok/s
[ 63700s] 完成 30797  成功 30796  失败 1  截断 3121  三元组 356172  | 0.48 req/s  519 out-tok/s
[ 63715s] 完成 30805  成功 30804  失败 1  截断 3121  三元组 356240  | 0.48 req/s  519 out-tok/s
[ 63731s] 完成 30813  成功 30812  失败 1  截断 3121  三元组 356329  | 0.48 req/s  519 out-tok/s
[ 63747s] 完成 30821  成功 30820  失败 1  截断 3123  三元组 356411  | 0.48 req/s  519 out-tok/s
[ 63762s] 完成 30829  成功 30828  失败 1  截断 3123  三元组 356494  | 0.48 req/s  519 out-tok/s
[ 63786s] 完成 30838  成功 30837  失败 1  截断 3123  三元组 356560  | 0.48 req/s  519 out-tok/s
[ 63806s] 完成 30849  成功 30848  失败 1  截断 3123  三元组 356673  | 0.48 req/s  519 out-tok/s
[ 63823s] 完成 30857  成功 30856  失败 1  截断 3124  三元组 356740  | 0.48 req/s  519 out-tok/s
[ 63839s] 完成 30864  成功 30863  失败 1  截断 3126  三元组 356832  | 0.48 req/s  519 out-tok/s
[ 63855s] 完成 30869  成功 30868  失败 1  截断 3126  三元组 356895  | 0.48 req/s  519 out-tok/s
[ 63871s] 完成 30877  成功 30876  失败 1  截断 3128  三元组 356983  | 0.48 req/s  519 out-tok/s
[ 63886s] 完成 30882  成功 30881  失败 1  截断 3130  三元组 357047  | 0.48 req/s  519 out-tok/s
[ 63905s] 完成 30888  成功 30887  失败 1  截断 3133  三元组 357116  | 0.48 req/s  519 out-tok/s
[ 63924s] 完成 30893  成功 30892  失败 1  截断 3135  三元组 357176  | 0.48 req/s  519 out-tok/s
[ 63940s] 完成 30901  成功 30900  失败 1  截断 3135  三元组 357260  | 0.48 req/s  519 out-tok/s
[ 63958s] 完成 30909  成功 30908  失败 1  截断 3138  三元组 357369  | 0.48 req/s  519 out-tok/s
[ 63974s] 完成 30915  成功 30914  失败 1  截断 3138  三元组 357444  | 0.48 req/s  519 out-tok/s
[ 63991s] 完成 30926  成功 30925  失败 1  截断 3143  三元组 357552  | 0.48 req/s  519 out-tok/s
[ 64011s] 完成 30934  成功 30933  失败 1  截断 3143  三元组 357632  | 0.48 req/s  519 out-tok/s
[ 64028s] 完成 30944  成功 30943  失败 1  截断 3144  三元组 357716  | 0.48 req/s  519 out-tok/s
[ 64043s] 完成 30955  成功 30954  失败 1  截断 3146  三元组 357821  | 0.48 req/s  519 out-tok/s
[ 64060s] 完成 30963  成功 30962  失败 1  截断 3147  三元组 357910  | 0.48 req/s  519 out-tok/s
[ 64076s] 完成 30974  成功 30973  失败 1  截断 3148  三元组 358020  | 0.48 req/s  519 out-tok/s
[ 64093s] 完成 30981  成功 30980  失败 1  截断 3149  三元组 358102  | 0.48 req/s  519 out-tok/s
[ 64109s] 完成 30989  成功 30988  失败 1  截断 3151  三元组 358189  | 0.48 req/s  519 out-tok/s
[ 64124s] 完成 30996  成功 30995  失败 1  截断 3151  三元组 358279  | 0.48 req/s  519 out-tok/s
[ 64136s] 完成 31000  成功 30999  失败 1  截断 3152  三元组 358333  | 0.48 req/s  519 out-tok/s
[ 64151s] 完成 31006  成功 31005  失败 1  截断 3152  三元组 358414  | 0.48 req/s  519 out-tok/s
[ 64166s] 完成 31018  成功 31017  失败 1  截断 3152  三元组 358557  | 0.48 req/s  519 out-tok/s
[ 64182s] 完成 31021  成功 31020  失败 1  截断 3152  三元组 358595  | 0.48 req/s  519 out-tok/s
[ 64202s] 完成 31029  成功 31028  失败 1  截断 3153  三元组 358682  | 0.48 req/s  519 out-tok/s
[ 64218s] 完成 31040  成功 31039  失败 1  截断 3155  三元组 358809  | 0.48 req/s  519 out-tok/s
[ 64233s] 完成 31048  成功 31047  失败 1  截断 3155  三元组 358906  | 0.48 req/s  519 out-tok/s
[ 64251s] 完成 31053  成功 31052  失败 1  截断 3157  三元组 358993  | 0.48 req/s  519 out-tok/s
[ 64268s] 完成 31064  成功 31063  失败 1  截断 3157  三元组 359122  | 0.48 req/s  519 out-tok/s
[ 64284s] 完成 31076  成功 31075  失败 1  截断 3159  三元组 359255  | 0.48 req/s  519 out-tok/s
[ 64301s] 完成 31081  成功 31080  失败 1  截断 3159  三元组 359303  | 0.48 req/s  519 out-tok/s
[ 64317s] 完成 31089  成功 31088  失败 1  截断 3160  三元组 359387  | 0.48 req/s  519 out-tok/s
[ 64334s] 完成 31096  成功 31095  失败 1  截断 3160  三元组 359453  | 0.48 req/s  519 out-tok/s
[ 64350s] 完成 31103  成功 31102  失败 1  截断 3162  三元组 359525  | 0.48 req/s  519 out-tok/s
[ 64369s] 完成 31110  成功 31109  失败 1  截断 3164  三元组 359601  | 0.48 req/s  519 out-tok/s
[ 64387s] 完成 31121  成功 31120  失败 1  截断 3164  三元组 359719  | 0.48 req/s  519 out-tok/s
[ 64405s] 完成 31131  成功 31130  失败 1  截断 3165  三元组 359841  | 0.48 req/s  519 out-tok/s
[ 64420s] 完成 31140  成功 31139  失败 1  截断 3168  三元组 359963  | 0.48 req/s  519 out-tok/s
[ 64436s] 完成 31145  成功 31144  失败 1  截断 3169  三元组 360024  | 0.48 req/s  519 out-tok/s
[ 64452s] 完成 31151  成功 31150  失败 1  截断 3170  三元组 360082  | 0.48 req/s  519 out-tok/s
[ 64473s] 完成 31160  成功 31159  失败 1  截断 3171  三元组 360193  | 0.48 req/s  519 out-tok/s
[ 64488s] 完成 31169  成功 31168  失败 1  截断 3171  三元组 360298  | 0.48 req/s  519 out-tok/s
[ 64505s] 完成 31176  成功 31175  失败 1  截断 3172  三元组 360360  | 0.48 req/s  519 out-tok/s
[ 64523s] 完成 31184  成功 31183  失败 1  截断 3173  三元组 360446  | 0.48 req/s  519 out-tok/s
[ 64539s] 完成 31194  成功 31193  失败 1  截断 3175  三元组 360582  | 0.48 req/s  519 out-tok/s
[ 64556s] 完成 31199  成功 31198  失败 1  截断 3176  三元组 360628  | 0.48 req/s  519 out-tok/s
[ 64572s] 完成 31208  成功 31207  失败 1  截断 3176  三元组 360735  | 0.48 req/s  519 out-tok/s
[ 64588s] 完成 31215  成功 31214  失败 1  截断 3177  三元组 360814  | 0.48 req/s  519 out-tok/s
[ 64606s] 完成 31226  成功 31225  失败 1  截断 3177  三元组 360923  | 0.48 req/s  519 out-tok/s
[ 64626s] 完成 31235  成功 31234  失败 1  截断 3179  三元组 361004  | 0.48 req/s  519 out-tok/s
[ 64645s] 完成 31244  成功 31243  失败 1  截断 3180  三元组 361104  | 0.48 req/s  519 out-tok/s
[ 64660s] 完成 31254  成功 31253  失败 1  截断 3184  三元组 361234  | 0.48 req/s  519 out-tok/s
[ 64680s] 完成 31263  成功 31262  失败 1  截断 3184  三元组 361315  | 0.48 req/s  519 out-tok/s
[ 64705s] 完成 31273  成功 31272  失败 1  截断 3184  三元组 361419  | 0.48 req/s  519 out-tok/s
[ 64721s] 完成 31282  成功 31281  失败 1  截断 3185  三元组 361518  | 0.48 req/s  519 out-tok/s
[ 64737s] 完成 31290  成功 31289  失败 1  截断 3185  三元组 361623  | 0.48 req/s  519 out-tok/s
[ 64753s] 完成 31296  成功 31295  失败 1  截断 3187  三元组 361678  | 0.48 req/s  519 out-tok/s
[ 64770s] 完成 31307  成功 31306  失败 1  截断 3190  三元组 361826  | 0.48 req/s  519 out-tok/s
[ 64786s] 完成 31314  成功 31313  失败 1  截断 3190  三元组 361888  | 0.48 req/s  519 out-tok/s
[ 64802s] 完成 31317  成功 31316  失败 1  截断 3191  三元组 361930  | 0.48 req/s  519 out-tok/s
[ 64818s] 完成 31325  成功 31324  失败 1  截断 3192  三元组 362029  | 0.48 req/s  519 out-tok/s
[ 64833s] 完成 31335  成功 31334  失败 1  截断 3194  三元组 362155  | 0.48 req/s  519 out-tok/s
[ 64850s] 完成 31338  成功 31337  失败 1  截断 3194  三元组 362203  | 0.48 req/s  519 out-tok/s
[ 64868s] 完成 31348  成功 31347  失败 1  截断 3194  三元组 362307  | 0.48 req/s  519 out-tok/s
[ 64886s] 完成 31358  成功 31357  失败 1  截断 3196  三元组 362421  | 0.48 req/s  519 out-tok/s
[ 64902s] 完成 31367  成功 31366  失败 1  截断 3198  三元组 362541  | 0.48 req/s  519 out-tok/s
[ 64921s] 完成 31374  成功 31373  失败 1  截断 3199  三元组 362617  | 0.48 req/s  519 out-tok/s
[ 64937s] 完成 31385  成功 31384  失败 1  截断 3201  三元组 362735  | 0.48 req/s  519 out-tok/s
[ 64953s] 完成 31392  成功 31391  失败 1  截断 3202  三元组 362805  | 0.48 req/s  519 out-tok/s
[ 64969s] 完成 31397  成功 31396  失败 1  截断 3203  三元组 362851  | 0.48 req/s  519 out-tok/s
[ 64986s] 完成 31409  成功 31408  失败 1  截断 3203  三元组 362996  | 0.48 req/s  519 out-tok/s
[ 65005s] 完成 31419  成功 31418  失败 1  截断 3203  三元组 363091  | 0.48 req/s  519 out-tok/s
[ 65020s] 完成 31423  成功 31422  失败 1  截断 3204  三元组 363122  | 0.48 req/s  519 out-tok/s
[ 65035s] 完成 31432  成功 31431  失败 1  截断 3206  三元组 363243  | 0.48 req/s  519 out-tok/s
[ 65051s] 完成 31437  成功 31436  失败 1  截断 3208  三元组 363295  | 0.48 req/s  519 out-tok/s
[ 65067s] 完成 31447  成功 31446  失败 1  截断 3208  三元组 363413  | 0.48 req/s  519 out-tok/s
[ 65083s] 完成 31457  成功 31456  失败 1  截断 3209  三元组 363533  | 0.48 req/s  519 out-tok/s
[ 65103s] 完成 31463  成功 31462  失败 1  截断 3210  三元组 363607  | 0.48 req/s  519 out-tok/s
[ 65119s] 完成 31473  成功 31472  失败 1  截断 3210  三元组 363696  | 0.48 req/s  519 out-tok/s
[ 65135s] 完成 31482  成功 31481  失败 1  截断 3210  三元组 363834  | 0.48 req/s  519 out-tok/s
[ 65151s] 完成 31495  成功 31494  失败 1  截断 3210  三元组 363939  | 0.48 req/s  519 out-tok/s
[ 65153s] 完成 31500  成功 31499  失败 1  截断 3210  三元组 363987  | 0.48 req/s  519 out-tok/s
[ 65170s] 完成 31507  成功 31506  失败 1  截断 3210  三元组 364049  | 0.48 req/s  519 out-tok/s
[ 65189s] 完成 31515  成功 31514  失败 1  截断 3211  三元组 364141  | 0.48 req/s  519 out-tok/s
[ 65206s] 完成 31522  成功 31521  失败 1  截断 3212  三元组 364209  | 0.48 req/s  519 out-tok/s
[ 65223s] 完成 31534  成功 31533  失败 1  截断 3214  三元组 364340  | 0.48 req/s  519 out-tok/s
[ 65238s] 完成 31539  成功 31538  失败 1  截断 3214  三元组 364392  | 0.48 req/s  519 out-tok/s
[ 65254s] 完成 31544  成功 31543  失败 1  截断 3214  三元组 364453  | 0.48 req/s  519 out-tok/s
[ 65273s] 完成 31553  成功 31552  失败 1  截断 3215  三元组 364550  | 0.48 req/s  519 out-tok/s
[ 65290s] 完成 31559  成功 31558  失败 1  截断 3215  三元组 364632  | 0.48 req/s  519 out-tok/s
[ 65308s] 完成 31566  成功 31565  失败 1  截断 3217  三元组 364733  | 0.48 req/s  519 out-tok/s
[ 65324s] 完成 31573  成功 31572  失败 1  截断 3218  三元组 364816  | 0.48 req/s  519 out-tok/s
[ 65340s] 完成 31579  成功 31578  失败 1  截断 3218  三元组 364882  | 0.48 req/s  519 out-tok/s
[ 65356s] 完成 31587  成功 31586  失败 1  截断 3220  三元组 364992  | 0.48 req/s  519 out-tok/s
[ 65374s] 完成 31593  成功 31592  失败 1  截断 3220  三元组 365050  | 0.48 req/s  519 out-tok/s
[ 65389s] 完成 31600  成功 31599  失败 1  截断 3221  三元组 365163  | 0.48 req/s  519 out-tok/s
[ 65405s] 完成 31610  成功 31609  失败 1  截断 3222  三元组 365292  | 0.48 req/s  519 out-tok/s
[ 65422s] 完成 31616  成功 31615  失败 1  截断 3222  三元组 365359  | 0.48 req/s  519 out-tok/s
[ 65443s] 完成 31622  成功 31621  失败 1  截断 3222  三元组 365411  | 0.48 req/s  519 out-tok/s
[ 65465s] 完成 31631  成功 31630  失败 1  截断 3223  三元组 365508  | 0.48 req/s  519 out-tok/s
[ 65482s] 完成 31638  成功 31637  失败 1  截断 3224  三元组 365584  | 0.48 req/s  519 out-tok/s
[ 65499s] 完成 31643  成功 31642  失败 1  截断 3227  三元组 365643  | 0.48 req/s  519 out-tok/s
[ 65516s] 完成 31650  成功 31649  失败 1  截断 3229  三元组 365709  | 0.48 req/s  519 out-tok/s
[ 65531s] 完成 31659  成功 31658  失败 1  截断 3230  三元组 365839  | 0.48 req/s  519 out-tok/s
[ 65547s] 完成 31667  成功 31666  失败 1  截断 3231  三元组 365940  | 0.48 req/s  519 out-tok/s
[ 65562s] 完成 31673  成功 31672  失败 1  截断 3232  三元组 366016  | 0.48 req/s  519 out-tok/s
[ 65580s] 完成 31682  成功 31681  失败 1  截断 3233  三元组 366118  | 0.48 req/s  519 out-tok/s
[ 65599s] 完成 31688  成功 31687  失败 1  截断 3234  三元组 366199  | 0.48 req/s  519 out-tok/s
[ 65614s] 完成 31698  成功 31697  失败 1  截断 3234  三元组 366319  | 0.48 req/s  519 out-tok/s
[ 65630s] 完成 31704  成功 31703  失败 1  截断 3234  三元组 366405  | 0.48 req/s  519 out-tok/s
[ 65646s] 完成 31714  成功 31713  失败 1  截断 3235  三元组 366509  | 0.48 req/s  519 out-tok/s
[ 65662s] 完成 31723  成功 31722  失败 1  截断 3236  三元组 366607  | 0.48 req/s  519 out-tok/s
[ 65680s] 完成 31727  成功 31726  失败 1  截断 3236  三元组 366647  | 0.48 req/s  519 out-tok/s
[ 65695s] 完成 31734  成功 31733  失败 1  截断 3238  三元组 366714  | 0.48 req/s  519 out-tok/s
[ 65713s] 完成 31739  成功 31738  失败 1  截断 3239  三元组 366781  | 0.48 req/s  519 out-tok/s
[ 65729s] 完成 31745  成功 31744  失败 1  截断 3240  三元组 366865  | 0.48 req/s  519 out-tok/s
[ 65745s] 完成 31752  成功 31751  失败 1  截断 3241  三元组 366952  | 0.48 req/s  519 out-tok/s
[ 65768s] 完成 31764  成功 31763  失败 1  截断 3242  三元组 367134  | 0.48 req/s  519 out-tok/s
[ 65783s] 完成 31775  成功 31774  失败 1  截断 3244  三元组 367288  | 0.48 req/s  519 out-tok/s
[ 65799s] 完成 31786  成功 31785  失败 1  截断 3244  三元组 367415  | 0.48 req/s  519 out-tok/s
[ 65814s] 完成 31793  成功 31792  失败 1  截断 3244  三元组 367492  | 0.48 req/s  519 out-tok/s
[ 65830s] 完成 31801  成功 31800  失败 1  截断 3244  三元组 367560  | 0.48 req/s  519 out-tok/s
[ 65848s] 完成 31808  成功 31807  失败 1  截断 3245  三元组 367627  | 0.48 req/s  519 out-tok/s
[ 65866s] 完成 31818  成功 31817  失败 1  截断 3245  三元组 367753  | 0.48 req/s  519 out-tok/s
[ 65883s] 完成 31824  成功 31823  失败 1  截断 3245  三元组 367831  | 0.48 req/s  519 out-tok/s
[ 65898s] 完成 31833  成功 31832  失败 1  截断 3245  三元组 367941  | 0.48 req/s  519 out-tok/s
[ 65914s] 完成 31839  成功 31838  失败 1  截断 3247  三元组 368016  | 0.48 req/s  519 out-tok/s
[ 65929s] 完成 31848  成功 31847  失败 1  截断 3249  三元组 368122  | 0.48 req/s  519 out-tok/s
[ 65945s] 完成 31856  成功 31855  失败 1  截断 3250  三元组 368179  | 0.48 req/s  519 out-tok/s
[ 65960s] 完成 31868  成功 31867  失败 1  截断 3252  三元组 368343  | 0.48 req/s  519 out-tok/s
[ 65976s] 完成 31873  成功 31872  失败 1  截断 3252  三元组 368410  | 0.48 req/s  519 out-tok/s
[ 65996s] 完成 31881  成功 31880  失败 1  截断 3253  三元组 368501  | 0.48 req/s  519 out-tok/s
[ 66014s] 完成 31892  成功 31891  失败 1  截断 3253  三元组 368625  | 0.48 req/s  519 out-tok/s
[ 66029s] 完成 31898  成功 31897  失败 1  截断 3253  三元组 368706  | 0.48 req/s  519 out-tok/s
[ 66046s] 完成 31909  成功 31908  失败 1  截断 3253  三元组 368842  | 0.48 req/s  519 out-tok/s
[ 66067s] 完成 31920  成功 31919  失败 1  截断 3256  三元组 368996  | 0.48 req/s  519 out-tok/s
[ 66084s] 完成 31930  成功 31929  失败 1  截断 3256  三元组 369082  | 0.48 req/s  519 out-tok/s
[ 66100s] 完成 31935  成功 31934  失败 1  截断 3256  三元组 369143  | 0.48 req/s  519 out-tok/s
[ 66116s] 完成 31948  成功 31947  失败 1  截断 3258  三元组 369283  | 0.48 req/s  519 out-tok/s
[ 66132s] 完成 31955  成功 31954  失败 1  截断 3258  三元组 369349  | 0.48 req/s  519 out-tok/s
[ 66147s] 完成 31964  成功 31963  失败 1  截断 3258  三元组 369448  | 0.48 req/s  519 out-tok/s
[ 66172s] 完成 31972  成功 31971  失败 1  截断 3259  三元组 369544  | 0.48 req/s  519 out-tok/s
[ 66190s] 完成 31982  成功 31981  失败 1  截断 3259  三元组 369665  | 0.48 req/s  519 out-tok/s
[ 66207s] 完成 31991  成功 31990  失败 1  截断 3260  三元组 369771  | 0.48 req/s  519 out-tok/s
[ 66224s] 完成 31997  成功 31996  失败 1  截断 3260  三元组 369838  | 0.48 req/s  519 out-tok/s
[ 66240s] 完成 32000  成功 31999  失败 1  截断 3261  三元组 369861  | 0.48 req/s  519 out-tok/s
[ 66256s] 完成 32006  成功 32005  失败 1  截断 3261  三元组 369954  | 0.48 req/s  519 out-tok/s
[ 66273s] 完成 32012  成功 32011  失败 1  截断 3262  三元组 370051  | 0.48 req/s  519 out-tok/s
[ 66289s] 完成 32019  成功 32018  失败 1  截断 3263  三元组 370145  | 0.48 req/s  519 out-tok/s
[ 66307s] 完成 32030  成功 32029  失败 1  截断 3265  三元组 370277  | 0.48 req/s  519 out-tok/s
[ 66323s] 完成 32035  成功 32034  失败 1  截断 3265  三元组 370315  | 0.48 req/s  519 out-tok/s
[ 66340s] 完成 32047  成功 32046  失败 1  截断 3268  三元组 370440  | 0.48 req/s  519 out-tok/s
[ 66355s] 完成 32054  成功 32053  失败 1  截断 3270  三元组 370535  | 0.48 req/s  519 out-tok/s
[ 66370s] 完成 32059  成功 32058  失败 1  截断 3271  三元组 370614  | 0.48 req/s  519 out-tok/s
[ 66392s] 完成 32066  成功 32065  失败 1  截断 3271  三元组 370693  | 0.48 req/s  519 out-tok/s
[ 66407s] 完成 32070  成功 32069  失败 1  截断 3273  三元组 370743  | 0.48 req/s  519 out-tok/s
[ 66424s] 完成 32078  成功 32077  失败 1  截断 3274  三元组 370830  | 0.48 req/s  519 out-tok/s
[ 66443s] 完成 32089  成功 32088  失败 1  截断 3275  三元组 370962  | 0.48 req/s  519 out-tok/s
[ 66465s] 完成 32095  成功 32094  失败 1  截断 3277  三元组 371031  | 0.48 req/s  519 out-tok/s
[ 66480s] 完成 32100  成功 32099  失败 1  截断 3278  三元组 371110  | 0.48 req/s  519 out-tok/s
[ 66499s] 完成 32111  成功 32110  失败 1  截断 3279  三元组 371228  | 0.48 req/s  519 out-tok/s
[ 66516s] 完成 32121  成功 32120  失败 1  截断 3281  三元组 371339  | 0.48 req/s  519 out-tok/s
[ 66540s] 完成 32129  成功 32128  失败 1  截断 3282  三元组 371427  | 0.48 req/s  519 out-tok/s
[ 66555s] 完成 32136  成功 32135  失败 1  截断 3284  三元组 371504  | 0.48 req/s  519 out-tok/s
[ 66571s] 完成 32144  成功 32143  失败 1  截断 3285  三元组 371597  | 0.48 req/s  519 out-tok/s
[ 66590s] 完成 32150  成功 32149  失败 1  截断 3288  三元组 371697  | 0.48 req/s  519 out-tok/s
[ 66606s] 完成 32161  成功 32160  失败 1  截断 3289  三元组 371816  | 0.48 req/s  519 out-tok/s
[ 66621s] 完成 32166  成功 32165  失败 1  截断 3290  三元组 371885  | 0.48 req/s  519 out-tok/s
[ 66638s] 完成 32176  成功 32175  失败 1  截断 3290  三元组 371969  | 0.48 req/s  519 out-tok/s
[ 66655s] 完成 32184  成功 32183  失败 1  截断 3293  三元组 372042  | 0.48 req/s  519 out-tok/s
[ 66672s] 完成 32194  成功 32193  失败 1  截断 3294  三元组 372135  | 0.48 req/s  519 out-tok/s
[ 66689s] 完成 32202  成功 32201  失败 1  截断 3295  三元组 372231  | 0.48 req/s  519 out-tok/s
[ 66704s] 完成 32208  成功 32207  失败 1  截断 3296  三元组 372290  | 0.48 req/s  519 out-tok/s
[ 66720s] 完成 32217  成功 32216  失败 1  截断 3298  三元组 372429  | 0.48 req/s  519 out-tok/s
[ 66737s] 完成 32226  成功 32225  失败 1  截断 3298  三元组 372528  | 0.48 req/s  519 out-tok/s
[ 66752s] 完成 32233  成功 32232  失败 1  截断 3299  三元组 372593  | 0.48 req/s  519 out-tok/s
[ 66767s] 完成 32244  成功 32243  失败 1  截断 3299  三元组 372723  | 0.48 req/s  519 out-tok/s
[ 66784s] 完成 32252  成功 32251  失败 1  截断 3299  三元组 372801  | 0.48 req/s  519 out-tok/s
[ 66801s] 完成 32257  成功 32256  失败 1  截断 3299  三元组 372851  | 0.48 req/s  519 out-tok/s
[ 66818s] 完成 32264  成功 32263  失败 1  截断 3300  三元组 372971  | 0.48 req/s  519 out-tok/s
[ 66835s] 完成 32272  成功 32271  失败 1  截断 3302  三元组 373077  | 0.48 req/s  519 out-tok/s
[ 66852s] 完成 32283  成功 32282  失败 1  截断 3303  三元组 373200  | 0.48 req/s  519 out-tok/s
[ 66874s] 完成 32294  成功 32293  失败 1  截断 3303  三元组 373293  | 0.48 req/s  519 out-tok/s
[ 66890s] 完成 32305  成功 32304  失败 1  截断 3303  三元组 373419  | 0.48 req/s  519 out-tok/s
[ 66906s] 完成 32313  成功 32312  失败 1  截断 3306  三元组 373505  | 0.48 req/s  519 out-tok/s
[ 66924s] 完成 32326  成功 32325  失败 1  截断 3309  三元组 373607  | 0.48 req/s  519 out-tok/s
[ 66944s] 完成 32334  成功 32333  失败 1  截断 3309  三元组 373687  | 0.48 req/s  519 out-tok/s
[ 66965s] 完成 32344  成功 32343  失败 1  截断 3309  三元组 373804  | 0.48 req/s  519 out-tok/s
[ 66984s] 完成 32352  成功 32351  失败 1  截断 3309  三元组 373885  | 0.48 req/s  519 out-tok/s
[ 66999s] 完成 32361  成功 32360  失败 1  截断 3309  三元组 373993  | 0.48 req/s  519 out-tok/s
[ 67015s] 完成 32366  成功 32365  失败 1  截断 3310  三元组 374020  | 0.48 req/s  519 out-tok/s
[ 67031s] 完成 32372  成功 32371  失败 1  截断 3312  三元组 374112  | 0.48 req/s  519 out-tok/s
[ 67053s] 完成 32379  成功 32378  失败 1  截断 3315  三元组 374193  | 0.48 req/s  519 out-tok/s
[ 67069s] 完成 32389  成功 32388  失败 1  截断 3315  三元组 374300  | 0.48 req/s  519 out-tok/s
[ 67084s] 完成 32398  成功 32397  失败 1  截断 3316  三元组 374395  | 0.48 req/s  519 out-tok/s
[ 67101s] 完成 32404  成功 32403  失败 1  截断 3317  三元组 374455  | 0.48 req/s  519 out-tok/s
[ 67117s] 完成 32415  成功 32414  失败 1  截断 3320  三元组 374599  | 0.48 req/s  519 out-tok/s
[ 67133s] 完成 32422  成功 32421  失败 1  截断 3321  三元组 374665  | 0.48 req/s  519 out-tok/s
[ 67150s] 完成 32433  成功 32432  失败 1  截断 3322  三元组 374770  | 0.48 req/s  519 out-tok/s
[ 67165s] 完成 32443  成功 32442  失败 1  截断 3323  三元组 374913  | 0.48 req/s  519 out-tok/s
[ 67182s] 完成 32452  成功 32451  失败 1  截断 3323  三元组 375006  | 0.48 req/s  519 out-tok/s
[ 67197s] 完成 32457  成功 32456  失败 1  截断 3324  三元组 375054  | 0.48 req/s  519 out-tok/s
[ 67214s] 完成 32462  成功 32461  失败 1  截断 3324  三元组 375101  | 0.48 req/s  519 out-tok/s
[ 67232s] 完成 32468  成功 32467  失败 1  截断 3324  三元组 375181  | 0.48 req/s  519 out-tok/s
[ 67250s] 完成 32476  成功 32475  失败 1  截断 3324  三元组 375280  | 0.48 req/s  519 out-tok/s
[ 67268s] 完成 32485  成功 32484  失败 1  截断 3326  三元组 375395  | 0.48 req/s  519 out-tok/s
[ 67286s] 完成 32494  成功 32493  失败 1  截断 3329  三元组 375508  | 0.48 req/s  519 out-tok/s
[ 67297s] 完成 32500  成功 32499  失败 1  截断 3329  三元组 375578  | 0.48 req/s  519 out-tok/s
[ 67314s] 完成 32506  成功 32505  失败 1  截断 3330  三元组 375657  | 0.48 req/s  519 out-tok/s
[ 67330s] 完成 32513  成功 32512  失败 1  截断 3331  三元组 375739  | 0.48 req/s  519 out-tok/s
[ 67348s] 完成 32522  成功 32521  失败 1  截断 3331  三元组 375840  | 0.48 req/s  519 out-tok/s
[ 67367s] 完成 32528  成功 32527  失败 1  截断 3331  三元组 375921  | 0.48 req/s  519 out-tok/s
[ 67382s] 完成 32534  成功 32533  失败 1  截断 3332  三元组 375991  | 0.48 req/s  519 out-tok/s
[ 67400s] 完成 32540  成功 32539  失败 1  截断 3334  三元组 376045  | 0.48 req/s  519 out-tok/s
[ 67416s] 完成 32551  成功 32550  失败 1  截断 3335  三元组 376190  | 0.48 req/s  519 out-tok/s
[ 67432s] 完成 32561  成功 32560  失败 1  截断 3336  三元组 376324  | 0.48 req/s  519 out-tok/s
[ 67448s] 完成 32569  成功 32568  失败 1  截断 3338  三元组 376419  | 0.48 req/s  519 out-tok/s
[ 67463s] 完成 32578  成功 32577  失败 1  截断 3340  三元组 376502  | 0.48 req/s  519 out-tok/s
[ 67482s] 完成 32584  成功 32583  失败 1  截断 3340  三元组 376567  | 0.48 req/s  519 out-tok/s
[ 67505s] 完成 32592  成功 32591  失败 1  截断 3340  三元组 376649  | 0.48 req/s  519 out-tok/s
[ 67520s] 完成 32602  成功 32601  失败 1  截断 3341  三元组 376781  | 0.48 req/s  519 out-tok/s
[ 67537s] 完成 32607  成功 32606  失败 1  截断 3341  三元组 376845  | 0.48 req/s  519 out-tok/s
[ 67556s] 完成 32614  成功 32613  失败 1  截断 3341  三元组 376901  | 0.48 req/s  519 out-tok/s
[ 67573s] 完成 32624  成功 32623  失败 1  截断 3344  三元组 377013  | 0.48 req/s  519 out-tok/s
[ 67589s] 完成 32629  成功 32628  失败 1  截断 3345  三元组 377080  | 0.48 req/s  519 out-tok/s
[ 67607s] 完成 32637  成功 32636  失败 1  截断 3349  三元组 377153  | 0.48 req/s  519 out-tok/s
[ 67623s] 完成 32650  成功 32649  失败 1  截断 3349  三元组 377272  | 0.48 req/s  519 out-tok/s
[ 67640s] 完成 32658  成功 32657  失败 1  截断 3349  三元组 377358  | 0.48 req/s  519 out-tok/s
[ 67658s] 完成 32666  成功 32665  失败 1  截断 3351  三元组 377451  | 0.48 req/s  519 out-tok/s
[ 67674s] 完成 32673  成功 32672  失败 1  截断 3353  三元组 377545  | 0.48 req/s  519 out-tok/s
[ 67690s] 完成 32682  成功 32681  失败 1  截断 3353  三元组 377638  | 0.48 req/s  519 out-tok/s
[ 67705s] 完成 32692  成功 32691  失败 1  截断 3353  三元组 377743  | 0.48 req/s  519 out-tok/s
[ 67720s] 完成 32698  成功 32697  失败 1  截断 3355  三元组 377804  | 0.48 req/s  519 out-tok/s
[ 67736s] 完成 32703  成功 32702  失败 1  截断 3355  三元组 377841  | 0.48 req/s  519 out-tok/s
[ 67751s] 完成 32713  成功 32712  失败 1  截断 3356  三元组 377955  | 0.48 req/s  519 out-tok/s
[ 67766s] 完成 32722  成功 32721  失败 1  截断 3358  三元组 378048  | 0.48 req/s  519 out-tok/s
[ 67782s] 完成 32729  成功 32728  失败 1  截断 3360  三元组 378131  | 0.48 req/s  519 out-tok/s
[ 67798s] 完成 32738  成功 32737  失败 1  截断 3362  三元组 378218  | 0.48 req/s  519 out-tok/s
[ 67814s] 完成 32749  成功 32748  失败 1  截断 3362  三元组 378339  | 0.48 req/s  519 out-tok/s
[ 67830s] 完成 32757  成功 32756  失败 1  截断 3362  三元组 378423  | 0.48 req/s  519 out-tok/s
[ 67845s] 完成 32764  成功 32763  失败 1  截断 3362  三元组 378483  | 0.48 req/s  519 out-tok/s
[ 67863s] 完成 32774  成功 32773  失败 1  截断 3362  三元组 378579  | 0.48 req/s  519 out-tok/s
[ 67879s] 完成 32782  成功 32781  失败 1  截断 3363  三元组 378680  | 0.48 req/s  519 out-tok/s
[ 67896s] 完成 32788  成功 32787  失败 1  截断 3363  三元组 378788  | 0.48 req/s  519 out-tok/s
[ 67914s] 完成 32801  成功 32800  失败 1  截断 3365  三元组 378934  | 0.48 req/s  519 out-tok/s
[ 67929s] 完成 32810  成功 32809  失败 1  截断 3365  三元组 379011  | 0.48 req/s  519 out-tok/s
[ 67947s] 完成 32819  成功 32818  失败 1  截断 3366  三元组 379120  | 0.48 req/s  519 out-tok/s
[ 67964s] 完成 32828  成功 32827  失败 1  截断 3366  三元组 379217  | 0.48 req/s  519 out-tok/s
[ 67981s] 完成 32839  成功 32838  失败 1  截断 3367  三元组 379325  | 0.48 req/s  519 out-tok/s
[ 68001s] 完成 32845  成功 32844  失败 1  截断 3368  三元组 379385  | 0.48 req/s  519 out-tok/s
[ 68017s] 完成 32852  成功 32851  失败 1  截断 3368  三元组 379463  | 0.48 req/s  519 out-tok/s
[ 68033s] 完成 32863  成功 32862  失败 1  截断 3368  三元组 379599  | 0.48 req/s  519 out-tok/s
[ 68053s] 完成 32875  成功 32874  失败 1  截断 3369  三元组 379723  | 0.48 req/s  519 out-tok/s
[ 68068s] 完成 32884  成功 32883  失败 1  截断 3369  三元组 379796  | 0.48 req/s  519 out-tok/s
[ 68085s] 完成 32890  成功 32889  失败 1  截断 3370  三元组 379861  | 0.48 req/s  519 out-tok/s
[ 68103s] 完成 32897  成功 32896  失败 1  截断 3371  三元组 379943  | 0.48 req/s  519 out-tok/s
[ 68121s] 完成 32905  成功 32904  失败 1  截断 3371  三元组 380025  | 0.48 req/s  519 out-tok/s
[ 68139s] 完成 32914  成功 32913  失败 1  截断 3372  三元组 380121  | 0.48 req/s  519 out-tok/s
[ 68154s] 完成 32920  成功 32919  失败 1  截断 3373  三元组 380184  | 0.48 req/s  519 out-tok/s
[ 68170s] 完成 32929  成功 32928  失败 1  截断 3374  三元组 380290  | 0.48 req/s  519 out-tok/s
[ 68193s] 完成 32935  成功 32934  失败 1  截断 3375  三元组 380356  | 0.48 req/s  519 out-tok/s
[ 68209s] 完成 32947  成功 32946  失败 1  截断 3378  三元组 380522  | 0.48 req/s  519 out-tok/s
[ 68226s] 完成 32957  成功 32956  失败 1  截断 3380  三元组 380625  | 0.48 req/s  519 out-tok/s
[ 68242s] 完成 32969  成功 32968  失败 1  截断 3381  三元组 380767  | 0.48 req/s  519 out-tok/s
[ 68259s] 完成 32979  成功 32978  失败 1  截断 3382  三元组 380855  | 0.48 req/s  519 out-tok/s
[ 68277s] 完成 32986  成功 32985  失败 1  截断 3382  三元组 380920  | 0.48 req/s  519 out-tok/s
[ 68293s] 完成 32994  成功 32993  失败 1  截断 3382  三元组 381012  | 0.48 req/s  519 out-tok/s
[ 68302s] 完成 33000  成功 32999  失败 1  截断 3382  三元组 381072  | 0.48 req/s  519 out-tok/s
[ 68321s] 完成 33008  成功 33007  失败 1  截断 3382  三元组 381201  | 0.48 req/s  519 out-tok/s
[ 68336s] 完成 33016  成功 33015  失败 1  截断 3383  三元组 381292  | 0.48 req/s  519 out-tok/s
[ 68353s] 完成 33026  成功 33025  失败 1  截断 3383  三元组 381409  | 0.48 req/s  519 out-tok/s
[ 68368s] 完成 33035  成功 33034  失败 1  截断 3385  三元组 381494  | 0.48 req/s  519 out-tok/s
[ 68387s] 完成 33041  成功 33040  失败 1  截断 3386  三元组 381559  | 0.48 req/s  519 out-tok/s
[ 68407s] 完成 33049  成功 33048  失败 1  截断 3386  三元组 381639  | 0.48 req/s  519 out-tok/s
[ 68422s] 完成 33058  成功 33057  失败 1  截断 3388  三元组 381733  | 0.48 req/s  519 out-tok/s
[ 68440s] 完成 33066  成功 33065  失败 1  截断 3389  三元组 381808  | 0.48 req/s  519 out-tok/s
[ 68456s] 完成 33074  成功 33073  失败 1  截断 3389  三元组 381911  | 0.48 req/s  519 out-tok/s
[ 68472s] 完成 33082  成功 33081  失败 1  截断 3391  三元组 382014  | 0.48 req/s  519 out-tok/s
[ 68488s] 完成 33092  成功 33091  失败 1  截断 3392  三元组 382139  | 0.48 req/s  519 out-tok/s
[ 68503s] 完成 33096  成功 33095  失败 1  截断 3392  三元组 382190  | 0.48 req/s  519 out-tok/s
[ 68519s] 完成 33104  成功 33103  失败 1  截断 3393  三元组 382272  | 0.48 req/s  519 out-tok/s
[ 68535s] 完成 33113  成功 33112  失败 1  截断 3394  三元组 382377  | 0.48 req/s  519 out-tok/s
[ 68553s] 完成 33118  成功 33117  失败 1  截断 3395  三元组 382424  | 0.48 req/s  519 out-tok/s
[ 68568s] 完成 33126  成功 33125  失败 1  截断 3396  三元组 382518  | 0.48 req/s  519 out-tok/s
[ 68587s] 完成 33134  成功 33133  失败 1  截断 3398  三元组 382600  | 0.48 req/s  519 out-tok/s
[ 68602s] 完成 33142  成功 33141  失败 1  截断 3398  三元组 382690  | 0.48 req/s  519 out-tok/s
[ 68618s] 完成 33149  成功 33148  失败 1  截断 3400  三元组 382779  | 0.48 req/s  519 out-tok/s
[ 68633s] 完成 33160  成功 33159  失败 1  截断 3403  三元组 382912  | 0.48 req/s  519 out-tok/s
[ 68649s] 完成 33169  成功 33168  失败 1  截断 3403  三元组 383001  | 0.48 req/s  519 out-tok/s
[ 68664s] 完成 33174  成功 33173  失败 1  截断 3403  三元组 383039  | 0.48 req/s  519 out-tok/s
[ 68680s] 完成 33181  成功 33180  失败 1  截断 3404  三元组 383099  | 0.48 req/s  519 out-tok/s
[ 68696s] 完成 33190  成功 33189  失败 1  截断 3405  三元组 383223  | 0.48 req/s  519 out-tok/s
[ 68713s] 完成 33199  成功 33198  失败 1  截断 3405  三元组 383335  | 0.48 req/s  519 out-tok/s
[ 68729s] 完成 33206  成功 33205  失败 1  截断 3407  三元组 383421  | 0.48 req/s  519 out-tok/s
[ 68746s] 完成 33213  成功 33212  失败 1  截断 3407  三元组 383493  | 0.48 req/s  519 out-tok/s
[ 68764s] 完成 33222  成功 33221  失败 1  截断 3407  三元组 383585  | 0.48 req/s  519 out-tok/s
[ 68779s] 完成 33228  成功 33227  失败 1  截断 3408  三元组 383669  | 0.48 req/s  519 out-tok/s
[ 68795s] 完成 33246  成功 33245  失败 1  截断 3409  三元组 383887  | 0.48 req/s  519 out-tok/s
[ 68810s] 完成 33251  成功 33250  失败 1  截断 3410  三元组 383941  | 0.48 req/s  519 out-tok/s
[ 68826s] 完成 33258  成功 33257  失败 1  截断 3410  三元组 384009  | 0.48 req/s  519 out-tok/s
[ 68842s] 完成 33266  成功 33265  失败 1  截断 3410  三元组 384087  | 0.48 req/s  519 out-tok/s
[ 68859s] 完成 33273  成功 33272  失败 1  截断 3411  三元组 384155  | 0.48 req/s  519 out-tok/s
[ 68880s] 完成 33281  成功 33280  失败 1  截断 3411  三元组 384239  | 0.48 req/s  519 out-tok/s
[ 68896s] 完成 33289  成功 33288  失败 1  截断 3412  三元组 384325  | 0.48 req/s  519 out-tok/s
[ 68914s] 完成 33296  成功 33295  失败 1  截断 3413  三元组 384404  | 0.48 req/s  519 out-tok/s
[ 68929s] 完成 33304  成功 33303  失败 1  截断 3414  三元组 384502  | 0.48 req/s  519 out-tok/s
[ 68948s] 完成 33311  成功 33310  失败 1  截断 3416  三元组 384568  | 0.48 req/s  519 out-tok/s
[ 68965s] 完成 33320  成功 33319  失败 1  截断 3419  三元组 384690  | 0.48 req/s  519 out-tok/s
[ 68982s] 完成 33331  成功 33330  失败 1  截断 3419  三元组 384833  | 0.48 req/s  519 out-tok/s
[ 69000s] 完成 33342  成功 33341  失败 1  截断 3420  三元组 384927  | 0.48 req/s  519 out-tok/s
[ 69016s] 完成 33351  成功 33350  失败 1  截断 3421  三元组 385031  | 0.48 req/s  519 out-tok/s
[ 69032s] 完成 33359  成功 33358  失败 1  截断 3422  三元组 385125  | 0.48 req/s  519 out-tok/s
[ 69052s] 完成 33364  成功 33363  失败 1  截断 3422  三元组 385168  | 0.48 req/s  519 out-tok/s
[ 69078s] 完成 33375  成功 33374  失败 1  截断 3424  三元组 385281  | 0.48 req/s  519 out-tok/s
[ 69093s] 完成 33390  成功 33389  失败 1  截断 3426  三元组 385498  | 0.48 req/s  519 out-tok/s
[ 69109s] 完成 33398  成功 33397  失败 1  截断 3426  三元组 385569  | 0.48 req/s  519 out-tok/s
[ 69126s] 完成 33408  成功 33407  失败 1  截断 3426  三元组 385652  | 0.48 req/s  519 out-tok/s
[ 69142s] 完成 33418  成功 33417  失败 1  截断 3427  三元组 385757  | 0.48 req/s  519 out-tok/s
[ 69157s] 完成 33428  成功 33427  失败 1  截断 3428  三元组 385880  | 0.48 req/s  519 out-tok/s
[ 69173s] 完成 33441  成功 33440  失败 1  截断 3428  三元组 386015  | 0.48 req/s  519 out-tok/s
[ 69191s] 完成 33446  成功 33445  失败 1  截断 3429  三元组 386070  | 0.48 req/s  519 out-tok/s
[ 69206s] 完成 33456  成功 33455  失败 1  截断 3429  三元组 386170  | 0.48 req/s  519 out-tok/s
[ 69222s] 完成 33466  成功 33465  失败 1  截断 3429  三元组 386284  | 0.48 req/s  519 out-tok/s
[ 69239s] 完成 33477  成功 33476  失败 1  截断 3430  三元组 386386  | 0.48 req/s  519 out-tok/s
[ 69255s] 完成 33484  成功 33483  失败 1  截断 3430  三元组 386457  | 0.48 req/s  519 out-tok/s
[ 69270s] 完成 33496  成功 33495  失败 1  截断 3431  三元组 386574  | 0.48 req/s  519 out-tok/s
[ 69279s] 完成 33500  成功 33499  失败 1  截断 3431  三元组 386601  | 0.48 req/s  519 out-tok/s
[ 69296s] 完成 33514  成功 33513  失败 1  截断 3431  三元组 386750  | 0.48 req/s  519 out-tok/s
[ 69313s] 完成 33522  成功 33521  失败 1  截断 3431  三元组 386828  | 0.48 req/s  519 out-tok/s
[ 69328s] 完成 33531  成功 33530  失败 1  截断 3432  三元组 386912  | 0.48 req/s  519 out-tok/s
[ 69348s] 完成 33539  成功 33538  失败 1  截断 3432  三元组 386994  | 0.48 req/s  519 out-tok/s
[ 69364s] 完成 33548  成功 33547  失败 1  截断 3433  三元组 387082  | 0.48 req/s  519 out-tok/s
[ 69381s] 完成 33555  成功 33554  失败 1  截断 3434  三元组 387156  | 0.48 req/s  519 out-tok/s
[ 69401s] 完成 33566  成功 33565  失败 1  截断 3434  三元组 387270  | 0.48 req/s  519 out-tok/s
[ 69417s] 完成 33576  成功 33575  失败 1  截断 3435  三元组 387386  | 0.48 req/s  519 out-tok/s
[ 69432s] 完成 33585  成功 33584  失败 1  截断 3436  三元组 387470  | 0.48 req/s  519 out-tok/s
[ 69448s] 完成 33595  成功 33594  失败 1  截断 3436  三元组 387546  | 0.48 req/s  519 out-tok/s
[ 69464s] 完成 33604  成功 33603  失败 1  截断 3437  三元组 387635  | 0.48 req/s  519 out-tok/s
[ 69479s] 完成 33613  成功 33612  失败 1  截断 3439  三元组 387724  | 0.48 req/s  519 out-tok/s
[ 69494s] 完成 33618  成功 33617  失败 1  截断 3439  三元组 387779  | 0.48 req/s  519 out-tok/s
[ 69511s] 完成 33627  成功 33626  失败 1  截断 3439  三元组 387870  | 0.48 req/s  519 out-tok/s
[ 69526s] 完成 33638  成功 33637  失败 1  截断 3442  三元组 388000  | 0.48 req/s  519 out-tok/s
[ 69545s] 完成 33648  成功 33647  失败 1  截断 3442  三元组 388100  | 0.48 req/s  519 out-tok/s
[ 69560s] 完成 33656  成功 33655  失败 1  截断 3442  三元组 388194  | 0.48 req/s  519 out-tok/s
[ 69575s] 完成 33665  成功 33664  失败 1  截断 3442  三元组 388297  | 0.48 req/s  519 out-tok/s
[ 69592s] 完成 33674  成功 33673  失败 1  截断 3443  三元组 388389  | 0.48 req/s  519 out-tok/s
[ 69609s] 完成 33685  成功 33684  失败 1  截断 3444  三元组 388481  | 0.48 req/s  519 out-tok/s
[ 69626s] 完成 33686  成功 33685  失败 1  截断 3444  三元组 388489  | 0.48 req/s  519 out-tok/s
[ 69642s] 完成 33690  成功 33689  失败 1  截断 3444  三元组 388532  | 0.48 req/s  519 out-tok/s
[ 69660s] 完成 33696  成功 33695  失败 1  截断 3444  三元组 388622  | 0.48 req/s  519 out-tok/s
[ 69677s] 完成 33704  成功 33703  失败 1  截断 3445  三元组 388717  | 0.48 req/s  519 out-tok/s
[ 69693s] 完成 33711  成功 33710  失败 1  截断 3446  三元组 388814  | 0.48 req/s  519 out-tok/s
[ 69710s] 完成 33719  成功 33718  失败 1  截断 3449  三元组 388926  | 0.48 req/s  519 out-tok/s
[ 69732s] 完成 33729  成功 33728  失败 1  截断 3450  三元组 389076  | 0.48 req/s  519 out-tok/s
[ 69747s] 完成 33737  成功 33736  失败 1  截断 3452  三元组 389189  | 0.48 req/s  519 out-tok/s
[ 69764s] 完成 33747  成功 33746  失败 1  截断 3453  三元组 389323  | 0.48 req/s  519 out-tok/s
[ 69780s] 完成 33753  成功 33752  失败 1  截断 3453  三元组 389381  | 0.48 req/s  519 out-tok/s
[ 69800s] 完成 33760  成功 33759  失败 1  截断 3453  三元组 389464  | 0.48 req/s  519 out-tok/s
[ 69817s] 完成 33768  成功 33767  失败 1  截断 3453  三元组 389541  | 0.48 req/s  519 out-tok/s
[ 69835s] 完成 33775  成功 33774  失败 1  截断 3454  三元组 389633  | 0.48 req/s  519 out-tok/s
[ 69852s] 完成 33787  成功 33786  失败 1  截断 3455  三元组 389782  | 0.48 req/s  519 out-tok/s
[ 69870s] 完成 33799  成功 33798  失败 1  截断 3458  三元组 389916  | 0.48 req/s  519 out-tok/s
[ 69890s] 完成 33810  成功 33809  失败 1  截断 3458  三元组 390032  | 0.48 req/s  519 out-tok/s
[ 69907s] 完成 33818  成功 33817  失败 1  截断 3459  三元组 390111  | 0.48 req/s  519 out-tok/s
[ 69925s] 完成 33825  成功 33824  失败 1  截断 3459  三元组 390202  | 0.48 req/s  519 out-tok/s
[ 69944s] 完成 33833  成功 33832  失败 1  截断 3460  三元组 390293  | 0.48 req/s  519 out-tok/s
[ 69962s] 完成 33838  成功 33837  失败 1  截断 3460  三元组 390363  | 0.48 req/s  519 out-tok/s
[ 69979s] 完成 33853  成功 33852  失败 1  截断 3461  三元组 390562  | 0.48 req/s  519 out-tok/s
[ 69994s] 完成 33860  成功 33859  失败 1  截断 3462  三元组 390643  | 0.48 req/s  519 out-tok/s
[ 70012s] 完成 33867  成功 33866  失败 1  截断 3463  三元组 390729  | 0.48 req/s  519 out-tok/s
[ 70028s] 完成 33874  成功 33873  失败 1  截断 3465  三元组 390803  | 0.48 req/s  519 out-tok/s
[ 70045s] 完成 33882  成功 33881  失败 1  截断 3466  三元组 390882  | 0.48 req/s  519 out-tok/s
[ 70061s] 完成 33895  成功 33894  失败 1  截断 3467  三元组 391024  | 0.48 req/s  519 out-tok/s
[ 70076s] 完成 33904  成功 33903  失败 1  截断 3467  三元组 391125  | 0.48 req/s  519 out-tok/s
[ 70093s] 完成 33909  成功 33908  失败 1  截断 3467  三元组 391165  | 0.48 req/s  519 out-tok/s
[ 70108s] 完成 33915  成功 33914  失败 1  截断 3468  三元组 391245  | 0.48 req/s  519 out-tok/s
[ 70124s] 完成 33920  成功 33919  失败 1  截断 3468  三元组 391322  | 0.48 req/s  519 out-tok/s
[ 70140s] 完成 33930  成功 33929  失败 1  截断 3468  三元组 391442  | 0.48 req/s  519 out-tok/s
[ 70156s] 完成 33938  成功 33937  失败 1  截断 3469  三元组 391540  | 0.48 req/s  519 out-tok/s
[ 70171s] 完成 33945  成功 33944  失败 1  截断 3470  三元组 391613  | 0.48 req/s  519 out-tok/s
[ 70187s] 完成 33951  成功 33950  失败 1  截断 3471  三元组 391680  | 0.48 req/s  519 out-tok/s
[ 70206s] 完成 33959  成功 33958  失败 1  截断 3472  三元组 391777  | 0.48 req/s  519 out-tok/s
[ 70223s] 完成 33964  成功 33963  失败 1  截断 3474  三元组 391815  | 0.48 req/s  519 out-tok/s
[ 70240s] 完成 33976  成功 33975  失败 1  截断 3475  三元组 391978  | 0.48 req/s  519 out-tok/s
[ 70258s] 完成 33981  成功 33980  失败 1  截断 3476  三元组 392029  | 0.48 req/s  519 out-tok/s
[ 70279s] 完成 33991  成功 33990  失败 1  截断 3476  三元组 392158  | 0.48 req/s  519 out-tok/s
[ 70294s] 完成 33997  成功 33996  失败 1  截断 3478  三元组 392230  | 0.48 req/s  519 out-tok/s
[ 70302s] 完成 34000  成功 33999  失败 1  截断 3478  三元组 392257  | 0.48 req/s  519 out-tok/s
[ 70318s] 完成 34008  成功 34007  失败 1  截断 3479  三元组 392351  | 0.48 req/s  519 out-tok/s
[ 70334s] 完成 34016  成功 34015  失败 1  截断 3482  三元组 392468  | 0.48 req/s  519 out-tok/s
[ 70349s] 完成 34027  成功 34026  失败 1  截断 3482  三元组 392579  | 0.48 req/s  519 out-tok/s
[ 70366s] 完成 34037  成功 34036  失败 1  截断 3483  三元组 392663  | 0.48 req/s  519 out-tok/s
[ 70382s] 完成 34046  成功 34045  失败 1  截断 3484  三元组 392733  | 0.48 req/s  519 out-tok/s
[ 70404s] 完成 34055  成功 34054  失败 1  截断 3486  三元组 392876  | 0.48 req/s  519 out-tok/s
[ 70422s] 完成 34063  成功 34062  失败 1  截断 3486  三元组 392968  | 0.48 req/s  519 out-tok/s
[ 70438s] 完成 34070  成功 34069  失败 1  截断 3487  三元组 393059  | 0.48 req/s  519 out-tok/s
[ 70455s] 完成 34079  成功 34078  失败 1  截断 3488  三元组 393156  | 0.48 req/s  519 out-tok/s
[ 70471s] 完成 34089  成功 34088  失败 1  截断 3488  三元组 393267  | 0.48 req/s  519 out-tok/s
[ 70487s] 完成 34095  成功 34094  失败 1  截断 3488  三元组 393325  | 0.48 req/s  519 out-tok/s
[ 70503s] 完成 34103  成功 34102  失败 1  截断 3489  三元组 393428  | 0.48 req/s  519 out-tok/s
[ 70524s] 完成 34113  成功 34112  失败 1  截断 3490  三元组 393557  | 0.48 req/s  519 out-tok/s
[ 70540s] 完成 34123  成功 34122  失败 1  截断 3492  三元组 393678  | 0.48 req/s  519 out-tok/s
[ 70557s] 完成 34131  成功 34130  失败 1  截断 3492  三元组 393755  | 0.48 req/s  519 out-tok/s
[ 70577s] 完成 34139  成功 34138  失败 1  截断 3492  三元组 393834  | 0.48 req/s  519 out-tok/s
[ 70596s] 完成 34147  成功 34146  失败 1  截断 3493  三元组 393919  | 0.48 req/s  519 out-tok/s
[ 70614s] 完成 34157  成功 34156  失败 1  截断 3493  三元组 394023  | 0.48 req/s  519 out-tok/s
[ 70631s] 完成 34165  成功 34164  失败 1  截断 3494  三元组 394144  | 0.48 req/s  519 out-tok/s
[ 70647s] 完成 34175  成功 34174  失败 1  截断 3495  三元组 394258  | 0.48 req/s  519 out-tok/s
[ 70664s] 完成 34184  成功 34183  失败 1  截断 3495  三元组 394363  | 0.48 req/s  519 out-tok/s
[ 70679s] 完成 34193  成功 34192  失败 1  截断 3496  三元组 394465  | 0.48 req/s  519 out-tok/s
[ 70695s] 完成 34202  成功 34201  失败 1  截断 3497  三元组 394542  | 0.48 req/s  519 out-tok/s
[ 70711s] 完成 34206  成功 34205  失败 1  截断 3497  三元组 394584  | 0.48 req/s  519 out-tok/s
[ 70727s] 完成 34213  成功 34212  失败 1  截断 3497  三元组 394659  | 0.48 req/s  519 out-tok/s
[ 70745s] 完成 34223  成功 34222  失败 1  截断 3497  三元组 394787  | 0.48 req/s  519 out-tok/s
[ 70763s] 完成 34237  成功 34236  失败 1  截断 3499  三元组 394931  | 0.48 req/s  519 out-tok/s
[ 70780s] 完成 34247  成功 34246  失败 1  截断 3499  三元组 395006  | 0.48 req/s  519 out-tok/s
[ 70796s] 完成 34256  成功 34255  失败 1  截断 3500  三元组 395077  | 0.48 req/s  519 out-tok/s
[ 70812s] 完成 34263  成功 34262  失败 1  截断 3500  三元组 395155  | 0.48 req/s  519 out-tok/s
[ 70829s] 完成 34269  成功 34268  失败 1  截断 3500  三元组 395225  | 0.48 req/s  519 out-tok/s
[ 70847s] 完成 34281  成功 34280  失败 1  截断 3503  三元组 395338  | 0.48 req/s  519 out-tok/s
[ 70864s] 完成 34290  成功 34289  失败 1  截断 3504  三元组 395421  | 0.48 req/s  519 out-tok/s
[ 70882s] 完成 34297  成功 34296  失败 1  截断 3505  三元组 395507  | 0.48 req/s  519 out-tok/s
[ 70898s] 完成 34301  成功 34300  失败 1  截断 3505  三元组 395553  | 0.48 req/s  519 out-tok/s
[ 70914s] 完成 34315  成功 34314  失败 1  截断 3506  三元组 395724  | 0.48 req/s  519 out-tok/s
[ 70930s] 完成 34322  成功 34321  失败 1  截断 3506  三元组 395788  | 0.48 req/s  519 out-tok/s
[ 70947s] 完成 34331  成功 34330  失败 1  截断 3507  三元组 395889  | 0.48 req/s  519 out-tok/s
[ 70963s] 完成 34340  成功 34339  失败 1  截断 3509  三元组 395976  | 0.48 req/s  519 out-tok/s
[ 70987s] 完成 34349  成功 34348  失败 1  截断 3510  三元组 396097  | 0.48 req/s  519 out-tok/s
[ 71002s] 完成 34358  成功 34357  失败 1  截断 3511  三元组 396195  | 0.48 req/s  519 out-tok/s
[ 71018s] 完成 34368  成功 34367  失败 1  截断 3511  三元组 396331  | 0.48 req/s  519 out-tok/s
[ 71034s] 完成 34376  成功 34375  失败 1  截断 3511  三元组 396420  | 0.48 req/s  519 out-tok/s
[ 71052s] 完成 34382  成功 34381  失败 1  截断 3512  三元组 396487  | 0.48 req/s  519 out-tok/s
[ 71067s] 完成 34390  成功 34389  失败 1  截断 3513  三元组 396596  | 0.48 req/s  519 out-tok/s
[ 71086s] 完成 34396  成功 34395  失败 1  截断 3513  三元组 396640  | 0.48 req/s  519 out-tok/s
[ 71101s] 完成 34409  成功 34408  失败 1  截断 3513  三元组 396818  | 0.48 req/s  519 out-tok/s
[ 71119s] 完成 34413  成功 34412  失败 1  截断 3513  三元组 396864  | 0.48 req/s  519 out-tok/s
[ 71136s] 完成 34420  成功 34419  失败 1  截断 3513  三元组 396960  | 0.48 req/s  519 out-tok/s
[ 71152s] 完成 34433  成功 34432  失败 1  截断 3514  三元组 397103  | 0.48 req/s  519 out-tok/s
[ 71168s] 完成 34438  成功 34437  失败 1  截断 3516  三元组 397167  | 0.48 req/s  519 out-tok/s
[ 71184s] 完成 34448  成功 34447  失败 1  截断 3519  三元组 397275  | 0.48 req/s  519 out-tok/s
[ 71201s] 完成 34458  成功 34457  失败 1  截断 3519  三元组 397372  | 0.48 req/s  519 out-tok/s
[ 71216s] 完成 34466  成功 34465  失败 1  截断 3519  三元组 397466  | 0.48 req/s  519 out-tok/s
[ 71235s] 完成 34473  成功 34472  失败 1  截断 3520  三元组 397539  | 0.48 req/s  519 out-tok/s
[ 71251s] 完成 34483  成功 34482  失败 1  截断 3521  三元组 397641  | 0.48 req/s  519 out-tok/s
[ 71268s] 完成 34489  成功 34488  失败 1  截断 3522  三元组 397714  | 0.48 req/s  519 out-tok/s
[ 71283s] 完成 34495  成功 34494  失败 1  截断 3522  三元组 397767  | 0.48 req/s  519 out-tok/s
[ 71287s] 完成 34500  成功 34499  失败 1  截断 3522  三元组 397836  | 0.48 req/s  519 out-tok/s
[ 71303s] 完成 34509  成功 34508  失败 1  截断 3523  三元组 397961  | 0.48 req/s  519 out-tok/s
[ 71319s] 完成 34518  成功 34517  失败 1  截断 3523  三元组 398069  | 0.48 req/s  519 out-tok/s
[ 71335s] 完成 34527  成功 34526  失败 1  截断 3524  三元组 398167  | 0.48 req/s  519 out-tok/s
[ 71350s] 完成 34535  成功 34534  失败 1  截断 3526  三元组 398258  | 0.48 req/s  519 out-tok/s
[ 71366s] 完成 34545  成功 34544  失败 1  截断 3526  三元组 398361  | 0.48 req/s  519 out-tok/s
[ 71381s] 完成 34554  成功 34553  失败 1  截断 3526  三元组 398446  | 0.48 req/s  519 out-tok/s
[ 71396s] 完成 34562  成功 34561  失败 1  截断 3526  三元组 398537  | 0.48 req/s  519 out-tok/s
[ 71413s] 完成 34570  成功 34569  失败 1  截断 3526  三元组 398609  | 0.48 req/s  519 out-tok/s
[ 71429s] 完成 34576  成功 34575  失败 1  截断 3526  三元组 398682  | 0.48 req/s  519 out-tok/s
[ 71446s] 完成 34584  成功 34583  失败 1  截断 3526  三元组 398763  | 0.48 req/s  519 out-tok/s
[ 71463s] 完成 34592  成功 34591  失败 1  截断 3526  三元组 398864  | 0.48 req/s  519 out-tok/s
[ 71478s] 完成 34600  成功 34599  失败 1  截断 3528  三元组 398966  | 0.48 req/s  519 out-tok/s
[ 71496s] 完成 34608  成功 34607  失败 1  截断 3528  三元组 399060  | 0.48 req/s  519 out-tok/s
[ 71513s] 完成 34618  成功 34617  失败 1  截断 3528  三元组 399173  | 0.48 req/s  519 out-tok/s
[ 71533s] 完成 34626  成功 34625  失败 1  截断 3531  三元组 399267  | 0.48 req/s  519 out-tok/s
[ 71554s] 完成 34638  成功 34637  失败 1  截断 3534  三元组 399403  | 0.48 req/s  519 out-tok/s
[ 71571s] 完成 34644  成功 34643  失败 1  截断 3535  三元组 399513  | 0.48 req/s  519 out-tok/s
[ 71587s] 完成 34653  成功 34652  失败 1  截断 3535  三元组 399639  | 0.48 req/s  519 out-tok/s
[ 71605s] 完成 34661  成功 34660  失败 1  截断 3535  三元组 399720  | 0.48 req/s  519 out-tok/s
[ 71620s] 完成 34670  成功 34669  失败 1  截断 3535  三元组 399823  | 0.48 req/s  519 out-tok/s
[ 71636s] 完成 34675  成功 34674  失败 1  截断 3536  三元组 399880  | 0.48 req/s  519 out-tok/s
[ 71653s] 完成 34681  成功 34680  失败 1  截断 3537  三元组 399937  | 0.48 req/s  519 out-tok/s
[ 71671s] 完成 34690  成功 34689  失败 1  截断 3538  三元组 400046  | 0.48 req/s  519 out-tok/s
[ 71688s] 完成 34696  成功 34695  失败 1  截断 3538  三元组 400102  | 0.48 req/s  519 out-tok/s
[ 71703s] 完成 34706  成功 34705  失败 1  截断 3540  三元组 400213  | 0.48 req/s  519 out-tok/s
[ 71720s] 完成 34713  成功 34712  失败 1  截断 3541  三元组 400289  | 0.48 req/s  519 out-tok/s
[ 71737s] 完成 34725  成功 34724  失败 1  截断 3543  三元组 400418  | 0.48 req/s  519 out-tok/s
[ 71753s] 完成 34733  成功 34732  失败 1  截断 3545  三元组 400507  | 0.48 req/s  519 out-tok/s
[ 71769s] 完成 34744  成功 34743  失败 1  截断 3546  三元组 400623  | 0.48 req/s  519 out-tok/s
[ 71790s] 完成 34753  成功 34752  失败 1  截断 3548  三元组 400774  | 0.48 req/s  519 out-tok/s
[ 71805s] 完成 34762  成功 34761  失败 1  截断 3548  三元组 400856  | 0.48 req/s  519 out-tok/s
[ 71823s] 完成 34770  成功 34769  失败 1  截断 3550  三元组 400949  | 0.48 req/s  519 out-tok/s
[ 71839s] 完成 34778  成功 34777  失败 1  截断 3550  三元组 401034  | 0.48 req/s  519 out-tok/s
[ 71858s] 完成 34784  成功 34783  失败 1  截断 3551  三元组 401117  | 0.48 req/s  519 out-tok/s
[ 71873s] 完成 34790  成功 34789  失败 1  截断 3551  三元组 401170  | 0.48 req/s  519 out-tok/s
[ 71891s] 完成 34798  成功 34797  失败 1  截断 3551  三元组 401272  | 0.48 req/s  519 out-tok/s
[ 71909s] 完成 34805  成功 34804  失败 1  截断 3553  三元组 401364  | 0.48 req/s  519 out-tok/s
[ 71930s] 完成 34811  成功 34810  失败 1  截断 3555  三元组 401443  | 0.48 req/s  519 out-tok/s
[ 71946s] 完成 34824  成功 34823  失败 1  截断 3557  三元组 401616  | 0.48 req/s  519 out-tok/s
[ 71962s] 完成 34829  成功 34828  失败 1  截断 3558  三元组 401667  | 0.48 req/s  519 out-tok/s
[ 71979s] 完成 34838  成功 34837  失败 1  截断 3560  三元组 401749  | 0.48 req/s  519 out-tok/s
[ 71995s] 完成 34846  成功 34845  失败 1  截断 3560  三元组 401842  | 0.48 req/s  519 out-tok/s
[ 72011s] 完成 34856  成功 34855  失败 1  截断 3563  三元组 401936  | 0.48 req/s  519 out-tok/s
[ 72028s] 完成 34861  成功 34860  失败 1  截断 3563  三元组 401978  | 0.48 req/s  519 out-tok/s
[ 72044s] 完成 34870  成功 34869  失败 1  截断 3565  三元组 402131  | 0.48 req/s  519 out-tok/s
[ 72062s] 完成 34880  成功 34879  失败 1  截断 3566  三元组 402250  | 0.48 req/s  519 out-tok/s
[ 72079s] 完成 34888  成功 34887  失败 1  截断 3566  三元组 402354  | 0.48 req/s  519 out-tok/s
[ 72096s] 完成 34896  成功 34895  失败 1  截断 3566  三元组 402457  | 0.48 req/s  519 out-tok/s
[ 72111s] 完成 34906  成功 34905  失败 1  截断 3567  三元组 402590  | 0.48 req/s  519 out-tok/s
[ 72127s] 完成 34910  成功 34909  失败 1  截断 3567  三元组 402639  | 0.48 req/s  519 out-tok/s
[ 72142s] 完成 34915  成功 34914  失败 1  截断 3567  三元组 402704  | 0.48 req/s  519 out-tok/s
[ 72157s] 完成 34929  成功 34928  失败 1  截断 3567  三元组 402891  | 0.48 req/s  519 out-tok/s
[ 72178s] 完成 34935  成功 34934  失败 1  截断 3567  三元组 402962  | 0.48 req/s  519 out-tok/s
[ 72194s] 完成 34946  成功 34945  失败 1  截断 3569  三元组 403070  | 0.48 req/s  519 out-tok/s
[ 72210s] 完成 34953  成功 34952  失败 1  截断 3570  三元组 403143  | 0.48 req/s  519 out-tok/s
[ 72226s] 完成 34965  成功 34964  失败 1  截断 3570  三元组 403258  | 0.48 req/s  519 out-tok/s
[ 72241s] 完成 34971  成功 34970  失败 1  截断 3570  三元组 403338  | 0.48 req/s  519 out-tok/s
[ 72267s] 完成 34984  成功 34983  失败 1  截断 3570  三元组 403485  | 0.48 req/s  519 out-tok/s
[ 72284s] 完成 34993  成功 34992  失败 1  截断 3571  三元组 403576  | 0.48 req/s  519 out-tok/s
[ 72294s] 完成 35000  成功 34999  失败 1  截断 3571  三元组 403636  | 0.48 req/s  519 out-tok/s
[ 72316s] 完成 35005  成功 35004  失败 1  截断 3573  三元组 403717  | 0.48 req/s  519 out-tok/s
[ 72334s] 完成 35013  成功 35012  失败 1  截断 3574  三元组 403807  | 0.48 req/s  519 out-tok/s
[ 72351s] 完成 35024  成功 35023  失败 1  截断 3575  三元组 403949  | 0.48 req/s  519 out-tok/s
[ 72370s] 完成 35028  成功 35027  失败 1  截断 3575  三元组 403989  | 0.48 req/s  519 out-tok/s
[ 72385s] 完成 35038  成功 35037  失败 1  截断 3577  三元组 404113  | 0.48 req/s  519 out-tok/s
[ 72404s] 完成 35049  成功 35048  失败 1  截断 3579  三元组 404245  | 0.48 req/s  519 out-tok/s
[ 72420s] 完成 35058  成功 35057  失败 1  截断 3580  三元组 404316  | 0.48 req/s  519 out-tok/s
[ 72437s] 完成 35070  成功 35069  失败 1  截断 3580  三元组 404424  | 0.48 req/s  519 out-tok/s
[ 72452s] 完成 35077  成功 35076  失败 1  截断 3581  三元组 404496  | 0.48 req/s  519 out-tok/s
[ 72471s] 完成 35083  成功 35082  失败 1  截断 3581  三元组 404565  | 0.48 req/s  519 out-tok/s
[ 72487s] 完成 35090  成功 35089  失败 1  截断 3581  三元组 404640  | 0.48 req/s  519 out-tok/s
[ 72503s] 完成 35099  成功 35098  失败 1  截断 3581  三元组 404755  | 0.48 req/s  519 out-tok/s
[ 72519s] 完成 35108  成功 35107  失败 1  截断 3582  三元组 404888  | 0.48 req/s  519 out-tok/s
[ 72534s] 完成 35117  成功 35116  失败 1  截断 3583  三元组 405032  | 0.48 req/s  519 out-tok/s
[ 72550s] 完成 35128  成功 35127  失败 1  截断 3583  三元组 405145  | 0.48 req/s  519 out-tok/s
[ 72565s] 完成 35138  成功 35137  失败 1  截断 3583  三元组 405240  | 0.48 req/s  519 out-tok/s
[ 72581s] 完成 35147  成功 35146  失败 1  截断 3583  三元组 405322  | 0.48 req/s  519 out-tok/s
[ 72596s] 完成 35159  成功 35158  失败 1  截断 3583  三元组 405440  | 0.48 req/s  519 out-tok/s
[ 72615s] 完成 35170  成功 35169  失败 1  截断 3584  三元组 405569  | 0.48 req/s  519 out-tok/s
[ 72632s] 完成 35179  成功 35178  失败 1  截断 3584  三元组 405668  | 0.48 req/s  519 out-tok/s
[ 72647s] 完成 35186  成功 35185  失败 1  截断 3585  三元组 405743  | 0.48 req/s  519 out-tok/s
[ 72664s] 完成 35196  成功 35195  失败 1  截断 3585  三元组 405861  | 0.48 req/s  519 out-tok/s
[ 72680s] 完成 35205  成功 35204  失败 1  截断 3586  三元组 405943  | 0.48 req/s  519 out-tok/s
[ 72695s] 完成 35214  成功 35213  失败 1  截断 3586  三元组 406044  | 0.48 req/s  519 out-tok/s
[ 72713s] 完成 35221  成功 35220  失败 1  截断 3587  三元组 406138  | 0.48 req/s  519 out-tok/s
[ 72730s] 完成 35230  成功 35229  失败 1  截断 3587  三元组 406241  | 0.48 req/s  519 out-tok/s
[ 72745s] 完成 35238  成功 35237  失败 1  截断 3587  三元组 406324  | 0.48 req/s  519 out-tok/s
[ 72763s] 完成 35249  成功 35248  失败 1  截断 3587  三元组 406431  | 0.48 req/s  519 out-tok/s
[ 72780s] 完成 35254  成功 35253  失败 1  截断 3588  三元组 406493  | 0.48 req/s  519 out-tok/s
[ 72795s] 完成 35262  成功 35261  失败 1  截断 3589  三元组 406562  | 0.48 req/s  519 out-tok/s
[ 72811s] 完成 35272  成功 35271  失败 1  截断 3590  三元组 406684  | 0.48 req/s  519 out-tok/s
[ 72828s] 完成 35280  成功 35279  失败 1  截断 3591  三元组 406790  | 0.48 req/s  519 out-tok/s
[ 72846s] 完成 35288  成功 35287  失败 1  截断 3592  三元组 406888  | 0.48 req/s  519 out-tok/s
[ 72861s] 完成 35298  成功 35297  失败 1  截断 3592  三元组 406997  | 0.48 req/s  519 out-tok/s
[ 72882s] 完成 35305  成功 35304  失败 1  截断 3593  三元组 407077  | 0.48 req/s  519 out-tok/s
[ 72898s] 完成 35311  成功 35310  失败 1  截断 3594  三元组 407161  | 0.48 req/s  519 out-tok/s
[ 72915s] 完成 35320  成功 35319  失败 1  截断 3596  三元组 407257  | 0.48 req/s  519 out-tok/s
[ 72932s] 完成 35329  成功 35328  失败 1  截断 3596  三元组 407366  | 0.48 req/s  519 out-tok/s
[ 72948s] 完成 35337  成功 35336  失败 1  截断 3596  三元组 407454  | 0.48 req/s  519 out-tok/s
[ 72965s] 完成 35348  成功 35347  失败 1  截断 3598  三元组 407560  | 0.48 req/s  519 out-tok/s
[ 72981s] 完成 35355  成功 35354  失败 1  截断 3599  三元组 407622  | 0.48 req/s  519 out-tok/s
[ 72996s] 完成 35365  成功 35364  失败 1  截断 3599  三元组 407725  | 0.48 req/s  519 out-tok/s
[ 73011s] 完成 35373  成功 35372  失败 1  截断 3599  三元组 407823  | 0.48 req/s  519 out-tok/s
[ 73027s] 完成 35379  成功 35378  失败 1  截断 3600  三元组 407879  | 0.48 req/s  519 out-tok/s
[ 73042s] 完成 35386  成功 35385  失败 1  截断 3602  三元组 407956  | 0.48 req/s  519 out-tok/s
[ 73058s] 完成 35392  成功 35391  失败 1  截断 3602  三元组 408022  | 0.48 req/s  519 out-tok/s
[ 73075s] 完成 35402  成功 35401  失败 1  截断 3604  三元组 408118  | 0.48 req/s  519 out-tok/s
[ 73096s] 完成 35412  成功 35411  失败 1  截断 3604  三元组 408214  | 0.48 req/s  519 out-tok/s
[ 73111s] 完成 35421  成功 35420  失败 1  截断 3604  三元组 408306  | 0.48 req/s  519 out-tok/s
[ 73129s] 完成 35426  成功 35425  失败 1  截断 3605  三元组 408349  | 0.48 req/s  519 out-tok/s
[ 73145s] 完成 35435  成功 35434  失败 1  截断 3605  三元组 408450  | 0.48 req/s  519 out-tok/s
[ 73162s] 完成 35445  成功 35444  失败 1  截断 3609  三元组 408563  | 0.48 req/s  519 out-tok/s
[ 73178s] 完成 35455  成功 35454  失败 1  截断 3610  三元组 408650  | 0.48 req/s  519 out-tok/s
[ 73196s] 完成 35461  成功 35460  失败 1  截断 3610  三元组 408724  | 0.48 req/s  519 out-tok/s
[ 73213s] 完成 35471  成功 35470  失败 1  截断 3611  三元组 408844  | 0.48 req/s  519 out-tok/s
[ 73229s] 完成 35480  成功 35479  失败 1  截断 3613  三元组 408965  | 0.48 req/s  519 out-tok/s
[ 73245s] 完成 35489  成功 35488  失败 1  截断 3614  三元组 409058  | 0.48 req/s  519 out-tok/s
[ 73259s] 完成 35500  成功 35499  失败 1  截断 3614  三元组 409190  | 0.48 req/s  519 out-tok/s
[ 73279s] 完成 35507  成功 35506  失败 1  截断 3614  三元组 409240  | 0.48 req/s  519 out-tok/s
[ 73299s] 完成 35515  成功 35514  失败 1  截断 3614  三元组 409329  | 0.48 req/s  519 out-tok/s
[ 73315s] 完成 35524  成功 35523  失败 1  截断 3615  三元组 409464  | 0.48 req/s  519 out-tok/s
[ 73330s] 完成 35532  成功 35531  失败 1  截断 3616  三元组 409564  | 0.48 req/s  519 out-tok/s
[ 73346s] 完成 35540  成功 35539  失败 1  截断 3616  三元组 409649  | 0.48 req/s  519 out-tok/s
[ 73365s] 完成 35547  成功 35546  失败 1  截断 3616  三元组 409722  | 0.48 req/s  519 out-tok/s
[ 73381s] 完成 35557  成功 35556  失败 1  截断 3618  三元组 409824  | 0.48 req/s  519 out-tok/s
[ 73396s] 完成 35565  成功 35564  失败 1  截断 3618  三元组 409925  | 0.48 req/s  519 out-tok/s
[ 73413s] 完成 35574  成功 35573  失败 1  截断 3619  三元组 410046  | 0.48 req/s  519 out-tok/s
[ 73428s] 完成 35585  成功 35584  失败 1  截断 3619  三元组 410166  | 0.48 req/s  519 out-tok/s
[ 73451s] 完成 35595  成功 35594  失败 1  截断 3619  三元组 410276  | 0.48 req/s  519 out-tok/s
[ 73468s] 完成 35607  成功 35606  失败 1  截断 3620  三元组 410412  | 0.48 req/s  519 out-tok/s
[ 73489s] 完成 35612  成功 35611  失败 1  截断 3620  三元组 410453  | 0.48 req/s  519 out-tok/s
[ 73507s] 完成 35623  成功 35622  失败 1  截断 3620  三元组 410569  | 0.48 req/s  519 out-tok/s
[ 73525s] 完成 35631  成功 35630  失败 1  截断 3620  三元组 410681  | 0.48 req/s  519 out-tok/s
[ 73540s] 完成 35640  成功 35639  失败 1  截断 3621  三元组 410822  | 0.48 req/s  519 out-tok/s
[ 73556s] 完成 35650  成功 35649  失败 1  截断 3622  三元组 410942  | 0.48 req/s  519 out-tok/s
[ 73572s] 完成 35655  成功 35654  失败 1  截断 3622  三元组 410987  | 0.48 req/s  519 out-tok/s
[ 73590s] 完成 35667  成功 35666  失败 1  截断 3624  三元组 411135  | 0.48 req/s  519 out-tok/s
[ 73607s] 完成 35675  成功 35674  失败 1  截断 3624  三元组 411224  | 0.48 req/s  519 out-tok/s
[ 73628s] 完成 35682  成功 35681  失败 1  截断 3625  三元组 411302  | 0.48 req/s  519 out-tok/s
[ 73643s] 完成 35688  成功 35687  失败 1  截断 3625  三元组 411356  | 0.48 req/s  519 out-tok/s
[ 73659s] 完成 35698  成功 35697  失败 1  截断 3625  三元组 411486  | 0.48 req/s  519 out-tok/s
[ 73675s] 完成 35708  成功 35707  失败 1  截断 3626  三元组 411598  | 0.48 req/s  519 out-tok/s
[ 73693s] 完成 35717  成功 35716  失败 1  截断 3628  三元组 411707  | 0.48 req/s  519 out-tok/s
[ 73708s] 完成 35722  成功 35721  失败 1  截断 3629  三元组 411731  | 0.48 req/s  519 out-tok/s
[ 73725s] 完成 35730  成功 35729  失败 1  截断 3629  三元组 411817  | 0.48 req/s  519 out-tok/s
[ 73740s] 完成 35739  成功 35738  失败 1  截断 3633  三元组 411923  | 0.48 req/s  519 out-tok/s
[ 73757s] 完成 35748  成功 35747  失败 1  截断 3634  三元组 412018  | 0.48 req/s  519 out-tok/s
[ 73774s] 完成 35754  成功 35753  失败 1  截断 3634  三元组 412077  | 0.48 req/s  519 out-tok/s
[ 73790s] 完成 35763  成功 35762  失败 1  截断 3634  三元组 412176  | 0.48 req/s  519 out-tok/s
[ 73806s] 完成 35768  成功 35767  失败 1  截断 3634  三元组 412222  | 0.48 req/s  519 out-tok/s
[ 73822s] 完成 35779  成功 35778  失败 1  截断 3637  三元组 412337  | 0.48 req/s  519 out-tok/s
[ 73843s] 完成 35785  成功 35784  失败 1  截断 3638  三元组 412414  | 0.48 req/s  519 out-tok/s
[ 73861s] 完成 35792  成功 35791  失败 1  截断 3638  三元组 412493  | 0.48 req/s  519 out-tok/s
[ 73876s] 完成 35799  成功 35798  失败 1  截断 3638  三元组 412576  | 0.48 req/s  519 out-tok/s
[ 73892s] 完成 35809  成功 35808  失败 1  截断 3639  三元组 412716  | 0.48 req/s  519 out-tok/s
[ 73911s] 完成 35819  成功 35818  失败 1  截断 3642  三元组 412808  | 0.48 req/s  519 out-tok/s
[ 73927s] 完成 35832  成功 35831  失败 1  截断 3642  三元组 412939  | 0.48 req/s  519 out-tok/s
[ 73943s] 完成 35837  成功 35836  失败 1  截断 3642  三元组 412980  | 0.48 req/s  519 out-tok/s
[ 73962s] 完成 35847  成功 35846  失败 1  截断 3643  三元组 413088  | 0.48 req/s  519 out-tok/s
[ 73978s] 完成 35855  成功 35854  失败 1  截断 3644  三元组 413178  | 0.48 req/s  519 out-tok/s
[ 73993s] 完成 35861  成功 35860  失败 1  截断 3644  三元组 413251  | 0.48 req/s  519 out-tok/s
[ 74009s] 完成 35876  成功 35875  失败 1  截断 3645  三元组 413427  | 0.48 req/s  519 out-tok/s
[ 74024s] 完成 35885  成功 35884  失败 1  截断 3646  三元组 413524  | 0.48 req/s  519 out-tok/s
[ 74039s] 完成 35893  成功 35892  失败 1  截断 3646  三元组 413595  | 0.48 req/s  519 out-tok/s
[ 74055s] 完成 35903  成功 35902  失败 1  截断 3646  三元组 413689  | 0.48 req/s  519 out-tok/s
[ 74070s] 完成 35913  成功 35912  失败 1  截断 3646  三元组 413789  | 0.48 req/s  519 out-tok/s
[ 74087s] 完成 35924  成功 35923  失败 1  截断 3647  三元组 413901  | 0.48 req/s  519 out-tok/s
[ 74103s] 完成 35931  成功 35930  失败 1  截断 3648  三元组 413985  | 0.48 req/s  519 out-tok/s
[ 74120s] 完成 35937  成功 35936  失败 1  截断 3648  三元组 414049  | 0.48 req/s  519 out-tok/s
[ 74136s] 完成 35947  成功 35946  失败 1  截断 3648  三元组 414177  | 0.48 req/s  519 out-tok/s
[ 74152s] 完成 35957  成功 35956  失败 1  截断 3649  三元组 414276  | 0.48 req/s  519 out-tok/s
[ 74170s] 完成 35967  成功 35966  失败 1  截断 3649  三元组 414368  | 0.48 req/s  519 out-tok/s
[ 74189s] 完成 35975  成功 35974  失败 1  截断 3649  三元组 414473  | 0.48 req/s  519 out-tok/s
[ 74206s] 完成 35984  成功 35983  失败 1  截断 3651  三元组 414601  | 0.48 req/s  519 out-tok/s
[ 74222s] 完成 35986  成功 35985  失败 1  截断 3651  三元组 414620  | 0.48 req/s  519 out-tok/s
[ 74241s] 完成 35999  成功 35998  失败 1  截断 3652  三元组 414756  | 0.48 req/s  519 out-tok/s
[ 74243s] 完成 36000  成功 35999  失败 1  截断 3652  三元组 414767  | 0.48 req/s  519 out-tok/s
[ 74262s] 完成 36010  成功 36009  失败 1  截断 3653  三元组 414891  | 0.48 req/s  519 out-tok/s
[ 74279s] 完成 36018  成功 36017  失败 1  截断 3653  三元组 414967  | 0.48 req/s  519 out-tok/s
[ 74295s] 完成 36025  成功 36024  失败 1  截断 3653  三元组 415027  | 0.48 req/s  519 out-tok/s
[ 74318s] 完成 36035  成功 36034  失败 1  截断 3654  三元组 415164  | 0.48 req/s  519 out-tok/s
[ 74333s] 完成 36045  成功 36044  失败 1  截断 3655  三元组 415293  | 0.48 req/s  519 out-tok/s
[ 74352s] 完成 36057  成功 36056  失败 1  截断 3658  三元组 415432  | 0.48 req/s  519 out-tok/s
[ 74370s] 完成 36064  成功 36063  失败 1  截断 3660  三元组 415495  | 0.48 req/s  519 out-tok/s
[ 74386s] 完成 36071  成功 36070  失败 1  截断 3660  三元组 415572  | 0.48 req/s  519 out-tok/s
[ 74403s] 完成 36085  成功 36084  失败 1  截断 3660  三元组 415718  | 0.48 req/s  519 out-tok/s
[ 74420s] 完成 36094  成功 36093  失败 1  截断 3660  三元组 415838  | 0.49 req/s  519 out-tok/s
[ 74439s] 完成 36102  成功 36101  失败 1  截断 3660  三元组 415915  | 0.48 req/s  519 out-tok/s
[ 74454s] 完成 36110  成功 36109  失败 1  截断 3660  三元组 415987  | 0.48 req/s  519 out-tok/s
[ 74470s] 完成 36120  成功 36119  失败 1  截断 3662  三元组 416130  | 0.49 req/s  519 out-tok/s
[ 74487s] 完成 36128  成功 36127  失败 1  截断 3662  三元组 416226  | 0.49 req/s  519 out-tok/s
[ 74505s] 完成 36132  成功 36131  失败 1  截断 3662  三元组 416254  | 0.48 req/s  519 out-tok/s
[ 74520s] 完成 36144  成功 36143  失败 1  截断 3663  三元组 416388  | 0.49 req/s  519 out-tok/s
[ 74536s] 完成 36154  成功 36153  失败 1  截断 3665  三元组 416499  | 0.49 req/s  519 out-tok/s
[ 74551s] 完成 36161  成功 36160  失败 1  截断 3666  三元组 416581  | 0.49 req/s  519 out-tok/s
[ 74568s] 完成 36168  成功 36167  失败 1  截断 3667  三元组 416660  | 0.49 req/s  519 out-tok/s
[ 74586s] 完成 36177  成功 36176  失败 1  截断 3667  三元组 416759  | 0.49 req/s  519 out-tok/s
[ 74601s] 完成 36184  成功 36183  失败 1  截断 3667  三元组 416834  | 0.49 req/s  519 out-tok/s
[ 74617s] 完成 36194  成功 36193  失败 1  截断 3667  三元组 416960  | 0.49 req/s  519 out-tok/s
[ 74634s] 完成 36200  成功 36199  失败 1  截断 3667  三元组 417015  | 0.49 req/s  519 out-tok/s
[ 74650s] 完成 36210  成功 36209  失败 1  截断 3668  三元组 417121  | 0.49 req/s  519 out-tok/s
[ 74666s] 完成 36221  成功 36220  失败 1  截断 3669  三元组 417251  | 0.49 req/s  519 out-tok/s
[ 74684s] 完成 36230  成功 36229  失败 1  截断 3670  三元组 417341  | 0.49 req/s  519 out-tok/s
[ 74699s] 完成 36240  成功 36239  失败 1  截断 3672  三元组 417432  | 0.49 req/s  519 out-tok/s
[ 74716s] 完成 36250  成功 36249  失败 1  截断 3673  三元组 417508  | 0.49 req/s  519 out-tok/s
[ 74732s] 完成 36258  成功 36257  失败 1  截断 3674  三元组 417601  | 0.49 req/s  519 out-tok/s
[ 74753s] 完成 36267  成功 36266  失败 1  截断 3675  三元组 417699  | 0.49 req/s  519 out-tok/s
[ 74770s] 完成 36277  成功 36276  失败 1  截断 3676  三元组 417801  | 0.49 req/s  519 out-tok/s
[ 74786s] 完成 36282  成功 36281  失败 1  截断 3676  三元组 417858  | 0.49 req/s  519 out-tok/s
[ 74803s] 完成 36291  成功 36290  失败 1  截断 3678  三元组 417973  | 0.49 req/s  519 out-tok/s
[ 74821s] 完成 36300  成功 36299  失败 1  截断 3679  三元组 418069  | 0.49 req/s  519 out-tok/s
[ 74838s] 完成 36305  成功 36304  失败 1  截断 3679  三元组 418120  | 0.49 req/s  519 out-tok/s
[ 74853s] 完成 36313  成功 36312  失败 1  截断 3679  三元组 418215  | 0.49 req/s  519 out-tok/s
[ 74869s] 完成 36321  成功 36320  失败 1  截断 3681  三元组 418344  | 0.49 req/s  519 out-tok/s
[ 74887s] 完成 36330  成功 36329  失败 1  截断 3681  三元组 418453  | 0.49 req/s  519 out-tok/s
[ 74903s] 完成 36335  成功 36334  失败 1  截断 3681  三元组 418504  | 0.49 req/s  519 out-tok/s
[ 74918s] 完成 36341  成功 36340  失败 1  截断 3682  三元组 418578  | 0.49 req/s  519 out-tok/s
[ 74934s] 完成 36348  成功 36347  失败 1  截断 3684  三元组 418680  | 0.49 req/s  519 out-tok/s
[ 74956s] 完成 36356  成功 36355  失败 1  截断 3685  三元组 418797  | 0.49 req/s  519 out-tok/s
[ 74972s] 完成 36367  成功 36366  失败 1  截断 3687  三元组 418932  | 0.49 req/s  519 out-tok/s
[ 74987s] 完成 36377  成功 36376  失败 1  截断 3687  三元组 419010  | 0.49 req/s  519 out-tok/s
[ 75006s] 完成 36386  成功 36385  失败 1  截断 3687  三元组 419129  | 0.49 req/s  519 out-tok/s
[ 75022s] 完成 36392  成功 36391  失败 1  截断 3688  三元组 419199  | 0.49 req/s  519 out-tok/s
[ 75037s] 完成 36397  成功 36396  失败 1  截断 3689  三元组 419267  | 0.49 req/s  519 out-tok/s
[ 75059s] 完成 36407  成功 36406  失败 1  截断 3690  三元组 419390  | 0.49 req/s  519 out-tok/s
[ 75075s] 完成 36413  成功 36412  失败 1  截断 3691  三元组 419452  | 0.49 req/s  519 out-tok/s
[ 75090s] 完成 36423  成功 36422  失败 1  截断 3692  三元组 419581  | 0.49 req/s  519 out-tok/s
[ 75109s] 完成 36432  成功 36431  失败 1  截断 3692  三元组 419692  | 0.49 req/s  519 out-tok/s
[ 75124s] 完成 36441  成功 36440  失败 1  截断 3694  三元组 419795  | 0.49 req/s  519 out-tok/s
[ 75140s] 完成 36447  成功 36446  失败 1  截断 3695  三元组 419886  | 0.49 req/s  519 out-tok/s
[ 75157s] 完成 36458  成功 36457  失败 1  截断 3697  三元组 420003  | 0.49 req/s  519 out-tok/s
[ 75172s] 完成 36464  成功 36463  失败 1  截断 3697  三元组 420065  | 0.49 req/s  519 out-tok/s
[ 75193s] 完成 36470  成功 36469  失败 1  截断 3697  三元组 420125  | 0.49 req/s  519 out-tok/s
[ 75211s] 完成 36478  成功 36477  失败 1  截断 3698  三元组 420204  | 0.49 req/s  519 out-tok/s
[ 75229s] 完成 36483  成功 36482  失败 1  截断 3698  三元组 420272  | 0.48 req/s  519 out-tok/s
[ 75247s] 完成 36492  成功 36491  失败 1  截断 3699  三元组 420397  | 0.48 req/s  519 out-tok/s
[ 75264s] 完成 36497  成功 36496  失败 1  截断 3701  三元组 420452  | 0.48 req/s  519 out-tok/s
[ 75269s] 完成 36500  成功 36499  失败 1  截断 3703  三元组 420476  | 0.48 req/s  519 out-tok/s
[ 75285s] 完成 36508  成功 36507  失败 1  截断 3706  三元组 420553  | 0.48 req/s  519 out-tok/s
[ 75300s] 完成 36518  成功 36517  失败 1  截断 3707  三元组 420679  | 0.48 req/s  519 out-tok/s
[ 75316s] 完成 36529  成功 36528  失败 1  截断 3708  三元组 420799  | 0.49 req/s  519 out-tok/s
[ 75331s] 完成 36539  成功 36538  失败 1  截断 3709  三元组 420922  | 0.49 req/s  519 out-tok/s
[ 75346s] 完成 36550  成功 36549  失败 1  截断 3709  三元组 421009  | 0.49 req/s  519 out-tok/s
[ 75362s] 完成 36560  成功 36559  失败 1  截断 3709  三元组 421096  | 0.49 req/s  519 out-tok/s
[ 75378s] 完成 36564  成功 36563  失败 1  截断 3710  三元组 421138  | 0.49 req/s  519 out-tok/s
[ 75393s] 完成 36571  成功 36570  失败 1  截断 3711  三元组 421231  | 0.49 req/s  519 out-tok/s
[ 75411s] 完成 36583  成功 36582  失败 1  截断 3711  三元组 421370  | 0.49 req/s  519 out-tok/s
[ 75426s] 完成 36593  成功 36592  失败 1  截断 3712  三元组 421463  | 0.49 req/s  519 out-tok/s
[ 75445s] 完成 36597  成功 36596  失败 1  截断 3712  三元组 421501  | 0.49 req/s  519 out-tok/s
[ 75464s] 完成 36606  成功 36605  失败 1  截断 3712  三元组 421578  | 0.49 req/s  519 out-tok/s
[ 75481s] 完成 36614  成功 36613  失败 1  截断 3716  三元组 421706  | 0.49 req/s  519 out-tok/s
[ 75498s] 完成 36619  成功 36618  失败 1  截断 3716  三元组 421744  | 0.49 req/s  519 out-tok/s
[ 75518s] 完成 36629  成功 36628  失败 1  截断 3718  三元组 421830  | 0.49 req/s  519 out-tok/s
[ 75535s] 完成 36639  成功 36638  失败 1  截断 3720  三元组 421947  | 0.49 req/s  519 out-tok/s
[ 75551s] 完成 36647  成功 36646  失败 1  截断 3723  三元组 422017  | 0.49 req/s  519 out-tok/s
[ 75567s] 完成 36655  成功 36654  失败 1  截断 3723  三元组 422101  | 0.49 req/s  519 out-tok/s
[ 75584s] 完成 36664  成功 36663  失败 1  截断 3727  三元组 422230  | 0.49 req/s  519 out-tok/s
[ 75600s] 完成 36673  成功 36672  失败 1  截断 3727  三元组 422336  | 0.49 req/s  519 out-tok/s
[ 75616s] 完成 36686  成功 36685  失败 1  截断 3728  三元组 422468  | 0.49 req/s  519 out-tok/s
[ 75637s] 完成 36690  成功 36689  失败 1  截断 3729  三元组 422494  | 0.49 req/s  519 out-tok/s
[ 75655s] 完成 36704  成功 36703  失败 1  截断 3729  三元组 422691  | 0.49 req/s  519 out-tok/s
[ 75671s] 完成 36712  成功 36711  失败 1  截断 3729  三元组 422773  | 0.49 req/s  519 out-tok/s
[ 75687s] 完成 36717  成功 36716  失败 1  截断 3729  三元组 422824  | 0.49 req/s  519 out-tok/s
[ 75703s] 完成 36726  成功 36725  失败 1  截断 3730  三元组 422912  | 0.49 req/s  519 out-tok/s
[ 75719s] 完成 36736  成功 36735  失败 1  截断 3731  三元组 423024  | 0.49 req/s  519 out-tok/s
[ 75740s] 完成 36745  成功 36744  失败 1  截断 3732  三元组 423130  | 0.49 req/s  519 out-tok/s
[ 75755s] 完成 36751  成功 36750  失败 1  截断 3733  三元组 423207  | 0.49 req/s  519 out-tok/s
[ 75772s] 完成 36759  成功 36758  失败 1  截断 3734  三元组 423318  | 0.49 req/s  519 out-tok/s
[ 75788s] 完成 36769  成功 36768  失败 1  截断 3734  三元组 423433  | 0.49 req/s  519 out-tok/s
[ 75803s] 完成 36777  成功 36776  失败 1  截断 3734  三元组 423518  | 0.49 req/s  519 out-tok/s
[ 75820s] 完成 36784  成功 36783  失败 1  截断 3735  三元组 423598  | 0.49 req/s  519 out-tok/s
[ 75835s] 完成 36794  成功 36793  失败 1  截断 3735  三元组 423693  | 0.49 req/s  519 out-tok/s
[ 75850s] 完成 36798  成功 36797  失败 1  截断 3736  三元组 423761  | 0.49 req/s  519 out-tok/s
[ 75873s] 完成 36807  成功 36806  失败 1  截断 3737  三元组 423885  | 0.49 req/s  519 out-tok/s
[ 75888s] 完成 36818  成功 36817  失败 1  截断 3739  三元组 424027  | 0.49 req/s  519 out-tok/s
[ 75904s] 完成 36825  成功 36824  失败 1  截断 3739  三元组 424091  | 0.49 req/s  519 out-tok/s
[ 75920s] 完成 36834  成功 36833  失败 1  截断 3739  三元组 424206  | 0.49 req/s  519 out-tok/s
[ 75936s] 完成 36843  成功 36842  失败 1  截断 3740  三元组 424298  | 0.49 req/s  519 out-tok/s
[ 75953s] 完成 36852  成功 36851  失败 1  截断 3742  三元组 424378  | 0.49 req/s  519 out-tok/s
[ 75969s] 完成 36857  成功 36856  失败 1  截断 3742  三元组 424410  | 0.49 req/s  519 out-tok/s
[ 75991s] 完成 36867  成功 36866  失败 1  截断 3743  三元组 424523  | 0.49 req/s  519 out-tok/s
[ 76006s] 完成 36873  成功 36872  失败 1  截断 3744  三元组 424628  | 0.49 req/s  519 out-tok/s
[ 76022s] 完成 36882  成功 36881  失败 1  截断 3744  三元组 424721  | 0.49 req/s  519 out-tok/s
[ 76037s] 完成 36891  成功 36890  失败 1  截断 3744  三元组 424812  | 0.49 req/s  519 out-tok/s
[ 76055s] 完成 36900  成功 36899  失败 1  截断 3746  三元组 424942  | 0.49 req/s  519 out-tok/s
[ 76071s] 完成 36909  成功 36908  失败 1  截断 3747  三元组 425008  | 0.49 req/s  519 out-tok/s
[ 76088s] 完成 36918  成功 36917  失败 1  截断 3748  三元组 425119  | 0.49 req/s  519 out-tok/s
[ 76106s] 完成 36924  成功 36923  失败 1  截断 3748  三元组 425185  | 0.49 req/s  519 out-tok/s
[ 76123s] 完成 36936  成功 36935  失败 1  截断 3750  三元组 425326  | 0.49 req/s  519 out-tok/s
[ 76139s] 完成 36948  成功 36947  失败 1  截断 3751  三元组 425465  | 0.49 req/s  519 out-tok/s
[ 76155s] 完成 36955  成功 36954  失败 1  截断 3752  三元组 425541  | 0.49 req/s  519 out-tok/s
[ 76171s] 完成 36965  成功 36964  失败 1  截断 3753  三元组 425648  | 0.49 req/s  519 out-tok/s
[ 76186s] 完成 36972  成功 36971  失败 1  截断 3754  三元组 425724  | 0.49 req/s  519 out-tok/s
[ 76202s] 完成 36984  成功 36983  失败 1  截断 3754  三元组 425884  | 0.49 req/s  519 out-tok/s
[ 76217s] 完成 36994  成功 36993  失败 1  截断 3755  三元组 425986  | 0.49 req/s  519 out-tok/s
[ 76229s] 完成 37000  成功 36999  失败 1  截断 3755  三元组 426024  | 0.49 req/s  519 out-tok/s
[ 76246s] 完成 37007  成功 37006  失败 1  截断 3755  三元组 426101  | 0.49 req/s  519 out-tok/s
[ 76262s] 完成 37017  成功 37016  失败 1  截断 3756  三元组 426216  | 0.49 req/s  519 out-tok/s
[ 76278s] 完成 37026  成功 37025  失败 1  截断 3756  三元组 426304  | 0.49 req/s  519 out-tok/s
[ 76294s] 完成 37035  成功 37034  失败 1  截断 3757  三元组 426393  | 0.49 req/s  519 out-tok/s
[ 76310s] 完成 37048  成功 37047  失败 1  截断 3758  三元组 426535  | 0.49 req/s  519 out-tok/s
[ 76329s] 完成 37057  成功 37056  失败 1  截断 3758  三元组 426602  | 0.49 req/s  519 out-tok/s
[ 76345s] 完成 37065  成功 37064  失败 1  截断 3758  三元组 426683  | 0.49 req/s  519 out-tok/s
[ 76361s] 完成 37071  成功 37070  失败 1  截断 3760  三元组 426751  | 0.49 req/s  519 out-tok/s
[ 76376s] 完成 37077  成功 37076  失败 1  截断 3760  三元组 426814  | 0.49 req/s  519 out-tok/s
[ 76392s] 完成 37087  成功 37086  失败 1  截断 3762  三元组 426935  | 0.49 req/s  519 out-tok/s
[ 76408s] 完成 37097  成功 37096  失败 1  截断 3762  三元组 427062  | 0.49 req/s  519 out-tok/s
[ 76426s] 完成 37103  成功 37102  失败 1  截断 3764  三元组 427122  | 0.49 req/s  519 out-tok/s
[ 76443s] 完成 37109  成功 37108  失败 1  截断 3764  三元组 427186  | 0.49 req/s  519 out-tok/s
[ 76462s] 完成 37119  成功 37118  失败 1  截断 3766  三元组 427291  | 0.49 req/s  519 out-tok/s
[ 76477s] 完成 37130  成功 37129  失败 1  截断 3766  三元组 427444  | 0.49 req/s  519 out-tok/s
[ 76494s] 完成 37138  成功 37137  失败 1  截断 3767  三元组 427521  | 0.49 req/s  519 out-tok/s
[ 76510s] 完成 37143  成功 37142  失败 1  截断 3768  三元组 427570  | 0.49 req/s  519 out-tok/s
[ 76525s] 完成 37152  成功 37151  失败 1  截断 3768  三元组 427655  | 0.49 req/s  519 out-tok/s
[ 76542s] 完成 37159  成功 37158  失败 1  截断 3770  三元组 427739  | 0.49 req/s  519 out-tok/s
[ 76558s] 完成 37171  成功 37170  失败 1  截断 3772  三元组 427853  | 0.49 req/s  519 out-tok/s
[ 76579s] 完成 37180  成功 37179  失败 1  截断 3772  三元组 427925  | 0.49 req/s  519 out-tok/s
[ 76595s] 完成 37190  成功 37189  失败 1  截断 3772  三元组 428049  | 0.49 req/s  519 out-tok/s
[ 76611s] 完成 37202  成功 37201  失败 1  截断 3774  三元组 428176  | 0.49 req/s  519 out-tok/s
[ 76627s] 完成 37209  成功 37208  失败 1  截断 3774  三元组 428263  | 0.49 req/s  519 out-tok/s
[ 76649s] 完成 37219  成功 37218  失败 1  截断 3775  三元组 428378  | 0.49 req/s  519 out-tok/s
[ 76665s] 完成 37227  成功 37226  失败 1  截断 3775  三元组 428456  | 0.49 req/s  519 out-tok/s
[ 76681s] 完成 37232  成功 37231  失败 1  截断 3776  三元组 428514  | 0.49 req/s  519 out-tok/s
[ 76697s] 完成 37244  成功 37243  失败 1  截断 3776  三元组 428659  | 0.49 req/s  519 out-tok/s
[ 76713s] 完成 37249  成功 37248  失败 1  截断 3776  三元组 428715  | 0.49 req/s  519 out-tok/s
[ 76728s] 完成 37261  成功 37260  失败 1  截断 3777  三元组 428889  | 0.49 req/s  519 out-tok/s
[ 76744s] 完成 37271  成功 37270  失败 1  截断 3777  三元组 428985  | 0.49 req/s  519 out-tok/s
[ 76761s] 完成 37281  成功 37280  失败 1  截断 3777  三元组 429118  | 0.49 req/s  519 out-tok/s
[ 76782s] 完成 37289  成功 37288  失败 1  截断 3778  三元组 429193  | 0.49 req/s  519 out-tok/s
[ 76797s] 完成 37304  成功 37303  失败 1  截断 3778  三元组 429346  | 0.49 req/s  519 out-tok/s
[ 76815s] 完成 37312  成功 37311  失败 1  截断 3778  三元组 429411  | 0.49 req/s  519 out-tok/s
[ 76837s] 完成 37322  成功 37321  失败 1  截断 3778  三元组 429520  | 0.49 req/s  519 out-tok/s
[ 76853s] 完成 37332  成功 37331  失败 1  截断 3780  三元组 429619  | 0.49 req/s  519 out-tok/s
[ 76868s] 完成 37340  成功 37339  失败 1  截断 3780  三元组 429712  | 0.49 req/s  519 out-tok/s
[ 76883s] 完成 37350  成功 37349  失败 1  截断 3783  三元组 429819  | 0.49 req/s  519 out-tok/s
[ 76901s] 完成 37357  成功 37356  失败 1  截断 3783  三元组 429877  | 0.49 req/s  519 out-tok/s
[ 76916s] 完成 37367  成功 37366  失败 1  截断 3783  三元组 429979  | 0.49 req/s  519 out-tok/s
[ 76935s] 完成 37372  成功 37371  失败 1  截断 3784  三元组 430036  | 0.49 req/s  519 out-tok/s
[ 76950s] 完成 37382  成功 37381  失败 1  截断 3784  三元组 430143  | 0.49 req/s  519 out-tok/s
[ 76967s] 完成 37392  成功 37391  失败 1  截断 3786  三元组 430237  | 0.49 req/s  519 out-tok/s
[ 76983s] 完成 37397  成功 37396  失败 1  截断 3786  三元组 430272  | 0.49 req/s  519 out-tok/s
[ 77000s] 完成 37406  成功 37405  失败 1  截断 3787  三元组 430376  | 0.49 req/s  519 out-tok/s
[ 77017s] 完成 37412  成功 37411  失败 1  截断 3789  三元组 430451  | 0.49 req/s  519 out-tok/s
[ 77034s] 完成 37419  成功 37418  失败 1  截断 3790  三元组 430536  | 0.49 req/s  519 out-tok/s
[ 77052s] 完成 37427  成功 37426  失败 1  截断 3790  三元组 430653  | 0.49 req/s  519 out-tok/s
[ 77075s] 完成 37440  成功 37439  失败 1  截断 3793  三元组 430833  | 0.49 req/s  519 out-tok/s
[ 77091s] 完成 37450  成功 37449  失败 1  截断 3793  三元组 430949  | 0.49 req/s  519 out-tok/s
[ 77115s] 完成 37458  成功 37457  失败 1  截断 3794  三元组 431021  | 0.49 req/s  519 out-tok/s
[ 77130s] 完成 37466  成功 37465  失败 1  截断 3795  三元组 431121  | 0.49 req/s  519 out-tok/s
[ 77146s] 完成 37472  成功 37471  失败 1  截断 3795  三元组 431188  | 0.49 req/s  519 out-tok/s
[ 77162s] 完成 37480  成功 37479  失败 1  截断 3796  三元组 431293  | 0.49 req/s  519 out-tok/s
[ 77180s] 完成 37486  成功 37485  失败 1  截断 3797  三元组 431369  | 0.49 req/s  519 out-tok/s
[ 77200s] 完成 37494  成功 37493  失败 1  截断 3797  三元组 431464  | 0.49 req/s  519 out-tok/s
[ 77212s] 完成 37500  成功 37499  失败 1  截断 3798  三元组 431532  | 0.49 req/s  519 out-tok/s
[ 77231s] 完成 37510  成功 37509  失败 1  截断 3800  三元组 431637  | 0.49 req/s  519 out-tok/s
[ 77246s] 完成 37519  成功 37518  失败 1  截断 3802  三元组 431742  | 0.49 req/s  519 out-tok/s
[ 77266s] 完成 37525  成功 37524  失败 1  截断 3803  三元组 431808  | 0.49 req/s  519 out-tok/s
[ 77285s] 完成 37533  成功 37532  失败 1  截断 3803  三元组 431909  | 0.49 req/s  519 out-tok/s
[ 77301s] 完成 37542  成功 37541  失败 1  截断 3805  三元组 432023  | 0.49 req/s  519 out-tok/s
[ 77317s] 完成 37549  成功 37548  失败 1  截断 3807  三元组 432119  | 0.49 req/s  519 out-tok/s
[ 77333s] 完成 37557  成功 37556  失败 1  截断 3808  三元组 432212  | 0.49 req/s  519 out-tok/s
[ 77349s] 完成 37566  成功 37565  失败 1  截断 3808  三元组 432296  | 0.49 req/s  519 out-tok/s
[ 77368s] 完成 37571  成功 37570  失败 1  截断 3809  三元组 432343  | 0.49 req/s  519 out-tok/s
[ 77384s] 完成 37580  成功 37579  失败 1  截断 3811  三元组 432421  | 0.49 req/s  519 out-tok/s
[ 77399s] 完成 37586  成功 37585  失败 1  截断 3813  三元组 432512  | 0.49 req/s  519 out-tok/s
[ 77419s] 完成 37596  成功 37595  失败 1  截断 3814  三元组 432615  | 0.49 req/s  519 out-tok/s
[ 77435s] 完成 37604  成功 37603  失败 1  截断 3815  三元组 432728  | 0.49 req/s  519 out-tok/s
[ 77452s] 完成 37616  成功 37615  失败 1  截断 3818  三元组 432838  | 0.49 req/s  519 out-tok/s
[ 77467s] 完成 37625  成功 37624  失败 1  截断 3818  三元组 432923  | 0.49 req/s  519 out-tok/s
[ 77486s] 完成 37634  成功 37633  失败 1  截断 3820  三元组 433010  | 0.49 req/s  519 out-tok/s
[ 77502s] 完成 37641  成功 37640  失败 1  截断 3821  三元组 433096  | 0.49 req/s  519 out-tok/s
[ 77521s] 完成 37650  成功 37649  失败 1  截断 3822  三元组 433235  | 0.49 req/s  519 out-tok/s
[ 77537s] 完成 37661  成功 37660  失败 1  截断 3822  三元组 433350  | 0.49 req/s  519 out-tok/s
[ 77552s] 完成 37671  成功 37670  失败 1  截断 3823  三元组 433453  | 0.49 req/s  519 out-tok/s
[ 77567s] 完成 37679  成功 37678  失败 1  截断 3824  三元组 433539  | 0.49 req/s  519 out-tok/s
[ 77583s] 完成 37683  成功 37682  失败 1  截断 3824  三元组 433592  | 0.49 req/s  519 out-tok/s
[ 77598s] 完成 37694  成功 37693  失败 1  截断 3824  三元组 433708  | 0.49 req/s  519 out-tok/s
[ 77614s] 完成 37702  成功 37701  失败 1  截断 3824  三元组 433799  | 0.49 req/s  519 out-tok/s
[ 77633s] 完成 37709  成功 37708  失败 1  截断 3824  三元组 433866  | 0.49 req/s  519 out-tok/s
[ 77649s] 完成 37718  成功 37717  失败 1  截断 3825  三元组 433988  | 0.49 req/s  519 out-tok/s
[ 77664s] 完成 37728  成功 37727  失败 1  截断 3826  三元组 434126  | 0.49 req/s  519 out-tok/s
[ 77681s] 完成 37732  成功 37731  失败 1  截断 3826  三元组 434160  | 0.49 req/s  519 out-tok/s
[ 77696s] 完成 37741  成功 37740  失败 1  截断 3828  三元组 434259  | 0.49 req/s  519 out-tok/s
[ 77714s] 完成 37747  成功 37746  失败 1  截断 3829  三元组 434307  | 0.49 req/s  519 out-tok/s
[ 77730s] 完成 37751  成功 37750  失败 1  截断 3829  三元组 434345  | 0.49 req/s  519 out-tok/s
[ 77746s] 完成 37756  成功 37755  失败 1  截断 3829  三元组 434422  | 0.49 req/s  519 out-tok/s
[ 77761s] 完成 37766  成功 37765  失败 1  截断 3832  三元组 434555  | 0.49 req/s  519 out-tok/s
[ 77776s] 完成 37772  成功 37771  失败 1  截断 3833  三元组 434636  | 0.49 req/s  519 out-tok/s
[ 77792s] 完成 37780  成功 37779  失败 1  截断 3833  三元组 434721  | 0.49 req/s  519 out-tok/s
[ 77807s] 完成 37789  成功 37788  失败 1  截断 3836  三元组 434825  | 0.49 req/s  519 out-tok/s
[ 77824s] 完成 37801  成功 37800  失败 1  截断 3838  三元组 434998  | 0.49 req/s  519 out-tok/s
[ 77840s] 完成 37807  成功 37806  失败 1  截断 3838  三元组 435062  | 0.49 req/s  519 out-tok/s
[ 77856s] 完成 37815  成功 37814  失败 1  截断 3838  三元组 435152  | 0.49 req/s  519 out-tok/s
[ 77872s] 完成 37825  成功 37824  失败 1  截断 3838  三元组 435264  | 0.49 req/s  519 out-tok/s
[ 77888s] 完成 37832  成功 37831  失败 1  截断 3838  三元组 435324  | 0.49 req/s  519 out-tok/s
[ 77904s] 完成 37844  成功 37843  失败 1  截断 3838  三元组 435448  | 0.49 req/s  519 out-tok/s
[ 77919s] 完成 37854  成功 37853  失败 1  截断 3838  三元组 435565  | 0.49 req/s  519 out-tok/s
[ 77935s] 完成 37864  成功 37863  失败 1  截断 3838  三元组 435641  | 0.49 req/s  519 out-tok/s
[ 77951s] 完成 37875  成功 37874  失败 1  截断 3838  三元组 435734  | 0.49 req/s  519 out-tok/s
[ 77970s] 完成 37879  成功 37878  失败 1  截断 3839  三元组 435770  | 0.49 req/s  519 out-tok/s
[ 77994s] 完成 37886  成功 37885  失败 1  截断 3839  三元组 435848  | 0.49 req/s  519 out-tok/s
[ 78010s] 完成 37896  成功 37895  失败 1  截断 3840  三元组 435969  | 0.49 req/s  519 out-tok/s
[ 78026s] 完成 37904  成功 37903  失败 1  截断 3840  三元组 436072  | 0.49 req/s  519 out-tok/s
[ 78044s] 完成 37914  成功 37913  失败 1  截断 3840  三元组 436182  | 0.49 req/s  519 out-tok/s
[ 78060s] 完成 37925  成功 37924  失败 1  截断 3842  三元组 436337  | 0.49 req/s  519 out-tok/s
[ 78075s] 完成 37934  成功 37933  失败 1  截断 3843  三元组 436412  | 0.49 req/s  519 out-tok/s
[ 78091s] 完成 37939  成功 37938  失败 1  截断 3843  三元组 436453  | 0.49 req/s  519 out-tok/s
[ 78107s] 完成 37951  成功 37950  失败 1  截断 3844  三元组 436582  | 0.49 req/s  519 out-tok/s
[ 78124s] 完成 37958  成功 37957  失败 1  截断 3845  三元组 436656  | 0.49 req/s  519 out-tok/s
[ 78139s] 完成 37967  成功 37966  失败 1  截断 3846  三元组 436737  | 0.49 req/s  519 out-tok/s
[ 78159s] 完成 37977  成功 37976  失败 1  截断 3849  三元组 436835  | 0.49 req/s  519 out-tok/s
[ 78174s] 完成 37983  成功 37982  失败 1  截断 3849  三元组 436906  | 0.49 req/s  519 out-tok/s
[ 78190s] 完成 37992  成功 37991  失败 1  截断 3849  三元组 437015  | 0.49 req/s  519 out-tok/s
[ 78207s] 完成 37996  成功 37995  失败 1  截断 3849  三元组 437044  | 0.49 req/s  519 out-tok/s
[ 78213s] 完成 38000  成功 37999  失败 1  截断 3849  三元组 437099  | 0.49 req/s  519 out-tok/s
[ 78232s] 完成 38008  成功 38007  失败 1  截断 3850  三元组 437192  | 0.49 req/s  519 out-tok/s
[ 78249s] 完成 38017  成功 38016  失败 1  截断 3852  三元组 437310  | 0.49 req/s  519 out-tok/s
[ 78264s] 完成 38025  成功 38024  失败 1  截断 3854  三元组 437390  | 0.49 req/s  519 out-tok/s
[ 78282s] 完成 38038  成功 38037  失败 1  截断 3855  三元组 437519  | 0.49 req/s  519 out-tok/s
[ 78297s] 完成 38048  成功 38047  失败 1  截断 3858  三元组 437617  | 0.49 req/s  519 out-tok/s
[ 78316s] 完成 38050  成功 38049  失败 1  截断 3858  三元组 437641  | 0.49 req/s  519 out-tok/s
[ 78331s] 完成 38062  成功 38061  失败 1  截断 3859  三元组 437819  | 0.49 req/s  519 out-tok/s
[ 78346s] 完成 38071  成功 38070  失败 1  截断 3859  三元组 437918  | 0.49 req/s  519 out-tok/s
[ 78364s] 完成 38079  成功 38078  失败 1  截断 3859  三元组 437997  | 0.49 req/s  519 out-tok/s
[ 78383s] 完成 38087  成功 38086  失败 1  截断 3860  三元组 438108  | 0.49 req/s  519 out-tok/s
[ 78398s] 完成 38094  成功 38093  失败 1  截断 3860  三元组 438188  | 0.49 req/s  519 out-tok/s
[ 78413s] 完成 38101  成功 38100  失败 1  截断 3860  三元组 438285  | 0.49 req/s  519 out-tok/s
[ 78430s] 完成 38110  成功 38109  失败 1  截断 3860  三元组 438420  | 0.49 req/s  519 out-tok/s
[ 78449s] 完成 38120  成功 38119  失败 1  截断 3862  三元组 438533  | 0.49 req/s  519 out-tok/s
[ 78464s] 完成 38127  成功 38126  失败 1  截断 3862  三元组 438604  | 0.49 req/s  519 out-tok/s
[ 78480s] 完成 38136  成功 38135  失败 1  截断 3865  三元组 438708  | 0.49 req/s  519 out-tok/s
[ 78496s] 完成 38146  成功 38145  失败 1  截断 3865  三元组 438791  | 0.49 req/s  519 out-tok/s
[ 78511s] 完成 38155  成功 38154  失败 1  截断 3865  三元组 438884  | 0.49 req/s  519 out-tok/s
[ 78526s] 完成 38166  成功 38165  失败 1  截断 3866  三元组 439000  | 0.49 req/s  519 out-tok/s
[ 78541s] 完成 38167  成功 38166  失败 1  截断 3866  三元组 439019  | 0.49 req/s  519 out-tok/s
[ 78560s] 完成 38177  成功 38176  失败 1  截断 3867  三元组 439114  | 0.49 req/s  519 out-tok/s
[ 78575s] 完成 38182  成功 38181  失败 1  截断 3868  三元组 439165  | 0.49 req/s  519 out-tok/s
[ 78594s] 完成 38194  成功 38193  失败 1  截断 3871  三元组 439318  | 0.49 req/s  519 out-tok/s
[ 78610s] 完成 38201  成功 38200  失败 1  截断 3871  三元组 439382  | 0.49 req/s  519 out-tok/s
[ 78627s] 完成 38212  成功 38211  失败 1  截断 3871  三元组 439525  | 0.49 req/s  519 out-tok/s
[ 78643s] 完成 38217  成功 38216  失败 1  截断 3872  三元组 439596  | 0.49 req/s  519 out-tok/s
[ 78660s] 完成 38227  成功 38226  失败 1  截断 3873  三元组 439690  | 0.49 req/s  519 out-tok/s
[ 78676s] 完成 38233  成功 38232  失败 1  截断 3874  三元组 439760  | 0.49 req/s  519 out-tok/s
[ 78693s] 完成 38246  成功 38245  失败 1  截断 3875  三元组 439919  | 0.49 req/s  519 out-tok/s
[ 78709s] 完成 38257  成功 38256  失败 1  截断 3875  三元组 440058  | 0.49 req/s  519 out-tok/s
[ 78724s] 完成 38268  成功 38267  失败 1  截断 3876  三元组 440175  | 0.49 req/s  519 out-tok/s
[ 78739s] 完成 38279  成功 38278  失败 1  截断 3876  三元组 440280  | 0.49 req/s  519 out-tok/s
[ 78758s] 完成 38286  成功 38285  失败 1  截断 3876  三元组 440348  | 0.49 req/s  519 out-tok/s
[ 78773s] 完成 38300  成功 38299  失败 1  截断 3876  三元组 440480  | 0.49 req/s  519 out-tok/s
[ 78789s] 完成 38308  成功 38307  失败 1  截断 3876  三元组 440567  | 0.49 req/s  519 out-tok/s
[ 78805s] 完成 38313  成功 38312  失败 1  截断 3876  三元组 440611  | 0.49 req/s  519 out-tok/s
[ 78821s] 完成 38319  成功 38318  失败 1  截断 3876  三元组 440685  | 0.49 req/s  519 out-tok/s
[ 78840s] 完成 38330  成功 38329  失败 1  截断 3878  三元组 440819  | 0.49 req/s  519 out-tok/s
[ 78865s] 完成 38339  成功 38338  失败 1  截断 3878  三元组 440900  | 0.49 req/s  519 out-tok/s
[ 78881s] 完成 38349  成功 38348  失败 1  截断 3880  三元组 441024  | 0.49 req/s  519 out-tok/s
[ 78896s] 完成 38356  成功 38355  失败 1  截断 3881  三元组 441107  | 0.49 req/s  519 out-tok/s
[ 78913s] 完成 38364  成功 38363  失败 1  截断 3881  三元组 441184  | 0.49 req/s  519 out-tok/s
[ 78931s] 完成 38372  成功 38371  失败 1  截断 3883  三元组 441272  | 0.49 req/s  519 out-tok/s
[ 78946s] 完成 38387  成功 38386  失败 1  截断 3884  三元组 441442  | 0.49 req/s  519 out-tok/s
[ 78961s] 完成 38392  成功 38391  失败 1  截断 3885  三元组 441483  | 0.49 req/s  519 out-tok/s
[ 78976s] 完成 38401  成功 38400  失败 1  截断 3885  三元组 441549  | 0.49 req/s  519 out-tok/s
[ 78992s] 完成 38409  成功 38408  失败 1  截断 3885  三元组 441638  | 0.49 req/s  519 out-tok/s
[ 79013s] 完成 38420  成功 38419  失败 1  截断 3886  三元组 441754  | 0.49 req/s  519 out-tok/s
[ 79029s] 完成 38430  成功 38429  失败 1  截断 3888  三元组 441877  | 0.49 req/s  519 out-tok/s
[ 79044s] 完成 38439  成功 38438  失败 1  截断 3888  三元组 441960  | 0.49 req/s  519 out-tok/s
[ 79060s] 完成 38450  成功 38449  失败 1  截断 3888  三元组 442073  | 0.49 req/s  519 out-tok/s
[ 79076s] 完成 38459  成功 38458  失败 1  截断 3889  三元组 442171  | 0.49 req/s  519 out-tok/s
[ 79094s] 完成 38464  成功 38463  失败 1  截断 3890  三元组 442235  | 0.49 req/s  519 out-tok/s
[ 79109s] 完成 38475  成功 38474  失败 1  截断 3890  三元组 442350  | 0.49 req/s  519 out-tok/s
[ 79129s] 完成 38484  成功 38483  失败 1  截断 3890  三元组 442464  | 0.49 req/s  519 out-tok/s
[ 79147s] 完成 38492  成功 38491  失败 1  截断 3890  三元组 442546  | 0.49 req/s  519 out-tok/s
[ 79159s] 完成 38500  成功 38499  失败 1  截断 3891  三元组 442661  | 0.49 req/s  519 out-tok/s
[ 79176s] 完成 38508  成功 38507  失败 1  截断 3891  三元组 442739  | 0.49 req/s  519 out-tok/s
[ 79192s] 完成 38516  成功 38515  失败 1  截断 3892  三元组 442829  | 0.49 req/s  519 out-tok/s
[ 79207s] 完成 38521  成功 38520  失败 1  截断 3892  三元组 442877  | 0.49 req/s  519 out-tok/s
[ 79224s] 完成 38527  成功 38526  失败 1  截断 3893  三元组 442966  | 0.49 req/s  519 out-tok/s
[ 79243s] 完成 38534  成功 38533  失败 1  截断 3894  三元组 443068  | 0.49 req/s  519 out-tok/s
[ 79258s] 完成 38541  成功 38540  失败 1  截断 3896  三元组 443170  | 0.49 req/s  519 out-tok/s
[ 79275s] 完成 38551  成功 38550  失败 1  截断 3898  三元组 443285  | 0.49 req/s  519 out-tok/s
[ 79291s] 完成 38565  成功 38564  失败 1  截断 3898  三元组 443451  | 0.49 req/s  519 out-tok/s
[ 79306s] 完成 38572  成功 38571  失败 1  截断 3898  三元组 443511  | 0.49 req/s  519 out-tok/s
[ 79324s] 完成 38577  成功 38576  失败 1  截断 3898  三元组 443581  | 0.49 req/s  519 out-tok/s
[ 79339s] 完成 38582  成功 38581  失败 1  截断 3898  三元组 443628  | 0.49 req/s  519 out-tok/s
[ 79359s] 完成 38590  成功 38589  失败 1  截断 3900  三元组 443739  | 0.49 req/s  519 out-tok/s
[ 79375s] 完成 38597  成功 38596  失败 1  截断 3901  三元组 443820  | 0.49 req/s  519 out-tok/s
[ 79390s] 完成 38605  成功 38604  失败 1  截断 3901  三元组 443946  | 0.49 req/s  519 out-tok/s
[ 79405s] 完成 38614  成功 38613  失败 1  截断 3901  三元组 444066  | 0.49 req/s  519 out-tok/s
[ 79422s] 完成 38623  成功 38622  失败 1  截断 3902  三元组 444163  | 0.49 req/s  519 out-tok/s
[ 79437s] 完成 38631  成功 38630  失败 1  截断 3903  三元组 444245  | 0.49 req/s  519 out-tok/s
[ 79452s] 完成 38639  成功 38638  失败 1  截断 3904  三元组 444307  | 0.49 req/s  519 out-tok/s
[ 79469s] 完成 38645  成功 38644  失败 1  截断 3904  三元组 444379  | 0.49 req/s  519 out-tok/s
[ 79484s] 完成 38653  成功 38652  失败 1  截断 3905  三元组 444478  | 0.49 req/s  519 out-tok/s
[ 79504s] 完成 38663  成功 38662  失败 1  截断 3905  三元组 444604  | 0.49 req/s  519 out-tok/s
[ 79520s] 完成 38671  成功 38670  失败 1  截断 3905  三元组 444690  | 0.49 req/s  519 out-tok/s
[ 79536s] 完成 38678  成功 38677  失败 1  截断 3906  三元组 444790  | 0.49 req/s  519 out-tok/s
[ 79551s] 完成 38688  成功 38687  失败 1  截断 3907  三元组 444897  | 0.49 req/s  519 out-tok/s
[ 79569s] 完成 38696  成功 38695  失败 1  截断 3907  三元组 444969  | 0.49 req/s  519 out-tok/s
[ 79585s] 完成 38703  成功 38702  失败 1  截断 3909  三元组 445053  | 0.49 req/s  519 out-tok/s
[ 79600s] 完成 38709  成功 38708  失败 1  截断 3909  三元组 445116  | 0.49 req/s  519 out-tok/s
[ 79616s] 完成 38716  成功 38715  失败 1  截断 3910  三元组 445199  | 0.49 req/s  519 out-tok/s
[ 79635s] 完成 38726  成功 38725  失败 1  截断 3911  三元组 445314  | 0.49 req/s  519 out-tok/s
[ 79650s] 完成 38737  成功 38736  失败 1  截断 3911  三元组 445429  | 0.49 req/s  519 out-tok/s
[ 79665s] 完成 38744  成功 38743  失败 1  截断 3913  三元组 445506  | 0.49 req/s  519 out-tok/s
[ 79682s] 完成 38750  成功 38749  失败 1  截断 3913  三元组 445563  | 0.49 req/s  519 out-tok/s
[ 79697s] 完成 38759  成功 38758  失败 1  截断 3914  三元组 445670  | 0.49 req/s  519 out-tok/s
[ 79717s] 完成 38768  成功 38767  失败 1  截断 3916  三元组 445786  | 0.49 req/s  519 out-tok/s
[ 79732s] 完成 38773  成功 38772  失败 1  截断 3916  三元组 445836  | 0.49 req/s  519 out-tok/s
[ 79750s] 完成 38786  成功 38785  失败 1  截断 3917  三元组 445980  | 0.49 req/s  519 out-tok/s
[ 79770s] 完成 38793  成功 38792  失败 1  截断 3918  三元组 446055  | 0.49 req/s  519 out-tok/s
[ 79786s] 完成 38800  成功 38799  失败 1  截断 3920  三元组 446120  | 0.49 req/s  519 out-tok/s
[ 79805s] 完成 38811  成功 38810  失败 1  截断 3920  三元组 446248  | 0.49 req/s  519 out-tok/s
[ 79822s] 完成 38820  成功 38819  失败 1  截断 3920  三元组 446349  | 0.49 req/s  519 out-tok/s
[ 79842s] 完成 38827  成功 38826  失败 1  截断 3922  三元组 446415  | 0.49 req/s  519 out-tok/s
[ 79862s] 完成 38835  成功 38834  失败 1  截断 3924  三元组 446564  | 0.49 req/s  519 out-tok/s
[ 79881s] 完成 38844  成功 38843  失败 1  截断 3924  三元组 446678  | 0.49 req/s  519 out-tok/s
[ 79899s] 完成 38854  成功 38853  失败 1  截断 3924  三元组 446825  | 0.49 req/s  519 out-tok/s
[ 79915s] 完成 38861  成功 38860  失败 1  截断 3924  三元组 446896  | 0.49 req/s  519 out-tok/s
[ 79933s] 完成 38870  成功 38869  失败 1  截断 3926  三元组 447030  | 0.49 req/s  519 out-tok/s
[ 79955s] 完成 38878  成功 38877  失败 1  截断 3926  三元组 447112  | 0.49 req/s  519 out-tok/s
[ 79973s] 完成 38883  成功 38882  失败 1  截断 3926  三元组 447156  | 0.49 req/s  519 out-tok/s
[ 79989s] 完成 38891  成功 38890  失败 1  截断 3927  三元组 447257  | 0.49 req/s  519 out-tok/s
[ 80005s] 完成 38897  成功 38896  失败 1  截断 3927  三元组 447337  | 0.49 req/s  519 out-tok/s
[ 80020s] 完成 38907  成功 38906  失败 1  截断 3928  三元组 447483  | 0.49 req/s  519 out-tok/s
[ 80039s] 完成 38911  成功 38910  失败 1  截断 3929  三元组 447508  | 0.49 req/s  519 out-tok/s
[ 80057s] 完成 38922  成功 38921  失败 1  截断 3931  三元组 447633  | 0.49 req/s  519 out-tok/s
[ 80075s] 完成 38929  成功 38928  失败 1  截断 3932  三元组 447696  | 0.49 req/s  519 out-tok/s
[ 80092s] 完成 38937  成功 38936  失败 1  截断 3933  三元组 447784  | 0.49 req/s  519 out-tok/s
[ 80107s] 完成 38945  成功 38944  失败 1  截断 3934  三元组 447891  | 0.49 req/s  519 out-tok/s
[ 80133s] 完成 38953  成功 38952  失败 1  截断 3934  三元组 447992  | 0.49 req/s  519 out-tok/s
[ 80151s] 完成 38963  成功 38962  失败 1  截断 3936  三元组 448113  | 0.49 req/s  519 out-tok/s
[ 80169s] 完成 38971  成功 38970  失败 1  截断 3938  三元组 448220  | 0.49 req/s  519 out-tok/s
[ 80188s] 完成 38979  成功 38978  失败 1  截断 3939  三元组 448324  | 0.49 req/s  519 out-tok/s
[ 80203s] 完成 38988  成功 38987  失败 1  截断 3940  三元组 448400  | 0.49 req/s  519 out-tok/s
[ 80221s] 完成 38995  成功 38994  失败 1  截断 3940  三元组 448502  | 0.49 req/s  519 out-tok/s
[ 80236s] 完成 39000  成功 38999  失败 1  截断 3942  三元组 448558  | 0.49 req/s  519 out-tok/s
[ 80253s] 完成 39006  成功 39005  失败 1  截断 3943  三元组 448635  | 0.49 req/s  519 out-tok/s
[ 80270s] 完成 39018  成功 39017  失败 1  截断 3943  三元组 448779  | 0.49 req/s  519 out-tok/s
[ 80293s] 完成 39023  成功 39022  失败 1  截断 3943  三元组 448851  | 0.49 req/s  519 out-tok/s
[ 80310s] 完成 39034  成功 39033  失败 1  截断 3946  三元组 448993  | 0.49 req/s  519 out-tok/s
[ 80326s] 完成 39041  成功 39040  失败 1  截断 3947  三元组 449065  | 0.49 req/s  519 out-tok/s
[ 80344s] 完成 39048  成功 39047  失败 1  截断 3948  三元组 449150  | 0.49 req/s  519 out-tok/s
[ 80361s] 完成 39057  成功 39056  失败 1  截断 3949  三元组 449264  | 0.49 req/s  519 out-tok/s
[ 80377s] 完成 39066  成功 39065  失败 1  截断 3949  三元组 449364  | 0.49 req/s  519 out-tok/s
[ 80397s] 完成 39074  成功 39073  失败 1  截断 3951  三元组 449435  | 0.49 req/s  519 out-tok/s
[ 80416s] 完成 39080  成功 39079  失败 1  截断 3952  三元组 449502  | 0.49 req/s  519 out-tok/s
[ 80432s] 完成 39090  成功 39089  失败 1  截断 3953  三元组 449625  | 0.49 req/s  519 out-tok/s
[ 80454s] 完成 39100  成功 39099  失败 1  截断 3954  三元组 449739  | 0.49 req/s  519 out-tok/s
[ 80471s] 完成 39107  成功 39106  失败 1  截断 3956  三元组 449856  | 0.49 req/s  519 out-tok/s
[ 80487s] 完成 39116  成功 39115  失败 1  截断 3956  三元组 449972  | 0.49 req/s  519 out-tok/s
[ 80505s] 完成 39120  成功 39119  失败 1  截断 3956  三元组 450016  | 0.49 req/s  519 out-tok/s
[ 80522s] 完成 39133  成功 39132  失败 1  截断 3957  三元组 450189  | 0.49 req/s  519 out-tok/s
[ 80540s] 完成 39139  成功 39138  失败 1  截断 3958  三元组 450252  | 0.49 req/s  519 out-tok/s
[ 80558s] 完成 39149  成功 39148  失败 1  截断 3959  三元组 450375  | 0.49 req/s  519 out-tok/s
[ 80574s] 完成 39157  成功 39156  失败 1  截断 3959  三元组 450456  | 0.49 req/s  519 out-tok/s
[ 80589s] 完成 39164  成功 39163  失败 1  截断 3961  三元组 450547  | 0.49 req/s  519 out-tok/s
[ 80605s] 完成 39170  成功 39169  失败 1  截断 3964  三元组 450601  | 0.49 req/s  519 out-tok/s
[ 80621s] 完成 39181  成功 39180  失败 1  截断 3964  三元组 450751  | 0.49 req/s  519 out-tok/s
[ 80638s] 完成 39189  成功 39188  失败 1  截断 3964  三元组 450833  | 0.49 req/s  519 out-tok/s
[ 80654s] 完成 39196  成功 39195  失败 1  截断 3965  三元组 450948  | 0.49 req/s  519 out-tok/s
[ 80672s] 完成 39201  成功 39200  失败 1  截断 3966  三元组 450996  | 0.49 req/s  519 out-tok/s
[ 80691s] 完成 39209  成功 39208  失败 1  截断 3966  三元组 451087  | 0.49 req/s  519 out-tok/s
[ 80706s] 完成 39216  成功 39215  失败 1  截断 3967  三元组 451179  | 0.49 req/s  519 out-tok/s
[ 80722s] 完成 39225  成功 39224  失败 1  截断 3968  三元组 451298  | 0.49 req/s  519 out-tok/s
[ 80741s] 完成 39236  成功 39235  失败 1  截断 3970  三元组 451404  | 0.49 req/s  519 out-tok/s
[ 80757s] 完成 39241  成功 39240  失败 1  截断 3970  三元组 451455  | 0.49 req/s  519 out-tok/s
[ 80774s] 完成 39247  成功 39246  失败 1  截断 3970  三元组 451524  | 0.49 req/s  519 out-tok/s
[ 80794s] 完成 39255  成功 39254  失败 1  截断 3971  三元组 451616  | 0.49 req/s  519 out-tok/s
[ 80811s] 完成 39265  成功 39264  失败 1  截断 3973  三元组 451756  | 0.49 req/s  519 out-tok/s
[ 80826s] 完成 39276  成功 39275  失败 1  截断 3973  三元组 451879  | 0.49 req/s  519 out-tok/s
[ 80843s] 完成 39284  成功 39283  失败 1  截断 3974  三元组 451959  | 0.49 req/s  519 out-tok/s
[ 80861s] 完成 39292  成功 39291  失败 1  截断 3974  三元组 452024  | 0.49 req/s  519 out-tok/s
[ 80877s] 完成 39300  成功 39299  失败 1  截断 3975  三元组 452112  | 0.49 req/s  519 out-tok/s
[ 80892s] 完成 39306  成功 39305  失败 1  截断 3976  三元组 452196  | 0.49 req/s  519 out-tok/s
[ 80910s] 完成 39313  成功 39312  失败 1  截断 3976  三元组 452275  | 0.49 req/s  519 out-tok/s
[ 80926s] 完成 39319  成功 39318  失败 1  截断 3976  三元组 452343  | 0.49 req/s  519 out-tok/s
[ 80942s] 完成 39329  成功 39328  失败 1  截断 3977  三元组 452456  | 0.49 req/s  519 out-tok/s
[ 80960s] 完成 39339  成功 39338  失败 1  截断 3977  三元组 452547  | 0.49 req/s  519 out-tok/s
[ 80983s] 完成 39349  成功 39348  失败 1  截断 3979  三元组 452682  | 0.49 req/s  519 out-tok/s
[ 80998s] 完成 39355  成功 39354  失败 1  截断 3980  三元组 452764  | 0.49 req/s  519 out-tok/s
[ 81014s] 完成 39360  成功 39359  失败 1  截断 3981  三元组 452818  | 0.49 req/s  519 out-tok/s
[ 81032s] 完成 39368  成功 39367  失败 1  截断 3983  三元组 452894  | 0.49 req/s  519 out-tok/s
[ 81048s] 完成 39377  成功 39376  失败 1  截断 3984  三元组 452973  | 0.49 req/s  519 out-tok/s
[ 81068s] 完成 39381  成功 39380  失败 1  截断 3984  三元组 453026  | 0.49 req/s  519 out-tok/s
[ 81084s] 完成 39390  成功 39389  失败 1  截断 3985  三元组 453140  | 0.49 req/s  519 out-tok/s
[ 81102s] 完成 39403  成功 39402  失败 1  截断 3988  三元组 453286  | 0.49 req/s  519 out-tok/s
[ 81118s] 完成 39410  成功 39409  失败 1  截断 3989  三元组 453389  | 0.49 req/s  519 out-tok/s
[ 81135s] 完成 39419  成功 39418  失败 1  截断 3990  三元组 453472  | 0.49 req/s  519 out-tok/s
[ 81154s] 完成 39428  成功 39427  失败 1  截断 3991  三元组 453577  | 0.49 req/s  519 out-tok/s
[ 81170s] 完成 39435  成功 39434  失败 1  截断 3991  三元组 453642  | 0.49 req/s  519 out-tok/s
[ 81186s] 完成 39446  成功 39445  失败 1  截断 3992  三元组 453761  | 0.49 req/s  519 out-tok/s
[ 81209s] 完成 39454  成功 39453  失败 1  截断 3993  三元组 453857  | 0.49 req/s  519 out-tok/s
[ 81225s] 完成 39461  成功 39460  失败 1  截断 3993  三元组 453953  | 0.49 req/s  519 out-tok/s
[ 81241s] 完成 39472  成功 39471  失败 1  截断 3995  三元组 454097  | 0.49 req/s  519 out-tok/s
[ 81260s] 完成 39479  成功 39478  失败 1  截断 3995  三元组 454150  | 0.49 req/s  519 out-tok/s
[ 81277s] 完成 39491  成功 39490  失败 1  截断 3996  三元组 454286  | 0.49 req/s  519 out-tok/s
[ 81293s] 完成 39497  成功 39496  失败 1  截断 3996  三元组 454360  | 0.49 req/s  519 out-tok/s
[ 81299s] 完成 39500  成功 39499  失败 1  截断 3996  三元组 454401  | 0.49 req/s  519 out-tok/s
[ 81314s] 完成 39506  成功 39505  失败 1  截断 3997  三元组 454474  | 0.49 req/s  519 out-tok/s
[ 81330s] 完成 39515  成功 39514  失败 1  截断 3999  三元组 454599  | 0.49 req/s  519 out-tok/s
[ 81350s] 完成 39522  成功 39521  失败 1  截断 3999  三元组 454683  | 0.49 req/s  519 out-tok/s
[ 81370s] 完成 39528  成功 39527  失败 1  截断 4000  三元组 454777  | 0.49 req/s  519 out-tok/s
[ 81385s] 完成 39537  成功 39536  失败 1  截断 4000  三元组 454894  | 0.49 req/s  519 out-tok/s
[ 81403s] 完成 39546  成功 39545  失败 1  截断 4001  三元组 454993  | 0.49 req/s  519 out-tok/s
[ 81419s] 完成 39555  成功 39554  失败 1  截断 4003  三元组 455103  | 0.49 req/s  519 out-tok/s
[ 81434s] 完成 39562  成功 39561  失败 1  截断 4003  三元组 455162  | 0.49 req/s  519 out-tok/s
[ 81451s] 完成 39572  成功 39571  失败 1  截断 4004  三元组 455267  | 0.49 req/s  519 out-tok/s
[ 81466s] 完成 39578  成功 39577  失败 1  截断 4004  三元组 455335  | 0.49 req/s  519 out-tok/s
[ 81482s] 完成 39585  成功 39584  失败 1  截断 4005  三元组 455425  | 0.49 req/s  519 out-tok/s
[ 81497s] 完成 39591  成功 39590  失败 1  截断 4005  三元组 455483  | 0.49 req/s  519 out-tok/s
[ 81515s] 完成 39601  成功 39600  失败 1  截断 4005  三元组 455576  | 0.49 req/s  519 out-tok/s
[ 81530s] 完成 39608  成功 39607  失败 1  截断 4005  三元组 455642  | 0.49 req/s  519 out-tok/s
[ 81547s] 完成 39615  成功 39614  失败 1  截断 4007  三元组 455718  | 0.49 req/s  519 out-tok/s
[ 81564s] 完成 39620  成功 39619  失败 1  截断 4008  三元组 455771  | 0.49 req/s  519 out-tok/s
[ 81581s] 完成 39628  成功 39627  失败 1  截断 4008  三元组 455869  | 0.49 req/s  519 out-tok/s
[ 81597s] 完成 39636  成功 39635  失败 1  截断 4010  三元组 455992  | 0.49 req/s  519 out-tok/s
[ 81619s] 完成 39644  成功 39643  失败 1  截断 4011  三元组 456067  | 0.49 req/s  519 out-tok/s
[ 81634s] 完成 39652  成功 39651  失败 1  截断 4013  三元组 456163  | 0.49 req/s  519 out-tok/s
[ 81652s] 完成 39660  成功 39659  失败 1  截断 4014  三元组 456248  | 0.49 req/s  519 out-tok/s
[ 81675s] 完成 39676  成功 39675  失败 1  截断 4018  三元组 456477  | 0.49 req/s  519 out-tok/s
[ 81692s] 完成 39688  成功 39687  失败 1  截断 4018  三元组 456597  | 0.49 req/s  519 out-tok/s
[ 81707s] 完成 39696  成功 39695  失败 1  截断 4018  三元组 456688  | 0.49 req/s  519 out-tok/s
[ 81725s] 完成 39705  成功 39704  失败 1  截断 4018  三元组 456767  | 0.49 req/s  519 out-tok/s
[ 81745s] 完成 39713  成功 39712  失败 1  截断 4018  三元组 456846  | 0.49 req/s  519 out-tok/s
[ 81764s] 完成 39723  成功 39722  失败 1  截断 4018  三元组 456963  | 0.49 req/s  519 out-tok/s
[ 81780s] 完成 39729  成功 39728  失败 1  截断 4018  三元组 457026  | 0.49 req/s  519 out-tok/s
[ 81796s] 完成 39738  成功 39737  失败 1  截断 4019  三元组 457120  | 0.49 req/s  519 out-tok/s
[ 81812s] 完成 39746  成功 39745  失败 1  截断 4019  三元组 457219  | 0.49 req/s  519 out-tok/s
[ 81827s] 完成 39755  成功 39754  失败 1  截断 4020  三元组 457310  | 0.49 req/s  519 out-tok/s
[ 81845s] 完成 39764  成功 39763  失败 1  截断 4021  三元组 457388  | 0.49 req/s  519 out-tok/s
[ 81863s] 完成 39776  成功 39775  失败 1  截断 4024  三元组 457515  | 0.49 req/s  519 out-tok/s
[ 81878s] 完成 39784  成功 39783  失败 1  截断 4024  三元组 457580  | 0.49 req/s  519 out-tok/s
[ 81895s] 完成 39791  成功 39790  失败 1  截断 4024  三元组 457660  | 0.49 req/s  519 out-tok/s
[ 81911s] 完成 39798  成功 39797  失败 1  截断 4024  三元组 457723  | 0.49 req/s  519 out-tok/s
[ 81929s] 完成 39805  成功 39804  失败 1  截断 4024  三元组 457796  | 0.49 req/s  519 out-tok/s
[ 81948s] 完成 39812  成功 39811  失败 1  截断 4025  三元组 457872  | 0.49 req/s  519 out-tok/s
[ 81966s] 完成 39821  成功 39820  失败 1  截断 4027  三元组 457949  | 0.49 req/s  519 out-tok/s
[ 81983s] 完成 39826  成功 39825  失败 1  截断 4028  三元组 458026  | 0.49 req/s  519 out-tok/s
[ 81998s] 完成 39835  成功 39834  失败 1  截断 4030  三元组 458119  | 0.49 req/s  519 out-tok/s
[ 82016s] 完成 39840  成功 39839  失败 1  截断 4030  三元组 458187  | 0.49 req/s  519 out-tok/s
[ 82032s] 完成 39848  成功 39847  失败 1  截断 4033  三元组 458288  | 0.49 req/s  519 out-tok/s
[ 82051s] 完成 39860  成功 39859  失败 1  截断 4034  三元组 458440  | 0.49 req/s  519 out-tok/s
[ 82070s] 完成 39867  成功 39866  失败 1  截断 4036  三元组 458503  | 0.49 req/s  519 out-tok/s
[ 82086s] 完成 39875  成功 39874  失败 1  截断 4037  三元组 458621  | 0.49 req/s  519 out-tok/s
[ 82102s] 完成 39884  成功 39883  失败 1  截断 4037  三元组 458714  | 0.49 req/s  519 out-tok/s
[ 82120s] 完成 39891  成功 39890  失败 1  截断 4038  三元组 458787  | 0.49 req/s  519 out-tok/s
[ 82141s] 完成 39897  成功 39896  失败 1  截断 4038  三元组 458854  | 0.49 req/s  519 out-tok/s
[ 82157s] 完成 39908  成功 39907  失败 1  截断 4039  三元组 458974  | 0.49 req/s  519 out-tok/s
[ 82173s] 完成 39918  成功 39917  失败 1  截断 4041  三元组 459082  | 0.49 req/s  519 out-tok/s
[ 82189s] 完成 39925  成功 39924  失败 1  截断 4042  三元组 459147  | 0.49 req/s  519 out-tok/s
[ 82204s] 完成 39931  成功 39930  失败 1  截断 4044  三元组 459212  | 0.49 req/s  519 out-tok/s
[ 82220s] 完成 39938  成功 39937  失败 1  截断 4044  三元组 459307  | 0.49 req/s  519 out-tok/s
[ 82236s] 完成 39946  成功 39945  失败 1  截断 4045  三元组 459403  | 0.49 req/s  519 out-tok/s
[ 82254s] 完成 39958  成功 39957  失败 1  截断 4047  三元组 459544  | 0.49 req/s  519 out-tok/s
[ 82272s] 完成 39967  成功 39966  失败 1  截断 4047  三元组 459651  | 0.49 req/s  519 out-tok/s
[ 82287s] 完成 39977  成功 39976  失败 1  截断 4047  三元组 459755  | 0.49 req/s  519 out-tok/s
[ 82306s] 完成 39983  成功 39982  失败 1  截断 4047  三元组 459818  | 0.49 req/s  519 out-tok/s
[ 82325s] 完成 39997  成功 39996  失败 1  截断 4048  三元组 459976  | 0.49 req/s  519 out-tok/s
[ 82333s] 完成 40000  成功 39999  失败 1  截断 4048  三元组 460007  | 0.49 req/s  519 out-tok/s
[ 82348s] 完成 40009  成功 40008  失败 1  截断 4049  三元组 460092  | 0.49 req/s  519 out-tok/s
[ 82364s] 完成 40018  成功 40017  失败 1  截断 4050  三元组 460201  | 0.49 req/s  519 out-tok/s
[ 82380s] 完成 40030  成功 40029  失败 1  截断 4050  三元组 460322  | 0.49 req/s  519 out-tok/s
[ 82399s] 完成 40035  成功 40034  失败 1  截断 4050  三元组 460371  | 0.49 req/s  519 out-tok/s
[ 82420s] 完成 40044  成功 40043  失败 1  截断 4050  三元组 460461  | 0.49 req/s  519 out-tok/s
[ 82439s] 完成 40056  成功 40055  失败 1  截断 4051  三元组 460622  | 0.49 req/s  519 out-tok/s
[ 82456s] 完成 40063  成功 40062  失败 1  截断 4053  三元组 460691  | 0.49 req/s  519 out-tok/s
[ 82473s] 完成 40070  成功 40069  失败 1  截断 4054  三元组 460780  | 0.49 req/s  519 out-tok/s
[ 82493s] 完成 40082  成功 40081  失败 1  截断 4055  三元组 460938  | 0.49 req/s  519 out-tok/s
[ 82511s] 完成 40091  成功 40090  失败 1  截断 4055  三元组 461010  | 0.49 req/s  519 out-tok/s
[ 82527s] 完成 40097  成功 40096  失败 1  截断 4056  三元组 461083  | 0.49 req/s  519 out-tok/s
[ 82542s] 完成 40105  成功 40104  失败 1  截断 4056  三元组 461169  | 0.49 req/s  519 out-tok/s
[ 82560s] 完成 40113  成功 40112  失败 1  截断 4057  三元组 461257  | 0.49 req/s  519 out-tok/s
[ 82576s] 完成 40124  成功 40123  失败 1  截断 4059  三元组 461368  | 0.49 req/s  519 out-tok/s
[ 82593s] 完成 40131  成功 40130  失败 1  截断 4062  三元组 461457  | 0.49 req/s  519 out-tok/s
[ 82610s] 完成 40140  成功 40139  失败 1  截断 4062  三元组 461564  | 0.49 req/s  519 out-tok/s
[ 82625s] 完成 40149  成功 40148  失败 1  截断 4063  三元组 461655  | 0.49 req/s  519 out-tok/s
[ 82641s] 完成 40157  成功 40156  失败 1  截断 4063  三元组 461753  | 0.49 req/s  519 out-tok/s
[ 82656s] 完成 40162  成功 40161  失败 1  截断 4063  三元组 461812  | 0.49 req/s  519 out-tok/s
[ 82673s] 完成 40172  成功 40171  失败 1  截断 4064  三元组 461949  | 0.49 req/s  519 out-tok/s
[ 82690s] 完成 40176  成功 40175  失败 1  截断 4064  三元组 461991  | 0.49 req/s  519 out-tok/s
[ 82706s] 完成 40183  成功 40182  失败 1  截断 4065  三元组 462078  | 0.49 req/s  519 out-tok/s
[ 82722s] 完成 40191  成功 40190  失败 1  截断 4065  三元组 462179  | 0.49 req/s  519 out-tok/s
[ 82739s] 完成 40197  成功 40196  失败 1  截断 4066  三元组 462235  | 0.49 req/s  519 out-tok/s
[ 82756s] 完成 40203  成功 40202  失败 1  截断 4066  三元组 462298  | 0.49 req/s  519 out-tok/s
[ 82773s] 完成 40213  成功 40212  失败 1  截断 4069  三元组 462389  | 0.49 req/s  519 out-tok/s
[ 82788s] 完成 40223  成功 40222  失败 1  截断 4072  三元组 462523  | 0.49 req/s  519 out-tok/s
[ 82804s] 完成 40232  成功 40231  失败 1  截断 4072  三元组 462598  | 0.49 req/s  519 out-tok/s
[ 82820s] 完成 40239  成功 40238  失败 1  截断 4073  三元组 462687  | 0.49 req/s  519 out-tok/s
[ 82840s] 完成 40247  成功 40246  失败 1  截断 4073  三元组 462766  | 0.49 req/s  519 out-tok/s
[ 82857s] 完成 40260  成功 40259  失败 1  截断 4075  三元组 462904  | 0.49 req/s  519 out-tok/s
[ 82872s] 完成 40268  成功 40267  失败 1  截断 4075  三元组 462981  | 0.49 req/s  519 out-tok/s
[ 82887s] 完成 40275  成功 40274  失败 1  截断 4076  三元组 463065  | 0.49 req/s  519 out-tok/s
[ 82903s] 完成 40284  成功 40283  失败 1  截断 4077  三元组 463135  | 0.49 req/s  519 out-tok/s
[ 82927s] 完成 40292  成功 40291  失败 1  截断 4078  三元组 463204  | 0.49 req/s  519 out-tok/s
[ 82942s] 完成 40305  成功 40304  失败 1  截断 4078  三元组 463387  | 0.49 req/s  519 out-tok/s
[ 82957s] 完成 40309  成功 40308  失败 1  截断 4078  三元组 463439  | 0.49 req/s  519 out-tok/s
[ 82977s] 完成 40315  成功 40314  失败 1  截断 4078  三元组 463501  | 0.49 req/s  519 out-tok/s
[ 82992s] 完成 40321  成功 40320  失败 1  截断 4079  三元组 463563  | 0.49 req/s  519 out-tok/s
[ 83009s] 完成 40326  成功 40325  失败 1  截断 4081  三元组 463642  | 0.49 req/s  519 out-tok/s
[ 83025s] 完成 40329  成功 40328  失败 1  截断 4082  三元组 463695  | 0.49 req/s  519 out-tok/s
[ 83043s] 完成 40340  成功 40339  失败 1  截断 4083  三元组 463842  | 0.49 req/s  519 out-tok/s
[ 83058s] 完成 40350  成功 40349  失败 1  截断 4083  三元组 463953  | 0.49 req/s  519 out-tok/s
[ 83073s] 完成 40359  成功 40358  失败 1  截断 4086  三元组 464040  | 0.49 req/s  519 out-tok/s
[ 83090s] 完成 40367  成功 40366  失败 1  截断 4087  三元组 464126  | 0.49 req/s  519 out-tok/s
[ 83110s] 完成 40371  成功 40370  失败 1  截断 4088  三元组 464169  | 0.49 req/s  519 out-tok/s
[ 83125s] 完成 40379  成功 40378  失败 1  截断 4088  三元组 464281  | 0.49 req/s  519 out-tok/s
[ 83142s] 完成 40388  成功 40387  失败 1  截断 4090  三元组 464408  | 0.49 req/s  519 out-tok/s
[ 83157s] 完成 40395  成功 40394  失败 1  截断 4091  三元组 464483  | 0.49 req/s  519 out-tok/s
[ 83173s] 完成 40402  成功 40401  失败 1  截断 4091  三元组 464543  | 0.49 req/s  519 out-tok/s
[ 83189s] 完成 40410  成功 40409  失败 1  截断 4092  三元组 464661  | 0.49 req/s  519 out-tok/s
[ 83207s] 完成 40419  成功 40418  失败 1  截断 4093  三元组 464780  | 0.49 req/s  519 out-tok/s
[ 83224s] 完成 40432  成功 40431  失败 1  截断 4093  三元组 464919  | 0.49 req/s  519 out-tok/s
[ 83240s] 完成 40438  成功 40437  失败 1  截断 4093  三元组 464988  | 0.49 req/s  519 out-tok/s
[ 83257s] 完成 40444  成功 40443  失败 1  截断 4093  三元组 465051  | 0.49 req/s  519 out-tok/s
[ 83282s] 完成 40454  成功 40453  失败 1  截断 4093  三元组 465172  | 0.49 req/s  519 out-tok/s
[ 83299s] 完成 40464  成功 40463  失败 1  截断 4094  三元组 465291  | 0.49 req/s  519 out-tok/s
[ 83314s] 完成 40474  成功 40473  失败 1  截断 4095  三元组 465415  | 0.49 req/s  519 out-tok/s
[ 83330s] 完成 40480  成功 40479  失败 1  截断 4095  三元组 465478  | 0.49 req/s  519 out-tok/s
[ 83350s] 完成 40487  成功 40486  失败 1  截断 4096  三元组 465586  | 0.49 req/s  519 out-tok/s
[ 83368s] 完成 40495  成功 40494  失败 1  截断 4096  三元组 465710  | 0.49 req/s  519 out-tok/s
[ 83378s] 完成 40500  成功 40499  失败 1  截断 4096  三元组 465752  | 0.49 req/s  519 out-tok/s
[ 83393s] 完成 40509  成功 40508  失败 1  截断 4096  三元组 465875  | 0.49 req/s  519 out-tok/s
[ 83409s] 完成 40517  成功 40516  失败 1  截断 4098  三元组 465967  | 0.49 req/s  519 out-tok/s
[ 83429s] 完成 40527  成功 40526  失败 1  截断 4100  三元组 466073  | 0.49 req/s  519 out-tok/s
[ 83444s] 完成 40538  成功 40537  失败 1  截断 4101  三元组 466210  | 0.49 req/s  519 out-tok/s
[ 83462s] 完成 40547  成功 40546  失败 1  截断 4101  三元组 466304  | 0.49 req/s  519 out-tok/s
[ 83479s] 完成 40554  成功 40553  失败 1  截断 4101  三元组 466378  | 0.49 req/s  519 out-tok/s
[ 83494s] 完成 40563  成功 40562  失败 1  截断 4102  三元组 466445  | 0.49 req/s  519 out-tok/s
[ 83510s] 完成 40571  成功 40570  失败 1  截断 4102  三元组 466524  | 0.49 req/s  519 out-tok/s
[ 83529s] 完成 40576  成功 40575  失败 1  截断 4103  三元组 466561  | 0.49 req/s  519 out-tok/s
[ 83544s] 完成 40583  成功 40582  失败 1  截断 4103  三元组 466652  | 0.49 req/s  519 out-tok/s
[ 83559s] 完成 40589  成功 40588  失败 1  截断 4103  三元组 466720  | 0.49 req/s  519 out-tok/s
[ 83577s] 完成 40595  成功 40594  失败 1  截断 4105  三元组 466807  | 0.49 req/s  519 out-tok/s
[ 83593s] 完成 40603  成功 40602  失败 1  截断 4108  三元组 466948  | 0.49 req/s  519 out-tok/s
[ 83608s] 完成 40613  成功 40612  失败 1  截断 4109  三元组 467055  | 0.49 req/s  519 out-tok/s
[ 83626s] 完成 40622  成功 40621  失败 1  截断 4109  三元组 467193  | 0.49 req/s  519 out-tok/s
[ 83643s] 完成 40631  成功 40630  失败 1  截断 4110  三元组 467279  | 0.49 req/s  519 out-tok/s
[ 83660s] 完成 40638  成功 40637  失败 1  截断 4110  三元组 467348  | 0.49 req/s  519 out-tok/s
[ 83677s] 完成 40647  成功 40646  失败 1  截断 4111  三元组 467434  | 0.49 req/s  519 out-tok/s
[ 83695s] 完成 40655  成功 40654  失败 1  截断 4111  三元组 467527  | 0.49 req/s  519 out-tok/s
[ 83710s] 完成 40664  成功 40663  失败 1  截断 4114  三元组 467650  | 0.49 req/s  519 out-tok/s
[ 83726s] 完成 40669  成功 40668  失败 1  截断 4114  三元组 467708  | 0.49 req/s  519 out-tok/s
[ 83744s] 完成 40676  成功 40675  失败 1  截断 4115  三元组 467814  | 0.49 req/s  519 out-tok/s
[ 83759s] 完成 40684  成功 40683  失败 1  截断 4115  三元组 467910  | 0.49 req/s  519 out-tok/s
[ 83774s] 完成 40694  成功 40693  失败 1  截断 4116  三元组 467990  | 0.49 req/s  519 out-tok/s
[ 83789s] 完成 40705  成功 40704  失败 1  截断 4117  三元组 468098  | 0.49 req/s  519 out-tok/s
[ 83805s] 完成 40708  成功 40707  失败 1  截断 4117  三元组 468125  | 0.49 req/s  519 out-tok/s
[ 83821s] 完成 40718  成功 40717  失败 1  截断 4117  三元组 468233  | 0.49 req/s  519 out-tok/s
[ 83841s] 完成 40726  成功 40725  失败 1  截断 4120  三元组 468338  | 0.49 req/s  519 out-tok/s
[ 83856s] 完成 40733  成功 40732  失败 1  截断 4120  三元组 468421  | 0.49 req/s  519 out-tok/s
[ 83871s] 完成 40743  成功 40742  失败 1  截断 4122  三元组 468533  | 0.49 req/s  519 out-tok/s
[ 83887s] 完成 40751  成功 40750  失败 1  截断 4122  三元组 468645  | 0.49 req/s  519 out-tok/s
[ 83906s] 完成 40760  成功 40759  失败 1  截断 4122  三元组 468733  | 0.49 req/s  519 out-tok/s
[ 83922s] 完成 40767  成功 40766  失败 1  截断 4122  三元组 468811  | 0.49 req/s  519 out-tok/s
[ 83938s] 完成 40778  成功 40777  失败 1  截断 4124  三元组 468953  | 0.49 req/s  519 out-tok/s
[ 83957s] 完成 40785  成功 40784  失败 1  截断 4124  三元组 469030  | 0.49 req/s  519 out-tok/s
[ 83973s] 完成 40794  成功 40793  失败 1  截断 4125  三元组 469136  | 0.49 req/s  519 out-tok/s
[ 83988s] 完成 40799  成功 40798  失败 1  截断 4126  三元组 469182  | 0.49 req/s  519 out-tok/s
[ 84007s] 完成 40807  成功 40806  失败 1  截断 4127  三元组 469262  | 0.49 req/s  519 out-tok/s
[ 84022s] 完成 40817  成功 40816  失败 1  截断 4127  三元组 469363  | 0.49 req/s  519 out-tok/s
[ 84040s] 完成 40828  成功 40827  失败 1  截断 4127  三元组 469480  | 0.49 req/s  519 out-tok/s
[ 84057s] 完成 40835  成功 40834  失败 1  截断 4129  三元组 469554  | 0.49 req/s  519 out-tok/s
[ 84074s] 完成 40844  成功 40843  失败 1  截断 4129  三元组 469668  | 0.49 req/s  519 out-tok/s
[ 84089s] 完成 40852  成功 40851  失败 1  截断 4130  三元组 469778  | 0.49 req/s  519 out-tok/s
[ 84105s] 完成 40856  成功 40855  失败 1  截断 4131  三元组 469843  | 0.49 req/s  519 out-tok/s
[ 84120s] 完成 40861  成功 40860  失败 1  截断 4131  三元组 469886  | 0.49 req/s  519 out-tok/s
[ 84142s] 完成 40872  成功 40871  失败 1  截断 4132  三元组 470032  | 0.49 req/s  519 out-tok/s
[ 84158s] 完成 40880  成功 40879  失败 1  截断 4132  三元组 470116  | 0.49 req/s  519 out-tok/s
[ 84174s] 完成 40887  成功 40886  失败 1  截断 4132  三元组 470203  | 0.49 req/s  519 out-tok/s
[ 84192s] 完成 40893  成功 40892  失败 1  截断 4134  三元组 470279  | 0.49 req/s  519 out-tok/s
[ 84208s] 完成 40901  成功 40900  失败 1  截断 4136  三元组 470380  | 0.49 req/s  519 out-tok/s
[ 84226s] 完成 40911  成功 40910  失败 1  截断 4136  三元组 470500  | 0.49 req/s  519 out-tok/s
[ 84241s] 完成 40923  成功 40922  失败 1  截断 4138  三元组 470616  | 0.49 req/s  519 out-tok/s
[ 84257s] 完成 40926  成功 40925  失败 1  截断 4138  三元组 470646  | 0.49 req/s  519 out-tok/s
[ 84273s] 完成 40935  成功 40934  失败 1  截断 4139  三元组 470766  | 0.49 req/s  519 out-tok/s
[ 84289s] 完成 40950  成功 40949  失败 1  截断 4139  三元组 470932  | 0.49 req/s  519 out-tok/s
[ 84305s] 完成 40959  成功 40958  失败 1  截断 4139  三元组 471005  | 0.49 req/s  519 out-tok/s
[ 84322s] 完成 40964  成功 40963  失败 1  截断 4139  三元组 471051  | 0.49 req/s  519 out-tok/s
[ 84337s] 完成 40973  成功 40972  失败 1  截断 4139  三元组 471144  | 0.49 req/s  519 out-tok/s
[ 84356s] 完成 40979  成功 40978  失败 1  截断 4139  三元组 471211  | 0.49 req/s  519 out-tok/s
[ 84371s] 完成 40989  成功 40988  失败 1  截断 4141  三元组 471321  | 0.49 req/s  519 out-tok/s
[ 84388s] 完成 40999  成功 40998  失败 1  截断 4143  三元组 471443  | 0.49 req/s  519 out-tok/s
[ 84391s] 完成 41000  成功 40999  失败 1  截断 4143  三元组 471453  | 0.49 req/s  519 out-tok/s
[ 84408s] 完成 41007  成功 41006  失败 1  截断 4143  三元组 471548  | 0.49 req/s  519 out-tok/s
[ 84427s] 完成 41016  成功 41015  失败 1  截断 4144  三元组 471672  | 0.49 req/s  519 out-tok/s
[ 84444s] 完成 41024  成功 41023  失败 1  截断 4146  三元组 471783  | 0.49 req/s  519 out-tok/s
[ 84460s] 完成 41032  成功 41031  失败 1  截断 4146  三元组 471847  | 0.49 req/s  519 out-tok/s
[ 84475s] 完成 41038  成功 41037  失败 1  截断 4147  三元组 471928  | 0.49 req/s  519 out-tok/s
[ 84491s] 完成 41045  成功 41044  失败 1  截断 4147  三元组 472010  | 0.49 req/s  519 out-tok/s
[ 84506s] 完成 41053  成功 41052  失败 1  截断 4148  三元组 472093  | 0.49 req/s  519 out-tok/s
[ 84526s] 完成 41060  成功 41059  失败 1  截断 4148  三元组 472185  | 0.49 req/s  519 out-tok/s
[ 84542s] 完成 41071  成功 41070  失败 1  截断 4149  三元组 472299  | 0.49 req/s  519 out-tok/s
[ 84557s] 完成 41076  成功 41075  失败 1  截断 4150  三元组 472361  | 0.49 req/s  519 out-tok/s
[ 84575s] 完成 41088  成功 41087  失败 1  截断 4150  三元组 472514  | 0.49 req/s  519 out-tok/s
[ 84591s] 完成 41095  成功 41094  失败 1  截断 4152  三元组 472598  | 0.49 req/s  519 out-tok/s
[ 84608s] 完成 41102  成功 41101  失败 1  截断 4153  三元组 472688  | 0.49 req/s  519 out-tok/s
[ 84625s] 完成 41110  成功 41109  失败 1  截断 4154  三元组 472757  | 0.49 req/s  519 out-tok/s
[ 84642s] 完成 41119  成功 41118  失败 1  截断 4154  三元组 472884  | 0.49 req/s  519 out-tok/s
[ 84660s] 完成 41127  成功 41126  失败 1  截断 4154  三元组 472979  | 0.49 req/s  519 out-tok/s
[ 84678s] 完成 41134  成功 41133  失败 1  截断 4154  三元组 473047  | 0.49 req/s  519 out-tok/s
[ 84696s] 完成 41146  成功 41145  失败 1  截断 4157  三元组 473221  | 0.49 req/s  519 out-tok/s
[ 84711s] 完成 41154  成功 41153  失败 1  截断 4157  三元组 473321  | 0.49 req/s  519 out-tok/s
[ 84727s] 完成 41162  成功 41161  失败 1  截断 4159  三元组 473398  | 0.49 req/s  519 out-tok/s
[ 84747s] 完成 41169  成功 41168  失败 1  截断 4160  三元组 473478  | 0.49 req/s  519 out-tok/s
[ 84763s] 完成 41178  成功 41177  失败 1  截断 4161  三元组 473589  | 0.49 req/s  519 out-tok/s
[ 84778s] 完成 41186  成功 41185  失败 1  截断 4162  三元组 473677  | 0.49 req/s  519 out-tok/s
[ 84794s] 完成 41192  成功 41191  失败 1  截断 4162  三元组 473740  | 0.49 req/s  519 out-tok/s
[ 84809s] 完成 41198  成功 41197  失败 1  截断 4162  三元组 473816  | 0.49 req/s  519 out-tok/s
[ 84827s] 完成 41208  成功 41207  失败 1  截断 4164  三元组 473933  | 0.49 req/s  519 out-tok/s
[ 84843s] 完成 41218  成功 41217  失败 1  截断 4165  三元组 474015  | 0.49 req/s  519 out-tok/s
[ 84866s] 完成 41229  成功 41228  失败 1  截断 4166  三元组 474152  | 0.49 req/s  519 out-tok/s
[ 84881s] 完成 41235  成功 41234  失败 1  截断 4166  三元组 474208  | 0.49 req/s  519 out-tok/s
[ 84897s] 完成 41244  成功 41243  失败 1  截断 4167  三元组 474320  | 0.49 req/s  519 out-tok/s
[ 84917s] 完成 41254  成功 41253  失败 1  截断 4169  三元组 474415  | 0.49 req/s  519 out-tok/s
[ 84934s] 完成 41262  成功 41261  失败 1  截断 4170  三元组 474488  | 0.49 req/s  519 out-tok/s
[ 84952s] 完成 41270  成功 41269  失败 1  截断 4171  三元组 474583  | 0.49 req/s  519 out-tok/s
[ 84967s] 完成 41278  成功 41277  失败 1  截断 4172  三元组 474669  | 0.49 req/s  519 out-tok/s
[ 84984s] 完成 41286  成功 41285  失败 1  截断 4173  三元组 474756  | 0.49 req/s  519 out-tok/s
[ 85002s] 完成 41294  成功 41293  失败 1  截断 4175  三元组 474856  | 0.49 req/s  519 out-tok/s
[ 85018s] 完成 41305  成功 41304  失败 1  截断 4175  三元组 475002  | 0.49 req/s  519 out-tok/s
[ 85034s] 完成 41309  成功 41308  失败 1  截断 4175  三元组 475044  | 0.49 req/s  519 out-tok/s
[ 85051s] 完成 41318  成功 41317  失败 1  截断 4177  三元组 475152  | 0.49 req/s  519 out-tok/s
[ 85070s] 完成 41327  成功 41326  失败 1  截断 4178  三元组 475234  | 0.49 req/s  519 out-tok/s
[ 85095s] 完成 41337  成功 41336  失败 1  截断 4179  三元组 475342  | 0.49 req/s  519 out-tok/s
[ 85113s] 完成 41349  成功 41348  失败 1  截断 4181  三元组 475490  | 0.49 req/s  519 out-tok/s
[ 85129s] 完成 41355  成功 41354  失败 1  截断 4181  三元组 475559  | 0.49 req/s  519 out-tok/s
[ 85146s] 完成 41363  成功 41362  失败 1  截断 4182  三元组 475656  | 0.49 req/s  519 out-tok/s
[ 85168s] 完成 41369  成功 41368  失败 1  截断 4182  三元组 475721  | 0.49 req/s  519 out-tok/s
[ 85187s] 完成 41378  成功 41377  失败 1  截断 4183  三元组 475833  | 0.49 req/s  519 out-tok/s
[ 85203s] 完成 41385  成功 41384  失败 1  截断 4184  三元组 475916  | 0.49 req/s  519 out-tok/s
[ 85221s] 完成 41390  成功 41389  失败 1  截断 4185  三元组 475974  | 0.49 req/s  519 out-tok/s
[ 85236s] 完成 41400  成功 41399  失败 1  截断 4186  三元组 476094  | 0.49 req/s  519 out-tok/s
[ 85252s] 完成 41408  成功 41407  失败 1  截断 4188  三元组 476204  | 0.49 req/s  519 out-tok/s
[ 85267s] 完成 41417  成功 41416  失败 1  截断 4191  三元组 476311  | 0.49 req/s  519 out-tok/s
[ 85283s] 完成 41425  成功 41424  失败 1  截断 4191  三元组 476410  | 0.49 req/s  519 out-tok/s
[ 85298s] 完成 41434  成功 41433  失败 1  截断 4193  三元组 476509  | 0.49 req/s  519 out-tok/s
[ 85318s] 完成 41438  成功 41437  失败 1  截断 4193  三元组 476535  | 0.49 req/s  519 out-tok/s
[ 85334s] 完成 41446  成功 41445  失败 1  截断 4194  三元组 476610  | 0.49 req/s  519 out-tok/s
[ 85351s] 完成 41455  成功 41454  失败 1  截断 4194  三元组 476746  | 0.49 req/s  519 out-tok/s
[ 85371s] 完成 41463  成功 41462  失败 1  截断 4195  三元组 476846  | 0.49 req/s  519 out-tok/s
[ 85391s] 完成 41472  成功 41471  失败 1  截断 4195  三元组 476954  | 0.49 req/s  519 out-tok/s
[ 85413s] 完成 41485  成功 41484  失败 1  截断 4196  三元组 477106  | 0.49 req/s  519 out-tok/s
[ 85429s] 完成 41496  成功 41495  失败 1  截断 4197  三元组 477224  | 0.49 req/s  519 out-tok/s
[ 85441s] 完成 41500  成功 41499  失败 1  截断 4197  三元组 477266  | 0.49 req/s  519 out-tok/s
[ 85460s] 完成 41508  成功 41507  失败 1  截断 4197  三元组 477350  | 0.49 req/s  519 out-tok/s
[ 85477s] 完成 41520  成功 41519  失败 1  截断 4198  三元组 477464  | 0.49 req/s  519 out-tok/s
[ 85496s] 完成 41526  成功 41525  失败 1  截断 4200  三元组 477528  | 0.49 req/s  519 out-tok/s
[ 85513s] 完成 41534  成功 41533  失败 1  截断 4200  三元组 477609  | 0.49 req/s  519 out-tok/s
[ 85528s] 完成 41541  成功 41540  失败 1  截断 4201  三元组 477707  | 0.49 req/s  519 out-tok/s
[ 85544s] 完成 41548  成功 41547  失败 1  截断 4202  三元组 477810  | 0.49 req/s  519 out-tok/s
[ 85559s] 完成 41558  成功 41557  失败 1  截断 4205  三元组 477918  | 0.49 req/s  519 out-tok/s
[ 85580s] 完成 41565  成功 41564  失败 1  截断 4206  三元组 478004  | 0.49 req/s  519 out-tok/s
[ 85597s] 完成 41575  成功 41574  失败 1  截断 4207  三元组 478115  | 0.49 req/s  519 out-tok/s
[ 85612s] 完成 41582  成功 41581  失败 1  截断 4208  三元组 478189  | 0.49 req/s  519 out-tok/s
[ 85628s] 完成 41589  成功 41588  失败 1  截断 4209  三元组 478259  | 0.49 req/s  519 out-tok/s
[ 85643s] 完成 41596  成功 41595  失败 1  截断 4209  三元组 478325  | 0.49 req/s  519 out-tok/s
[ 85659s] 完成 41604  成功 41603  失败 1  截断 4210  三元组 478408  | 0.49 req/s  519 out-tok/s
[ 85677s] 完成 41611  成功 41610  失败 1  截断 4211  三元组 478487  | 0.49 req/s  519 out-tok/s
[ 85694s] 完成 41621  成功 41620  失败 1  截断 4213  三元组 478612  | 0.49 req/s  519 out-tok/s
[ 85710s] 完成 41628  成功 41627  失败 1  截断 4214  三元组 478693  | 0.49 req/s  519 out-tok/s
[ 85729s] 完成 41637  成功 41636  失败 1  截断 4215  三元组 478789  | 0.49 req/s  519 out-tok/s
[ 85747s] 完成 41644  成功 41643  失败 1  截断 4216  三元组 478878  | 0.49 req/s  519 out-tok/s
[ 85764s] 完成 41652  成功 41651  失败 1  截断 4216  三元组 478975  | 0.49 req/s  519 out-tok/s
[ 85781s] 完成 41659  成功 41658  失败 1  截断 4218  三元组 479064  | 0.49 req/s  519 out-tok/s
[ 85797s] 完成 41670  成功 41669  失败 1  截断 4219  三元组 479180  | 0.49 req/s  519 out-tok/s
[ 85814s] 完成 41677  成功 41676  失败 1  截断 4221  三元组 479252  | 0.49 req/s  519 out-tok/s
[ 85832s] 完成 41684  成功 41683  失败 1  截断 4221  三元组 479327  | 0.49 req/s  519 out-tok/s
[ 85849s] 完成 41694  成功 41693  失败 1  截断 4222  三元组 479437  | 0.49 req/s  519 out-tok/s
[ 85867s] 完成 41706  成功 41705  失败 1  截断 4223  三元组 479617  | 0.49 req/s  519 out-tok/s
[ 85883s] 完成 41713  成功 41712  失败 1  截断 4223  三元组 479693  | 0.49 req/s  519 out-tok/s
[ 85900s] 完成 41719  成功 41718  失败 1  截断 4223  三元组 479757  | 0.49 req/s  519 out-tok/s
[ 85915s] 完成 41725  成功 41724  失败 1  截断 4224  三元组 479855  | 0.49 req/s  519 out-tok/s
[ 85932s] 完成 41729  成功 41728  失败 1  截断 4225  三元组 479882  | 0.49 req/s  519 out-tok/s
[ 85950s] 完成 41736  成功 41735  失败 1  截断 4226  三元组 479957  | 0.49 req/s  519 out-tok/s
[ 85965s] 完成 41744  成功 41743  失败 1  截断 4227  三元组 480072  | 0.49 req/s  519 out-tok/s
[ 85983s] 完成 41752  成功 41751  失败 1  截断 4227  三元组 480172  | 0.49 req/s  519 out-tok/s
[ 86002s] 完成 41760  成功 41759  失败 1  截断 4230  三元组 480282  | 0.49 req/s  519 out-tok/s
[ 86018s] 完成 41766  成功 41765  失败 1  截断 4232  三元组 480337  | 0.49 req/s  519 out-tok/s
[ 86035s] 完成 41778  成功 41777  失败 1  截断 4234  三元组 480464  | 0.49 req/s  519 out-tok/s
[ 86050s] 完成 41787  成功 41786  失败 1  截断 4235  三元组 480552  | 0.49 req/s  519 out-tok/s
[ 86066s] 完成 41792  成功 41791  失败 1  截断 4235  三元组 480613  | 0.49 req/s  519 out-tok/s
[ 86082s] 完成 41800  成功 41799  失败 1  截断 4237  三元组 480705  | 0.49 req/s  519 out-tok/s
[ 86097s] 完成 41803  成功 41802  失败 1  截断 4237  三元组 480760  | 0.49 req/s  519 out-tok/s
[ 86114s] 完成 41812  成功 41811  失败 1  截断 4237  三元组 480878  | 0.49 req/s  519 out-tok/s
[ 86129s] 完成 41820  成功 41819  失败 1  截断 4238  三元组 480989  | 0.49 req/s  519 out-tok/s
[ 86146s] 完成 41827  成功 41826  失败 1  截断 4239  三元组 481066  | 0.49 req/s  519 out-tok/s
[ 86161s] 完成 41835  成功 41834  失败 1  截断 4239  三元组 481154  | 0.49 req/s  519 out-tok/s
[ 86177s] 完成 41839  成功 41838  失败 1  截断 4239  三元组 481202  | 0.49 req/s  519 out-tok/s
[ 86193s] 完成 41848  成功 41847  失败 1  截断 4241  三元组 481336  | 0.49 req/s  519 out-tok/s
[ 86209s] 完成 41857  成功 41856  失败 1  截断 4242  三元组 481448  | 0.49 req/s  519 out-tok/s
[ 86224s] 完成 41866  成功 41865  失败 1  截断 4242  三元组 481552  | 0.49 req/s  519 out-tok/s
[ 86240s] 完成 41876  成功 41875  失败 1  截断 4244  三元组 481702  | 0.49 req/s  519 out-tok/s
[ 86257s] 完成 41884  成功 41883  失败 1  截断 4244  三元组 481788  | 0.49 req/s  519 out-tok/s
[ 86273s] 完成 41893  成功 41892  失败 1  截断 4245  三元组 481892  | 0.49 req/s  519 out-tok/s
[ 86288s] 完成 41901  成功 41900  失败 1  截断 4246  三元组 481969  | 0.49 req/s  519 out-tok/s
[ 86306s] 完成 41907  成功 41906  失败 1  截断 4246  三元组 482032  | 0.49 req/s  519 out-tok/s
[ 86321s] 完成 41916  成功 41915  失败 1  截断 4247  三元组 482145  | 0.49 req/s  519 out-tok/s
[ 86339s] 完成 41922  成功 41921  失败 1  截断 4247  三元组 482224  | 0.49 req/s  519 out-tok/s
[ 86358s] 完成 41929  成功 41928  失败 1  截断 4247  三元组 482327  | 0.49 req/s  519 out-tok/s
[ 86375s] 完成 41938  成功 41937  失败 1  截断 4250  三元组 482462  | 0.49 req/s  519 out-tok/s
[ 86390s] 完成 41947  成功 41946  失败 1  截断 4250  三元组 482567  | 0.49 req/s  519 out-tok/s
[ 86405s] 完成 41953  成功 41952  失败 1  截断 4250  三元组 482632  | 0.49 req/s  519 out-tok/s
[ 86429s] 完成 41963  成功 41962  失败 1  截断 4251  三元组 482748  | 0.49 req/s  519 out-tok/s
[ 86445s] 完成 41970  成功 41969  失败 1  截断 4252  三元组 482810  | 0.49 req/s  519 out-tok/s
[ 86462s] 完成 41978  成功 41977  失败 1  截断 4253  三元组 482915  | 0.49 req/s  519 out-tok/s
[ 86482s] 完成 41985  成功 41984  失败 1  截断 4255  三元组 483012  | 0.49 req/s  519 out-tok/s
[ 86497s] 完成 41993  成功 41992  失败 1  截断 4255  三元组 483104  | 0.49 req/s  519 out-tok/s
[ 86506s] 完成 42000  成功 41999  失败 1  截断 4257  三元组 483178  | 0.49 req/s  519 out-tok/s
[ 86526s] 完成 42010  成功 42009  失败 1  截断 4258  三元组 483291  | 0.49 req/s  519 out-tok/s
[ 86542s] 完成 42018  成功 42017  失败 1  截断 4258  三元组 483367  | 0.49 req/s  519 out-tok/s
[ 86562s] 完成 42028  成功 42027  失败 1  截断 4259  三元组 483491  | 0.49 req/s  519 out-tok/s
[ 86579s] 完成 42036  成功 42035  失败 1  截断 4260  三元组 483587  | 0.49 req/s  519 out-tok/s
[ 86595s] 完成 42042  成功 42041  失败 1  截断 4260  三元组 483687  | 0.49 req/s  519 out-tok/s
[ 86615s] 完成 42049  成功 42048  失败 1  截断 4260  三元组 483755  | 0.49 req/s  519 out-tok/s
[ 86630s] 完成 42060  成功 42059  失败 1  截断 4261  三元组 483922  | 0.49 req/s  519 out-tok/s
[ 86647s] 完成 42069  成功 42068  失败 1  截断 4261  三元组 484001  | 0.49 req/s  519 out-tok/s
[ 86662s] 完成 42080  成功 42079  失败 1  截断 4262  三元组 484143  | 0.49 req/s  519 out-tok/s
[ 86680s] 完成 42091  成功 42090  失败 1  截断 4262  三元组 484270  | 0.49 req/s  519 out-tok/s
[ 86696s] 完成 42097  成功 42096  失败 1  截断 4262  三元组 484324  | 0.49 req/s  519 out-tok/s
[ 86711s] 完成 42106  成功 42105  失败 1  截断 4262  三元组 484449  | 0.49 req/s  519 out-tok/s
[ 86728s] 完成 42114  成功 42113  失败 1  截断 4262  三元组 484526  | 0.49 req/s  519 out-tok/s
[ 86746s] 完成 42122  成功 42121  失败 1  截断 4262  三元组 484640  | 0.49 req/s  519 out-tok/s
[ 86761s] 完成 42127  成功 42126  失败 1  截断 4262  三元组 484693  | 0.49 req/s  519 out-tok/s
[ 86777s] 完成 42134  成功 42133  失败 1  截断 4262  三元组 484777  | 0.49 req/s  519 out-tok/s
[ 86793s] 完成 42142  成功 42141  失败 1  截断 4265  三元组 484886  | 0.49 req/s  519 out-tok/s
[ 86811s] 完成 42149  成功 42148  失败 1  截断 4265  三元组 484972  | 0.49 req/s  519 out-tok/s
[ 86827s] 完成 42162  成功 42161  失败 1  截断 4266  三元组 485142  | 0.49 req/s  519 out-tok/s
[ 86846s] 完成 42171  成功 42170  失败 1  截断 4267  三元组 485261  | 0.49 req/s  519 out-tok/s
[ 86862s] 完成 42176  成功 42175  失败 1  截断 4267  三元组 485315  | 0.49 req/s  519 out-tok/s
[ 86878s] 完成 42186  成功 42185  失败 1  截断 4267  三元组 485418  | 0.49 req/s  519 out-tok/s
[ 86894s] 完成 42194  成功 42193  失败 1  截断 4268  三元组 485536  | 0.49 req/s  519 out-tok/s
[ 86912s] 完成 42202  成功 42201  失败 1  截断 4268  三元组 485608  | 0.49 req/s  519 out-tok/s
[ 86928s] 完成 42210  成功 42209  失败 1  截断 4268  三元组 485679  | 0.49 req/s  519 out-tok/s
[ 86951s] 完成 42221  成功 42220  失败 1  截断 4270  三元组 485826  | 0.49 req/s  519 out-tok/s
[ 86967s] 完成 42233  成功 42232  失败 1  截断 4271  三元组 485964  | 0.49 req/s  519 out-tok/s
[ 86983s] 完成 42240  成功 42239  失败 1  截断 4272  三元组 486032  | 0.49 req/s  519 out-tok/s
[ 86999s] 完成 42246  成功 42245  失败 1  截断 4274  三元组 486096  | 0.49 req/s  519 out-tok/s
[ 87015s] 完成 42251  成功 42250  失败 1  截断 4275  三元组 486174  | 0.49 req/s  519 out-tok/s
[ 87031s] 完成 42257  成功 42256  失败 1  截断 4276  三元组 486234  | 0.49 req/s  519 out-tok/s
[ 87046s] 完成 42260  成功 42259  失败 1  截断 4276  三元组 486262  | 0.49 req/s  519 out-tok/s
[ 87065s] 完成 42266  成功 42265  失败 1  截断 4277  三元组 486315  | 0.49 req/s  519 out-tok/s
[ 87080s] 完成 42272  成功 42271  失败 1  截断 4278  三元组 486414  | 0.49 req/s  519 out-tok/s
[ 87095s] 完成 42277  成功 42276  失败 1  截断 4279  三元组 486488  | 0.49 req/s  519 out-tok/s
[ 87117s] 完成 42286  成功 42285  失败 1  截断 4281  三元组 486608  | 0.49 req/s  519 out-tok/s
[ 87132s] 完成 42295  成功 42294  失败 1  截断 4283  三元组 486701  | 0.49 req/s  519 out-tok/s
[ 87149s] 完成 42301  成功 42300  失败 1  截断 4285  三元组 486767  | 0.49 req/s  519 out-tok/s
[ 87167s] 完成 42309  成功 42308  失败 1  截断 4286  三元组 486853  | 0.49 req/s  519 out-tok/s
[ 87183s] 完成 42319  成功 42318  失败 1  截断 4287  三元组 486978  | 0.49 req/s  519 out-tok/s
[ 87206s] 完成 42326  成功 42325  失败 1  截断 4287  三元组 487066  | 0.49 req/s  519 out-tok/s
[ 87222s] 完成 42335  成功 42334  失败 1  截断 4288  三元组 487169  | 0.49 req/s  519 out-tok/s
[ 87239s] 完成 42346  成功 42345  失败 1  截断 4290  三元组 487337  | 0.49 req/s  519 out-tok/s
[ 87254s] 完成 42354  成功 42353  失败 1  截断 4291  三元组 487409  | 0.49 req/s  519 out-tok/s
[ 87272s] 完成 42363  成功 42362  失败 1  截断 4292  三元组 487506  | 0.49 req/s  519 out-tok/s
[ 87291s] 完成 42368  成功 42367  失败 1  截断 4293  三元组 487573  | 0.49 req/s  519 out-tok/s
[ 87310s] 完成 42377  成功 42376  失败 1  截断 4294  三元组 487688  | 0.49 req/s  519 out-tok/s
[ 87327s] 完成 42387  成功 42386  失败 1  截断 4294  三元组 487807  | 0.49 req/s  519 out-tok/s
[ 87342s] 完成 42393  成功 42392  失败 1  截断 4294  三元组 487865  | 0.49 req/s  519 out-tok/s
[ 87361s] 完成 42403  成功 42402  失败 1  截断 4295  三元组 487970  | 0.49 req/s  519 out-tok/s
[ 87377s] 完成 42411  成功 42410  失败 1  截断 4297  三元组 488047  | 0.49 req/s  519 out-tok/s
[ 87393s] 完成 42419  成功 42418  失败 1  截断 4298  三元组 488127  | 0.49 req/s  519 out-tok/s
[ 87409s] 完成 42430  成功 42429  失败 1  截断 4301  三元组 488248  | 0.49 req/s  519 out-tok/s
[ 87429s] 完成 42439  成功 42438  失败 1  截断 4301  三元组 488372  | 0.49 req/s  519 out-tok/s
[ 87447s] 完成 42448  成功 42447  失败 1  截断 4301  三元组 488477  | 0.49 req/s  519 out-tok/s
[ 87464s] 完成 42458  成功 42457  失败 1  截断 4303  三元组 488586  | 0.49 req/s  519 out-tok/s
[ 87480s] 完成 42464  成功 42463  失败 1  截断 4304  三元组 488662  | 0.49 req/s  519 out-tok/s
[ 87497s] 完成 42471  成功 42470  失败 1  截断 4304  三元组 488748  | 0.49 req/s  519 out-tok/s
[ 87514s] 完成 42478  成功 42477  失败 1  截断 4304  三元组 488861  | 0.49 req/s  519 out-tok/s
[ 87530s] 完成 42486  成功 42485  失败 1  截断 4304  三元组 488966  | 0.49 req/s  519 out-tok/s
[ 87546s] 完成 42498  成功 42497  失败 1  截断 4305  三元组 489115  | 0.49 req/s  519 out-tok/s
[ 87548s] 完成 42500  成功 42499  失败 1  截断 4305  三元组 489129  | 0.49 req/s  519 out-tok/s
[ 87566s] 完成 42510  成功 42509  失败 1  截断 4306  三元组 489249  | 0.49 req/s  519 out-tok/s
[ 87583s] 完成 42518  成功 42517  失败 1  截断 4306  三元组 489331  | 0.49 req/s  519 out-tok/s
[ 87601s] 完成 42528  成功 42527  失败 1  截断 4306  三元组 489432  | 0.49 req/s  519 out-tok/s
[ 87617s] 完成 42534  成功 42533  失败 1  截断 4306  三元组 489512  | 0.49 req/s  519 out-tok/s
[ 87632s] 完成 42542  成功 42541  失败 1  截断 4306  三元组 489589  | 0.49 req/s  519 out-tok/s
[ 87650s] 完成 42552  成功 42551  失败 1  截断 4306  三元组 489713  | 0.49 req/s  519 out-tok/s
[ 87668s] 完成 42559  成功 42558  失败 1  截断 4306  三元组 489806  | 0.49 req/s  519 out-tok/s
[ 87686s] 完成 42569  成功 42568  失败 1  截断 4306  三元组 489935  | 0.49 req/s  519 out-tok/s
[ 87702s] 完成 42577  成功 42576  失败 1  截断 4307  三元组 490047  | 0.49 req/s  519 out-tok/s
[ 87720s] 完成 42586  成功 42585  失败 1  截断 4307  三元组 490148  | 0.49 req/s  519 out-tok/s
[ 87738s] 完成 42595  成功 42594  失败 1  截断 4307  三元组 490230  | 0.49 req/s  519 out-tok/s
[ 87753s] 完成 42604  成功 42603  失败 1  截断 4308  三元组 490327  | 0.49 req/s  519 out-tok/s
[ 87771s] 完成 42610  成功 42609  失败 1  截断 4308  三元组 490393  | 0.49 req/s  519 out-tok/s
[ 87788s] 完成 42620  成功 42619  失败 1  截断 4308  三元组 490499  | 0.49 req/s  519 out-tok/s
[ 87805s] 完成 42632  成功 42631  失败 1  截断 4311  三元组 490648  | 0.49 req/s  519 out-tok/s
[ 87821s] 完成 42639  成功 42638  失败 1  截断 4312  三元组 490719  | 0.49 req/s  519 out-tok/s
[ 87836s] 完成 42647  成功 42646  失败 1  截断 4312  三元组 490823  | 0.49 req/s  519 out-tok/s
[ 87854s] 完成 42657  成功 42656  失败 1  截断 4312  三元组 490928  | 0.49 req/s  519 out-tok/s
[ 87875s] 完成 42664  成功 42663  失败 1  截断 4312  三元组 490991  | 0.49 req/s  519 out-tok/s
[ 87894s] 完成 42669  成功 42668  失败 1  截断 4314  三元组 491040  | 0.49 req/s  519 out-tok/s
[ 87910s] 完成 42674  成功 42673  失败 1  截断 4314  三元组 491113  | 0.49 req/s  519 out-tok/s
[ 87926s] 完成 42683  成功 42682  失败 1  截断 4315  三元组 491220  | 0.49 req/s  519 out-tok/s
[ 87943s] 完成 42692  成功 42691  失败 1  截断 4317  三元组 491311  | 0.49 req/s  519 out-tok/s
[ 87959s] 完成 42698  成功 42697  失败 1  截断 4320  三元组 491390  | 0.49 req/s  519 out-tok/s
[ 87977s] 完成 42707  成功 42706  失败 1  截断 4321  三元组 491490  | 0.49 req/s  519 out-tok/s
[ 87993s] 完成 42716  成功 42715  失败 1  截断 4322  三元组 491584  | 0.49 req/s  519 out-tok/s
[ 88012s] 完成 42727  成功 42726  失败 1  截断 4325  三元组 491688  | 0.49 req/s  519 out-tok/s
[ 88028s] 完成 42737  成功 42736  失败 1  截断 4325  三元组 491808  | 0.49 req/s  519 out-tok/s
[ 88047s] 完成 42744  成功 42743  失败 1  截断 4325  三元组 491880  | 0.49 req/s  519 out-tok/s
[ 88064s] 完成 42756  成功 42755  失败 1  截断 4326  三元组 492018  | 0.49 req/s  519 out-tok/s
[ 88079s] 完成 42767  成功 42766  失败 1  截断 4328  三元组 492114  | 0.49 req/s  519 out-tok/s
[ 88096s] 完成 42775  成功 42774  失败 1  截断 4328  三元组 492189  | 0.49 req/s  519 out-tok/s
[ 88112s] 完成 42786  成功 42785  失败 1  截断 4329  三元组 492305  | 0.49 req/s  519 out-tok/s
[ 88131s] 完成 42795  成功 42794  失败 1  截断 4329  三元组 492409  | 0.49 req/s  519 out-tok/s
[ 88148s] 完成 42800  成功 42799  失败 1  截断 4329  三元组 492450  | 0.49 req/s  519 out-tok/s
[ 88163s] 完成 42810  成功 42809  失败 1  截断 4330  三元组 492581  | 0.49 req/s  519 out-tok/s
[ 88181s] 完成 42817  成功 42816  失败 1  截断 4332  三元组 492660  | 0.49 req/s  519 out-tok/s
[ 88197s] 完成 42821  成功 42820  失败 1  截断 4332  三元组 492722  | 0.49 req/s  519 out-tok/s
[ 88217s] 完成 42829  成功 42828  失败 1  截断 4332  三元组 492828  | 0.49 req/s  519 out-tok/s
[ 88233s] 完成 42838  成功 42837  失败 1  截断 4333  三元组 492928  | 0.49 req/s  519 out-tok/s
[ 88251s] 完成 42845  成功 42844  失败 1  截断 4334  三元组 493031  | 0.49 req/s  519 out-tok/s
[ 88269s] 完成 42852  成功 42851  失败 1  截断 4335  三元组 493121  | 0.49 req/s  519 out-tok/s
[ 88285s] 完成 42858  成功 42857  失败 1  截断 4335  三元组 493201  | 0.49 req/s  519 out-tok/s
[ 88304s] 完成 42870  成功 42869  失败 1  截断 4336  三元组 493322  | 0.49 req/s  519 out-tok/s
[ 88321s] 完成 42879  成功 42878  失败 1  截断 4338  三元组 493414  | 0.49 req/s  519 out-tok/s
[ 88337s] 完成 42887  成功 42886  失败 1  截断 4339  三元组 493491  | 0.49 req/s  519 out-tok/s
[ 88354s] 完成 42895  成功 42894  失败 1  截断 4339  三元组 493587  | 0.49 req/s  519 out-tok/s
[ 88371s] 完成 42904  成功 42903  失败 1  截断 4340  三元组 493689  | 0.49 req/s  519 out-tok/s
[ 88387s] 完成 42911  成功 42910  失败 1  截断 4341  三元组 493755  | 0.49 req/s  519 out-tok/s
[ 88403s] 完成 42921  成功 42920  失败 1  截断 4341  三元组 493872  | 0.49 req/s  519 out-tok/s
[ 88418s] 完成 42927  成功 42926  失败 1  截断 4341  三元组 493937  | 0.49 req/s  519 out-tok/s
[ 88433s] 完成 42934  成功 42933  失败 1  截断 4342  三元组 494016  | 0.49 req/s  519 out-tok/s
[ 88452s] 完成 42941  成功 42940  失败 1  截断 4342  三元组 494093  | 0.49 req/s  519 out-tok/s
[ 88467s] 完成 42952  成功 42951  失败 1  截断 4344  三元组 494217  | 0.49 req/s  519 out-tok/s
[ 88482s] 完成 42961  成功 42960  失败 1  截断 4344  三元组 494317  | 0.49 req/s  519 out-tok/s
[ 88499s] 完成 42968  成功 42967  失败 1  截断 4345  三元组 494390  | 0.49 req/s  519 out-tok/s
[ 88516s] 完成 42978  成功 42977  失败 1  截断 4346  三元组 494507  | 0.49 req/s  519 out-tok/s
[ 88531s] 完成 42986  成功 42985  失败 1  截断 4346  三元组 494621  | 0.49 req/s  519 out-tok/s
[ 88547s] 完成 42999  成功 42998  失败 1  截断 4348  三元组 494743  | 0.49 req/s  519 out-tok/s
[ 88552s] 完成 43000  成功 42999  失败 1  截断 4348  三元组 494750  | 0.49 req/s  519 out-tok/s
[ 88567s] 完成 43010  成功 43009  失败 1  截断 4348  三元组 494843  | 0.49 req/s  519 out-tok/s
[ 88584s] 完成 43015  成功 43014  失败 1  截断 4349  三元组 494894  | 0.49 req/s  519 out-tok/s
[ 88605s] 完成 43026  成功 43025  失败 1  截断 4349  三元组 495029  | 0.49 req/s  519 out-tok/s
[ 88620s] 完成 43034  成功 43033  失败 1  截断 4349  三元组 495141  | 0.49 req/s  519 out-tok/s
[ 88636s] 完成 43043  成功 43042  失败 1  截断 4349  三元组 495241  | 0.49 req/s  519 out-tok/s
[ 88653s] 完成 43050  成功 43049  失败 1  截断 4349  三元组 495307  | 0.49 req/s  519 out-tok/s
[ 88669s] 完成 43057  成功 43056  失败 1  截断 4349  三元组 495386  | 0.49 req/s  519 out-tok/s
[ 88684s] 完成 43066  成功 43065  失败 1  截断 4349  三元组 495498  | 0.49 req/s  519 out-tok/s
[ 88700s] 完成 43074  成功 43073  失败 1  截断 4349  三元组 495619  | 0.49 req/s  519 out-tok/s
[ 88719s] 完成 43080  成功 43079  失败 1  截断 4350  三元组 495690  | 0.49 req/s  519 out-tok/s
[ 88734s] 完成 43090  成功 43089  失败 1  截断 4352  三元组 495790  | 0.49 req/s  519 out-tok/s
[ 88752s] 完成 43100  成功 43099  失败 1  截断 4353  三元组 495911  | 0.49 req/s  519 out-tok/s
[ 88770s] 完成 43107  成功 43106  失败 1  截断 4353  三元组 495966  | 0.49 req/s  519 out-tok/s
[ 88792s] 完成 43115  成功 43114  失败 1  截断 4353  三元组 496079  | 0.49 req/s  519 out-tok/s
[ 88813s] 完成 43127  成功 43126  失败 1  截断 4354  三元组 496223  | 0.49 req/s  519 out-tok/s
[ 88828s] 完成 43133  成功 43132  失败 1  截断 4355  三元组 496325  | 0.49 req/s  519 out-tok/s
[ 88844s] 完成 43141  成功 43140  失败 1  截断 4355  三元组 496415  | 0.49 req/s  519 out-tok/s
[ 88860s] 完成 43151  成功 43150  失败 1  截断 4355  三元组 496535  | 0.49 req/s  519 out-tok/s
[ 88877s] 完成 43157  成功 43156  失败 1  截断 4356  三元组 496577  | 0.49 req/s  519 out-tok/s
[ 88893s] 完成 43165  成功 43164  失败 1  截断 4356  三元组 496684  | 0.49 req/s  519 out-tok/s
[ 88910s] 完成 43173  成功 43172  失败 1  截断 4356  三元组 496790  | 0.49 req/s  519 out-tok/s
[ 88927s] 完成 43177  成功 43176  失败 1  截断 4357  三元组 496835  | 0.49 req/s  519 out-tok/s
[ 88948s] 完成 43189  成功 43188  失败 1  截断 4359  三元组 496982  | 0.49 req/s  519 out-tok/s
[ 88963s] 完成 43193  成功 43192  失败 1  截断 4360  三元组 497034  | 0.49 req/s  519 out-tok/s
[ 88980s] 完成 43202  成功 43201  失败 1  截断 4360  三元组 497171  | 0.49 req/s  519 out-tok/s
[ 88996s] 完成 43209  成功 43208  失败 1  截断 4360  三元组 497225  | 0.49 req/s  519 out-tok/s
[ 89017s] 完成 43219  成功 43218  失败 1  截断 4361  三元组 497350  | 0.49 req/s  519 out-tok/s
[ 89038s] 完成 43228  成功 43227  失败 1  截断 4362  三元组 497470  | 0.49 req/s  519 out-tok/s
[ 89054s] 完成 43235  成功 43234  失败 1  截断 4364  三元组 497553  | 0.49 req/s  519 out-tok/s
[ 89073s] 完成 43245  成功 43244  失败 1  截断 4364  三元组 497678  | 0.49 req/s  519 out-tok/s
[ 89089s] 完成 43251  成功 43250  失败 1  截断 4364  三元组 497735  | 0.49 req/s  519 out-tok/s
[ 89105s] 完成 43259  成功 43258  失败 1  截断 4365  三元组 497835  | 0.49 req/s  519 out-tok/s
[ 89122s] 完成 43267  成功 43266  失败 1  截断 4366  三元组 497958  | 0.49 req/s  519 out-tok/s
[ 89142s] 完成 43274  成功 43273  失败 1  截断 4367  三元组 498046  | 0.49 req/s  519 out-tok/s
[ 89158s] 完成 43284  成功 43283  失败 1  截断 4368  三元组 498165  | 0.49 req/s  519 out-tok/s
[ 89177s] 完成 43293  成功 43292  失败 1  截断 4368  三元组 498292  | 0.49 req/s  519 out-tok/s
[ 89192s] 完成 43300  成功 43299  失败 1  截断 4369  三元组 498377  | 0.49 req/s  519 out-tok/s
[ 89207s] 完成 43308  成功 43307  失败 1  截断 4369  三元组 498463  | 0.49 req/s  519 out-tok/s
[ 89226s] 完成 43318  成功 43317  失败 1  截断 4370  三元组 498596  | 0.49 req/s  519 out-tok/s
[ 89242s] 完成 43326  成功 43325  失败 1  截断 4370  三元组 498680  | 0.49 req/s  519 out-tok/s
[ 89258s] 完成 43336  成功 43335  失败 1  截断 4372  三元组 498787  | 0.49 req/s  519 out-tok/s
[ 89273s] 完成 43342  成功 43341  失败 1  截断 4372  三元组 498860  | 0.49 req/s  519 out-tok/s
[ 89290s] 完成 43349  成功 43348  失败 1  截断 4372  三元组 498930  | 0.49 req/s  519 out-tok/s
[ 89312s] 完成 43361  成功 43360  失败 1  截断 4374  三元组 499041  | 0.49 req/s  519 out-tok/s
[ 89327s] 完成 43369  成功 43368  失败 1  截断 4375  三元组 499155  | 0.49 req/s  519 out-tok/s
[ 89345s] 完成 43371  成功 43370  失败 1  截断 4375  三元组 499184  | 0.49 req/s  519 out-tok/s
[ 89360s] 完成 43379  成功 43378  失败 1  截断 4375  三元组 499270  | 0.49 req/s  519 out-tok/s
[ 89376s] 完成 43387  成功 43386  失败 1  截断 4376  三元组 499360  | 0.49 req/s  519 out-tok/s
[ 89396s] 完成 43398  成功 43397  失败 1  截断 4377  三元组 499538  | 0.49 req/s  519 out-tok/s
[ 89411s] 完成 43406  成功 43405  失败 1  截断 4378  三元组 499641  | 0.49 req/s  519 out-tok/s
[ 89427s] 完成 43418  成功 43417  失败 1  截断 4378  三元组 499790  | 0.49 req/s  519 out-tok/s
[ 89446s] 完成 43428  成功 43427  失败 1  截断 4378  三元组 499884  | 0.49 req/s  519 out-tok/s
[ 89463s] 完成 43439  成功 43438  失败 1  截断 4379  三元组 500013  | 0.49 req/s  519 out-tok/s
[ 89478s] 完成 43444  成功 43443  失败 1  截断 4379  三元组 500055  | 0.49 req/s  519 out-tok/s
[ 89497s] 完成 43450  成功 43449  失败 1  截断 4379  三元组 500122  | 0.49 req/s  519 out-tok/s
[ 89513s] 完成 43457  成功 43456  失败 1  截断 4380  三元组 500195  | 0.49 req/s  519 out-tok/s
[ 89529s] 完成 43468  成功 43467  失败 1  截断 4380  三元组 500328  | 0.49 req/s  519 out-tok/s
[ 89546s] 完成 43475  成功 43474  失败 1  截断 4381  三元组 500425  | 0.49 req/s  519 out-tok/s
[ 89563s] 完成 43483  成功 43482  失败 1  截断 4382  三元组 500512  | 0.49 req/s  519 out-tok/s
[ 89579s] 完成 43490  成功 43489  失败 1  截断 4385  三元组 500579  | 0.49 req/s  519 out-tok/s
[ 89595s] 完成 43500  成功 43499  失败 1  截断 4386  三元组 500710  | 0.49 req/s  519 out-tok/s
[ 89618s] 完成 43509  成功 43508  失败 1  截断 4386  三元组 500837  | 0.49 req/s  519 out-tok/s
[ 89634s] 完成 43517  成功 43516  失败 1  截断 4386  三元组 500930  | 0.49 req/s  519 out-tok/s
[ 89649s] 完成 43526  成功 43525  失败 1  截断 4386  三元组 501026  | 0.49 req/s  519 out-tok/s
[ 89666s] 完成 43534  成功 43533  失败 1  截断 4386  三元组 501143  | 0.49 req/s  519 out-tok/s
[ 89682s] 完成 43540  成功 43539  失败 1  截断 4386  三元组 501219  | 0.49 req/s  519 out-tok/s
[ 89698s] 完成 43548  成功 43547  失败 1  截断 4386  三元组 501319  | 0.49 req/s  519 out-tok/s
[ 89717s] 完成 43554  成功 43553  失败 1  截断 4386  三元组 501378  | 0.49 req/s  519 out-tok/s
[ 89733s] 完成 43563  成功 43562  失败 1  截断 4386  三元组 501504  | 0.49 req/s  519 out-tok/s
[ 89750s] 完成 43572  成功 43571  失败 1  截断 4390  三元组 501643  | 0.49 req/s  519 out-tok/s
[ 89766s] 完成 43576  成功 43575  失败 1  截断 4390  三元组 501694  | 0.49 req/s  519 out-tok/s
[ 89781s] 完成 43582  成功 43581  失败 1  截断 4390  三元组 501765  | 0.49 req/s  519 out-tok/s
[ 89797s] 完成 43591  成功 43590  失败 1  截断 4391  三元组 501850  | 0.49 req/s  519 out-tok/s
[ 89814s] 完成 43602  成功 43601  失败 1  截断 4393  三元组 501988  | 0.49 req/s  519 out-tok/s
[ 89830s] 完成 43610  成功 43609  失败 1  截断 4393  三元组 502060  | 0.49 req/s  519 out-tok/s
[ 89846s] 完成 43624  成功 43623  失败 1  截断 4393  三元组 502235  | 0.49 req/s  519 out-tok/s
[ 89862s] 完成 43633  成功 43632  失败 1  截断 4394  三元组 502324  | 0.49 req/s  519 out-tok/s
[ 89879s] 完成 43640  成功 43639  失败 1  截断 4395  三元组 502390  | 0.49 req/s  519 out-tok/s
[ 89894s] 完成 43651  成功 43650  失败 1  截断 4396  三元组 502490  | 0.49 req/s  519 out-tok/s
[ 89910s] 完成 43656  成功 43655  失败 1  截断 4396  三元组 502538  | 0.49 req/s  519 out-tok/s
[ 89928s] 完成 43667  成功 43666  失败 1  截断 4396  三元组 502664  | 0.49 req/s  519 out-tok/s
[ 89944s] 完成 43672  成功 43671  失败 1  截断 4396  三元组 502711  | 0.49 req/s  519 out-tok/s
[ 89959s] 完成 43679  成功 43678  失败 1  截断 4396  三元组 502803  | 0.49 req/s  519 out-tok/s
[ 89976s] 完成 43685  成功 43684  失败 1  截断 4397  三元组 502876  | 0.49 req/s  519 out-tok/s
[ 89992s] 完成 43696  成功 43695  失败 1  截断 4399  三元组 503004  | 0.49 req/s  519 out-tok/s
[ 90008s] 完成 43705  成功 43704  失败 1  截断 4399  三元组 503105  | 0.49 req/s  519 out-tok/s
[ 90024s] 完成 43713  成功 43712  失败 1  截断 4399  三元组 503199  | 0.49 req/s  519 out-tok/s
[ 90040s] 完成 43720  成功 43719  失败 1  截断 4399  三元组 503274  | 0.49 req/s  519 out-tok/s
[ 90058s] 完成 43734  成功 43733  失败 1  截断 4401  三元组 503431  | 0.49 req/s  519 out-tok/s
[ 90073s] 完成 43739  成功 43738  失败 1  截断 4402  三元组 503496  | 0.49 req/s  519 out-tok/s
[ 90090s] 完成 43745  成功 43744  失败 1  截断 4402  三元组 503562  | 0.49 req/s  519 out-tok/s
[ 90108s] 完成 43754  成功 43753  失败 1  截断 4402  三元组 503664  | 0.49 req/s  519 out-tok/s
[ 90125s] 完成 43761  成功 43760  失败 1  截断 4402  三元组 503755  | 0.49 req/s  519 out-tok/s
[ 90142s] 完成 43769  成功 43768  失败 1  截断 4402  三元组 503829  | 0.49 req/s  519 out-tok/s
[ 90158s] 完成 43777  成功 43776  失败 1  截断 4404  三元组 503950  | 0.49 req/s  519 out-tok/s
[ 90174s] 完成 43785  成功 43784  失败 1  截断 4407  三元组 504042  | 0.49 req/s  519 out-tok/s
[ 90195s] 完成 43790  成功 43789  失败 1  截断 4407  三元组 504089  | 0.49 req/s  519 out-tok/s
[ 90213s] 完成 43802  成功 43801  失败 1  截断 4410  三元组 504238  | 0.49 req/s  519 out-tok/s
[ 90228s] 完成 43808  成功 43807  失败 1  截断 4410  三元组 504275  | 0.49 req/s  519 out-tok/s
[ 90244s] 完成 43817  成功 43816  失败 1  截断 4410  三元组 504380  | 0.49 req/s  519 out-tok/s
[ 90261s] 完成 43824  成功 43823  失败 1  截断 4410  三元组 504453  | 0.49 req/s  519 out-tok/s
[ 90276s] 完成 43834  成功 43833  失败 1  截断 4411  三元组 504563  | 0.49 req/s  519 out-tok/s
[ 90292s] 完成 43841  成功 43840  失败 1  截断 4411  三元组 504642  | 0.49 req/s  519 out-tok/s
[ 90307s] 完成 43851  成功 43850  失败 1  截断 4412  三元组 504740  | 0.49 req/s  519 out-tok/s
[ 90327s] 完成 43857  成功 43856  失败 1  截断 4414  三元组 504810  | 0.49 req/s  519 out-tok/s
[ 90345s] 完成 43865  成功 43864  失败 1  截断 4415  三元组 504903  | 0.49 req/s  519 out-tok/s
[ 90361s] 完成 43872  成功 43871  失败 1  截断 4415  三元组 504978  | 0.49 req/s  519 out-tok/s
[ 90383s] 完成 43880  成功 43879  失败 1  截断 4417  三元组 505068  | 0.49 req/s  519 out-tok/s
[ 90398s] 完成 43885  成功 43884  失败 1  截断 4418  三元组 505117  | 0.49 req/s  519 out-tok/s
[ 90419s] 完成 43890  成功 43889  失败 1  截断 4418  三元组 505196  | 0.49 req/s  519 out-tok/s
[ 90434s] 完成 43896  成功 43895  失败 1  截断 4420  三元组 505276  | 0.49 req/s  519 out-tok/s
[ 90452s] 完成 43906  成功 43905  失败 1  截断 4424  三元组 505453  | 0.49 req/s  519 out-tok/s
[ 90469s] 完成 43913  成功 43912  失败 1  截断 4427  三元组 505536  | 0.49 req/s  519 out-tok/s
[ 90487s] 完成 43921  成功 43920  失败 1  截断 4427  三元组 505607  | 0.49 req/s  519 out-tok/s
[ 90503s] 完成 43931  成功 43930  失败 1  截断 4428  三元组 505709  | 0.49 req/s  519 out-tok/s
[ 90518s] 完成 43937  成功 43936  失败 1  截断 4428  三元组 505769  | 0.49 req/s  519 out-tok/s
[ 90534s] 完成 43945  成功 43944  失败 1  截断 4429  三元组 505867  | 0.49 req/s  519 out-tok/s
[ 90550s] 完成 43953  成功 43952  失败 1  截断 4430  三元组 505971  | 0.49 req/s  519 out-tok/s
[ 90567s] 完成 43959  成功 43958  失败 1  截断 4430  三元组 506042  | 0.49 req/s  519 out-tok/s
[ 90583s] 完成 43965  成功 43964  失败 1  截断 4431  三元组 506096  | 0.49 req/s  519 out-tok/s
[ 90599s] 完成 43970  成功 43969  失败 1  截断 4434  三元组 506185  | 0.49 req/s  519 out-tok/s
[ 90615s] 完成 43980  成功 43979  失败 1  截断 4434  三元组 506299  | 0.49 req/s  519 out-tok/s
[ 90636s] 完成 43987  成功 43986  失败 1  截断 4435  三元组 506380  | 0.49 req/s  519 out-tok/s
[ 90651s] 完成 43991  成功 43990  失败 1  截断 4436  三元组 506416  | 0.49 req/s  519 out-tok/s
[ 90667s] 完成 43998  成功 43997  失败 1  截断 4437  三元组 506519  | 0.49 req/s  519 out-tok/s
[ 90672s] 完成 44000  成功 43999  失败 1  截断 4437  三元组 506541  | 0.49 req/s  519 out-tok/s
[ 90691s] 完成 44012  成功 44011  失败 1  截断 4441  三元组 506680  | 0.49 req/s  519 out-tok/s
[ 90710s] 完成 44022  成功 44021  失败 1  截断 4443  三元组 506823  | 0.49 req/s  519 out-tok/s
[ 90727s] 完成 44030  成功 44029  失败 1  截断 4443  三元组 506898  | 0.49 req/s  519 out-tok/s
[ 90743s] 完成 44040  成功 44039  失败 1  截断 4444  三元组 507022  | 0.49 req/s  519 out-tok/s
[ 90761s] 完成 44049  成功 44048  失败 1  截断 4444  三元组 507114  | 0.49 req/s  519 out-tok/s
[ 90776s] 完成 44053  成功 44052  失败 1  截断 4444  三元组 507151  | 0.49 req/s  519 out-tok/s
[ 90792s] 完成 44063  成功 44062  失败 1  截断 4445  三元组 507247  | 0.49 req/s  519 out-tok/s
[ 90811s] 完成 44075  成功 44074  失败 1  截断 4445  三元组 507385  | 0.49 req/s  519 out-tok/s
[ 90826s] 完成 44085  成功 44084  失败 1  截断 4447  三元组 507528  | 0.49 req/s  519 out-tok/s
[ 90842s] 完成 44093  成功 44092  失败 1  截断 4447  三元组 507626  | 0.49 req/s  519 out-tok/s
[ 90858s] 完成 44096  成功 44095  失败 1  截断 4447  三元组 507658  | 0.49 req/s  519 out-tok/s
[ 90873s] 完成 44107  成功 44106  失败 1  截断 4449  三元组 507799  | 0.49 req/s  519 out-tok/s
[ 90891s] 完成 44114  成功 44113  失败 1  截断 4449  三元组 507904  | 0.49 req/s  519 out-tok/s
[ 90906s] 完成 44120  成功 44119  失败 1  截断 4449  三元组 507964  | 0.49 req/s  519 out-tok/s
[ 90926s] 完成 44129  成功 44128  失败 1  截断 4449  三元组 508071  | 0.49 req/s  519 out-tok/s
[ 90946s] 完成 44137  成功 44136  失败 1  截断 4449  三元组 508198  | 0.49 req/s  519 out-tok/s
[ 90961s] 完成 44146  成功 44145  失败 1  截断 4450  三元组 508293  | 0.49 req/s  519 out-tok/s
[ 90979s] 完成 44152  成功 44151  失败 1  截断 4452  三元组 508355  | 0.49 req/s  519 out-tok/s
[ 91001s] 完成 44162  成功 44161  失败 1  截断 4454  三元组 508470  | 0.49 req/s  519 out-tok/s
[ 91018s] 完成 44174  成功 44173  失败 1  截断 4455  三元组 508633  | 0.49 req/s  519 out-tok/s
[ 91035s] 完成 44181  成功 44180  失败 1  截断 4455  三元组 508691  | 0.49 req/s  519 out-tok/s
[ 91051s] 完成 44185  成功 44184  失败 1  截断 4455  三元组 508752  | 0.49 req/s  519 out-tok/s
[ 91067s] 完成 44191  成功 44190  失败 1  截断 4457  三元组 508837  | 0.49 req/s  519 out-tok/s
[ 91084s] 完成 44199  成功 44198  失败 1  截断 4459  三元组 508960  | 0.49 req/s  519 out-tok/s
[ 91102s] 完成 44205  成功 44204  失败 1  截断 4459  三元组 509045  | 0.49 req/s  519 out-tok/s
[ 91117s] 完成 44212  成功 44211  失败 1  截断 4460  三元组 509169  | 0.49 req/s  519 out-tok/s
[ 91137s] 完成 44218  成功 44217  失败 1  截断 4460  三元组 509239  | 0.49 req/s  519 out-tok/s
[ 91156s] 完成 44228  成功 44227  失败 1  截断 4460  三元组 509352  | 0.49 req/s  519 out-tok/s
[ 91171s] 完成 44234  成功 44233  失败 1  截断 4461  三元组 509419  | 0.49 req/s  519 out-tok/s
[ 91188s] 完成 44241  成功 44240  失败 1  截断 4462  三元组 509510  | 0.49 req/s  519 out-tok/s
[ 91204s] 完成 44243  成功 44242  失败 1  截断 4463  三元组 509534  | 0.49 req/s  519 out-tok/s
[ 91219s] 完成 44249  成功 44248  失败 1  截断 4463  三元组 509606  | 0.49 req/s  519 out-tok/s
[ 91235s] 完成 44256  成功 44255  失败 1  截断 4465  三元组 509711  | 0.49 req/s  519 out-tok/s
[ 91251s] 完成 44264  成功 44263  失败 1  截断 4467  三元组 509843  | 0.49 req/s  519 out-tok/s
[ 91267s] 完成 44273  成功 44272  失败 1  截断 4468  三元组 509952  | 0.49 req/s  519 out-tok/s
[ 91288s] 完成 44280  成功 44279  失败 1  截断 4469  三元组 510039  | 0.49 req/s  519 out-tok/s
[ 91303s] 完成 44290  成功 44289  失败 1  截断 4470  三元组 510168  | 0.49 req/s  519 out-tok/s
[ 91319s] 完成 44296  成功 44295  失败 1  截断 4470  三元组 510207  | 0.49 req/s  519 out-tok/s
[ 91337s] 完成 44305  成功 44304  失败 1  截断 4472  三元组 510305  | 0.49 req/s  519 out-tok/s
[ 91353s] 完成 44317  成功 44316  失败 1  截断 4472  三元组 510448  | 0.49 req/s  519 out-tok/s
[ 91368s] 完成 44329  成功 44328  失败 1  截断 4473  三元组 510583  | 0.49 req/s  519 out-tok/s
[ 91385s] 完成 44336  成功 44335  失败 1  截断 4474  三元组 510659  | 0.49 req/s  519 out-tok/s
[ 91404s] 完成 44343  成功 44342  失败 1  截断 4474  三元组 510735  | 0.49 req/s  519 out-tok/s
[ 91420s] 完成 44350  成功 44349  失败 1  截断 4475  三元组 510834  | 0.49 req/s  519 out-tok/s
[ 91438s] 完成 44360  成功 44359  失败 1  截断 4475  三元组 510957  | 0.49 req/s  519 out-tok/s
[ 91456s] 完成 44369  成功 44368  失败 1  截断 4475  三元组 511063  | 0.49 req/s  519 out-tok/s
[ 91474s] 完成 44380  成功 44379  失败 1  截断 4475  三元组 511174  | 0.49 req/s  519 out-tok/s
[ 91491s] 完成 44386  成功 44385  失败 1  截断 4476  三元组 511231  | 0.49 req/s  519 out-tok/s
[ 91506s] 完成 44396  成功 44395  失败 1  截断 4477  三元组 511359  | 0.49 req/s  519 out-tok/s
[ 91522s] 完成 44405  成功 44404  失败 1  截断 4477  三元组 511452  | 0.49 req/s  519 out-tok/s
[ 91538s] 完成 44414  成功 44413  失败 1  截断 4479  三元组 511546  | 0.49 req/s  519 out-tok/s
[ 91553s] 完成 44422  成功 44421  失败 1  截断 4479  三元组 511647  | 0.49 req/s  519 out-tok/s
[ 91572s] 完成 44427  成功 44426  失败 1  截断 4479  三元组 511719  | 0.49 req/s  519 out-tok/s
[ 91589s] 完成 44436  成功 44435  失败 1  截断 4480  三元组 511812  | 0.49 req/s  519 out-tok/s
[ 91605s] 完成 44440  成功 44439  失败 1  截断 4480  三元组 511852  | 0.49 req/s  519 out-tok/s
[ 91622s] 完成 44445  成功 44444  失败 1  截断 4481  三元组 511934  | 0.49 req/s  519 out-tok/s
[ 91639s] 完成 44455  成功 44454  失败 1  截断 4481  三元组 512069  | 0.49 req/s  519 out-tok/s
[ 91655s] 完成 44466  成功 44465  失败 1  截断 4482  三元组 512188  | 0.49 req/s  519 out-tok/s
[ 91678s] 完成 44477  成功 44476  失败 1  截断 4485  三元组 512283  | 0.49 req/s  519 out-tok/s
[ 91693s] 完成 44487  成功 44486  失败 1  截断 4487  三元组 512375  | 0.49 req/s  519 out-tok/s
[ 91709s] 完成 44492  成功 44491  失败 1  截断 4488  三元组 512401  | 0.49 req/s  519 out-tok/s
[ 91723s] 完成 44500  成功 44499  失败 1  截断 4488  三元组 512506  | 0.49 req/s  519 out-tok/s
[ 91741s] 完成 44508  成功 44507  失败 1  截断 4489  三元组 512587  | 0.49 req/s  519 out-tok/s
[ 91758s] 完成 44515  成功 44514  失败 1  截断 4489  三元组 512671  | 0.49 req/s  519 out-tok/s
[ 91776s] 完成 44524  成功 44523  失败 1  截断 4490  三元组 512758  | 0.49 req/s  519 out-tok/s
[ 91793s] 完成 44534  成功 44533  失败 1  截断 4491  三元组 512891  | 0.49 req/s  519 out-tok/s
[ 91814s] 完成 44545  成功 44544  失败 1  截断 4493  三元组 513001  | 0.49 req/s  519 out-tok/s
[ 91829s] 完成 44550  成功 44549  失败 1  截断 4494  三元组 513053  | 0.49 req/s  519 out-tok/s
[ 91845s] 完成 44557  成功 44556  失败 1  截断 4494  三元组 513140  | 0.49 req/s  519 out-tok/s
[ 91869s] 完成 44570  成功 44569  失败 1  截断 4496  三元组 513304  | 0.49 req/s  519 out-tok/s
[ 91885s] 完成 44579  成功 44578  失败 1  截断 4496  三元组 513433  | 0.49 req/s  519 out-tok/s
[ 91902s] 完成 44587  成功 44586  失败 1  截断 4497  三元组 513536  | 0.49 req/s  519 out-tok/s
[ 91917s] 完成 44593  成功 44592  失败 1  截断 4498  三元组 513606  | 0.49 req/s  519 out-tok/s
[ 91936s] 完成 44601  成功 44600  失败 1  截断 4498  三元组 513702  | 0.49 req/s  519 out-tok/s
[ 91951s] 完成 44610  成功 44609  失败 1  截断 4499  三元组 513790  | 0.49 req/s  519 out-tok/s
[ 91974s] 完成 44619  成功 44618  失败 1  截断 4499  三元组 513877  | 0.49 req/s  519 out-tok/s
[ 91989s] 完成 44625  成功 44624  失败 1  截断 4499  三元组 513942  | 0.49 req/s  519 out-tok/s
[ 92005s] 完成 44632  成功 44631  失败 1  截断 4500  三元组 514029  | 0.49 req/s  519 out-tok/s
[ 92024s] 完成 44644  成功 44643  失败 1  截断 4502  三元组 514180  | 0.49 req/s  519 out-tok/s
[ 92041s] 完成 44654  成功 44653  失败 1  截断 4505  三元组 514307  | 0.49 req/s  519 out-tok/s
[ 92056s] 完成 44660  成功 44659  失败 1  截断 4506  三元组 514388  | 0.49 req/s  519 out-tok/s
[ 92076s] 完成 44673  成功 44672  失败 1  截断 4506  三元组 514534  | 0.49 req/s  519 out-tok/s
[ 92092s] 完成 44679  成功 44678  失败 1  截断 4506  三元组 514596  | 0.49 req/s  519 out-tok/s
[ 92107s] 完成 44691  成功 44690  失败 1  截断 4508  三元组 514717  | 0.49 req/s  519 out-tok/s
[ 92122s] 完成 44699  成功 44698  失败 1  截断 4508  三元组 514816  | 0.49 req/s  519 out-tok/s
[ 92143s] 完成 44708  成功 44707  失败 1  截断 4508  三元组 514903  | 0.49 req/s  519 out-tok/s
[ 92158s] 完成 44716  成功 44715  失败 1  截断 4510  三元组 514991  | 0.49 req/s  519 out-tok/s
[ 92175s] 完成 44722  成功 44721  失败 1  截断 4510  三元组 515068  | 0.49 req/s  519 out-tok/s
[ 92191s] 完成 44730  成功 44729  失败 1  截断 4511  三元组 515196  | 0.49 req/s  519 out-tok/s
[ 92213s] 完成 44741  成功 44740  失败 1  截断 4511  三元组 515335  | 0.49 req/s  519 out-tok/s
[ 92230s] 完成 44751  成功 44750  失败 1  截断 4511  三元组 515438  | 0.49 req/s  519 out-tok/s
[ 92247s] 完成 44760  成功 44759  失败 1  截断 4511  三元组 515550  | 0.49 req/s  519 out-tok/s
[ 92263s] 完成 44766  成功 44765  失败 1  截断 4512  三元组 515612  | 0.49 req/s  519 out-tok/s
[ 92280s] 完成 44776  成功 44775  失败 1  截断 4512  三元组 515730  | 0.49 req/s  519 out-tok/s
[ 92295s] 完成 44782  成功 44781  失败 1  截断 4513  三元组 515791  | 0.49 req/s  519 out-tok/s
[ 92314s] 完成 44788  成功 44787  失败 1  截断 4514  三元组 515880  | 0.49 req/s  519 out-tok/s
[ 92330s] 完成 44800  成功 44799  失败 1  截断 4515  三元组 516036  | 0.49 req/s  519 out-tok/s
[ 92346s] 完成 44806  成功 44805  失败 1  截断 4515  三元组 516113  | 0.49 req/s  519 out-tok/s
[ 92363s] 完成 44814  成功 44813  失败 1  截断 4516  三元组 516221  | 0.49 req/s  519 out-tok/s
[ 92379s] 完成 44823  成功 44822  失败 1  截断 4516  三元组 516330  | 0.49 req/s  519 out-tok/s
[ 92395s] 完成 44831  成功 44830  失败 1  截断 4516  三元组 516413  | 0.49 req/s  519 out-tok/s
[ 92411s] 完成 44836  成功 44835  失败 1  截断 4517  三元组 516465  | 0.49 req/s  519 out-tok/s
[ 92429s] 完成 44844  成功 44843  失败 1  截断 4518  三元组 516559  | 0.49 req/s  519 out-tok/s
[ 92445s] 完成 44848  成功 44847  失败 1  截断 4518  三元组 516613  | 0.49 req/s  519 out-tok/s
[ 92462s] 完成 44862  成功 44861  失败 1  截断 4520  三元组 516821  | 0.49 req/s  519 out-tok/s
[ 92480s] 完成 44867  成功 44866  失败 1  截断 4520  三元组 516888  | 0.49 req/s  519 out-tok/s
[ 92497s] 完成 44876  成功 44875  失败 1  截断 4521  三元组 516976  | 0.49 req/s  519 out-tok/s
[ 92515s] 完成 44884  成功 44883  失败 1  截断 4521  三元组 517065  | 0.49 req/s  519 out-tok/s
[ 92530s] 完成 44893  成功 44892  失败 1  截断 4521  三元组 517191  | 0.49 req/s  519 out-tok/s
[ 92549s] 完成 44904  成功 44903  失败 1  截断 4521  三元组 517318  | 0.49 req/s  519 out-tok/s
[ 92565s] 完成 44910  成功 44909  失败 1  截断 4521  三元组 517396  | 0.49 req/s  519 out-tok/s
[ 92581s] 完成 44915  成功 44914  失败 1  截断 4521  三元组 517460  | 0.49 req/s  519 out-tok/s
[ 92602s] 完成 44921  成功 44920  失败 1  截断 4521  三元组 517531  | 0.49 req/s  519 out-tok/s
[ 92618s] 完成 44929  成功 44928  失败 1  截断 4523  三元组 517633  | 0.49 req/s  519 out-tok/s
[ 92636s] 完成 44936  成功 44935  失败 1  截断 4523  三元组 517721  | 0.49 req/s  519 out-tok/s
[ 92652s] 完成 44942  成功 44941  失败 1  截断 4523  三元组 517796  | 0.49 req/s  519 out-tok/s
[ 92667s] 完成 44949  成功 44948  失败 1  截断 4525  三元组 517892  | 0.49 req/s  519 out-tok/s
[ 92684s] 完成 44957  成功 44956  失败 1  截断 4526  三元组 518010  | 0.49 req/s  519 out-tok/s
[ 92700s] 完成 44963  成功 44962  失败 1  截断 4528  三元组 518090  | 0.49 req/s  519 out-tok/s
[ 92717s] 完成 44974  成功 44973  失败 1  截断 4528  三元组 518233  | 0.49 req/s  519 out-tok/s
[ 92734s] 完成 44978  成功 44977  失败 1  截断 4528  三元组 518268  | 0.49 req/s  519 out-tok/s
[ 92751s] 完成 44989  成功 44988  失败 1  截断 4530  三元组 518423  | 0.49 req/s  519 out-tok/s
[ 92767s] 完成 44997  成功 44996  失败 1  截断 4531  三元组 518512  | 0.49 req/s  519 out-tok/s
[ 92772s] 完成 45000  成功 44999  失败 1  截断 4531  三元组 518543  | 0.49 req/s  519 out-tok/s
[ 92789s] 完成 45011  成功 45010  失败 1  截断 4531  三元组 518673  | 0.49 req/s  519 out-tok/s
[ 92805s] 完成 45016  成功 45015  失败 1  截断 4531  三元组 518730  | 0.49 req/s  519 out-tok/s
[ 92820s] 完成 45027  成功 45026  失败 1  截断 4531  三元组 518846  | 0.49 req/s  519 out-tok/s
[ 92836s] 完成 45037  成功 45036  失败 1  截断 4532  三元组 518970  | 0.49 req/s  519 out-tok/s
[ 92852s] 完成 45045  成功 45044  失败 1  截断 4533  三元组 519047  | 0.49 req/s  519 out-tok/s
[ 92868s] 完成 45053  成功 45052  失败 1  截断 4533  三元组 519110  | 0.49 req/s  519 out-tok/s
[ 92883s] 完成 45062  成功 45061  失败 1  截断 4533  三元组 519236  | 0.49 req/s  519 out-tok/s
[ 92899s] 完成 45070  成功 45069  失败 1  截断 4533  三元组 519312  | 0.49 req/s  519 out-tok/s
[ 92914s] 完成 45080  成功 45079  失败 1  截断 4533  三元组 519437  | 0.49 req/s  519 out-tok/s
[ 92932s] 完成 45084  成功 45083  失败 1  截断 4533  三元组 519461  | 0.49 req/s  519 out-tok/s
[ 92948s] 完成 45093  成功 45092  失败 1  截断 4534  三元组 519592  | 0.49 req/s  519 out-tok/s
[ 92963s] 完成 45100  成功 45099  失败 1  截断 4534  三元组 519682  | 0.49 req/s  519 out-tok/s
[ 92979s] 完成 45108  成功 45107  失败 1  截断 4535  三元组 519769  | 0.49 req/s  519 out-tok/s
[ 92995s] 完成 45117  成功 45116  失败 1  截断 4536  三元组 519866  | 0.49 req/s  519 out-tok/s
[ 93010s] 完成 45122  成功 45121  失败 1  截断 4536  三元组 519918  | 0.49 req/s  519 out-tok/s
[ 93027s] 完成 45128  成功 45127  失败 1  截断 4538  三元组 520025  | 0.49 req/s  519 out-tok/s
[ 93043s] 完成 45139  成功 45138  失败 1  截断 4538  三元组 520186  | 0.49 req/s  519 out-tok/s
[ 93062s] 完成 45146  成功 45145  失败 1  截断 4539  三元组 520275  | 0.49 req/s  519 out-tok/s
[ 93078s] 完成 45154  成功 45153  失败 1  截断 4541  三元组 520373  | 0.49 req/s  519 out-tok/s
[ 93094s] 完成 45162  成功 45161  失败 1  截断 4541  三元组 520450  | 0.49 req/s  519 out-tok/s
[ 93111s] 完成 45167  成功 45166  失败 1  截断 4541  三元组 520505  | 0.49 req/s  519 out-tok/s
[ 93129s] 完成 45173  成功 45172  失败 1  截断 4541  三元组 520593  | 0.49 req/s  519 out-tok/s
[ 93144s] 完成 45183  成功 45182  失败 1  截断 4544  三元组 520733  | 0.49 req/s  519 out-tok/s
[ 93159s] 完成 45191  成功 45190  失败 1  截断 4545  三元组 520816  | 0.49 req/s  519 out-tok/s
[ 93175s] 完成 45196  成功 45195  失败 1  截断 4545  三元组 520870  | 0.49 req/s  519 out-tok/s
[ 93195s] 完成 45205  成功 45204  失败 1  截断 4547  三元组 520963  | 0.49 req/s  519 out-tok/s
[ 93210s] 完成 45219  成功 45218  失败 1  截断 4548  三元组 521159  | 0.49 req/s  519 out-tok/s
[ 93227s] 完成 45224  成功 45223  失败 1  截断 4549  三元组 521223  | 0.49 req/s  519 out-tok/s
[ 93246s] 完成 45232  成功 45231  失败 1  截断 4551  三元组 521316  | 0.49 req/s  519 out-tok/s
[ 93261s] 完成 45243  成功 45242  失败 1  截断 4551  三元组 521424  | 0.49 req/s  519 out-tok/s
[ 93278s] 完成 45255  成功 45254  失败 1  截断 4552  三元组 521576  | 0.49 req/s  519 out-tok/s
[ 93298s] 完成 45262  成功 45261  失败 1  截断 4552  三元组 521637  | 0.49 req/s  519 out-tok/s
[ 93315s] 完成 45270  成功 45269  失败 1  截断 4553  三元组 521703  | 0.49 req/s  519 out-tok/s
[ 93331s] 完成 45276  成功 45275  失败 1  截断 4553  三元组 521794  | 0.49 req/s  519 out-tok/s
[ 93346s] 完成 45286  成功 45285  失败 1  截断 4555  三元组 521931  | 0.49 req/s  519 out-tok/s
[ 93362s] 完成 45291  成功 45290  失败 1  截断 4555  三元组 521972  | 0.49 req/s  519 out-tok/s
[ 93379s] 完成 45301  成功 45300  失败 1  截断 4555  三元组 522089  | 0.49 req/s  519 out-tok/s
[ 93397s] 完成 45308  成功 45307  失败 1  截断 4556  三元组 522175  | 0.49 req/s  519 out-tok/s
[ 93424s] 完成 45318  成功 45317  失败 1  截断 4558  三元组 522289  | 0.49 req/s  519 out-tok/s
[ 93440s] 完成 45327  成功 45326  失败 1  截断 4559  三元组 522375  | 0.49 req/s  519 out-tok/s
[ 93457s] 完成 45336  成功 45335  失败 1  截断 4561  三元组 522469  | 0.49 req/s  519 out-tok/s
[ 93472s] 完成 45342  成功 45341  失败 1  截断 4562  三元组 522549  | 0.49 req/s  519 out-tok/s
[ 93491s] 完成 45348  成功 45347  失败 1  截断 4562  三元组 522606  | 0.49 req/s  519 out-tok/s
[ 93506s] 完成 45358  成功 45357  失败 1  截断 4563  三元组 522719  | 0.49 req/s  519 out-tok/s
[ 93522s] 完成 45368  成功 45367  失败 1  截断 4564  三元组 522837  | 0.49 req/s  519 out-tok/s
[ 93539s] 完成 45374  成功 45373  失败 1  截断 4566  三元组 522918  | 0.49 req/s  519 out-tok/s
[ 93555s] 完成 45382  成功 45381  失败 1  截断 4566  三元组 522998  | 0.49 req/s  519 out-tok/s
[ 93571s] 完成 45390  成功 45389  失败 1  截断 4568  三元组 523089  | 0.49 req/s  519 out-tok/s
[ 93587s] 完成 45399  成功 45398  失败 1  截断 4568  三元组 523197  | 0.49 req/s  519 out-tok/s
[ 93602s] 完成 45408  成功 45407  失败 1  截断 4569  三元组 523286  | 0.49 req/s  519 out-tok/s
[ 93618s] 完成 45415  成功 45414  失败 1  截断 4570  三元组 523382  | 0.49 req/s  519 out-tok/s
[ 93633s] 完成 45425  成功 45424  失败 1  截断 4570  三元组 523484  | 0.49 req/s  519 out-tok/s
[ 93650s] 完成 45436  成功 45435  失败 1  截断 4570  三元组 523631  | 0.49 req/s  519 out-tok/s
[ 93666s] 完成 45443  成功 45442  失败 1  截断 4570  三元组 523704  | 0.49 req/s  519 out-tok/s
[ 93683s] 完成 45448  成功 45447  失败 1  截断 4570  三元组 523758  | 0.49 req/s  519 out-tok/s
[ 93700s] 完成 45455  成功 45454  失败 1  截断 4571  三元组 523836  | 0.49 req/s  519 out-tok/s
[ 93716s] 完成 45464  成功 45463  失败 1  截断 4571  三元组 523926  | 0.49 req/s  519 out-tok/s
[ 93733s] 完成 45471  成功 45470  失败 1  截断 4572  三元组 524031  | 0.49 req/s  519 out-tok/s
[ 93749s] 完成 45475  成功 45474  失败 1  截断 4572  三元组 524078  | 0.49 req/s  519 out-tok/s
[ 93766s] 完成 45481  成功 45480  失败 1  截断 4572  三元组 524168  | 0.49 req/s  519 out-tok/s
[ 93781s] 完成 45491  成功 45490  失败 1  截断 4573  三元组 524264  | 0.49 req/s  519 out-tok/s
[ 93792s] 完成 45500  成功 45499  失败 1  截断 4575  三元组 524383  | 0.49 req/s  519 out-tok/s
[ 93808s] 完成 45509  成功 45508  失败 1  截断 4576  三元组 524446  | 0.49 req/s  519 out-tok/s
[ 93830s] 完成 45517  成功 45516  失败 1  截断 4576  三元组 524520  | 0.49 req/s  519 out-tok/s
[ 93848s] 完成 45523  成功 45522  失败 1  截断 4576  三元组 524566  | 0.49 req/s  519 out-tok/s
[ 93863s] 完成 45533  成功 45532  失败 1  截断 4577  三元组 524681  | 0.49 req/s  519 out-tok/s
[ 93879s] 完成 45543  成功 45542  失败 1  截断 4579  三元组 524825  | 0.49 req/s  519 out-tok/s
[ 93896s] 完成 45553  成功 45552  失败 1  截断 4580  三元组 524926  | 0.49 req/s  519 out-tok/s
[ 93914s] 完成 45561  成功 45560  失败 1  截断 4580  三元组 524996  | 0.49 req/s  519 out-tok/s
[ 93931s] 完成 45571  成功 45570  失败 1  截断 4581  三元组 525116  | 0.49 req/s  519 out-tok/s
[ 93951s] 完成 45582  成功 45581  失败 1  截断 4583  三元组 525254  | 0.49 req/s  519 out-tok/s
[ 93971s] 完成 45590  成功 45589  失败 1  截断 4584  三元组 525346  | 0.49 req/s  519 out-tok/s
[ 93987s] 完成 45600  成功 45599  失败 1  截断 4584  三元组 525440  | 0.49 req/s  519 out-tok/s
[ 94003s] 完成 45608  成功 45607  失败 1  截断 4585  三元组 525577  | 0.49 req/s  519 out-tok/s
[ 94018s] 完成 45614  成功 45613  失败 1  截断 4586  三元组 525646  | 0.49 req/s  519 out-tok/s
[ 94034s] 完成 45621  成功 45620  失败 1  截断 4587  三元组 525727  | 0.49 req/s  519 out-tok/s
[ 94053s] 完成 45633  成功 45632  失败 1  截断 4587  三元组 525836  | 0.49 req/s  519 out-tok/s
[ 94068s] 完成 45639  成功 45638  失败 1  截断 4587  三元组 525903  | 0.49 req/s  519 out-tok/s
[ 94086s] 完成 45649  成功 45648  失败 1  截断 4590  三元组 526017  | 0.49 req/s  519 out-tok/s
[ 94106s] 完成 45655  成功 45654  失败 1  截断 4590  三元组 526064  | 0.49 req/s  519 out-tok/s
[ 94122s] 完成 45667  成功 45666  失败 1  截断 4591  三元组 526191  | 0.49 req/s  519 out-tok/s
[ 94137s] 完成 45676  成功 45675  失败 1  截断 4593  三元组 526290  | 0.49 req/s  519 out-tok/s
[ 94155s] 完成 45683  成功 45682  失败 1  截断 4594  三元组 526347  | 0.49 req/s  519 out-tok/s
[ 94177s] 完成 45690  成功 45689  失败 1  截断 4595  三元组 526431  | 0.49 req/s  519 out-tok/s
[ 94195s] 完成 45698  成功 45697  失败 1  截断 4595  三元组 526530  | 0.49 req/s  519 out-tok/s
[ 94210s] 完成 45710  成功 45709  失败 1  截断 4595  三元组 526690  | 0.49 req/s  519 out-tok/s
[ 94226s] 完成 45721  成功 45720  失败 1  截断 4596  三元组 526845  | 0.49 req/s  519 out-tok/s
[ 94242s] 完成 45725  成功 45724  失败 1  截断 4596  三元组 526886  | 0.49 req/s  519 out-tok/s
[ 94258s] 完成 45732  成功 45731  失败 1  截断 4596  三元组 526965  | 0.49 req/s  519 out-tok/s
[ 94274s] 完成 45745  成功 45744  失败 1  截断 4596  三元组 527122  | 0.49 req/s  519 out-tok/s
[ 94291s] 完成 45751  成功 45750  失败 1  截断 4596  三元组 527176  | 0.49 req/s  519 out-tok/s
[ 94307s] 完成 45759  成功 45758  失败 1  截断 4596  三元组 527273  | 0.49 req/s  519 out-tok/s
[ 94322s] 完成 45765  成功 45764  失败 1  截断 4596  三元组 527315  | 0.49 req/s  519 out-tok/s
[ 94339s] 完成 45776  成功 45775  失败 1  截断 4596  三元组 527450  | 0.49 req/s  519 out-tok/s
[ 94357s] 完成 45783  成功 45782  失败 1  截断 4597  三元组 527534  | 0.49 req/s  519 out-tok/s
[ 94374s] 完成 45788  成功 45787  失败 1  截断 4598  三元组 527597  | 0.49 req/s  519 out-tok/s
[ 94390s] 完成 45796  成功 45795  失败 1  截断 4598  三元组 527675  | 0.49 req/s  519 out-tok/s
[ 94408s] 完成 45803  成功 45802  失败 1  截断 4599  三元组 527754  | 0.49 req/s  519 out-tok/s
[ 94423s] 完成 45812  成功 45811  失败 1  截断 4601  三元组 527902  | 0.49 req/s  519 out-tok/s
[ 94438s] 完成 45822  成功 45821  失败 1  截断 4602  三元组 527984  | 0.49 req/s  519 out-tok/s
[ 94453s] 完成 45831  成功 45830  失败 1  截断 4604  三元组 528080  | 0.49 req/s  519 out-tok/s
[ 94469s] 完成 45838  成功 45837  失败 1  截断 4604  三元组 528139  | 0.49 req/s  519 out-tok/s
[ 94485s] 完成 45847  成功 45846  失败 1  截断 4604  三元组 528225  | 0.49 req/s  519 out-tok/s
[ 94501s] 完成 45855  成功 45854  失败 1  截断 4606  三元组 528308  | 0.49 req/s  519 out-tok/s
[ 94521s] 完成 45860  成功 45859  失败 1  截断 4607  三元组 528359  | 0.49 req/s  519 out-tok/s
[ 94538s] 完成 45870  成功 45869  失败 1  截断 4607  三元组 528485  | 0.49 req/s  519 out-tok/s
[ 94554s] 完成 45876  成功 45875  失败 1  截断 4609  三元组 528548  | 0.49 req/s  519 out-tok/s
[ 94569s] 完成 45882  成功 45881  失败 1  截断 4609  三元组 528613  | 0.49 req/s  519 out-tok/s
[ 94585s] 完成 45889  成功 45888  失败 1  截断 4611  三元组 528724  | 0.49 req/s  519 out-tok/s
[ 94600s] 完成 45897  成功 45896  失败 1  截断 4612  三元组 528808  | 0.49 req/s  519 out-tok/s
[ 94621s] 完成 45905  成功 45904  失败 1  截断 4613  三元组 528905  | 0.49 req/s  519 out-tok/s
[ 94637s] 完成 45915  成功 45914  失败 1  截断 4613  三元组 529034  | 0.49 req/s  519 out-tok/s
[ 94652s] 完成 45924  成功 45923  失败 1  截断 4615  三元组 529138  | 0.49 req/s  519 out-tok/s
[ 94668s] 完成 45933  成功 45932  失败 1  截断 4618  三元组 529224  | 0.49 req/s  519 out-tok/s
[ 94683s] 完成 45940  成功 45939  失败 1  截断 4619  三元组 529301  | 0.49 req/s  519 out-tok/s
[ 94700s] 完成 45949  成功 45948  失败 1  截断 4619  三元组 529397  | 0.49 req/s  519 out-tok/s
[ 94715s] 完成 45955  成功 45954  失败 1  截断 4619  三元组 529467  | 0.49 req/s  519 out-tok/s
[ 94732s] 完成 45965  成功 45964  失败 1  截断 4619  三元组 529589  | 0.49 req/s  519 out-tok/s
[ 94748s] 完成 45972  成功 45971  失败 1  截断 4620  三元组 529659  | 0.49 req/s  519 out-tok/s
[ 94763s] 完成 45980  成功 45979  失败 1  截断 4620  三元组 529736  | 0.49 req/s  519 out-tok/s
[ 94779s] 完成 45988  成功 45987  失败 1  截断 4622  三元组 529820  | 0.49 req/s  519 out-tok/s
[ 94795s] 完成 45997  成功 45996  失败 1  截断 4623  三元组 529910  | 0.49 req/s  519 out-tok/s
[ 94802s] 完成 46000  成功 45999  失败 1  截断 4623  三元组 529959  | 0.49 req/s  519 out-tok/s
[ 94818s] 完成 46008  成功 46007  失败 1  截断 4623  三元组 530040  | 0.49 req/s  519 out-tok/s
[ 94833s] 完成 46016  成功 46015  失败 1  截断 4625  三元组 530114  | 0.49 req/s  519 out-tok/s
[ 94848s] 完成 46026  成功 46025  失败 1  截断 4626  三元组 530207  | 0.49 req/s  519 out-tok/s
[ 94872s] 完成 46032  成功 46031  失败 1  截断 4626  三元组 530271  | 0.49 req/s  519 out-tok/s
[ 94891s] 完成 46042  成功 46041  失败 1  截断 4628  三元组 530400  | 0.49 req/s  519 out-tok/s
[ 94907s] 完成 46047  成功 46046  失败 1  截断 4629  三元组 530478  | 0.49 req/s  519 out-tok/s
[ 94923s] 完成 46057  成功 46056  失败 1  截断 4631  三元组 530598  | 0.49 req/s  519 out-tok/s
[ 94938s] 完成 46068  成功 46067  失败 1  截断 4633  三元组 530699  | 0.49 req/s  519 out-tok/s
[ 94954s] 完成 46080  成功 46079  失败 1  截断 4633  三元组 530809  | 0.49 req/s  519 out-tok/s
[ 94970s] 完成 46089  成功 46088  失败 1  截断 4633  三元组 530920  | 0.49 req/s  519 out-tok/s
[ 94987s] 完成 46097  成功 46096  失败 1  截断 4633  三元组 531008  | 0.49 req/s  519 out-tok/s
[ 95002s] 完成 46105  成功 46104  失败 1  截断 4634  三元组 531104  | 0.49 req/s  519 out-tok/s
[ 95018s] 完成 46112  成功 46111  失败 1  截断 4634  三元组 531175  | 0.49 req/s  519 out-tok/s
[ 95035s] 完成 46119  成功 46118  失败 1  截断 4634  三元组 531265  | 0.49 req/s  519 out-tok/s
[ 95052s] 完成 46131  成功 46130  失败 1  截断 4636  三元组 531368  | 0.49 req/s  519 out-tok/s
[ 95071s] 完成 46143  成功 46142  失败 1  截断 4636  三元组 531510  | 0.49 req/s  519 out-tok/s
[ 95087s] 完成 46150  成功 46149  失败 1  截断 4637  三元组 531595  | 0.49 req/s  519 out-tok/s
[ 95102s] 完成 46160  成功 46159  失败 1  截断 4637  三元组 531688  | 0.49 req/s  519 out-tok/s
[ 95117s] 完成 46173  成功 46172  失败 1  截断 4637  三元组 531848  | 0.49 req/s  519 out-tok/s
[ 95132s] 完成 46179  成功 46178  失败 1  截断 4637  三元组 531903  | 0.49 req/s  519 out-tok/s
[ 95150s] 完成 46184  成功 46183  失败 1  截断 4638  三元组 531979  | 0.49 req/s  519 out-tok/s
[ 95168s] 完成 46196  成功 46195  失败 1  截断 4638  三元组 532119  | 0.49 req/s  519 out-tok/s
[ 95185s] 完成 46204  成功 46203  失败 1  截断 4639  三元组 532211  | 0.49 req/s  519 out-tok/s
[ 95203s] 完成 46214  成功 46213  失败 1  截断 4639  三元组 532331  | 0.49 req/s  519 out-tok/s
[ 95224s] 完成 46223  成功 46222  失败 1  截断 4639  三元组 532423  | 0.49 req/s  519 out-tok/s
[ 95240s] 完成 46230  成功 46229  失败 1  截断 4639  三元组 532524  | 0.49 req/s  519 out-tok/s
[ 95255s] 完成 46240  成功 46239  失败 1  截断 4641  三元组 532646  | 0.49 req/s  519 out-tok/s
[ 95270s] 完成 46247  成功 46246  失败 1  截断 4642  三元组 532722  | 0.49 req/s  519 out-tok/s
[ 95286s] 完成 46254  成功 46253  失败 1  截断 4643  三元组 532791  | 0.49 req/s  519 out-tok/s
[ 95302s] 完成 46263  成功 46262  失败 1  截断 4643  三元组 532906  | 0.49 req/s  519 out-tok/s
[ 95318s] 完成 46267  成功 46266  失败 1  截断 4643  三元组 532961  | 0.49 req/s  519 out-tok/s
[ 95335s] 完成 46279  成功 46278  失败 1  截断 4645  三元组 533143  | 0.49 req/s  519 out-tok/s
[ 95354s] 完成 46285  成功 46284  失败 1  截断 4646  三元组 533212  | 0.49 req/s  519 out-tok/s
[ 95374s] 完成 46298  成功 46297  失败 1  截断 4646  三元组 533376  | 0.49 req/s  519 out-tok/s
[ 95389s] 完成 46308  成功 46307  失败 1  截断 4646  三元组 533461  | 0.49 req/s  519 out-tok/s
[ 95404s] 完成 46312  成功 46311  失败 1  截断 4646  三元组 533496  | 0.49 req/s  519 out-tok/s
[ 95420s] 完成 46322  成功 46321  失败 1  截断 4647  三元组 533621  | 0.49 req/s  519 out-tok/s
[ 95435s] 完成 46332  成功 46331  失败 1  截断 4648  三元组 533728  | 0.49 req/s  519 out-tok/s
[ 95454s] 完成 46343  成功 46342  失败 1  截断 4649  三元组 533799  | 0.49 req/s  519 out-tok/s
[ 95470s] 完成 46351  成功 46350  失败 1  截断 4650  三元组 533856  | 0.49 req/s  519 out-tok/s
[ 95485s] 完成 46361  成功 46360  失败 1  截断 4651  三元组 533976  | 0.49 req/s  519 out-tok/s
[ 95505s] 完成 46370  成功 46369  失败 1  截断 4651  三元组 534059  | 0.49 req/s  519 out-tok/s
[ 95524s] 完成 46381  成功 46380  失败 1  截断 4654  三元组 534178  | 0.49 req/s  519 out-tok/s
[ 95541s] 完成 46391  成功 46390  失败 1  截断 4656  三元组 534297  | 0.49 req/s  519 out-tok/s
[ 95557s] 完成 46399  成功 46398  失败 1  截断 4656  三元组 534371  | 0.49 req/s  519 out-tok/s
[ 95573s] 完成 46404  成功 46403  失败 1  截断 4656  三元组 534435  | 0.49 req/s  519 out-tok/s
[ 95590s] 完成 46409  成功 46408  失败 1  截断 4656  三元组 534474  | 0.49 req/s  519 out-tok/s
[ 95605s] 完成 46416  成功 46415  失败 1  截断 4657  三元组 534565  | 0.49 req/s  519 out-tok/s
[ 95621s] 完成 46424  成功 46423  失败 1  截断 4658  三元组 534663  | 0.49 req/s  519 out-tok/s
[ 95639s] 完成 46429  成功 46428  失败 1  截断 4659  三元组 534718  | 0.49 req/s  519 out-tok/s
[ 95655s] 完成 46438  成功 46437  失败 1  截断 4661  三元组 534822  | 0.49 req/s  519 out-tok/s
[ 95671s] 完成 46446  成功 46445  失败 1  截断 4661  三元组 534954  | 0.49 req/s  519 out-tok/s
[ 95687s] 完成 46455  成功 46454  失败 1  截断 4662  三元组 535063  | 0.49 req/s  519 out-tok/s
[ 95705s] 完成 46464  成功 46463  失败 1  截断 4662  三元组 535162  | 0.49 req/s  519 out-tok/s
[ 95721s] 完成 46475  成功 46474  失败 1  截断 4663  三元组 535284  | 0.49 req/s  519 out-tok/s
[ 95736s] 完成 46482  成功 46481  失败 1  截断 4664  三元组 535382  | 0.49 req/s  519 out-tok/s
[ 95753s] 完成 46487  成功 46486  失败 1  截断 4664  三元组 535414  | 0.49 req/s  519 out-tok/s
[ 95773s] 完成 46498  成功 46497  失败 1  截断 4664  三元组 535548  | 0.49 req/s  519 out-tok/s
[ 95778s] 完成 46500  成功 46499  失败 1  截断 4664  三元组 535564  | 0.49 req/s  519 out-tok/s
[ 95797s] 完成 46508  成功 46507  失败 1  截断 4664  三元组 535672  | 0.49 req/s  519 out-tok/s
[ 95813s] 完成 46516  成功 46515  失败 1  截断 4665  三元组 535769  | 0.49 req/s  519 out-tok/s
[ 95830s] 完成 46524  成功 46523  失败 1  截断 4666  三元组 535883  | 0.49 req/s  519 out-tok/s
[ 95845s] 完成 46529  成功 46528  失败 1  截断 4667  三元组 535931  | 0.49 req/s  519 out-tok/s
[ 95862s] 完成 46536  成功 46535  失败 1  截断 4668  三元组 536027  | 0.49 req/s  519 out-tok/s
[ 95878s] 完成 46545  成功 46544  失败 1  截断 4670  三元组 536139  | 0.49 req/s  519 out-tok/s
[ 95895s] 完成 46553  成功 46552  失败 1  截断 4670  三元组 536261  | 0.49 req/s  519 out-tok/s
[ 95912s] 完成 46560  成功 46559  失败 1  截断 4670  三元组 536342  | 0.49 req/s  519 out-tok/s
[ 95928s] 完成 46569  成功 46568  失败 1  截断 4672  三元组 536433  | 0.49 req/s  519 out-tok/s
[ 95945s] 完成 46576  成功 46575  失败 1  截断 4673  三元组 536507  | 0.49 req/s  519 out-tok/s
[ 95961s] 完成 46586  成功 46585  失败 1  截断 4675  三元组 536605  | 0.49 req/s  519 out-tok/s
[ 95976s] 完成 46592  成功 46591  失败 1  截断 4677  三元组 536657  | 0.49 req/s  519 out-tok/s
[ 95993s] 完成 46605  成功 46604  失败 1  截断 4677  三元组 536796  | 0.49 req/s  519 out-tok/s
[ 96009s] 完成 46611  成功 46610  失败 1  截断 4679  三元组 536894  | 0.49 req/s  519 out-tok/s
[ 96024s] 完成 46618  成功 46617  失败 1  截断 4679  三元组 536981  | 0.49 req/s  519 out-tok/s
[ 96043s] 完成 46627  成功 46626  失败 1  截断 4680  三元组 537084  | 0.49 req/s  519 out-tok/s
[ 96061s] 完成 46638  成功 46637  失败 1  截断 4681  三元组 537217  | 0.49 req/s  519 out-tok/s
[ 96077s] 完成 46645  成功 46644  失败 1  截断 4681  三元组 537279  | 0.49 req/s  519 out-tok/s
[ 96093s] 完成 46654  成功 46653  失败 1  截断 4682  三元组 537370  | 0.49 req/s  519 out-tok/s
[ 96110s] 完成 46662  成功 46661  失败 1  截断 4684  三元组 537475  | 0.49 req/s  519 out-tok/s
[ 96126s] 完成 46673  成功 46672  失败 1  截断 4684  三元组 537605  | 0.49 req/s  519 out-tok/s
[ 96143s] 完成 46682  成功 46681  失败 1  截断 4685  三元组 537701  | 0.49 req/s  519 out-tok/s
[ 96160s] 完成 46688  成功 46687  失败 1  截断 4687  三元组 537761  | 0.49 req/s  519 out-tok/s
[ 96176s] 完成 46698  成功 46697  失败 1  截断 4687  三元组 537866  | 0.49 req/s  519 out-tok/s
[ 96191s] 完成 46705  成功 46704  失败 1  截断 4687  三元组 537926  | 0.49 req/s  519 out-tok/s
[ 96208s] 完成 46712  成功 46711  失败 1  截断 4688  三元组 537998  | 0.49 req/s  519 out-tok/s
[ 96226s] 完成 46723  成功 46722  失败 1  截断 4689  三元组 538142  | 0.49 req/s  519 out-tok/s
[ 96242s] 完成 46731  成功 46730  失败 1  截断 4689  三元组 538222  | 0.49 req/s  519 out-tok/s
[ 96257s] 完成 46738  成功 46737  失败 1  截断 4689  三元组 538268  | 0.49 req/s  519 out-tok/s
[ 96272s] 完成 46746  成功 46745  失败 1  截断 4690  三元组 538384  | 0.49 req/s  519 out-tok/s
[ 96287s] 完成 46754  成功 46753  失败 1  截断 4690  三元组 538473  | 0.49 req/s  519 out-tok/s
[ 96304s] 完成 46760  成功 46759  失败 1  截断 4691  三元组 538567  | 0.49 req/s  519 out-tok/s
[ 96320s] 完成 46766  成功 46765  失败 1  截断 4691  三元组 538646  | 0.49 req/s  519 out-tok/s
[ 96338s] 完成 46774  成功 46773  失败 1  截断 4691  三元组 538731  | 0.49 req/s  519 out-tok/s
[ 96357s] 完成 46779  成功 46778  失败 1  截断 4692  三元组 538796  | 0.49 req/s  519 out-tok/s
[ 96373s] 完成 46788  成功 46787  失败 1  截断 4693  三元组 538905  | 0.49 req/s  519 out-tok/s
[ 96394s] 完成 46796  成功 46795  失败 1  截断 4694  三元组 539011  | 0.49 req/s  519 out-tok/s
[ 96409s] 完成 46805  成功 46804  失败 1  截断 4695  三元组 539115  | 0.49 req/s  519 out-tok/s
[ 96425s] 完成 46815  成功 46814  失败 1  截断 4696  三元组 539242  | 0.49 req/s  519 out-tok/s
[ 96442s] 完成 46819  成功 46818  失败 1  截断 4698  三元组 539275  | 0.49 req/s  519 out-tok/s
[ 96462s] 完成 46828  成功 46827  失败 1  截断 4698  三元组 539397  | 0.49 req/s  519 out-tok/s
[ 96478s] 完成 46839  成功 46838  失败 1  截断 4700  三元组 539540  | 0.49 req/s  519 out-tok/s
[ 96494s] 完成 46843  成功 46842  失败 1  截断 4701  三元组 539606  | 0.49 req/s  519 out-tok/s
[ 96510s] 完成 46848  成功 46847  失败 1  截断 4701  三元组 539684  | 0.49 req/s  519 out-tok/s
[ 96526s] 完成 46859  成功 46858  失败 1  截断 4701  三元组 539809  | 0.49 req/s  519 out-tok/s
[ 96542s] 完成 46866  成功 46865  失败 1  截断 4701  三元组 539868  | 0.49 req/s  519 out-tok/s
[ 96558s] 完成 46873  成功 46872  失败 1  截断 4701  三元组 539949  | 0.49 req/s  519 out-tok/s
[ 96576s] 完成 46877  成功 46876  失败 1  截断 4703  三元组 540006  | 0.49 req/s  519 out-tok/s
[ 96592s] 完成 46886  成功 46885  失败 1  截断 4704  三元组 540098  | 0.49 req/s  519 out-tok/s
[ 96608s] 完成 46892  成功 46891  失败 1  截断 4706  三元组 540169  | 0.49 req/s  519 out-tok/s
[ 96625s] 完成 46901  成功 46900  失败 1  截断 4710  三元组 540288  | 0.49 req/s  519 out-tok/s
[ 96641s] 完成 46907  成功 46906  失败 1  截断 4711  三元组 540376  | 0.49 req/s  519 out-tok/s
[ 96656s] 完成 46916  成功 46915  失败 1  截断 4712  三元组 540493  | 0.49 req/s  519 out-tok/s
[ 96675s] 完成 46923  成功 46922  失败 1  截断 4712  三元组 540567  | 0.49 req/s  519 out-tok/s
[ 96692s] 完成 46929  成功 46928  失败 1  截断 4714  三元组 540633  | 0.49 req/s  519 out-tok/s
[ 96713s] 完成 46940  成功 46939  失败 1  截断 4717  三元组 540754  | 0.49 req/s  519 out-tok/s
[ 96729s] 完成 46948  成功 46947  失败 1  截断 4717  三元组 540857  | 0.49 req/s  519 out-tok/s
[ 96746s] 完成 46957  成功 46956  失败 1  截断 4718  三元组 541005  | 0.49 req/s  519 out-tok/s
[ 96762s] 完成 46966  成功 46965  失败 1  截断 4718  三元组 541098  | 0.49 req/s  519 out-tok/s
[ 96778s] 完成 46972  成功 46971  失败 1  截断 4719  三元组 541172  | 0.49 req/s  519 out-tok/s
[ 96793s] 完成 46982  成功 46981  失败 1  截断 4720  三元组 541257  | 0.49 req/s  519 out-tok/s
[ 96810s] 完成 46989  成功 46988  失败 1  截断 4721  三元组 541325  | 0.49 req/s  519 out-tok/s
[ 96826s] 完成 46997  成功 46996  失败 1  截断 4721  三元组 541420  | 0.49 req/s  519 out-tok/s
[ 96829s] 完成 47000  成功 46999  失败 1  截断 4721  三元组 541461  | 0.49 req/s  519 out-tok/s
[ 96846s] 完成 47009  成功 47008  失败 1  截断 4722  三元组 541560  | 0.49 req/s  519 out-tok/s
[ 96861s] 完成 47020  成功 47019  失败 1  截断 4724  三元组 541685  | 0.49 req/s  519 out-tok/s
[ 96877s] 完成 47027  成功 47026  失败 1  截断 4725  三元组 541785  | 0.49 req/s  519 out-tok/s
[ 96894s] 完成 47033  成功 47032  失败 1  截断 4725  三元组 541843  | 0.49 req/s  519 out-tok/s
[ 96912s] 完成 47043  成功 47042  失败 1  截断 4726  三元组 541968  | 0.49 req/s  519 out-tok/s
[ 96928s] 完成 47052  成功 47051  失败 1  截断 4727  三元组 542057  | 0.49 req/s  519 out-tok/s
[ 96943s] 完成 47059  成功 47058  失败 1  截断 4727  三元组 542136  | 0.49 req/s  519 out-tok/s
[ 96963s] 完成 47070  成功 47069  失败 1  截断 4727  三元组 542248  | 0.49 req/s  519 out-tok/s
[ 96978s] 完成 47079  成功 47078  失败 1  截断 4727  三元组 542336  | 0.49 req/s  519 out-tok/s
[ 96995s] 完成 47087  成功 47086  失败 1  截断 4728  三元组 542424  | 0.49 req/s  519 out-tok/s
[ 97013s] 完成 47092  成功 47091  失败 1  截断 4728  三元组 542488  | 0.49 req/s  519 out-tok/s
[ 97036s] 完成 47104  成功 47103  失败 1  截断 4730  三元组 542608  | 0.49 req/s  519 out-tok/s
[ 97053s] 完成 47112  成功 47111  失败 1  截断 4731  三元组 542706  | 0.49 req/s  519 out-tok/s
[ 97068s] 完成 47122  成功 47121  失败 1  截断 4732  三元组 542844  | 0.49 req/s  519 out-tok/s
[ 97088s] 完成 47128  成功 47127  失败 1  截断 4732  三元组 542900  | 0.49 req/s  519 out-tok/s
[ 97105s] 完成 47140  成功 47139  失败 1  截断 4735  三元组 543052  | 0.49 req/s  519 out-tok/s
[ 97125s] 完成 47148  成功 47147  失败 1  截断 4735  三元组 543147  | 0.49 req/s  519 out-tok/s
[ 97143s] 完成 47156  成功 47155  失败 1  截断 4735  三元组 543268  | 0.49 req/s  519 out-tok/s
[ 97158s] 完成 47164  成功 47163  失败 1  截断 4736  三元组 543343  | 0.49 req/s  519 out-tok/s
[ 97177s] 完成 47170  成功 47169  失败 1  截断 4736  三元组 543423  | 0.49 req/s  519 out-tok/s
[ 97194s] 完成 47182  成功 47181  失败 1  截断 4737  三元组 543559  | 0.49 req/s  519 out-tok/s
[ 97212s] 完成 47188  成功 47187  失败 1  截断 4737  三元组 543656  | 0.49 req/s  519 out-tok/s
[ 97227s] 完成 47195  成功 47194  失败 1  截断 4738  三元组 543746  | 0.49 req/s  519 out-tok/s
[ 97244s] 完成 47201  成功 47200  失败 1  截断 4739  三元组 543815  | 0.49 req/s  519 out-tok/s
[ 97260s] 完成 47209  成功 47208  失败 1  截断 4739  三元组 543924  | 0.49 req/s  519 out-tok/s
[ 97282s] 完成 47219  成功 47218  失败 1  截断 4741  三元组 544062  | 0.49 req/s  519 out-tok/s
[ 97297s] 完成 47231  成功 47230  失败 1  截断 4741  三元组 544190  | 0.49 req/s  519 out-tok/s
[ 97314s] 完成 47239  成功 47238  失败 1  截断 4741  三元组 544286  | 0.49 req/s  519 out-tok/s
[ 97329s] 完成 47249  成功 47248  失败 1  截断 4742  三元组 544367  | 0.49 req/s  519 out-tok/s
[ 97344s] 完成 47258  成功 47257  失败 1  截断 4743  三元组 544463  | 0.49 req/s  519 out-tok/s
[ 97360s] 完成 47269  成功 47268  失败 1  截断 4744  三元组 544575  | 0.49 req/s  519 out-tok/s
[ 97377s] 完成 47278  成功 47277  失败 1  截断 4744  三元组 544665  | 0.49 req/s  519 out-tok/s
[ 97393s] 完成 47283  成功 47282  失败 1  截断 4744  三元组 544712  | 0.49 req/s  519 out-tok/s
[ 97408s] 完成 47292  成功 47291  失败 1  截断 4744  三元组 544825  | 0.49 req/s  519 out-tok/s
[ 97425s] 完成 47301  成功 47300  失败 1  截断 4745  三元组 544920  | 0.49 req/s  519 out-tok/s
[ 97441s] 完成 47308  成功 47307  失败 1  截断 4746  三元组 545013  | 0.49 req/s  519 out-tok/s
[ 97459s] 完成 47314  成功 47313  失败 1  截断 4746  三元组 545064  | 0.49 req/s  519 out-tok/s
[ 97477s] 完成 47320  成功 47319  失败 1  截断 4747  三元组 545140  | 0.49 req/s  519 out-tok/s
[ 97493s] 完成 47328  成功 47327  失败 1  截断 4747  三元组 545263  | 0.49 req/s  519 out-tok/s
[ 97509s] 完成 47338  成功 47337  失败 1  截断 4749  三元组 545363  | 0.49 req/s  519 out-tok/s
[ 97525s] 完成 47345  成功 47344  失败 1  截断 4750  三元组 545440  | 0.49 req/s  519 out-tok/s
[ 97540s] 完成 47354  成功 47353  失败 1  截断 4750  三元组 545528  | 0.49 req/s  519 out-tok/s
[ 97557s] 完成 47358  成功 47357  失败 1  截断 4750  三元组 545582  | 0.49 req/s  519 out-tok/s
[ 97573s] 完成 47373  成功 47372  失败 1  截断 4754  三元组 545736  | 0.49 req/s  519 out-tok/s
[ 97590s] 完成 47379  成功 47378  失败 1  截断 4754  三元组 545787  | 0.49 req/s  519 out-tok/s
[ 97606s] 完成 47386  成功 47385  失败 1  截断 4754  三元组 545883  | 0.49 req/s  519 out-tok/s
[ 97623s] 完成 47392  成功 47391  失败 1  截断 4755  三元组 545957  | 0.49 req/s  519 out-tok/s
[ 97639s] 完成 47396  成功 47395  失败 1  截断 4755  三元组 546009  | 0.49 req/s  519 out-tok/s
[ 97654s] 完成 47402  成功 47401  失败 1  截断 4756  三元组 546099  | 0.49 req/s  519 out-tok/s
[ 97671s] 完成 47409  成功 47408  失败 1  截断 4757  三元组 546188  | 0.49 req/s  519 out-tok/s
[ 97686s] 完成 47412  成功 47411  失败 1  截断 4757  三元组 546220  | 0.49 req/s  519 out-tok/s
[ 97704s] 完成 47422  成功 47421  失败 1  截断 4759  三元组 546378  | 0.49 req/s  519 out-tok/s
[ 97720s] 完成 47431  成功 47430  失败 1  截断 4762  三元组 546467  | 0.49 req/s  519 out-tok/s
[ 97741s] 完成 47441  成功 47440  失败 1  截断 4764  三元组 546578  | 0.49 req/s  519 out-tok/s
[ 97759s] 完成 47448  成功 47447  失败 1  截断 4764  三元组 546653  | 0.49 req/s  519 out-tok/s
[ 97775s] 完成 47458  成功 47457  失败 1  截断 4764  三元组 546778  | 0.49 req/s  519 out-tok/s
[ 97792s] 完成 47467  成功 47466  失败 1  截断 4764  三元组 546877  | 0.49 req/s  519 out-tok/s
[ 97808s] 完成 47477  成功 47476  失败 1  截断 4766  三元组 547019  | 0.49 req/s  519 out-tok/s
[ 97827s] 完成 47485  成功 47484  失败 1  截断 4767  三元组 547120  | 0.49 req/s  519 out-tok/s
[ 97842s] 完成 47493  成功 47492  失败 1  截断 4767  三元组 547208  | 0.49 req/s  519 out-tok/s
[ 97859s] 完成 47499  成功 47498  失败 1  截断 4768  三元组 547272  | 0.49 req/s  519 out-tok/s
[ 97862s] 完成 47500  成功 47499  失败 1  截断 4768  三元组 547277  | 0.49 req/s  519 out-tok/s
[ 97878s] 完成 47509  成功 47508  失败 1  截断 4770  三元组 547408  | 0.49 req/s  519 out-tok/s
[ 97903s] 完成 47518  成功 47517  失败 1  截断 4772  三元组 547507  | 0.49 req/s  519 out-tok/s
[ 97920s] 完成 47526  成功 47525  失败 1  截断 4772  三元组 547598  | 0.49 req/s  519 out-tok/s
[ 97937s] 完成 47534  成功 47533  失败 1  截断 4772  三元组 547693  | 0.49 req/s  519 out-tok/s
[ 97952s] 完成 47546  成功 47545  失败 1  截断 4775  三元组 547850  | 0.49 req/s  519 out-tok/s
[ 97971s] 完成 47552  成功 47551  失败 1  截断 4776  三元组 547926  | 0.49 req/s  519 out-tok/s
[ 97990s] 完成 47561  成功 47560  失败 1  截断 4776  三元组 548009  | 0.49 req/s  519 out-tok/s
[ 98005s] 完成 47567  成功 47566  失败 1  截断 4776  三元组 548100  | 0.49 req/s  519 out-tok/s
[ 98022s] 完成 47573  成功 47572  失败 1  截断 4777  三元组 548176  | 0.49 req/s  519 out-tok/s
[ 98041s] 完成 47582  成功 47581  失败 1  截断 4778  三元组 548296  | 0.49 req/s  519 out-tok/s
[ 98056s] 完成 47589  成功 47588  失败 1  截断 4779  三元组 548355  | 0.49 req/s  519 out-tok/s
[ 98075s] 完成 47598  成功 47597  失败 1  截断 4780  三元组 548471  | 0.49 req/s  519 out-tok/s
[ 98091s] 完成 47604  成功 47603  失败 1  截断 4780  三元组 548545  | 0.49 req/s  519 out-tok/s
[ 98107s] 完成 47619  成功 47618  失败 1  截断 4783  三元组 548736  | 0.49 req/s  519 out-tok/s
[ 98124s] 完成 47627  成功 47626  失败 1  截断 4784  三元组 548817  | 0.49 req/s  519 out-tok/s
[ 98140s] 完成 47636  成功 47635  失败 1  截断 4784  三元组 548899  | 0.49 req/s  519 out-tok/s
[ 98155s] 完成 47646  成功 47645  失败 1  截断 4785  三元组 548986  | 0.49 req/s  519 out-tok/s
[ 98173s] 完成 47654  成功 47653  失败 1  截断 4786  三元组 549102  | 0.49 req/s  519 out-tok/s
[ 98188s] 完成 47658  成功 47657  失败 1  截断 4786  三元组 549153  | 0.49 req/s  519 out-tok/s
[ 98204s] 完成 47665  成功 47664  失败 1  截断 4786  三元组 549221  | 0.49 req/s  519 out-tok/s
[ 98221s] 完成 47673  成功 47672  失败 1  截断 4788  三元组 549355  | 0.49 req/s  519 out-tok/s
[ 98237s] 完成 47679  成功 47678  失败 1  截断 4788  三元组 549415  | 0.49 req/s  519 out-tok/s
[ 98257s] 完成 47689  成功 47688  失败 1  截断 4788  三元组 549538  | 0.49 req/s  519 out-tok/s
[ 98272s] 完成 47699  成功 47698  失败 1  截断 4790  三元组 549641  | 0.49 req/s  519 out-tok/s
[ 98288s] 完成 47711  成功 47710  失败 1  截断 4791  三元组 549798  | 0.49 req/s  519 out-tok/s
[ 98308s] 完成 47722  成功 47721  失败 1  截断 4793  三元组 549878  | 0.49 req/s  519 out-tok/s
[ 98324s] 完成 47731  成功 47730  失败 1  截断 4794  三元组 549970  | 0.49 req/s  519 out-tok/s
[ 98341s] 完成 47739  成功 47738  失败 1  截断 4794  三元组 550053  | 0.49 req/s  519 out-tok/s
[ 98357s] 完成 47748  成功 47747  失败 1  截断 4794  三元组 550147  | 0.49 req/s  519 out-tok/s
[ 98377s] 完成 47755  成功 47754  失败 1  截断 4794  三元组 550224  | 0.49 req/s  519 out-tok/s
[ 98399s] 完成 47765  成功 47764  失败 1  截断 4794  三元组 550347  | 0.49 req/s  519 out-tok/s
[ 98417s] 完成 47774  成功 47773  失败 1  截断 4795  三元组 550465  | 0.49 req/s  519 out-tok/s
[ 98436s] 完成 47781  成功 47780  失败 1  截断 4798  三元组 550555  | 0.49 req/s  519 out-tok/s
[ 98452s] 完成 47790  成功 47789  失败 1  截断 4799  三元组 550654  | 0.49 req/s  519 out-tok/s
[ 98469s] 完成 47800  成功 47799  失败 1  截断 4799  三元组 550761  | 0.49 req/s  519 out-tok/s
[ 98485s] 完成 47805  成功 47804  失败 1  截断 4799  三元组 550814  | 0.49 req/s  519 out-tok/s
[ 98503s] 完成 47814  成功 47813  失败 1  截断 4799  三元组 550906  | 0.49 req/s  519 out-tok/s
[ 98518s] 完成 47823  成功 47822  失败 1  截断 4802  三元组 551062  | 0.49 req/s  519 out-tok/s
[ 98535s] 完成 47832  成功 47831  失败 1  截断 4804  三元组 551172  | 0.49 req/s  519 out-tok/s
[ 98554s] 完成 47839  成功 47838  失败 1  截断 4806  三元组 551244  | 0.49 req/s  519 out-tok/s
[ 98569s] 完成 47846  成功 47845  失败 1  截断 4806  三元组 551307  | 0.49 req/s  519 out-tok/s
[ 98587s] 完成 47861  成功 47860  失败 1  截断 4806  三元组 551503  | 0.49 req/s  519 out-tok/s
[ 98604s] 完成 47866  成功 47865  失败 1  截断 4807  三元组 551552  | 0.49 req/s  519 out-tok/s
[ 98621s] 完成 47874  成功 47873  失败 1  截断 4807  三元组 551629  | 0.49 req/s  519 out-tok/s
[ 98636s] 完成 47881  成功 47880  失败 1  截断 4807  三元组 551710  | 0.49 req/s  519 out-tok/s
[ 98652s] 完成 47886  成功 47885  失败 1  截断 4808  三元组 551767  | 0.49 req/s  519 out-tok/s
[ 98667s] 完成 47895  成功 47894  失败 1  截断 4809  三元组 551900  | 0.49 req/s  519 out-tok/s
[ 98682s] 完成 47902  成功 47901  失败 1  截断 4810  三元组 551986  | 0.49 req/s  519 out-tok/s
[ 98698s] 完成 47914  成功 47913  失败 1  截断 4810  三元组 552098  | 0.49 req/s  519 out-tok/s
[ 98716s] 完成 47921  成功 47920  失败 1  截断 4810  三元组 552148  | 0.49 req/s  519 out-tok/s
[ 98732s] 完成 47931  成功 47930  失败 1  截断 4814  三元组 552287  | 0.49 req/s  519 out-tok/s
[ 98750s] 完成 47939  成功 47938  失败 1  截断 4814  三元组 552413  | 0.49 req/s  519 out-tok/s
[ 98768s] 完成 47947  成功 47946  失败 1  截断 4814  三元组 552496  | 0.49 req/s  519 out-tok/s
[ 98787s] 完成 47958  成功 47957  失败 1  截断 4814  三元组 552637  | 0.49 req/s  519 out-tok/s
[ 98804s] 完成 47966  成功 47965  失败 1  截断 4815  三元组 552736  | 0.49 req/s  519 out-tok/s
[ 98820s] 完成 47972  成功 47971  失败 1  截断 4815  三元组 552815  | 0.49 req/s  519 out-tok/s
[ 98836s] 完成 47983  成功 47982  失败 1  截断 4815  三元组 552951  | 0.49 req/s  519 out-tok/s
[ 98852s] 完成 47987  成功 47986  失败 1  截断 4815  三元组 553001  | 0.49 req/s  519 out-tok/s
[ 98870s] 完成 47993  成功 47992  失败 1  截断 4816  三元组 553080  | 0.49 req/s  519 out-tok/s
[ 98885s] 完成 48000  成功 47999  失败 1  截断 4816  三元组 553169  | 0.49 req/s  519 out-tok/s
[ 98905s] 完成 48003  成功 48002  失败 1  截断 4816  三元组 553194  | 0.49 req/s  519 out-tok/s
[ 98921s] 完成 48009  成功 48008  失败 1  截断 4817  三元组 553277  | 0.49 req/s  519 out-tok/s
[ 98941s] 完成 48020  成功 48019  失败 1  截断 4819  三元组 553470  | 0.49 req/s  519 out-tok/s
[ 98956s] 完成 48027  成功 48026  失败 1  截断 4821  三元组 553543  | 0.49 req/s  519 out-tok/s
[ 98974s] 完成 48033  成功 48032  失败 1  截断 4821  三元组 553613  | 0.49 req/s  519 out-tok/s
[ 98991s] 完成 48041  成功 48040  失败 1  截断 4823  三元组 553715  | 0.49 req/s  519 out-tok/s
[ 99010s] 完成 48047  成功 48046  失败 1  截断 4824  三元组 553782  | 0.49 req/s  519 out-tok/s
[ 99026s] 完成 48057  成功 48056  失败 1  截断 4825  三元组 553871  | 0.49 req/s  519 out-tok/s
[ 99046s] 完成 48064  成功 48063  失败 1  截断 4827  三元组 553977  | 0.49 req/s  519 out-tok/s
[ 99063s] 完成 48071  成功 48070  失败 1  截断 4828  三元组 554069  | 0.49 req/s  519 out-tok/s
[ 99079s] 完成 48078  成功 48077  失败 1  截断 4830  三元组 554150  | 0.49 req/s  519 out-tok/s
[ 99096s] 完成 48089  成功 48088  失败 1  截断 4831  三元组 554305  | 0.49 req/s  519 out-tok/s
[ 99116s] 完成 48097  成功 48096  失败 1  截断 4832  三元组 554389  | 0.49 req/s  519 out-tok/s
[ 99132s] 完成 48104  成功 48103  失败 1  截断 4832  三元组 554475  | 0.49 req/s  519 out-tok/s
[ 99148s] 完成 48116  成功 48115  失败 1  截断 4832  三元组 554626  | 0.49 req/s  519 out-tok/s
[ 99164s] 完成 48126  成功 48125  失败 1  截断 4832  三元组 554728  | 0.49 req/s  519 out-tok/s
[ 99181s] 完成 48132  成功 48131  失败 1  截断 4832  三元组 554758  | 0.49 req/s  519 out-tok/s
[ 99196s] 完成 48141  成功 48140  失败 1  截断 4833  三元组 554834  | 0.49 req/s  519 out-tok/s
[ 99212s] 完成 48153  成功 48152  失败 1  截断 4834  三元组 554978  | 0.49 req/s  519 out-tok/s
[ 99227s] 完成 48162  成功 48161  失败 1  截断 4835  三元组 555087  | 0.49 req/s  519 out-tok/s
[ 99247s] 完成 48170  成功 48169  失败 1  截断 4836  三元组 555161  | 0.49 req/s  519 out-tok/s
[ 99266s] 完成 48175  成功 48174  失败 1  截断 4836  三元组 555214  | 0.49 req/s  519 out-tok/s
[ 99282s] 完成 48184  成功 48183  失败 1  截断 4836  三元组 555327  | 0.49 req/s  519 out-tok/s
[ 99297s] 完成 48192  成功 48191  失败 1  截断 4837  三元组 555439  | 0.49 req/s  519 out-tok/s
[ 99314s] 完成 48197  成功 48196  失败 1  截断 4837  三元组 555485  | 0.49 req/s  519 out-tok/s
[ 99330s] 完成 48202  成功 48201  失败 1  截断 4839  三元组 555556  | 0.49 req/s  519 out-tok/s
[ 99345s] 完成 48214  成功 48213  失败 1  截断 4841  三元组 555717  | 0.49 req/s  519 out-tok/s
[ 99361s] 完成 48223  成功 48222  失败 1  截断 4842  三元组 555816  | 0.49 req/s  519 out-tok/s
[ 99382s] 完成 48230  成功 48229  失败 1  截断 4843  三元组 555885  | 0.49 req/s  519 out-tok/s
[ 99401s] 完成 48238  成功 48237  失败 1  截断 4843  三元组 555995  | 0.49 req/s  519 out-tok/s
[ 99416s] 完成 48247  成功 48246  失败 1  截断 4844  三元组 556130  | 0.49 req/s  519 out-tok/s
[ 99441s] 完成 48259  成功 48258  失败 1  截断 4845  三元组 556275  | 0.49 req/s  519 out-tok/s
[ 99461s] 完成 48270  成功 48269  失败 1  截断 4845  三元组 556386  | 0.49 req/s  519 out-tok/s
[ 99476s] 完成 48279  成功 48278  失败 1  截断 4845  三元组 556464  | 0.49 req/s  519 out-tok/s
[ 99498s] 完成 48286  成功 48285  失败 1  截断 4845  三元组 556550  | 0.49 req/s  519 out-tok/s
[ 99513s] 完成 48294  成功 48293  失败 1  截断 4845  三元组 556652  | 0.49 req/s  519 out-tok/s
[ 99528s] 完成 48306  成功 48305  失败 1  截断 4846  三元组 556814  | 0.49 req/s  519 out-tok/s
[ 99544s] 完成 48314  成功 48313  失败 1  截断 4847  三元组 556917  | 0.49 req/s  519 out-tok/s
[ 99559s] 完成 48323  成功 48322  失败 1  截断 4848  三元组 557003  | 0.49 req/s  519 out-tok/s
[ 99577s] 完成 48335  成功 48334  失败 1  截断 4848  三元组 557134  | 0.49 req/s  519 out-tok/s
[ 99594s] 完成 48342  成功 48341  失败 1  截断 4848  三元组 557196  | 0.49 req/s  519 out-tok/s
[ 99613s] 完成 48353  成功 48352  失败 1  截断 4848  三元组 557314  | 0.49 req/s  519 out-tok/s
[ 99630s] 完成 48364  成功 48363  失败 1  截断 4849  三元组 557423  | 0.49 req/s  519 out-tok/s
[ 99650s] 完成 48371  成功 48370  失败 1  截断 4851  三元组 557498  | 0.49 req/s  519 out-tok/s
[ 99673s] 完成 48385  成功 48384  失败 1  截断 4851  三元组 557633  | 0.49 req/s  519 out-tok/s
[ 99689s] 完成 48391  成功 48390  失败 1  截断 4851  三元组 557685  | 0.49 req/s  519 out-tok/s
[ 99706s] 完成 48399  成功 48398  失败 1  截断 4853  三元组 557783  | 0.49 req/s  519 out-tok/s
[ 99723s] 完成 48406  成功 48405  失败 1  截断 4854  三元组 557859  | 0.49 req/s  519 out-tok/s
[ 99738s] 完成 48414  成功 48413  失败 1  截断 4855  三元组 557977  | 0.49 req/s  519 out-tok/s
[ 99755s] 完成 48419  成功 48418  失败 1  截断 4856  三元组 558023  | 0.49 req/s  519 out-tok/s
[ 99771s] 完成 48425  成功 48424  失败 1  截断 4857  三元组 558093  | 0.49 req/s  519 out-tok/s
[ 99786s] 完成 48433  成功 48432  失败 1  截断 4857  三元组 558206  | 0.49 req/s  519 out-tok/s
[ 99806s] 完成 48444  成功 48443  失败 1  截断 4857  三元组 558306  | 0.49 req/s  519 out-tok/s
[ 99822s] 完成 48455  成功 48454  失败 1  截断 4861  三元组 558432  | 0.49 req/s  519 out-tok/s
[ 99840s] 完成 48462  成功 48461  失败 1  截断 4861  三元组 558494  | 0.49 req/s  519 out-tok/s
[ 99856s] 完成 48469  成功 48468  失败 1  截断 4861  三元组 558564  | 0.49 req/s  519 out-tok/s
[ 99878s] 完成 48478  成功 48477  失败 1  截断 4862  三元组 558665  | 0.49 req/s  519 out-tok/s
[ 99894s] 完成 48490  成功 48489  失败 1  截断 4863  三元组 558814  | 0.49 req/s  519 out-tok/s
[ 99912s] 完成 48497  成功 48496  失败 1  截断 4864  三元组 558883  | 0.49 req/s  519 out-tok/s
[ 99917s] 完成 48500  成功 48499  失败 1  截断 4866  三元组 558903  | 0.49 req/s  519 out-tok/s
[ 99932s] 完成 48507  成功 48506  失败 1  截断 4866  三元组 559019  | 0.49 req/s  519 out-tok/s
[ 99948s] 完成 48517  成功 48516  失败 1  截断 4867  三元组 559122  | 0.49 req/s  519 out-tok/s
[ 99965s] 完成 48528  成功 48527  失败 1  截断 4867  三元组 559266  | 0.49 req/s  519 out-tok/s
[ 99981s] 完成 48531  成功 48530  失败 1  截断 4867  三元组 559315  | 0.49 req/s  519 out-tok/s
[100000s] 完成 48539  成功 48538  失败 1  截断 4867  三元组 559410  | 0.49 req/s  519 out-tok/s
[100015s] 完成 48546  成功 48545  失败 1  截断 4869  三元组 559527  | 0.49 req/s  519 out-tok/s
[100031s] 完成 48553  成功 48552  失败 1  截断 4869  三元组 559603  | 0.49 req/s  519 out-tok/s
[100048s] 完成 48562  成功 48561  失败 1  截断 4869  三元组 559689  | 0.49 req/s  519 out-tok/s
[100064s] 完成 48570  成功 48569  失败 1  截断 4870  三元组 559773  | 0.49 req/s  519 out-tok/s
[100084s] 完成 48576  成功 48575  失败 1  截断 4872  三元组 559852  | 0.49 req/s  519 out-tok/s
[100100s] 完成 48582  成功 48581  失败 1  截断 4873  三元组 559925  | 0.49 req/s  519 out-tok/s
[100116s] 完成 48593  成功 48592  失败 1  截断 4876  三元组 560058  | 0.49 req/s  519 out-tok/s
[100136s] 完成 48601  成功 48600  失败 1  截断 4877  三元组 560150  | 0.49 req/s  519 out-tok/s
[100151s] 完成 48614  成功 48613  失败 1  截断 4878  三元组 560295  | 0.49 req/s  519 out-tok/s
[100168s] 完成 48620  成功 48619  失败 1  截断 4878  三元组 560330  | 0.49 req/s  519 out-tok/s
[100187s] 完成 48626  成功 48625  失败 1  截断 4878  三元组 560405  | 0.49 req/s  519 out-tok/s
[100203s] 完成 48639  成功 48638  失败 1  截断 4883  三元组 560570  | 0.49 req/s  519 out-tok/s
[100223s] 完成 48649  成功 48648  失败 1  截断 4883  三元组 560675  | 0.49 req/s  519 out-tok/s
[100240s] 完成 48660  成功 48659  失败 1  截断 4883  三元组 560803  | 0.49 req/s  519 out-tok/s
[100256s] 完成 48667  成功 48666  失败 1  截断 4883  三元组 560888  | 0.49 req/s  519 out-tok/s
[100271s] 完成 48674  成功 48673  失败 1  截断 4883  三元组 560967  | 0.49 req/s  519 out-tok/s
[100290s] 完成 48685  成功 48684  失败 1  截断 4885  三元组 561110  | 0.49 req/s  519 out-tok/s
[100306s] 完成 48694  成功 48693  失败 1  截断 4885  三元组 561193  | 0.49 req/s  519 out-tok/s
[100322s] 完成 48702  成功 48701  失败 1  截断 4885  三元组 561300  | 0.49 req/s  519 out-tok/s
[100338s] 完成 48712  成功 48711  失败 1  截断 4885  三元组 561412  | 0.49 req/s  519 out-tok/s
[100354s] 完成 48719  成功 48718  失败 1  截断 4885  三元组 561497  | 0.49 req/s  519 out-tok/s
[100375s] 完成 48729  成功 48728  失败 1  截断 4887  三元组 561620  | 0.49 req/s  519 out-tok/s
[100392s] 完成 48736  成功 48735  失败 1  截断 4887  三元组 561703  | 0.49 req/s  519 out-tok/s
[100409s] 完成 48746  成功 48745  失败 1  截断 4888  三元组 561822  | 0.49 req/s  519 out-tok/s
[100426s] 完成 48752  成功 48751  失败 1  截断 4888  三元组 561913  | 0.49 req/s  519 out-tok/s
[100442s] 完成 48762  成功 48761  失败 1  截断 4888  三元组 562021  | 0.49 req/s  519 out-tok/s
[100457s] 完成 48768  成功 48767  失败 1  截断 4890  三元组 562105  | 0.49 req/s  519 out-tok/s
[100473s] 完成 48775  成功 48774  失败 1  截断 4890  三元组 562191  | 0.49 req/s  519 out-tok/s
[100489s] 完成 48785  成功 48784  失败 1  截断 4891  三元组 562292  | 0.49 req/s  519 out-tok/s
[100505s] 完成 48794  成功 48793  失败 1  截断 4892  三元组 562383  | 0.49 req/s  519 out-tok/s
[100525s] 完成 48803  成功 48802  失败 1  截断 4893  三元组 562497  | 0.49 req/s  519 out-tok/s
[100543s] 完成 48813  成功 48812  失败 1  截断 4894  三元组 562623  | 0.49 req/s  519 out-tok/s
[100559s] 完成 48823  成功 48822  失败 1  截断 4895  三元组 562749  | 0.49 req/s  519 out-tok/s
[100574s] 完成 48829  成功 48828  失败 1  截断 4895  三元组 562821  | 0.49 req/s  519 out-tok/s
[100589s] 完成 48837  成功 48836  失败 1  截断 4895  三元组 562922  | 0.49 req/s  519 out-tok/s
[100605s] 完成 48843  成功 48842  失败 1  截断 4896  三元组 562982  | 0.49 req/s  519 out-tok/s
[100625s] 完成 48846  成功 48845  失败 1  截断 4896  三元组 563025  | 0.49 req/s  519 out-tok/s
[100641s] 完成 48857  成功 48856  失败 1  截断 4896  三元组 563165  | 0.49 req/s  519 out-tok/s
[100657s] 完成 48866  成功 48865  失败 1  截断 4898  三元组 563297  | 0.49 req/s  519 out-tok/s
[100672s] 完成 48871  成功 48870  失败 1  截断 4898  三元组 563347  | 0.49 req/s  519 out-tok/s
[100689s] 完成 48878  成功 48877  失败 1  截断 4898  三元组 563453  | 0.49 req/s  519 out-tok/s
[100707s] 完成 48888  成功 48887  失败 1  截断 4900  三元组 563580  | 0.49 req/s  519 out-tok/s
[100722s] 完成 48895  成功 48894  失败 1  截断 4901  三元组 563651  | 0.49 req/s  519 out-tok/s
[100737s] 完成 48902  成功 48901  失败 1  截断 4901  三元组 563751  | 0.49 req/s  519 out-tok/s
[100754s] 完成 48911  成功 48910  失败 1  截断 4903  三元组 563855  | 0.49 req/s  519 out-tok/s
[100770s] 完成 48920  成功 48919  失败 1  截断 4903  三元组 563975  | 0.49 req/s  519 out-tok/s
[100789s] 完成 48931  成功 48930  失败 1  截断 4903  三元组 564111  | 0.49 req/s  519 out-tok/s
[100806s] 完成 48939  成功 48938  失败 1  截断 4903  三元组 564184  | 0.49 req/s  519 out-tok/s
[100824s] 完成 48949  成功 48948  失败 1  截断 4903  三元组 564318  | 0.49 req/s  519 out-tok/s
[100843s] 完成 48956  成功 48955  失败 1  截断 4904  三元组 564377  | 0.49 req/s  519 out-tok/s
[100859s] 完成 48962  成功 48961  失败 1  截断 4904  三元组 564460  | 0.49 req/s  519 out-tok/s
[100875s] 完成 48967  成功 48966  失败 1  截断 4905  三元组 564513  | 0.49 req/s  519 out-tok/s
[100890s] 完成 48974  成功 48973  失败 1  截断 4905  三元组 564619  | 0.49 req/s  519 out-tok/s
[100907s] 完成 48980  成功 48979  失败 1  截断 4905  三元组 564701  | 0.49 req/s  519 out-tok/s
[100925s] 完成 48989  成功 48988  失败 1  截断 4905  三元组 564824  | 0.49 req/s  519 out-tok/s
[100941s] 完成 48996  成功 48995  失败 1  截断 4906  三元组 564917  | 0.49 req/s  519 out-tok/s
[100949s] 完成 49000  成功 48999  失败 1  截断 4906  三元组 564985  | 0.49 req/s  519 out-tok/s
[100970s] 完成 49011  成功 49010  失败 1  截断 4908  三元组 565113  | 0.49 req/s  519 out-tok/s
[100991s] 完成 49020  成功 49019  失败 1  截断 4908  三元组 565211  | 0.49 req/s  519 out-tok/s
[101009s] 完成 49026  成功 49025  失败 1  截断 4908  三元组 565286  | 0.49 req/s  519 out-tok/s
[101030s] 完成 49033  成功 49032  失败 1  截断 4908  三元组 565398  | 0.49 req/s  519 out-tok/s
[101047s] 完成 49042  成功 49041  失败 1  截断 4909  三元组 565506  | 0.49 req/s  519 out-tok/s
[101063s] 完成 49049  成功 49048  失败 1  截断 4911  三元组 565608  | 0.49 req/s  519 out-tok/s
[101082s] 完成 49057  成功 49056  失败 1  截断 4913  三元组 565700  | 0.49 req/s  519 out-tok/s
[101098s] 完成 49071  成功 49070  失败 1  截断 4914  三元组 565875  | 0.49 req/s  519 out-tok/s
[101113s] 完成 49079  成功 49078  失败 1  截断 4915  三元组 565954  | 0.49 req/s  519 out-tok/s
[101131s] 完成 49085  成功 49084  失败 1  截断 4915  三元组 566029  | 0.49 req/s  519 out-tok/s
[101146s] 完成 49094  成功 49093  失败 1  截断 4916  三元组 566123  | 0.49 req/s  519 out-tok/s
[101163s] 完成 49102  成功 49101  失败 1  截断 4916  三元组 566195  | 0.49 req/s  519 out-tok/s
[101179s] 完成 49109  成功 49108  失败 1  截断 4916  三元组 566285  | 0.49 req/s  519 out-tok/s
[101195s] 完成 49121  成功 49120  失败 1  截断 4916  三元组 566453  | 0.49 req/s  519 out-tok/s
[101214s] 完成 49129  成功 49128  失败 1  截断 4917  三元组 566566  | 0.49 req/s  519 out-tok/s
[101233s] 完成 49137  成功 49136  失败 1  截断 4917  三元组 566640  | 0.49 req/s  519 out-tok/s
[101250s] 完成 49142  成功 49141  失败 1  截断 4917  三元组 566703  | 0.49 req/s  519 out-tok/s
[101266s] 完成 49150  成功 49149  失败 1  截断 4919  三元组 566810  | 0.49 req/s  519 out-tok/s
[101282s] 完成 49158  成功 49157  失败 1  截断 4919  三元组 566927  | 0.49 req/s  519 out-tok/s
[101298s] 完成 49165  成功 49164  失败 1  截断 4919  三元组 567008  | 0.49 req/s  519 out-tok/s
[101313s] 完成 49171  成功 49170  失败 1  截断 4919  三元组 567065  | 0.49 req/s  519 out-tok/s
[101329s] 完成 49179  成功 49178  失败 1  截断 4920  三元组 567193  | 0.49 req/s  519 out-tok/s
[101346s] 完成 49190  成功 49189  失败 1  截断 4923  三元组 567362  | 0.49 req/s  519 out-tok/s
[101361s] 完成 49199  成功 49198  失败 1  截断 4923  三元组 567441  | 0.49 req/s  519 out-tok/s
[101377s] 完成 49205  成功 49204  失败 1  截断 4924  三元组 567523  | 0.49 req/s  519 out-tok/s
[101397s] 完成 49209  成功 49208  失败 1  截断 4924  三元组 567564  | 0.49 req/s  519 out-tok/s
[101413s] 完成 49217  成功 49216  失败 1  截断 4924  三元组 567649  | 0.49 req/s  519 out-tok/s
[101429s] 完成 49227  成功 49226  失败 1  截断 4924  三元组 567760  | 0.49 req/s  519 out-tok/s
[101446s] 完成 49234  成功 49233  失败 1  截断 4924  三元组 567849  | 0.49 req/s  519 out-tok/s
[101461s] 完成 49243  成功 49242  失败 1  截断 4925  三元组 567952  | 0.49 req/s  519 out-tok/s
[101477s] 完成 49252  成功 49251  失败 1  截断 4925  三元组 568075  | 0.49 req/s  519 out-tok/s
[101493s] 完成 49260  成功 49259  失败 1  截断 4928  三元组 568174  | 0.49 req/s  519 out-tok/s
[101511s] 完成 49266  成功 49265  失败 1  截断 4928  三元组 568239  | 0.49 req/s  519 out-tok/s
[101528s] 完成 49274  成功 49273  失败 1  截断 4929  三元组 568343  | 0.49 req/s  519 out-tok/s
[101544s] 完成 49282  成功 49281  失败 1  截断 4929  三元组 568437  | 0.49 req/s  519 out-tok/s
[101563s] 完成 49289  成功 49288  失败 1  截断 4930  三元组 568517  | 0.49 req/s  519 out-tok/s
[101579s] 完成 49298  成功 49297  失败 1  截断 4931  三元组 568634  | 0.49 req/s  519 out-tok/s
[101595s] 完成 49308  成功 49307  失败 1  截断 4931  三元组 568783  | 0.49 req/s  519 out-tok/s
[101610s] 完成 49315  成功 49314  失败 1  截断 4931  三元组 568853  | 0.49 req/s  519 out-tok/s
[101626s] 完成 49322  成功 49321  失败 1  截断 4931  三元组 568908  | 0.49 req/s  519 out-tok/s
[101643s] 完成 49328  成功 49327  失败 1  截断 4932  三元组 569025  | 0.49 req/s  519 out-tok/s
[101660s] 完成 49336  成功 49335  失败 1  截断 4932  三元组 569119  | 0.49 req/s  519 out-tok/s
[101679s] 完成 49340  成功 49339  失败 1  截断 4933  三元组 569196  | 0.49 req/s  519 out-tok/s
[101696s] 完成 49349  成功 49348  失败 1  截断 4933  三元组 569345  | 0.49 req/s  519 out-tok/s
[101713s] 完成 49354  成功 49353  失败 1  截断 4935  三元组 569403  | 0.49 req/s  519 out-tok/s
[101728s] 完成 49361  成功 49360  失败 1  截断 4935  三元组 569479  | 0.49 req/s  519 out-tok/s
[101743s] 完成 49371  成功 49370  失败 1  截断 4937  三元组 569631  | 0.49 req/s  519 out-tok/s
[101771s] 完成 49378  成功 49377  失败 1  截断 4938  三元组 569691  | 0.49 req/s  519 out-tok/s
[101786s] 完成 49386  成功 49385  失败 1  截断 4939  三元组 569800  | 0.49 req/s  519 out-tok/s
[101806s] 完成 49397  成功 49396  失败 1  截断 4941  三元组 569917  | 0.49 req/s  519 out-tok/s
[101821s] 完成 49405  成功 49404  失败 1  截断 4942  三元组 570039  | 0.49 req/s  519 out-tok/s
[101836s] 完成 49412  成功 49411  失败 1  截断 4942  三元组 570132  | 0.49 req/s  519 out-tok/s
[101857s] 完成 49418  成功 49417  失败 1  截断 4943  三元组 570191  | 0.49 req/s  519 out-tok/s
[101873s] 完成 49424  成功 49423  失败 1  截断 4944  三元组 570262  | 0.49 req/s  519 out-tok/s
[101890s] 完成 49431  成功 49430  失败 1  截断 4945  三元组 570348  | 0.49 req/s  519 out-tok/s
[101906s] 完成 49441  成功 49440  失败 1  截断 4946  三元组 570490  | 0.49 req/s  519 out-tok/s
[101922s] 完成 49450  成功 49449  失败 1  截断 4947  三元组 570617  | 0.49 req/s  519 out-tok/s
[101938s] 完成 49459  成功 49458  失败 1  截断 4948  三元组 570729  | 0.49 req/s  519 out-tok/s
[101954s] 完成 49467  成功 49466  失败 1  截断 4948  三元组 570847  | 0.49 req/s  519 out-tok/s
[101969s] 完成 49477  成功 49476  失败 1  截断 4949  三元组 570958  | 0.49 req/s  519 out-tok/s
[101989s] 完成 49487  成功 49486  失败 1  截断 4950  三元组 571060  | 0.49 req/s  519 out-tok/s
[102007s] 完成 49493  成功 49492  失败 1  截断 4950  三元组 571139  | 0.49 req/s  519 out-tok/s
[102022s] 完成 49500  成功 49499  失败 1  截断 4950  三元组 571221  | 0.49 req/s  519 out-tok/s
[102040s] 完成 49509  成功 49508  失败 1  截断 4950  三元组 571344  | 0.49 req/s  519 out-tok/s
[102060s] 完成 49518  成功 49517  失败 1  截断 4950  三元组 571453  | 0.49 req/s  519 out-tok/s
[102077s] 完成 49528  成功 49527  失败 1  截断 4951  三元组 571573  | 0.49 req/s  519 out-tok/s
[102095s] 完成 49535  成功 49534  失败 1  截断 4952  三元组 571679  | 0.49 req/s  519 out-tok/s
[102112s] 完成 49544  成功 49543  失败 1  截断 4953  三元组 571760  | 0.49 req/s  519 out-tok/s
[102132s] 完成 49549  成功 49548  失败 1  截断 4954  三元组 571815  | 0.49 req/s  519 out-tok/s
[102152s] 完成 49560  成功 49559  失败 1  截断 4954  三元组 571962  | 0.49 req/s  519 out-tok/s
[102167s] 完成 49569  成功 49568  失败 1  截断 4955  三元组 572101  | 0.49 req/s  519 out-tok/s
[102187s] 完成 49577  成功 49576  失败 1  截断 4955  三元组 572227  | 0.49 req/s  519 out-tok/s
[102206s] 完成 49583  成功 49582  失败 1  截断 4957  三元组 572284  | 0.49 req/s  519 out-tok/s
[102223s] 完成 49590  成功 49589  失败 1  截断 4958  三元组 572376  | 0.49 req/s  519 out-tok/s
[102246s] 完成 49598  成功 49597  失败 1  截断 4958  三元组 572491  | 0.49 req/s  519 out-tok/s
[102262s] 完成 49606  成功 49605  失败 1  截断 4959  三元组 572575  | 0.49 req/s  519 out-tok/s
[102277s] 完成 49615  成功 49614  失败 1  截断 4959  三元组 572672  | 0.49 req/s  519 out-tok/s
[102294s] 完成 49624  成功 49623  失败 1  截断 4960  三元组 572767  | 0.49 req/s  519 out-tok/s
[102310s] 完成 49633  成功 49632  失败 1  截断 4962  三元组 572858  | 0.49 req/s  519 out-tok/s
[102325s] 完成 49639  成功 49638  失败 1  截断 4965  三元组 572922  | 0.49 req/s  519 out-tok/s
[102343s] 完成 49645  成功 49644  失败 1  截断 4965  三元组 572986  | 0.49 req/s  519 out-tok/s
[102362s] 完成 49652  成功 49651  失败 1  截断 4966  三元组 573064  | 0.49 req/s  519 out-tok/s
[102380s] 完成 49660  成功 49659  失败 1  截断 4968  三元组 573165  | 0.49 req/s  519 out-tok/s
[102396s] 完成 49670  成功 49669  失败 1  截断 4969  三元组 573303  | 0.49 req/s  519 out-tok/s
[102411s] 完成 49677  成功 49676  失败 1  截断 4970  三元组 573367  | 0.49 req/s  519 out-tok/s
[102428s] 完成 49684  成功 49683  失败 1  截断 4971  三元组 573464  | 0.49 req/s  519 out-tok/s
[102444s] 完成 49692  成功 49691  失败 1  截断 4971  三元组 573551  | 0.49 req/s  519 out-tok/s
[102466s] 完成 49703  成功 49702  失败 1  截断 4971  三元组 573687  | 0.49 req/s  519 out-tok/s
[102481s] 完成 49713  成功 49712  失败 1  截断 4973  三元组 573801  | 0.49 req/s  519 out-tok/s
[102497s] 完成 49721  成功 49720  失败 1  截断 4973  三元组 573891  | 0.49 req/s  519 out-tok/s
[102514s] 完成 49731  成功 49730  失败 1  截断 4973  三元组 573973  | 0.49 req/s  519 out-tok/s
[102529s] 完成 49741  成功 49740  失败 1  截断 4973  三元组 574041  | 0.49 req/s  519 out-tok/s
[102545s] 完成 49747  成功 49746  失败 1  截断 4975  三元组 574104  | 0.49 req/s  519 out-tok/s
[102561s] 完成 49758  成功 49757  失败 1  截断 4977  三元组 574252  | 0.49 req/s  519 out-tok/s
[102577s] 完成 49764  成功 49763  失败 1  截断 4977  三元组 574302  | 0.49 req/s  519 out-tok/s
[102592s] 完成 49772  成功 49771  失败 1  截断 4977  三元组 574385  | 0.49 req/s  519 out-tok/s
[102608s] 完成 49782  成功 49781  失败 1  截断 4978  三元组 574508  | 0.49 req/s  519 out-tok/s
[102627s] 完成 49788  成功 49787  失败 1  截断 4981  三元组 574586  | 0.49 req/s  519 out-tok/s
[102644s] 完成 49795  成功 49794  失败 1  截断 4981  三元组 574660  | 0.49 req/s  519 out-tok/s
[102660s] 完成 49805  成功 49804  失败 1  截断 4981  三元组 574778  | 0.49 req/s  519 out-tok/s
[102675s] 完成 49811  成功 49810  失败 1  截断 4981  三元组 574862  | 0.49 req/s  519 out-tok/s
[102691s] 完成 49817  成功 49816  失败 1  截断 4982  三元组 574930  | 0.49 req/s  519 out-tok/s
[102707s] 完成 49822  成功 49821  失败 1  截断 4983  三元组 574992  | 0.49 req/s  519 out-tok/s
[102725s] 完成 49833  成功 49832  失败 1  截断 4984  三元组 575122  | 0.49 req/s  519 out-tok/s
[102743s] 完成 49845  成功 49844  失败 1  截断 4984  三元组 575263  | 0.49 req/s  519 out-tok/s
[102760s] 完成 49851  成功 49850  失败 1  截断 4986  三元组 575313  | 0.49 req/s  519 out-tok/s
[102776s] 完成 49856  成功 49855  失败 1  截断 4986  三元组 575358  | 0.49 req/s  519 out-tok/s
[102792s] 完成 49865  成功 49864  失败 1  截断 4987  三元组 575444  | 0.49 req/s  519 out-tok/s
[102810s] 完成 49875  成功 49874  失败 1  截断 4988  三元组 575570  | 0.49 req/s  519 out-tok/s
[102826s] 完成 49880  成功 49879  失败 1  截断 4988  三元组 575613  | 0.49 req/s  519 out-tok/s
[102841s] 完成 49889  成功 49888  失败 1  截断 4989  三元组 575706  | 0.49 req/s  519 out-tok/s
[102858s] 完成 49895  成功 49894  失败 1  截断 4991  三元组 575767  | 0.49 req/s  519 out-tok/s
[102876s] 完成 49902  成功 49901  失败 1  截断 4993  三元组 575857  | 0.49 req/s  519 out-tok/s
[102894s] 完成 49907  成功 49906  失败 1  截断 4995  三元组 575919  | 0.49 req/s  519 out-tok/s
[102910s] 完成 49919  成功 49918  失败 1  截断 4996  三元组 576053  | 0.49 req/s  519 out-tok/s
[102925s] 完成 49925  成功 49924  失败 1  截断 4996  三元组 576117  | 0.49 req/s  519 out-tok/s
[102942s] 完成 49933  成功 49932  失败 1  截断 4996  三元组 576217  | 0.49 req/s  519 out-tok/s
[102958s] 完成 49941  成功 49940  失败 1  截断 4997  三元组 576325  | 0.49 req/s  519 out-tok/s
[102977s] 完成 49949  成功 49948  失败 1  截断 4999  三元组 576430  | 0.49 req/s  519 out-tok/s
[102995s] 完成 49958  成功 49957  失败 1  截断 5001  三元组 576523  | 0.49 req/s  519 out-tok/s
[103014s] 完成 49965  成功 49964  失败 1  截断 5001  三元组 576595  | 0.49 req/s  519 out-tok/s
[103037s] 完成 49975  成功 49974  失败 1  截断 5002  三元组 576732  | 0.49 req/s  519 out-tok/s
[103053s] 完成 49984  成功 49983  失败 1  截断 5003  三元组 576824  | 0.49 req/s  519 out-tok/s
[103069s] 完成 49993  成功 49992  失败 1  截断 5006  三元组 576961  | 0.49 req/s  519 out-tok/s
[103084s] 完成 50000  成功 49999  失败 1  截断 5006  三元组 577053  | 0.49 req/s  519 out-tok/s
[103099s] 完成 50005  成功 50004  失败 1  截断 5006  三元组 577105  | 0.49 req/s  519 out-tok/s
[103124s] 完成 50013  成功 50012  失败 1  截断 5007  三元组 577197  | 0.48 req/s  519 out-tok/s
[103139s] 完成 50024  成功 50023  失败 1  截断 5008  三元组 577359  | 0.49 req/s  519 out-tok/s
[103157s] 完成 50030  成功 50029  失败 1  截断 5009  三元组 577419  | 0.48 req/s  519 out-tok/s
[103177s] 完成 50043  成功 50042  失败 1  截断 5010  三元组 577548  | 0.49 req/s  519 out-tok/s
[103195s] 完成 50051  成功 50050  失败 1  截断 5012  三元组 577621  | 0.49 req/s  519 out-tok/s
[103211s] 完成 50057  成功 50056  失败 1  截断 5014  三元组 577683  | 0.48 req/s  519 out-tok/s
[103227s] 完成 50067  成功 50066  失败 1  截断 5014  三元组 577802  | 0.49 req/s  519 out-tok/s
[103242s] 完成 50078  成功 50077  失败 1  截断 5014  三元组 577916  | 0.49 req/s  519 out-tok/s
[103263s] 完成 50083  成功 50082  失败 1  截断 5015  三元组 578012  | 0.49 req/s  519 out-tok/s
[103279s] 完成 50093  成功 50092  失败 1  截断 5015  三元组 578123  | 0.49 req/s  519 out-tok/s
[103295s] 完成 50100  成功 50099  失败 1  截断 5016  三元组 578206  | 0.49 req/s  519 out-tok/s
[103315s] 完成 50107  成功 50106  失败 1  截断 5016  三元组 578287  | 0.48 req/s  519 out-tok/s
[103332s] 完成 50115  成功 50114  失败 1  截断 5016  三元组 578410  | 0.48 req/s  519 out-tok/s
[103353s] 完成 50124  成功 50123  失败 1  截断 5017  三元组 578510  | 0.48 req/s  519 out-tok/s
[103368s] 完成 50131  成功 50130  失败 1  截断 5017  三元组 578603  | 0.48 req/s  519 out-tok/s
[103385s] 完成 50142  成功 50141  失败 1  截断 5019  三元组 578751  | 0.49 req/s  519 out-tok/s
[103401s] 完成 50148  成功 50147  失败 1  截断 5019  三元组 578808  | 0.48 req/s  519 out-tok/s
[103419s] 完成 50155  成功 50154  失败 1  截断 5019  三元组 578900  | 0.48 req/s  519 out-tok/s
[103436s] 完成 50165  成功 50164  失败 1  截断 5021  三元组 579011  | 0.48 req/s  519 out-tok/s
[103451s] 完成 50175  成功 50174  失败 1  截断 5022  三元组 579130  | 0.49 req/s  519 out-tok/s
[103470s] 完成 50181  成功 50180  失败 1  截断 5022  三元组 579201  | 0.48 req/s  519 out-tok/s
[103486s] 完成 50187  成功 50186  失败 1  截断 5023  三元组 579276  | 0.48 req/s  519 out-tok/s
[103503s] 完成 50198  成功 50197  失败 1  截断 5023  三元组 579432  | 0.48 req/s  519 out-tok/s
[103522s] 完成 50204  成功 50203  失败 1  截断 5023  三元组 579495  | 0.48 req/s  519 out-tok/s
[103537s] 完成 50211  成功 50210  失败 1  截断 5025  三元组 579583  | 0.48 req/s  519 out-tok/s
[103555s] 完成 50218  成功 50217  失败 1  截断 5025  三元组 579675  | 0.48 req/s  519 out-tok/s
[103570s] 完成 50224  成功 50223  失败 1  截断 5025  三元组 579735  | 0.48 req/s  519 out-tok/s
[103587s] 完成 50232  成功 50231  失败 1  截断 5026  三元组 579833  | 0.48 req/s  519 out-tok/s
[103602s] 完成 50241  成功 50240  失败 1  截断 5027  三元组 579964  | 0.48 req/s  519 out-tok/s
[103618s] 完成 50250  成功 50249  失败 1  截断 5029  三元组 580043  | 0.48 req/s  519 out-tok/s
[103635s] 完成 50256  成功 50255  失败 1  截断 5029  三元组 580118  | 0.48 req/s  519 out-tok/s
[103651s] 完成 50263  成功 50262  失败 1  截断 5030  三元组 580186  | 0.48 req/s  519 out-tok/s
[103669s] 完成 50276  成功 50275  失败 1  截断 5031  三元组 580351  | 0.48 req/s  519 out-tok/s
[103685s] 完成 50283  成功 50282  失败 1  截断 5032  三元组 580425  | 0.48 req/s  519 out-tok/s
[103701s] 完成 50289  成功 50288  失败 1  截断 5033  三元组 580498  | 0.48 req/s  519 out-tok/s
[103717s] 完成 50294  成功 50293  失败 1  截断 5033  三元组 580551  | 0.48 req/s  519 out-tok/s
[103734s] 完成 50302  成功 50301  失败 1  截断 5033  三元组 580662  | 0.48 req/s  519 out-tok/s
[103750s] 完成 50312  成功 50311  失败 1  截断 5034  三元组 580790  | 0.48 req/s  519 out-tok/s
[103766s] 完成 50322  成功 50321  失败 1  截断 5036  三元组 580904  | 0.48 req/s  519 out-tok/s
[103783s] 完成 50331  成功 50330  失败 1  截断 5036  三元组 581013  | 0.48 req/s  519 out-tok/s
[103801s] 完成 50336  成功 50335  失败 1  截断 5037  三元组 581087  | 0.48 req/s  519 out-tok/s
[103817s] 完成 50345  成功 50344  失败 1  截断 5037  三元组 581188  | 0.48 req/s  519 out-tok/s
[103834s] 完成 50352  成功 50351  失败 1  截断 5038  三元组 581269  | 0.48 req/s  519 out-tok/s
[103852s] 完成 50357  成功 50356  失败 1  截断 5038  三元组 581347  | 0.48 req/s  519 out-tok/s
[103871s] 完成 50368  成功 50367  失败 1  截断 5040  三元组 581514  | 0.48 req/s  519 out-tok/s
[103887s] 完成 50376  成功 50375  失败 1  截断 5040  三元组 581607  | 0.48 req/s  519 out-tok/s
[103903s] 完成 50384  成功 50383  失败 1  截断 5042  三元组 581711  | 0.48 req/s  519 out-tok/s
[103920s] 完成 50389  成功 50388  失败 1  截断 5042  三元组 581755  | 0.48 req/s  519 out-tok/s
[103937s] 完成 50395  成功 50394  失败 1  截断 5043  三元组 581847  | 0.48 req/s  519 out-tok/s
[103953s] 完成 50401  成功 50400  失败 1  截断 5043  三元组 581925  | 0.48 req/s  519 out-tok/s
[103970s] 完成 50407  成功 50406  失败 1  截断 5044  三元组 581983  | 0.48 req/s  519 out-tok/s
[103986s] 完成 50421  成功 50420  失败 1  截断 5046  三元组 582147  | 0.48 req/s  519 out-tok/s
[104002s] 完成 50427  成功 50426  失败 1  截断 5046  三元组 582228  | 0.48 req/s  519 out-tok/s
[104020s] 完成 50436  成功 50435  失败 1  截断 5048  三元组 582333  | 0.48 req/s  519 out-tok/s
[104037s] 完成 50443  成功 50442  失败 1  截断 5050  三元组 582423  | 0.48 req/s  519 out-tok/s
[104053s] 完成 50448  成功 50447  失败 1  截断 5051  三元组 582477  | 0.48 req/s  519 out-tok/s
[104070s] 完成 50453  成功 50452  失败 1  截断 5052  三元组 582538  | 0.48 req/s  519 out-tok/s
[104086s] 完成 50464  成功 50463  失败 1  截断 5052  三元组 582672  | 0.48 req/s  519 out-tok/s
[104102s] 完成 50473  成功 50472  失败 1  截断 5052  三元组 582775  | 0.48 req/s  519 out-tok/s
[104117s] 完成 50482  成功 50481  失败 1  截断 5052  三元组 582866  | 0.48 req/s  519 out-tok/s
[104135s] 完成 50491  成功 50490  失败 1  截断 5057  三元组 582976  | 0.48 req/s  519 out-tok/s
[104152s] 完成 50497  成功 50496  失败 1  截断 5057  三元组 583055  | 0.48 req/s  519 out-tok/s
[104156s] 完成 50500  成功 50499  失败 1  截断 5057  三元组 583094  | 0.48 req/s  519 out-tok/s
[104174s] 完成 50507  成功 50506  失败 1  截断 5057  三元组 583157  | 0.48 req/s  519 out-tok/s
[104196s] 完成 50514  成功 50513  失败 1  截断 5057  三元组 583269  | 0.48 req/s  519 out-tok/s
[104214s] 完成 50524  成功 50523  失败 1  截断 5057  三元组 583394  | 0.48 req/s  519 out-tok/s
[104231s] 完成 50531  成功 50530  失败 1  截断 5057  三元组 583481  | 0.48 req/s  519 out-tok/s
[104247s] 完成 50540  成功 50539  失败 1  截断 5058  三元组 583585  | 0.48 req/s  519 out-tok/s
[104265s] 完成 50550  成功 50549  失败 1  截断 5061  三元组 583679  | 0.48 req/s  519 out-tok/s
[104281s] 完成 50557  成功 50556  失败 1  截断 5061  三元组 583777  | 0.48 req/s  519 out-tok/s
[104299s] 完成 50563  成功 50562  失败 1  截断 5061  三元组 583844  | 0.48 req/s  519 out-tok/s
[104318s] 完成 50570  成功 50569  失败 1  截断 5061  三元组 583929  | 0.48 req/s  519 out-tok/s
[104334s] 完成 50579  成功 50578  失败 1  截断 5063  三元组 584053  | 0.48 req/s  519 out-tok/s
[104351s] 完成 50584  成功 50583  失败 1  截断 5064  三元组 584108  | 0.48 req/s  519 out-tok/s
[104368s] 完成 50593  成功 50592  失败 1  截断 5065  三元组 584191  | 0.48 req/s  519 out-tok/s
[104383s] 完成 50597  成功 50596  失败 1  截断 5065  三元组 584250  | 0.48 req/s  519 out-tok/s
[104399s] 完成 50605  成功 50604  失败 1  截断 5065  三元组 584355  | 0.48 req/s  519 out-tok/s
[104416s] 完成 50615  成功 50614  失败 1  截断 5067  三元组 584498  | 0.48 req/s  519 out-tok/s
[104431s] 完成 50621  成功 50620  失败 1  截断 5069  三元组 584572  | 0.48 req/s  519 out-tok/s
[104447s] 完成 50628  成功 50627  失败 1  截断 5071  三元组 584657  | 0.48 req/s  519 out-tok/s
[104464s] 完成 50635  成功 50634  失败 1  截断 5071  三元组 584759  | 0.48 req/s  519 out-tok/s
[104479s] 完成 50640  成功 50639  失败 1  截断 5071  三元组 584828  | 0.48 req/s  519 out-tok/s
[104501s] 完成 50649  成功 50648  失败 1  截断 5071  三元组 584927  | 0.48 req/s  519 out-tok/s
[104518s] 完成 50658  成功 50657  失败 1  截断 5072  三元组 585044  | 0.48 req/s  519 out-tok/s
[104537s] 完成 50666  成功 50665  失败 1  截断 5074  三元组 585151  | 0.48 req/s  519 out-tok/s
[104553s] 完成 50674  成功 50673  失败 1  截断 5075  三元组 585231  | 0.48 req/s  519 out-tok/s
[104571s] 完成 50685  成功 50684  失败 1  截断 5077  三元组 585379  | 0.48 req/s  519 out-tok/s
[104587s] 完成 50693  成功 50692  失败 1  截断 5078  三元组 585457  | 0.48 req/s  519 out-tok/s
[104604s] 完成 50700  成功 50699  失败 1  截断 5078  三元组 585562  | 0.48 req/s  519 out-tok/s
[104620s] 完成 50707  成功 50706  失败 1  截断 5078  三元组 585619  | 0.48 req/s  519 out-tok/s
[104636s] 完成 50717  成功 50716  失败 1  截断 5079  三元组 585762  | 0.48 req/s  519 out-tok/s
[104654s] 完成 50727  成功 50726  失败 1  截断 5080  三元组 585862  | 0.48 req/s  519 out-tok/s
[104670s] 完成 50731  成功 50730  失败 1  截断 5081  三元组 585912  | 0.48 req/s  519 out-tok/s
[104685s] 完成 50737  成功 50736  失败 1  截断 5082  三元组 586000  | 0.48 req/s  519 out-tok/s
[104701s] 完成 50746  成功 50745  失败 1  截断 5082  三元组 586086  | 0.48 req/s  519 out-tok/s
[104717s] 完成 50755  成功 50754  失败 1  截断 5083  三元组 586235  | 0.48 req/s  519 out-tok/s
[104734s] 完成 50763  成功 50762  失败 1  截断 5084  三元组 586314  | 0.48 req/s  519 out-tok/s
[104749s] 完成 50767  成功 50766  失败 1  截断 5084  三元组 586350  | 0.48 req/s  519 out-tok/s
[104766s] 完成 50778  成功 50777  失败 1  截断 5085  三元组 586513  | 0.48 req/s  519 out-tok/s
[104781s] 完成 50790  成功 50789  失败 1  截断 5085  三元组 586644  | 0.48 req/s  519 out-tok/s
[104797s] 完成 50797  成功 50796  失败 1  截断 5087  三元组 586719  | 0.48 req/s  519 out-tok/s
[104814s] 完成 50803  成功 50802  失败 1  截断 5087  三元组 586784  | 0.48 req/s  519 out-tok/s
[104830s] 完成 50811  成功 50810  失败 1  截断 5089  三元组 586851  | 0.48 req/s  519 out-tok/s
[104846s] 完成 50817  成功 50816  失败 1  截断 5090  三元组 586925  | 0.48 req/s  519 out-tok/s
[104861s] 完成 50824  成功 50823  失败 1  截断 5090  三元组 587021  | 0.48 req/s  519 out-tok/s
[104877s] 完成 50833  成功 50832  失败 1  截断 5091  三元组 587139  | 0.48 req/s  519 out-tok/s
[104893s] 完成 50841  成功 50840  失败 1  截断 5091  三元组 587247  | 0.48 req/s  519 out-tok/s
[104909s] 完成 50846  成功 50845  失败 1  截断 5091  三元组 587286  | 0.48 req/s  519 out-tok/s
[104925s] 完成 50856  成功 50855  失败 1  截断 5093  三元组 587404  | 0.48 req/s  519 out-tok/s
[104941s] 完成 50865  成功 50864  失败 1  截断 5095  三元组 587506  | 0.48 req/s  519 out-tok/s
[104959s] 完成 50873  成功 50872  失败 1  截断 5096  三元组 587624  | 0.48 req/s  519 out-tok/s
[104975s] 完成 50882  成功 50881  失败 1  截断 5096  三元组 587750  | 0.48 req/s  519 out-tok/s
[104990s] 完成 50890  成功 50889  失败 1  截断 5098  三元组 587830  | 0.48 req/s  519 out-tok/s
[105005s] 完成 50903  成功 50902  失败 1  截断 5099  三元组 588006  | 0.48 req/s  519 out-tok/s
[105022s] 完成 50911  成功 50910  失败 1  截断 5099  三元组 588074  | 0.48 req/s  519 out-tok/s
[105039s] 完成 50917  成功 50916  失败 1  截断 5099  三元组 588137  | 0.48 req/s  519 out-tok/s
[105062s] 完成 50926  成功 50925  失败 1  截断 5099  三元组 588260  | 0.48 req/s  519 out-tok/s
[105080s] 完成 50932  成功 50931  失败 1  截断 5099  三元组 588349  | 0.48 req/s  519 out-tok/s
[105099s] 完成 50941  成功 50940  失败 1  截断 5099  三元组 588462  | 0.48 req/s  519 out-tok/s
[105114s] 完成 50947  成功 50946  失败 1  截断 5099  三元组 588535  | 0.48 req/s  519 out-tok/s
[105130s] 完成 50956  成功 50955  失败 1  截断 5100  三元组 588653  | 0.48 req/s  519 out-tok/s
[105148s] 完成 50962  成功 50961  失败 1  截断 5102  三元组 588724  | 0.48 req/s  519 out-tok/s
[105166s] 完成 50970  成功 50969  失败 1  截断 5104  三元组 588828  | 0.48 req/s  519 out-tok/s
[105182s] 完成 50977  成功 50976  失败 1  截断 5104  三元组 588916  | 0.48 req/s  519 out-tok/s
[105197s] 完成 50986  成功 50985  失败 1  截断 5105  三元组 589044  | 0.48 req/s  519 out-tok/s
[105215s] 完成 50994  成功 50993  失败 1  截断 5106  三元组 589125  | 0.48 req/s  519 out-tok/s
[105223s] 完成 51000  成功 50999  失败 1  截断 5106  三元组 589203  | 0.48 req/s  519 out-tok/s
[105239s] 完成 51009  成功 51008  失败 1  截断 5107  三元组 589322  | 0.48 req/s  519 out-tok/s
[105255s] 完成 51019  成功 51018  失败 1  截断 5107  三元组 589424  | 0.48 req/s  519 out-tok/s
[105276s] 完成 51022  成功 51021  失败 1  截断 5107  三元组 589453  | 0.48 req/s  519 out-tok/s
[105296s] 完成 51030  成功 51029  失败 1  截断 5109  三元组 589580  | 0.48 req/s  519 out-tok/s
[105311s] 完成 51036  成功 51035  失败 1  截断 5110  三元组 589663  | 0.48 req/s  519 out-tok/s
[105327s] 完成 51040  成功 51039  失败 1  截断 5110  三元组 589722  | 0.48 req/s  519 out-tok/s
[105342s] 完成 51053  成功 51052  失败 1  截断 5112  三元组 589916  | 0.48 req/s  519 out-tok/s
[105358s] 完成 51059  成功 51058  失败 1  截断 5112  三元组 589986  | 0.48 req/s  519 out-tok/s
[105378s] 完成 51067  成功 51066  失败 1  截断 5113  三元组 590080  | 0.48 req/s  519 out-tok/s
[105394s] 完成 51074  成功 51073  失败 1  截断 5116  三元组 590196  | 0.48 req/s  519 out-tok/s
[105410s] 完成 51082  成功 51081  失败 1  截断 5117  三元组 590295  | 0.48 req/s  519 out-tok/s
[105427s] 完成 51090  成功 51089  失败 1  截断 5117  三元组 590400  | 0.48 req/s  519 out-tok/s
[105443s] 完成 51097  成功 51096  失败 1  截断 5117  三元组 590484  | 0.48 req/s  519 out-tok/s
[105458s] 完成 51105  成功 51104  失败 1  截断 5119  三元组 590612  | 0.48 req/s  519 out-tok/s
[105474s] 完成 51111  成功 51110  失败 1  截断 5119  三元组 590687  | 0.48 req/s  519 out-tok/s
[105490s] 完成 51117  成功 51116  失败 1  截断 5119  三元组 590746  | 0.48 req/s  519 out-tok/s
[105506s] 完成 51123  成功 51122  失败 1  截断 5120  三元组 590832  | 0.48 req/s  519 out-tok/s
[105521s] 完成 51132  成功 51131  失败 1  截断 5120  三元组 590933  | 0.48 req/s  519 out-tok/s
[105537s] 完成 51141  成功 51140  失败 1  截断 5122  三元组 591071  | 0.48 req/s  519 out-tok/s
[105553s] 完成 51153  成功 51152  失败 1  截断 5123  三元组 591240  | 0.48 req/s  519 out-tok/s
[105569s] 完成 51159  成功 51158  失败 1  截断 5123  三元组 591306  | 0.48 req/s  519 out-tok/s
[105584s] 完成 51169  成功 51168  失败 1  截断 5124  三元组 591391  | 0.48 req/s  519 out-tok/s
[105600s] 完成 51176  成功 51175  失败 1  截断 5125  三元组 591454  | 0.48 req/s  519 out-tok/s
[105618s] 完成 51184  成功 51183  失败 1  截断 5125  三元组 591518  | 0.48 req/s  519 out-tok/s
[105634s] 完成 51196  成功 51195  失败 1  截断 5125  三元组 591674  | 0.48 req/s  519 out-tok/s
[105653s] 完成 51206  成功 51205  失败 1  截断 5126  三元组 591794  | 0.48 req/s  519 out-tok/s
[105675s] 完成 51214  成功 51213  失败 1  截断 5127  三元组 591874  | 0.48 req/s  519 out-tok/s
[105691s] 完成 51222  成功 51221  失败 1  截断 5128  三元组 591980  | 0.48 req/s  519 out-tok/s
[105710s] 完成 51231  成功 51230  失败 1  截断 5130  三元组 592093  | 0.48 req/s  519 out-tok/s
[105726s] 完成 51241  成功 51240  失败 1  截断 5130  三元组 592192  | 0.48 req/s  519 out-tok/s
[105741s] 完成 51246  成功 51245  失败 1  截断 5130  三元组 592246  | 0.48 req/s  519 out-tok/s
[105758s] 完成 51256  成功 51255  失败 1  截断 5131  三元组 592370  | 0.48 req/s  519 out-tok/s
[105774s] 完成 51265  成功 51264  失败 1  截断 5132  三元组 592465  | 0.48 req/s  519 out-tok/s
[105792s] 完成 51271  成功 51270  失败 1  截断 5133  三元组 592554  | 0.48 req/s  519 out-tok/s
[105809s] 完成 51278  成功 51277  失败 1  截断 5133  三元组 592623  | 0.48 req/s  519 out-tok/s
[105825s] 完成 51287  成功 51286  失败 1  截断 5134  三元组 592754  | 0.48 req/s  519 out-tok/s
[105842s] 完成 51291  成功 51290  失败 1  截断 5134  三元组 592826  | 0.48 req/s  519 out-tok/s
[105862s] 完成 51299  成功 51298  失败 1  截断 5135  三元组 592944  | 0.48 req/s  519 out-tok/s
[105880s] 完成 51305  成功 51304  失败 1  截断 5136  三元组 593049  | 0.48 req/s  519 out-tok/s
[105895s] 完成 51310  成功 51309  失败 1  截断 5136  三元组 593105  | 0.48 req/s  519 out-tok/s
[105911s] 完成 51318  成功 51317  失败 1  截断 5138  三元组 593208  | 0.48 req/s  519 out-tok/s
[105926s] 完成 51328  成功 51327  失败 1  截断 5139  三元组 593314  | 0.48 req/s  519 out-tok/s
[105941s] 完成 51335  成功 51334  失败 1  截断 5141  三元组 593398  | 0.48 req/s  519 out-tok/s
[105957s] 完成 51340  成功 51339  失败 1  截断 5142  三元组 593463  | 0.48 req/s  519 out-tok/s
[105976s] 完成 51343  成功 51342  失败 1  截断 5142  三元组 593495  | 0.48 req/s  519 out-tok/s
[105992s] 完成 51352  成功 51351  失败 1  截断 5143  三元组 593620  | 0.48 req/s  519 out-tok/s
[106008s] 完成 51359  成功 51358  失败 1  截断 5144  三元组 593689  | 0.48 req/s  519 out-tok/s
[106026s] 完成 51368  成功 51367  失败 1  截断 5146  三元组 593842  | 0.48 req/s  519 out-tok/s
[106041s] 完成 51372  成功 51371  失败 1  截断 5147  三元组 593887  | 0.48 req/s  519 out-tok/s
[106057s] 完成 51381  成功 51380  失败 1  截断 5147  三元组 594009  | 0.48 req/s  519 out-tok/s
[106073s] 完成 51386  成功 51385  失败 1  截断 5148  三元组 594084  | 0.48 req/s  519 out-tok/s
[106091s] 完成 51396  成功 51395  失败 1  截断 5149  三元组 594231  | 0.48 req/s  519 out-tok/s
[106106s] 完成 51405  成功 51404  失败 1  截断 5151  三元组 594346  | 0.48 req/s  519 out-tok/s
[106126s] 完成 51412  成功 51411  失败 1  截断 5151  三元组 594433  | 0.48 req/s  519 out-tok/s
[106141s] 完成 51422  成功 51421  失败 1  截断 5151  三元组 594578  | 0.48 req/s  519 out-tok/s
[106158s] 完成 51433  成功 51432  失败 1  截断 5152  三元组 594688  | 0.48 req/s  519 out-tok/s
[106176s] 完成 51439  成功 51438  失败 1  截断 5152  三元组 594757  | 0.48 req/s  519 out-tok/s
[106191s] 完成 51445  成功 51444  失败 1  截断 5152  三元组 594823  | 0.48 req/s  519 out-tok/s
[106210s] 完成 51457  成功 51456  失败 1  截断 5154  三元组 594974  | 0.48 req/s  519 out-tok/s
[106232s] 完成 51466  成功 51465  失败 1  截断 5154  三元组 595066  | 0.48 req/s  519 out-tok/s
[106249s] 完成 51473  成功 51472  失败 1  截断 5155  三元组 595181  | 0.48 req/s  519 out-tok/s
[106267s] 完成 51484  成功 51483  失败 1  截断 5157  三元组 595312  | 0.48 req/s  519 out-tok/s
[106287s] 完成 51492  成功 51491  失败 1  截断 5157  三元组 595393  | 0.48 req/s  519 out-tok/s
[106302s] 完成 51500  成功 51499  失败 1  截断 5159  三元组 595494  | 0.48 req/s  519 out-tok/s
[106317s] 完成 51507  成功 51506  失败 1  截断 5159  三元组 595592  | 0.48 req/s  519 out-tok/s
[106333s] 完成 51511  成功 51510  失败 1  截断 5159  三元组 595632  | 0.48 req/s  519 out-tok/s
[106350s] 完成 51521  成功 51520  失败 1  截断 5160  三元组 595760  | 0.48 req/s  519 out-tok/s
[106366s] 完成 51534  成功 51533  失败 1  截断 5163  三元组 595930  | 0.48 req/s  519 out-tok/s
[106381s] 完成 51537  成功 51536  失败 1  截断 5163  三元组 595982  | 0.48 req/s  519 out-tok/s
[106397s] 完成 51545  成功 51544  失败 1  截断 5164  三元组 596067  | 0.48 req/s  519 out-tok/s
[106412s] 完成 51555  成功 51554  失败 1  截断 5164  三元组 596177  | 0.48 req/s  519 out-tok/s
[106430s] 完成 51564  成功 51563  失败 1  截断 5164  三元组 596253  | 0.48 req/s  519 out-tok/s
[106448s] 完成 51574  成功 51573  失败 1  截断 5164  三元组 596362  | 0.48 req/s  519 out-tok/s
[106465s] 完成 51585  成功 51584  失败 1  截断 5164  三元组 596499  | 0.48 req/s  519 out-tok/s
[106480s] 完成 51591  成功 51590  失败 1  截断 5164  三元组 596570  | 0.48 req/s  519 out-tok/s
[106495s] 完成 51599  成功 51598  失败 1  截断 5165  三元组 596674  | 0.48 req/s  519 out-tok/s
[106514s] 完成 51613  成功 51612  失败 1  截断 5167  三元组 596848  | 0.48 req/s  519 out-tok/s
[106530s] 完成 51619  成功 51618  失败 1  截断 5167  三元组 596937  | 0.48 req/s  519 out-tok/s
[106546s] 完成 51626  成功 51625  失败 1  截断 5167  三元组 597015  | 0.48 req/s  519 out-tok/s
[106565s] 完成 51632  成功 51631  失败 1  截断 5167  三元组 597079  | 0.48 req/s  519 out-tok/s
[106582s] 完成 51637  成功 51636  失败 1  截断 5167  三元组 597147  | 0.48 req/s  519 out-tok/s
[106597s] 完成 51649  成功 51648  失败 1  截断 5167  三元组 597324  | 0.48 req/s  519 out-tok/s
[106615s] 完成 51655  成功 51654  失败 1  截断 5167  三元组 597398  | 0.48 req/s  519 out-tok/s
[106635s] 完成 51662  成功 51661  失败 1  截断 5167  三元组 597474  | 0.48 req/s  519 out-tok/s
[106651s] 完成 51671  成功 51670  失败 1  截断 5170  三元组 597595  | 0.48 req/s  519 out-tok/s
[106681s] 完成 51681  成功 51680  失败 1  截断 5172  三元组 597744  | 0.48 req/s  519 out-tok/s
[106699s] 完成 51687  成功 51686  失败 1  截断 5172  三元组 597839  | 0.48 req/s  519 out-tok/s
[106714s] 完成 51694  成功 51693  失败 1  截断 5172  三元组 597910  | 0.48 req/s  519 out-tok/s
[106730s] 完成 51700  成功 51699  失败 1  截断 5173  三元组 597984  | 0.48 req/s  519 out-tok/s
[106746s] 完成 51705  成功 51704  失败 1  截断 5174  三元组 598058  | 0.48 req/s  519 out-tok/s
[106764s] 完成 51713  成功 51712  失败 1  截断 5177  三元组 598161  | 0.48 req/s  519 out-tok/s
[106780s] 完成 51718  成功 51717  失败 1  截断 5177  三元组 598243  | 0.48 req/s  519 out-tok/s
[106804s] 完成 51728  成功 51727  失败 1  截断 5178  三元组 598379  | 0.48 req/s  519 out-tok/s
[106819s] 完成 51738  成功 51737  失败 1  截断 5180  三元组 598498  | 0.48 req/s  519 out-tok/s
[106836s] 完成 51742  成功 51741  失败 1  截断 5180  三元组 598545  | 0.48 req/s  519 out-tok/s
[106852s] 完成 51752  成功 51751  失败 1  截断 5181  三元组 598628  | 0.48 req/s  519 out-tok/s
[106869s] 完成 51759  成功 51758  失败 1  截断 5181  三元组 598726  | 0.48 req/s  519 out-tok/s
[106888s] 完成 51771  成功 51770  失败 1  截断 5184  三元组 598877  | 0.48 req/s  519 out-tok/s
[106907s] 完成 51777  成功 51776  失败 1  截断 5186  三元组 598962  | 0.48 req/s  519 out-tok/s
[106929s] 完成 51783  成功 51782  失败 1  截断 5186  三元组 599034  | 0.48 req/s  519 out-tok/s
[106947s] 完成 51792  成功 51791  失败 1  截断 5186  三元组 599152  | 0.48 req/s  519 out-tok/s
[106966s] 完成 51803  成功 51802  失败 1  截断 5186  三元组 599326  | 0.48 req/s  519 out-tok/s
[106982s] 完成 51809  成功 51808  失败 1  截断 5187  三元组 599395  | 0.48 req/s  519 out-tok/s
[106997s] 完成 51814  成功 51813  失败 1  截断 5188  三元组 599444  | 0.48 req/s  519 out-tok/s
[107015s] 完成 51820  成功 51819  失败 1  截断 5188  三元组 599535  | 0.48 req/s  519 out-tok/s
[107032s] 完成 51828  成功 51827  失败 1  截断 5191  三元组 599630  | 0.48 req/s  519 out-tok/s
[107049s] 完成 51836  成功 51835  失败 1  截断 5191  三元组 599735  | 0.48 req/s  519 out-tok/s
[107065s] 完成 51841  成功 51840  失败 1  截断 5192  三元组 599816  | 0.48 req/s  519 out-tok/s
[107081s] 完成 51849  成功 51848  失败 1  截断 5192  三元组 599912  | 0.48 req/s  519 out-tok/s
[107097s] 完成 51860  成功 51859  失败 1  截断 5194  三元组 600058  | 0.48 req/s  519 out-tok/s
[107113s] 完成 51867  成功 51866  失败 1  截断 5196  三元组 600156  | 0.48 req/s  519 out-tok/s
[107128s] 完成 51875  成功 51874  失败 1  截断 5196  三元组 600238  | 0.48 req/s  519 out-tok/s
[107144s] 完成 51885  成功 51884  失败 1  截断 5198  三元组 600387  | 0.48 req/s  519 out-tok/s
[107160s] 完成 51896  成功 51895  失败 1  截断 5198  三元组 600521  | 0.48 req/s  519 out-tok/s
[107176s] 完成 51904  成功 51903  失败 1  截断 5198  三元组 600608  | 0.48 req/s  519 out-tok/s
[107193s] 完成 51911  成功 51910  失败 1  截断 5199  三元组 600689  | 0.48 req/s  519 out-tok/s
[107212s] 完成 51919  成功 51918  失败 1  截断 5199  三元组 600785  | 0.48 req/s  519 out-tok/s
[107230s] 完成 51924  成功 51923  失败 1  截断 5199  三元组 600839  | 0.48 req/s  519 out-tok/s
[107246s] 完成 51931  成功 51930  失败 1  截断 5199  三元组 600942  | 0.48 req/s  519 out-tok/s
[107261s] 完成 51936  成功 51935  失败 1  截断 5200  三元组 601023  | 0.48 req/s  519 out-tok/s
[107277s] 完成 51941  成功 51940  失败 1  截断 5201  三元组 601099  | 0.48 req/s  519 out-tok/s
[107296s] 完成 51946  成功 51945  失败 1  截断 5201  三元组 601168  | 0.48 req/s  519 out-tok/s
[107312s] 完成 51954  成功 51953  失败 1  截断 5204  三元组 601263  | 0.48 req/s  519 out-tok/s
[107327s] 完成 51962  成功 51961  失败 1  截断 5205  三元组 601334  | 0.48 req/s  519 out-tok/s
[107345s] 完成 51972  成功 51971  失败 1  截断 5207  三元组 601476  | 0.48 req/s  519 out-tok/s
[107361s] 完成 51982  成功 51981  失败 1  截断 5210  三元组 601581  | 0.48 req/s  519 out-tok/s
[107376s] 完成 51989  成功 51988  失败 1  截断 5211  三元组 601668  | 0.48 req/s  519 out-tok/s
[107392s] 完成 51998  成功 51997  失败 1  截断 5211  三元组 601756  | 0.48 req/s  519 out-tok/s
[107400s] 完成 52000  成功 51999  失败 1  截断 5211  三元组 601775  | 0.48 req/s  519 out-tok/s
[107423s] 完成 52006  成功 52005  失败 1  截断 5211  三元组 601863  | 0.48 req/s  519 out-tok/s
[107439s] 完成 52011  成功 52010  失败 1  截断 5212  三元组 601950  | 0.48 req/s  519 out-tok/s
[107455s] 完成 52023  成功 52022  失败 1  截断 5212  三元组 602124  | 0.48 req/s  519 out-tok/s
[107471s] 完成 52028  成功 52027  失败 1  截断 5213  三元组 602206  | 0.48 req/s  519 out-tok/s
[107487s] 完成 52033  成功 52032  失败 1  截断 5213  三元组 602268  | 0.48 req/s  519 out-tok/s
[107503s] 完成 52043  成功 52042  失败 1  截断 5214  三元组 602417  | 0.48 req/s  519 out-tok/s
[107529s] 完成 52054  成功 52053  失败 1  截断 5218  三元组 602577  | 0.48 req/s  519 out-tok/s
[107547s] 完成 52063  成功 52062  失败 1  截断 5220  三元组 602703  | 0.48 req/s  519 out-tok/s
[107564s] 完成 52070  成功 52069  失败 1  截断 5220  三元组 602798  | 0.48 req/s  519 out-tok/s
[107579s] 完成 52079  成功 52078  失败 1  截断 5220  三元组 602901  | 0.48 req/s  519 out-tok/s
[107596s] 完成 52084  成功 52083  失败 1  截断 5220  三元组 602974  | 0.48 req/s  519 out-tok/s
[107613s] 完成 52090  成功 52089  失败 1  截断 5221  三元组 603065  | 0.48 req/s  519 out-tok/s
[107629s] 完成 52099  成功 52098  失败 1  截断 5221  三元组 603179  | 0.48 req/s  519 out-tok/s
[107645s] 完成 52105  成功 52104  失败 1  截断 5221  三元组 603274  | 0.48 req/s  519 out-tok/s
[107664s] 完成 52111  成功 52110  失败 1  截断 5221  三元组 603352  | 0.48 req/s  519 out-tok/s
[107686s] 完成 52121  成功 52120  失败 1  截断 5224  三元组 603477  | 0.48 req/s  519 out-tok/s
[107701s] 完成 52129  成功 52128  失败 1  截断 5225  三元组 603574  | 0.48 req/s  519 out-tok/s
[107717s] 完成 52134  成功 52133  失败 1  截断 5225  三元组 603624  | 0.48 req/s  519 out-tok/s
[107734s] 完成 52141  成功 52140  失败 1  截断 5226  三元组 603728  | 0.48 req/s  519 out-tok/s
[107750s] 完成 52146  成功 52145  失败 1  截断 5227  三元组 603806  | 0.48 req/s  519 out-tok/s
[107772s] 完成 52153  成功 52152  失败 1  截断 5228  三元组 603890  | 0.48 req/s  519 out-tok/s
[107793s] 完成 52164  成功 52163  失败 1  截断 5230  三元组 604033  | 0.48 req/s  519 out-tok/s
[107811s] 完成 52175  成功 52174  失败 1  截断 5232  三元组 604148  | 0.48 req/s  519 out-tok/s
[107828s] 完成 52184  成功 52183  失败 1  截断 5233  三元组 604237  | 0.48 req/s  519 out-tok/s
[107843s] 完成 52191  成功 52190  失败 1  截断 5234  三元组 604338  | 0.48 req/s  519 out-tok/s
[107858s] 完成 52197  成功 52196  失败 1  截断 5234  三元组 604395  | 0.48 req/s  519 out-tok/s
[107878s] 完成 52204  成功 52203  失败 1  截断 5234  三元组 604474  | 0.48 req/s  519 out-tok/s
[107896s] 完成 52215  成功 52214  失败 1  截断 5237  三元组 604604  | 0.48 req/s  519 out-tok/s
[107915s] 完成 52221  成功 52220  失败 1  截断 5237  三元组 604693  | 0.48 req/s  519 out-tok/s
[107930s] 完成 52228  成功 52227  失败 1  截断 5238  三元组 604765  | 0.48 req/s  519 out-tok/s
[107946s] 完成 52237  成功 52236  失败 1  截断 5239  三元组 604901  | 0.48 req/s  519 out-tok/s
[107961s] 完成 52245  成功 52244  失败 1  截断 5240  三元组 604992  | 0.48 req/s  519 out-tok/s
[107978s] 完成 52252  成功 52251  失败 1  截断 5240  三元组 605087  | 0.48 req/s  519 out-tok/s
[107993s] 完成 52260  成功 52259  失败 1  截断 5241  三元组 605165  | 0.48 req/s  519 out-tok/s
[108009s] 完成 52266  成功 52265  失败 1  截断 5242  三元组 605230  | 0.48 req/s  519 out-tok/s
[108025s] 完成 52274  成功 52273  失败 1  截断 5244  三元组 605366  | 0.48 req/s  519 out-tok/s
[108042s] 完成 52281  成功 52280  失败 1  截断 5246  三元组 605468  | 0.48 req/s  519 out-tok/s
[108058s] 完成 52288  成功 52287  失败 1  截断 5247  三元组 605546  | 0.48 req/s  519 out-tok/s
[108077s] 完成 52299  成功 52298  失败 1  截断 5248  三元组 605669  | 0.48 req/s  519 out-tok/s
[108094s] 完成 52309  成功 52308  失败 1  截断 5248  三元组 605756  | 0.48 req/s  519 out-tok/s
[108113s] 完成 52319  成功 52318  失败 1  截断 5249  三元组 605860  | 0.48 req/s  519 out-tok/s
[108128s] 完成 52327  成功 52326  失败 1  截断 5250  三元组 605952  | 0.48 req/s  519 out-tok/s
[108143s] 完成 52333  成功 52332  失败 1  截断 5250  三元组 606023  | 0.48 req/s  519 out-tok/s
[108159s] 完成 52342  成功 52341  失败 1  截断 5251  三元组 606137  | 0.48 req/s  519 out-tok/s
[108177s] 完成 52351  成功 52350  失败 1  截断 5251  三元组 606230  | 0.48 req/s  519 out-tok/s
[108193s] 完成 52361  成功 52360  失败 1  截断 5252  三元组 606364  | 0.48 req/s  519 out-tok/s
[108210s] 完成 52366  成功 52365  失败 1  截断 5252  三元组 606405  | 0.48 req/s  519 out-tok/s
[108225s] 完成 52373  成功 52372  失败 1  截断 5253  三元组 606503  | 0.48 req/s  519 out-tok/s
[108241s] 完成 52378  成功 52377  失败 1  截断 5256  三元组 606570  | 0.48 req/s  519 out-tok/s
[108256s] 完成 52384  成功 52383  失败 1  截断 5256  三元组 606625  | 0.48 req/s  519 out-tok/s
[108282s] 完成 52395  成功 52394  失败 1  截断 5257  三元组 606763  | 0.48 req/s  519 out-tok/s
[108300s] 完成 52401  成功 52400  失败 1  截断 5257  三元组 606857  | 0.48 req/s  519 out-tok/s
[108316s] 完成 52410  成功 52409  失败 1  截断 5258  三元组 606969  | 0.48 req/s  519 out-tok/s
[108337s] 完成 52421  成功 52420  失败 1  截断 5262  三元组 607103  | 0.48 req/s  519 out-tok/s
[108356s] 完成 52428  成功 52427  失败 1  截断 5264  三元组 607180  | 0.48 req/s  519 out-tok/s
[108373s] 完成 52436  成功 52435  失败 1  截断 5265  三元组 607285  | 0.48 req/s  519 out-tok/s
[108391s] 完成 52438  成功 52437  失败 1  截断 5265  三元组 607311  | 0.48 req/s  519 out-tok/s
[108407s] 完成 52443  成功 52442  失败 1  截断 5265  三元组 607383  | 0.48 req/s  519 out-tok/s
[108423s] 完成 52453  成功 52452  失败 1  截断 5266  三元组 607543  | 0.48 req/s  519 out-tok/s
[108439s] 完成 52460  成功 52459  失败 1  截断 5267  三元组 607643  | 0.48 req/s  519 out-tok/s
[108455s] 完成 52467  成功 52466  失败 1  截断 5268  三元组 607766  | 0.48 req/s  519 out-tok/s
[108474s] 完成 52475  成功 52474  失败 1  截断 5269  三元组 607853  | 0.48 req/s  519 out-tok/s
[108494s] 完成 52485  成功 52484  失败 1  截断 5270  三元组 607972  | 0.48 req/s  519 out-tok/s
[108509s] 完成 52491  成功 52490  失败 1  截断 5271  三元组 608061  | 0.48 req/s  519 out-tok/s
[108522s] 完成 52500  成功 52499  失败 1  截断 5271  三元组 608168  | 0.48 req/s  519 out-tok/s
[108537s] 完成 52508  成功 52507  失败 1  截断 5272  三元组 608274  | 0.48 req/s  519 out-tok/s
[108552s] 完成 52517  成功 52516  失败 1  截断 5273  三元组 608395  | 0.48 req/s  519 out-tok/s
[108572s] 完成 52522  成功 52521  失败 1  截断 5273  三元组 608447  | 0.48 req/s  519 out-tok/s
[108589s] 完成 52530  成功 52529  失败 1  截断 5274  三元组 608526  | 0.48 req/s  519 out-tok/s
[108609s] 完成 52539  成功 52538  失败 1  截断 5274  三元组 608619  | 0.48 req/s  519 out-tok/s
[108626s] 完成 52550  成功 52549  失败 1  截断 5276  三元组 608701  | 0.48 req/s  519 out-tok/s
[108644s] 完成 52554  成功 52553  失败 1  截断 5276  三元组 608735  | 0.48 req/s  519 out-tok/s
[108663s] 完成 52563  成功 52562  失败 1  截断 5278  三元组 608852  | 0.48 req/s  519 out-tok/s
[108679s] 完成 52569  成功 52568  失败 1  截断 5280  三元组 608964  | 0.48 req/s  519 out-tok/s
[108694s] 完成 52580  成功 52579  失败 1  截断 5282  三元组 609094  | 0.48 req/s  519 out-tok/s
[108710s] 完成 52585  成功 52584  失败 1  截断 5283  三元组 609153  | 0.48 req/s  519 out-tok/s
[108727s] 完成 52593  成功 52592  失败 1  截断 5283  三元组 609261  | 0.48 req/s  519 out-tok/s
[108743s] 完成 52604  成功 52603  失败 1  截断 5285  三元组 609410  | 0.48 req/s  519 out-tok/s
[108758s] 完成 52611  成功 52610  失败 1  截断 5285  三元组 609483  | 0.48 req/s  519 out-tok/s
[108776s] 完成 52620  成功 52619  失败 1  截断 5285  三元组 609573  | 0.48 req/s  519 out-tok/s
[108792s] 完成 52627  成功 52626  失败 1  截断 5285  三元组 609631  | 0.48 req/s  519 out-tok/s
[108808s] 完成 52635  成功 52634  失败 1  截断 5286  三元组 609728  | 0.48 req/s  519 out-tok/s
[108825s] 完成 52644  成功 52643  失败 1  截断 5287  三元组 609830  | 0.48 req/s  519 out-tok/s
[108840s] 完成 52654  成功 52653  失败 1  截断 5290  三元组 609922  | 0.48 req/s  519 out-tok/s
[108856s] 完成 52662  成功 52661  失败 1  截断 5290  三元组 610016  | 0.48 req/s  519 out-tok/s
[108874s] 完成 52672  成功 52671  失败 1  截断 5290  三元组 610120  | 0.48 req/s  519 out-tok/s
[108890s] 完成 52680  成功 52679  失败 1  截断 5291  三元组 610189  | 0.48 req/s  519 out-tok/s
[108911s] 完成 52689  成功 52688  失败 1  截断 5292  三元组 610312  | 0.48 req/s  519 out-tok/s
[108931s] 完成 52697  成功 52696  失败 1  截断 5292  三元组 610425  | 0.48 req/s  519 out-tok/s
[108951s] 完成 52704  成功 52703  失败 1  截断 5292  三元组 610490  | 0.48 req/s  519 out-tok/s
[108971s] 完成 52714  成功 52713  失败 1  截断 5292  三元组 610627  | 0.48 req/s  519 out-tok/s
[108988s] 完成 52720  成功 52719  失败 1  截断 5292  三元组 610717  | 0.48 req/s  519 out-tok/s
[109004s] 完成 52726  成功 52725  失败 1  截断 5294  三元组 610801  | 0.48 req/s  519 out-tok/s
[109020s] 完成 52732  成功 52731  失败 1  截断 5294  三元组 610881  | 0.48 req/s  519 out-tok/s
[109035s] 完成 52743  成功 52742  失败 1  截断 5297  三元组 611007  | 0.48 req/s  519 out-tok/s
[109051s] 完成 52748  成功 52747  失败 1  截断 5297  三元组 611088  | 0.48 req/s  519 out-tok/s
[109068s] 完成 52755  成功 52754  失败 1  截断 5297  三元组 611171  | 0.48 req/s  519 out-tok/s
[109083s] 完成 52761  成功 52760  失败 1  截断 5297  三元组 611252  | 0.48 req/s  519 out-tok/s
[109101s] 完成 52771  成功 52770  失败 1  截断 5297  三元组 611382  | 0.48 req/s  519 out-tok/s
[109122s] 完成 52780  成功 52779  失败 1  截断 5299  三元组 611538  | 0.48 req/s  519 out-tok/s
[109137s] 完成 52789  成功 52788  失败 1  截断 5299  三元组 611635  | 0.48 req/s  519 out-tok/s
[109155s] 完成 52794  成功 52793  失败 1  截断 5299  三元组 611690  | 0.48 req/s  519 out-tok/s
[109171s] 完成 52799  成功 52798  失败 1  截断 5299  三元组 611751  | 0.48 req/s  519 out-tok/s
[109189s] 完成 52807  成功 52806  失败 1  截断 5301  三元组 611874  | 0.48 req/s  519 out-tok/s
[109205s] 完成 52818  成功 52817  失败 1  截断 5301  三元组 612007  | 0.48 req/s  519 out-tok/s
[109220s] 完成 52827  成功 52826  失败 1  截断 5302  三元组 612114  | 0.48 req/s  519 out-tok/s
[109237s] 完成 52834  成功 52833  失败 1  截断 5302  三元组 612235  | 0.48 req/s  519 out-tok/s
[109253s] 完成 52839  成功 52838  失败 1  截断 5302  三元组 612304  | 0.48 req/s  519 out-tok/s
[109269s] 完成 52846  成功 52845  失败 1  截断 5304  三元组 612403  | 0.48 req/s  519 out-tok/s
[109285s] 完成 52852  成功 52851  失败 1  截断 5304  三元组 612464  | 0.48 req/s  519 out-tok/s
[109305s] 完成 52859  成功 52858  失败 1  截断 5304  三元组 612566  | 0.48 req/s  519 out-tok/s
[109324s] 完成 52871  成功 52870  失败 1  截断 5305  三元组 612742  | 0.48 req/s  519 out-tok/s
[109340s] 完成 52875  成功 52874  失败 1  截断 5305  三元组 612777  | 0.48 req/s  519 out-tok/s
[109357s] 完成 52883  成功 52882  失败 1  截断 5306  三元组 612880  | 0.48 req/s  519 out-tok/s
[109374s] 完成 52888  成功 52887  失败 1  截断 5307  三元组 612934  | 0.48 req/s  519 out-tok/s
[109392s] 完成 52897  成功 52896  失败 1  截断 5309  三元组 613044  | 0.48 req/s  519 out-tok/s
[109408s] 完成 52902  成功 52901  失败 1  截断 5309  三元组 613098  | 0.48 req/s  519 out-tok/s
[109427s] 完成 52909  成功 52908  失败 1  截断 5310  三元组 613187  | 0.48 req/s  519 out-tok/s
[109443s] 完成 52916  成功 52915  失败 1  截断 5311  三元组 613285  | 0.48 req/s  519 out-tok/s
[109463s] 完成 52928  成功 52927  失败 1  截断 5316  三元组 613457  | 0.48 req/s  519 out-tok/s
[109481s] 完成 52938  成功 52937  失败 1  截断 5317  三元组 613585  | 0.48 req/s  519 out-tok/s
[109497s] 完成 52945  成功 52944  失败 1  截断 5317  三元组 613663  | 0.48 req/s  519 out-tok/s
[109513s] 完成 52955  成功 52954  失败 1  截断 5318  三元组 613784  | 0.48 req/s  519 out-tok/s
[109530s] 完成 52962  成功 52961  失败 1  截断 5318  三元组 613874  | 0.48 req/s  519 out-tok/s
[109546s] 完成 52967  成功 52966  失败 1  截断 5318  三元组 613916  | 0.48 req/s  519 out-tok/s
[109562s] 完成 52978  成功 52977  失败 1  截断 5319  三元组 614071  | 0.48 req/s  519 out-tok/s
[109577s] 完成 52987  成功 52986  失败 1  截断 5320  三元组 614161  | 0.48 req/s  519 out-tok/s
[109593s] 完成 52996  成功 52995  失败 1  截断 5320  三元组 614262  | 0.48 req/s  519 out-tok/s
[109607s] 完成 53000  成功 52999  失败 1  截断 5320  三元组 614309  | 0.48 req/s  519 out-tok/s
[109628s] 完成 53009  成功 53008  失败 1  截断 5322  三元组 614425  | 0.48 req/s  519 out-tok/s
[109644s] 完成 53014  成功 53013  失败 1  截断 5322  三元组 614491  | 0.48 req/s  519 out-tok/s
[109660s] 完成 53024  成功 53023  失败 1  截断 5322  三元组 614606  | 0.48 req/s  519 out-tok/s
[109679s] 完成 53033  成功 53032  失败 1  截断 5324  三元组 614732  | 0.48 req/s  519 out-tok/s
[109697s] 完成 53043  成功 53042  失败 1  截断 5325  三元组 614816  | 0.48 req/s  519 out-tok/s
[109714s] 完成 53052  成功 53051  失败 1  截断 5326  三元组 614933  | 0.48 req/s  519 out-tok/s
[109730s] 完成 53059  成功 53058  失败 1  截断 5326  三元组 615019  | 0.48 req/s  519 out-tok/s
[109753s] 完成 53073  成功 53072  失败 1  截断 5328  三元组 615158  | 0.48 req/s  519 out-tok/s
[109768s] 完成 53077  成功 53076  失败 1  截断 5329  三元组 615223  | 0.48 req/s  519 out-tok/s
[109784s] 完成 53085  成功 53084  失败 1  截断 5329  三元组 615326  | 0.48 req/s  519 out-tok/s
[109799s] 完成 53095  成功 53094  失败 1  截断 5329  三元组 615452  | 0.48 req/s  519 out-tok/s
[109815s] 完成 53102  成功 53101  失败 1  截断 5329  三元组 615534  | 0.48 req/s  519 out-tok/s
[109834s] 完成 53109  成功 53108  失败 1  截断 5329  三元组 615636  | 0.48 req/s  519 out-tok/s
[109853s] 完成 53116  成功 53115  失败 1  截断 5330  三元组 615746  | 0.48 req/s  519 out-tok/s
[109876s] 完成 53122  成功 53121  失败 1  截断 5330  三元组 615808  | 0.48 req/s  519 out-tok/s
[109891s] 完成 53131  成功 53130  失败 1  截断 5330  三元组 615921  | 0.48 req/s  519 out-tok/s
[109908s] 完成 53143  成功 53142  失败 1  截断 5333  三元组 616075  | 0.48 req/s  519 out-tok/s
[109925s] 完成 53151  成功 53150  失败 1  截断 5333  三元组 616221  | 0.48 req/s  519 out-tok/s
[109941s] 完成 53160  成功 53159  失败 1  截断 5334  三元组 616352  | 0.48 req/s  519 out-tok/s
[109959s] 完成 53165  成功 53164  失败 1  截断 5334  三元组 616410  | 0.48 req/s  519 out-tok/s
[109974s] 完成 53173  成功 53172  失败 1  截断 5334  三元组 616501  | 0.48 req/s  519 out-tok/s
[109990s] 完成 53182  成功 53181  失败 1  截断 5334  三元组 616628  | 0.48 req/s  519 out-tok/s
[110009s] 完成 53190  成功 53189  失败 1  截断 5335  三元组 616728  | 0.48 req/s  519 out-tok/s
[110025s] 完成 53199  成功 53198  失败 1  截断 5336  三元组 616856  | 0.48 req/s  519 out-tok/s
[110042s] 完成 53203  成功 53202  失败 1  截断 5336  三元组 616905  | 0.48 req/s  519 out-tok/s
[110057s] 完成 53212  成功 53211  失败 1  截断 5337  三元组 617004  | 0.48 req/s  519 out-tok/s
[110074s] 完成 53222  成功 53221  失败 1  截断 5338  三元组 617117  | 0.48 req/s  519 out-tok/s
[110090s] 完成 53231  成功 53230  失败 1  截断 5339  三元组 617201  | 0.48 req/s  519 out-tok/s
[110106s] 完成 53237  成功 53236  失败 1  截断 5340  三元组 617296  | 0.48 req/s  519 out-tok/s
[110122s] 完成 53242  成功 53241  失败 1  截断 5340  三元组 617356  | 0.48 req/s  519 out-tok/s
[110139s] 完成 53253  成功 53252  失败 1  截断 5342  三元组 617508  | 0.48 req/s  519 out-tok/s
[110158s] 完成 53258  成功 53257  失败 1  截断 5342  三元组 617543  | 0.48 req/s  519 out-tok/s
[110184s] 完成 53265  成功 53264  失败 1  截断 5342  三元组 617621  | 0.48 req/s  519 out-tok/s
[110200s] 完成 53279  成功 53278  失败 1  截断 5342  三元组 617822  | 0.48 req/s  519 out-tok/s
[110215s] 完成 53283  成功 53282  失败 1  截断 5342  三元组 617887  | 0.48 req/s  519 out-tok/s
[110234s] 完成 53293  成功 53292  失败 1  截断 5346  三元组 618010  | 0.48 req/s  519 out-tok/s
[110251s] 完成 53298  成功 53297  失败 1  截断 5346  三元组 618078  | 0.48 req/s  519 out-tok/s
[110267s] 完成 53307  成功 53306  失败 1  截断 5347  三元组 618193  | 0.48 req/s  519 out-tok/s
[110284s] 完成 53315  成功 53314  失败 1  截断 5348  三元组 618301  | 0.48 req/s  519 out-tok/s
[110301s] 完成 53323  成功 53322  失败 1  截断 5349  三元组 618397  | 0.48 req/s  519 out-tok/s
[110318s] 完成 53332  成功 53331  失败 1  截断 5349  三元组 618513  | 0.48 req/s  519 out-tok/s
[110334s] 完成 53338  成功 53337  失败 1  截断 5349  三元组 618582  | 0.48 req/s  519 out-tok/s
[110349s] 完成 53348  成功 53347  失败 1  截断 5349  三元组 618723  | 0.48 req/s  519 out-tok/s
[110365s] 完成 53354  成功 53353  失败 1  截断 5349  三元组 618797  | 0.48 req/s  519 out-tok/s
[110381s] 完成 53363  成功 53362  失败 1  截断 5349  三元组 618914  | 0.48 req/s  519 out-tok/s
[110397s] 完成 53372  成功 53371  失败 1  截断 5350  三元组 619020  | 0.48 req/s  519 out-tok/s
[110413s] 完成 53379  成功 53378  失败 1  截断 5350  三元组 619127  | 0.48 req/s  519 out-tok/s
[110431s] 完成 53386  成功 53385  失败 1  截断 5350  三元组 619212  | 0.48 req/s  519 out-tok/s
[110448s] 完成 53395  成功 53394  失败 1  截断 5350  三元组 619317  | 0.48 req/s  519 out-tok/s
[110465s] 完成 53403  成功 53402  失败 1  截断 5351  三元组 619407  | 0.48 req/s  519 out-tok/s
[110480s] 完成 53410  成功 53409  失败 1  截断 5352  三元组 619507  | 0.48 req/s  519 out-tok/s
[110496s] 完成 53419  成功 53418  失败 1  截断 5352  三元组 619594  | 0.48 req/s  519 out-tok/s
[110512s] 完成 53422  成功 53421  失败 1  截断 5353  三元组 619652  | 0.48 req/s  519 out-tok/s
[110529s] 完成 53428  成功 53427  失败 1  截断 5356  三元组 619725  | 0.48 req/s  519 out-tok/s
[110545s] 完成 53435  成功 53434  失败 1  截断 5357  三元组 619801  | 0.48 req/s  519 out-tok/s
[110561s] 完成 53440  成功 53439  失败 1  截断 5357  三元组 619876  | 0.48 req/s  519 out-tok/s
[110576s] 完成 53444  成功 53443  失败 1  截断 5357  三元组 619942  | 0.48 req/s  519 out-tok/s
[110592s] 完成 53451  成功 53450  失败 1  截断 5359  三元组 620052  | 0.48 req/s  519 out-tok/s
[110608s] 完成 53459  成功 53458  失败 1  截断 5360  三元组 620148  | 0.48 req/s  519 out-tok/s
[110624s] 完成 53469  成功 53468  失败 1  截断 5362  三元组 620256  | 0.48 req/s  519 out-tok/s
[110643s] 完成 53477  成功 53476  失败 1  截断 5363  三元组 620368  | 0.48 req/s  519 out-tok/s
[110665s] 完成 53484  成功 53483  失败 1  截断 5364  三元组 620463  | 0.48 req/s  519 out-tok/s
[110681s] 完成 53489  成功 53488  失败 1  截断 5365  三元组 620552  | 0.48 req/s  519 out-tok/s
[110699s] 完成 53499  成功 53498  失败 1  截断 5366  三元组 620702  | 0.48 req/s  519 out-tok/s
[110699s] 完成 53500  成功 53499  失败 1  截断 5366  三元组 620718  | 0.48 req/s  519 out-tok/s
[110714s] 完成 53507  成功 53506  失败 1  截断 5366  三元组 620790  | 0.48 req/s  519 out-tok/s
[110735s] 完成 53512  成功 53511  失败 1  截断 5367  三元组 620835  | 0.48 req/s  519 out-tok/s
[110750s] 完成 53521  成功 53520  失败 1  截断 5368  三元组 620969  | 0.48 req/s  519 out-tok/s
[110766s] 完成 53531  成功 53530  失败 1  截断 5370  三元组 621117  | 0.48 req/s  519 out-tok/s
[110783s] 完成 53535  成功 53534  失败 1  截断 5370  三元组 621168  | 0.48 req/s  519 out-tok/s
[110799s] 完成 53544  成功 53543  失败 1  截断 5371  三元组 621269  | 0.48 req/s  519 out-tok/s
[110816s] 完成 53552  成功 53551  失败 1  截断 5371  三元组 621375  | 0.48 req/s  519 out-tok/s
[110831s] 完成 53560  成功 53559  失败 1  截断 5371  三元组 621470  | 0.48 req/s  519 out-tok/s
[110846s] 完成 53568  成功 53567  失败 1  截断 5372  三元组 621549  | 0.48 req/s  519 out-tok/s
[110861s] 完成 53576  成功 53575  失败 1  截断 5372  三元组 621664  | 0.48 req/s  519 out-tok/s
[110877s] 完成 53586  成功 53585  失败 1  截断 5372  三元组 621782  | 0.48 req/s  519 out-tok/s
[110892s] 完成 53590  成功 53589  失败 1  截断 5372  三元组 621827  | 0.48 req/s  519 out-tok/s
[110908s] 完成 53595  成功 53594  失败 1  截断 5372  三元组 621887  | 0.48 req/s  519 out-tok/s
[110924s] 完成 53601  成功 53600  失败 1  截断 5372  三元组 621962  | 0.48 req/s  519 out-tok/s
[110939s] 完成 53607  成功 53606  失败 1  截断 5372  三元组 622050  | 0.48 req/s  519 out-tok/s
[110955s] 完成 53616  成功 53615  失败 1  截断 5373  三元组 622195  | 0.48 req/s  519 out-tok/s
[110970s] 完成 53624  成功 53623  失败 1  截断 5373  三元组 622312  | 0.48 req/s  519 out-tok/s
[110989s] 完成 53631  成功 53630  失败 1  截断 5373  三元组 622372  | 0.48 req/s  519 out-tok/s
[111004s] 完成 53641  成功 53640  失败 1  截断 5374  三元组 622477  | 0.48 req/s  519 out-tok/s
[111021s] 完成 53647  成功 53646  失败 1  截断 5374  三元组 622538  | 0.48 req/s  519 out-tok/s
[111037s] 完成 53654  成功 53653  失败 1  截断 5377  三元组 622642  | 0.48 req/s  519 out-tok/s
[111058s] 完成 53664  成功 53663  失败 1  截断 5378  三元组 622770  | 0.48 req/s  519 out-tok/s
[111081s] 完成 53668  成功 53667  失败 1  截断 5379  三元组 622840  | 0.48 req/s  519 out-tok/s
[111099s] 完成 53679  成功 53678  失败 1  截断 5380  三元组 622990  | 0.48 req/s  519 out-tok/s
[111117s] 完成 53685  成功 53684  失败 1  截断 5380  三元组 623049  | 0.48 req/s  519 out-tok/s
[111139s] 完成 53690  成功 53689  失败 1  截断 5381  三元组 623111  | 0.48 req/s  519 out-tok/s
[111156s] 完成 53696  成功 53695  失败 1  截断 5385  三元组 623216  | 0.48 req/s  519 out-tok/s
[111176s] 完成 53702  成功 53701  失败 1  截断 5386  三元组 623321  | 0.48 req/s  519 out-tok/s
[111192s] 完成 53710  成功 53709  失败 1  截断 5388  三元组 623400  | 0.48 req/s  519 out-tok/s
[111208s] 完成 53720  成功 53719  失败 1  截断 5391  三元组 623528  | 0.48 req/s  519 out-tok/s
[111230s] 完成 53725  成功 53724  失败 1  截断 5391  三元组 623584  | 0.48 req/s  519 out-tok/s
[111247s] 完成 53732  成功 53731  失败 1  截断 5392  三元组 623681  | 0.48 req/s  519 out-tok/s
[111268s] 完成 53741  成功 53740  失败 1  截断 5396  三元组 623811  | 0.48 req/s  519 out-tok/s
[111283s] 完成 53747  成功 53746  失败 1  截断 5396  三元组 623885  | 0.48 req/s  519 out-tok/s
[111304s] 完成 53753  成功 53752  失败 1  截断 5396  三元组 623955  | 0.48 req/s  519 out-tok/s
[111321s] 完成 53760  成功 53759  失败 1  截断 5397  三元组 624026  | 0.48 req/s  519 out-tok/s
[111339s] 完成 53766  成功 53765  失败 1  截断 5397  三元组 624102  | 0.48 req/s  519 out-tok/s
[111355s] 完成 53774  成功 53773  失败 1  截断 5400  三元组 624204  | 0.48 req/s  519 out-tok/s
[111371s] 完成 53781  成功 53780  失败 1  截断 5404  三元组 624330  | 0.48 req/s  519 out-tok/s
[111387s] 完成 53787  成功 53786  失败 1  截断 5404  三元组 624415  | 0.48 req/s  519 out-tok/s
[111406s] 完成 53795  成功 53794  失败 1  截断 5405  三元组 624480  | 0.48 req/s  519 out-tok/s
[111426s] 完成 53803  成功 53802  失败 1  截断 5407  三元组 624593  | 0.48 req/s  519 out-tok/s
[111447s] 完成 53809  成功 53808  失败 1  截断 5409  三元组 624654  | 0.48 req/s  519 out-tok/s
[111463s] 完成 53816  成功 53815  失败 1  截断 5409  三元组 624747  | 0.48 req/s  519 out-tok/s
[111482s] 完成 53824  成功 53823  失败 1  截断 5410  三元组 624873  | 0.48 req/s  519 out-tok/s
[111501s] 完成 53829  成功 53828  失败 1  截断 5412  三元组 624921  | 0.48 req/s  519 out-tok/s
[111518s] 完成 53839  成功 53838  失败 1  截断 5415  三元组 625034  | 0.48 req/s  519 out-tok/s
[111535s] 完成 53846  成功 53845  失败 1  截断 5416  三元组 625147  | 0.48 req/s  519 out-tok/s
[111552s] 完成 53856  成功 53855  失败 1  截断 5418  三元组 625277  | 0.48 req/s  519 out-tok/s
[111569s] 完成 53862  成功 53861  失败 1  截断 5418  三元组 625340  | 0.48 req/s  519 out-tok/s
[111587s] 完成 53874  成功 53873  失败 1  截断 5420  三元组 625488  | 0.48 req/s  519 out-tok/s
[111604s] 完成 53876  成功 53875  失败 1  截断 5420  三元组 625498  | 0.48 req/s  519 out-tok/s
[111620s] 完成 53885  成功 53884  失败 1  截断 5422  三元组 625588  | 0.48 req/s  519 out-tok/s
[111635s] 完成 53893  成功 53892  失败 1  截断 5424  三元组 625702  | 0.48 req/s  519 out-tok/s
[111650s] 完成 53900  成功 53899  失败 1  截断 5424  三元组 625771  | 0.48 req/s  519 out-tok/s
[111668s] 完成 53907  成功 53906  失败 1  截断 5425  三元组 625893  | 0.48 req/s  519 out-tok/s
[111688s] 完成 53916  成功 53915  失败 1  截断 5428  三元组 626055  | 0.48 req/s  519 out-tok/s
[111704s] 完成 53923  成功 53922  失败 1  截断 5428  三元组 626142  | 0.48 req/s  519 out-tok/s
[111720s] 完成 53929  成功 53928  失败 1  截断 5429  三元组 626230  | 0.48 req/s  519 out-tok/s
[111735s] 完成 53932  成功 53931  失败 1  截断 5429  三元组 626283  | 0.48 req/s  519 out-tok/s
[111753s] 完成 53940  成功 53939  失败 1  截断 5429  三元组 626400  | 0.48 req/s  519 out-tok/s
[111770s] 完成 53949  成功 53948  失败 1  截断 5429  三元组 626510  | 0.48 req/s  519 out-tok/s
[111787s] 完成 53959  成功 53958  失败 1  截断 5432  三元组 626605  | 0.48 req/s  519 out-tok/s
[111809s] 完成 53969  成功 53968  失败 1  截断 5433  三元组 626737  | 0.48 req/s  519 out-tok/s
[111827s] 完成 53977  成功 53976  失败 1  截断 5434  三元组 626819  | 0.48 req/s  519 out-tok/s
[111842s] 完成 53988  成功 53987  失败 1  截断 5435  三元组 626919  | 0.48 req/s  519 out-tok/s
[111858s] 完成 53994  成功 53993  失败 1  截断 5437  三元组 626991  | 0.48 req/s  519 out-tok/s
[111866s] 完成 54000  成功 53999  失败 1  截断 5438  三元组 627055  | 0.48 req/s  519 out-tok/s
[111881s] 完成 54004  成功 54003  失败 1  截断 5438  三元组 627100  | 0.48 req/s  519 out-tok/s
[111896s] 完成 54013  成功 54012  失败 1  截断 5439  三元组 627200  | 0.48 req/s  519 out-tok/s
[111914s] 完成 54023  成功 54022  失败 1  截断 5439  三元组 627286  | 0.48 req/s  519 out-tok/s
[111930s] 完成 54033  成功 54032  失败 1  截断 5440  三元组 627371  | 0.48 req/s  519 out-tok/s
[111945s] 完成 54042  成功 54041  失败 1  截断 5442  三元组 627461  | 0.48 req/s  519 out-tok/s
[111961s] 完成 54052  成功 54051  失败 1  截断 5444  三元组 627582  | 0.48 req/s  519 out-tok/s
[111977s] 完成 54060  成功 54059  失败 1  截断 5444  三元组 627639  | 0.48 req/s  519 out-tok/s
[111993s] 完成 54069  成功 54068  失败 1  截断 5445  三元组 627712  | 0.48 req/s  519 out-tok/s
[112010s] 完成 54076  成功 54075  失败 1  截断 5446  三元组 627804  | 0.48 req/s  519 out-tok/s
[112026s] 完成 54086  成功 54085  失败 1  截断 5447  三元组 627922  | 0.48 req/s  519 out-tok/s
[112046s] 完成 54097  成功 54096  失败 1  截断 5449  三元组 628042  | 0.48 req/s  519 out-tok/s
[112068s] 完成 54110  成功 54109  失败 1  截断 5449  三元组 628148  | 0.48 req/s  519 out-tok/s
[112084s] 完成 54119  成功 54118  失败 1  截断 5450  三元组 628249  | 0.48 req/s  519 out-tok/s
[112100s] 完成 54128  成功 54127  失败 1  截断 5450  三元组 628372  | 0.48 req/s  519 out-tok/s
[112117s] 完成 54134  成功 54133  失败 1  截断 5450  三元组 628422  | 0.48 req/s  519 out-tok/s
[112137s] 完成 54144  成功 54143  失败 1  截断 5450  三元组 628555  | 0.48 req/s  519 out-tok/s
[112153s] 完成 54153  成功 54152  失败 1  截断 5451  三元组 628656  | 0.48 req/s  519 out-tok/s
[112170s] 完成 54166  成功 54165  失败 1  截断 5451  三元组 628806  | 0.48 req/s  519 out-tok/s
[112185s] 完成 54172  成功 54171  失败 1  截断 5452  三元组 628856  | 0.48 req/s  519 out-tok/s
[112208s] 完成 54182  成功 54181  失败 1  截断 5453  三元组 628987  | 0.48 req/s  519 out-tok/s
[112223s] 完成 54188  成功 54187  失败 1  截断 5454  三元组 629044  | 0.48 req/s  519 out-tok/s
[112243s] 完成 54194  成功 54193  失败 1  截断 5454  三元组 629122  | 0.48 req/s  519 out-tok/s
[112262s] 完成 54202  成功 54201  失败 1  截断 5456  三元组 629246  | 0.48 req/s  519 out-tok/s
[112278s] 完成 54209  成功 54208  失败 1  截断 5457  三元组 629323  | 0.48 req/s  519 out-tok/s
[112293s] 完成 54214  成功 54213  失败 1  截断 5458  三元组 629415  | 0.48 req/s  519 out-tok/s
[112311s] 完成 54227  成功 54226  失败 1  截断 5458  三元组 629581  | 0.48 req/s  519 out-tok/s
[112326s] 完成 54239  成功 54238  失败 1  截断 5461  三元组 629701  | 0.48 req/s  519 out-tok/s
[112341s] 完成 54250  成功 54249  失败 1  截断 5461  三元组 629802  | 0.48 req/s  519 out-tok/s
[112362s] 完成 54260  成功 54259  失败 1  截断 5461  三元组 629888  | 0.48 req/s  519 out-tok/s
[112379s] 完成 54272  成功 54271  失败 1  截断 5461  三元组 629998  | 0.48 req/s  519 out-tok/s
[112394s] 完成 54278  成功 54277  失败 1  截断 5462  三元组 630056  | 0.48 req/s  519 out-tok/s
[112410s] 完成 54289  成功 54288  失败 1  截断 5463  三元组 630181  | 0.48 req/s  519 out-tok/s
[112425s] 完成 54298  成功 54297  失败 1  截断 5463  三元组 630283  | 0.48 req/s  519 out-tok/s
[112442s] 完成 54311  成功 54310  失败 1  截断 5464  三元组 630418  | 0.48 req/s  519 out-tok/s
[112457s] 完成 54321  成功 54320  失败 1  截断 5464  三元组 630523  | 0.48 req/s  519 out-tok/s
[112474s] 完成 54329  成功 54328  失败 1  截断 5465  三元组 630616  | 0.48 req/s  519 out-tok/s
[112490s] 完成 54337  成功 54336  失败 1  截断 5465  三元组 630677  | 0.48 req/s  519 out-tok/s
[112505s] 完成 54343  成功 54342  失败 1  截断 5465  三元组 630753  | 0.48 req/s  519 out-tok/s
[112521s] 完成 54353  成功 54352  失败 1  截断 5465  三元组 630840  | 0.48 req/s  519 out-tok/s
[112537s] 完成 54366  成功 54365  失败 1  截断 5467  三元组 631013  | 0.48 req/s  519 out-tok/s
[112554s] 完成 54373  成功 54372  失败 1  截断 5467  三元组 631063  | 0.48 req/s  519 out-tok/s
[112569s] 完成 54383  成功 54382  失败 1  截断 5467  三元组 631198  | 0.48 req/s  519 out-tok/s
[112585s] 完成 54392  成功 54391  失败 1  截断 5467  三元组 631298  | 0.48 req/s  519 out-tok/s
[112602s] 完成 54401  成功 54400  失败 1  截断 5469  三元组 631388  | 0.48 req/s  519 out-tok/s
[112618s] 完成 54411  成功 54410  失败 1  截断 5469  三元组 631482  | 0.48 req/s  519 out-tok/s
[112636s] 完成 54420  成功 54419  失败 1  截断 5469  三元组 631573  | 0.48 req/s  519 out-tok/s
[112652s] 完成 54429  成功 54428  失败 1  截断 5470  三元组 631634  | 0.48 req/s  519 out-tok/s
[112667s] 完成 54441  成功 54440  失败 1  截断 5471  三元组 631781  | 0.48 req/s  519 out-tok/s
[112682s] 完成 54447  成功 54446  失败 1  截断 5471  三元组 631834  | 0.48 req/s  519 out-tok/s
[112701s] 完成 54457  成功 54456  失败 1  截断 5471  三元组 631946  | 0.48 req/s  519 out-tok/s
[112718s] 完成 54469  成功 54468  失败 1  截断 5473  三元组 632061  | 0.48 req/s  519 out-tok/s
[112733s] 完成 54478  成功 54477  失败 1  截断 5474  三元组 632127  | 0.48 req/s  519 out-tok/s
[112750s] 完成 54488  成功 54487  失败 1  截断 5474  三元组 632228  | 0.48 req/s  519 out-tok/s
[112765s] 完成 54493  成功 54492  失败 1  截断 5474  三元组 632284  | 0.48 req/s  519 out-tok/s
[112776s] 完成 54500  成功 54499  失败 1  截断 5476  三元组 632357  | 0.48 req/s  519 out-tok/s
[112795s] 完成 54509  成功 54508  失败 1  截断 5476  三元组 632444  | 0.48 req/s  519 out-tok/s
[112811s] 完成 54514  成功 54513  失败 1  截断 5477  三元组 632505  | 0.48 req/s  519 out-tok/s
[112826s] 完成 54521  成功 54520  失败 1  截断 5477  三元组 632599  | 0.48 req/s  519 out-tok/s
[112841s] 完成 54529  成功 54528  失败 1  截断 5477  三元组 632711  | 0.48 req/s  519 out-tok/s
[112859s] 完成 54535  成功 54534  失败 1  截断 5478  三元组 632773  | 0.48 req/s  519 out-tok/s
[112877s] 完成 54545  成功 54544  失败 1  截断 5479  三元组 632894  | 0.48 req/s  519 out-tok/s
[112892s] 完成 54554  成功 54553  失败 1  截断 5481  三元组 633006  | 0.48 req/s  519 out-tok/s
[112907s] 完成 54560  成功 54559  失败 1  截断 5481  三元组 633062  | 0.48 req/s  519 out-tok/s
[112924s] 完成 54566  成功 54565  失败 1  截断 5481  三元组 633113  | 0.48 req/s  519 out-tok/s
[112940s] 完成 54572  成功 54571  失败 1  截断 5483  三元组 633201  | 0.48 req/s  519 out-tok/s
[112957s] 完成 54586  成功 54585  失败 1  截断 5485  三元组 633361  | 0.48 req/s  519 out-tok/s
[112973s] 完成 54598  成功 54597  失败 1  截断 5488  三元组 633489  | 0.48 req/s  519 out-tok/s
[112990s] 完成 54605  成功 54604  失败 1  截断 5488  三元组 633553  | 0.48 req/s  519 out-tok/s
[113006s] 完成 54619  成功 54618  失败 1  截断 5488  三元组 633691  | 0.48 req/s  519 out-tok/s
[113021s] 完成 54628  成功 54627  失败 1  截断 5489  三元组 633778  | 0.48 req/s  519 out-tok/s
[113036s] 完成 54635  成功 54634  失败 1  截断 5489  三元组 633841  | 0.48 req/s  519 out-tok/s
[113055s] 完成 54644  成功 54643  失败 1  截断 5490  三元组 633930  | 0.48 req/s  519 out-tok/s
[113072s] 完成 54655  成功 54654  失败 1  截断 5490  三元组 634066  | 0.48 req/s  519 out-tok/s
[113089s] 完成 54664  成功 54663  失败 1  截断 5490  三元组 634163  | 0.48 req/s  519 out-tok/s
[113106s] 完成 54675  成功 54674  失败 1  截断 5491  三元组 634264  | 0.48 req/s  519 out-tok/s
[113121s] 完成 54681  成功 54680  失败 1  截断 5491  三元组 634345  | 0.48 req/s  519 out-tok/s
[113137s] 完成 54688  成功 54687  失败 1  截断 5491  三元组 634429  | 0.48 req/s  519 out-tok/s
[113153s] 完成 54696  成功 54695  失败 1  截断 5492  三元组 634541  | 0.48 req/s  519 out-tok/s
[113169s] 完成 54706  成功 54705  失败 1  截断 5492  三元组 634650  | 0.48 req/s  519 out-tok/s
[113191s] 完成 54713  成功 54712  失败 1  截断 5493  三元组 634737  | 0.48 req/s  519 out-tok/s
[113207s] 完成 54725  成功 54724  失败 1  截断 5494  三元组 634860  | 0.48 req/s  519 out-tok/s
[113223s] 完成 54732  成功 54731  失败 1  截断 5495  三元组 634929  | 0.48 req/s  519 out-tok/s
[113238s] 完成 54740  成功 54739  失败 1  截断 5496  三元组 635037  | 0.48 req/s  519 out-tok/s
[113253s] 完成 54747  成功 54746  失败 1  截断 5497  三元组 635105  | 0.48 req/s  519 out-tok/s
[113278s] 完成 54755  成功 54754  失败 1  截断 5497  三元组 635193  | 0.48 req/s  519 out-tok/s
[113295s] 完成 54769  成功 54768  失败 1  截断 5499  三元组 635367  | 0.48 req/s  519 out-tok/s
[113313s] 完成 54779  成功 54778  失败 1  截断 5501  三元组 635480  | 0.48 req/s  519 out-tok/s
[113329s] 完成 54786  成功 54785  失败 1  截断 5501  三元组 635561  | 0.48 req/s  519 out-tok/s
[113346s] 完成 54794  成功 54793  失败 1  截断 5501  三元组 635649  | 0.48 req/s  519 out-tok/s
[113363s] 完成 54801  成功 54800  失败 1  截断 5501  三元组 635716  | 0.48 req/s  519 out-tok/s
[113384s] 完成 54812  成功 54811  失败 1  截断 5502  三元组 635852  | 0.48 req/s  519 out-tok/s
[113400s] 完成 54820  成功 54819  失败 1  截断 5503  三元组 635933  | 0.48 req/s  519 out-tok/s
[113416s] 完成 54830  成功 54829  失败 1  截断 5504  三元组 636043  | 0.48 req/s  519 out-tok/s
[113435s] 完成 54840  成功 54839  失败 1  截断 5505  三元组 636167  | 0.48 req/s  519 out-tok/s
[113450s] 完成 54848  成功 54847  失败 1  截断 5507  三元组 636246  | 0.48 req/s  519 out-tok/s
[113465s] 完成 54858  成功 54857  失败 1  截断 5508  三元组 636341  | 0.48 req/s  519 out-tok/s
[113484s] 完成 54869  成功 54868  失败 1  截断 5508  三元组 636451  | 0.48 req/s  519 out-tok/s
[113502s] 完成 54877  成功 54876  失败 1  截断 5508  三元组 636516  | 0.48 req/s  519 out-tok/s
[113519s] 完成 54888  成功 54887  失败 1  截断 5509  三元组 636648  | 0.48 req/s  519 out-tok/s
[113540s] 完成 54897  成功 54896  失败 1  截断 5510  三元组 636735  | 0.48 req/s  519 out-tok/s
[113560s] 完成 54910  成功 54909  失败 1  截断 5510  三元组 636851  | 0.48 req/s  519 out-tok/s
[113582s] 完成 54915  成功 54914  失败 1  截断 5510  三元组 636891  | 0.48 req/s  519 out-tok/s
[113597s] 完成 54924  成功 54923  失败 1  截断 5510  三元组 637004  | 0.48 req/s  519 out-tok/s
[113612s] 完成 54932  成功 54931  失败 1  截断 5513  三元组 637106  | 0.48 req/s  519 out-tok/s
[113628s] 完成 54941  成功 54940  失败 1  截断 5514  三元组 637199  | 0.48 req/s  519 out-tok/s
[113644s] 完成 54945  成功 54944  失败 1  截断 5515  三元组 637243  | 0.48 req/s  519 out-tok/s
[113661s] 完成 54958  成功 54957  失败 1  截断 5517  三元组 637356  | 0.48 req/s  519 out-tok/s
[113676s] 完成 54962  成功 54961  失败 1  截断 5518  三元组 637412  | 0.48 req/s  519 out-tok/s
[113691s] 完成 54973  成功 54972  失败 1  截断 5518  三元组 637533  | 0.48 req/s  519 out-tok/s
[113707s] 完成 54982  成功 54981  失败 1  截断 5520  三元组 637649  | 0.48 req/s  519 out-tok/s
[113722s] 完成 54993  成功 54992  失败 1  截断 5522  三元组 637740  | 0.48 req/s  519 out-tok/s
[113738s] 完成 54999  成功 54998  失败 1  截断 5522  三元组 637797  | 0.48 req/s  519 out-tok/s
[113744s] 完成 55000  成功 54999  失败 1  截断 5522  三元组 637807  | 0.48 req/s  519 out-tok/s
[113761s] 完成 55011  成功 55010  失败 1  截断 5523  三元组 637929  | 0.48 req/s  519 out-tok/s
[113777s] 完成 55023  成功 55022  失败 1  截断 5524  三元组 638045  | 0.48 req/s  519 out-tok/s
[113793s] 完成 55028  成功 55027  失败 1  截断 5524  三元组 638102  | 0.48 req/s  519 out-tok/s
[113811s] 完成 55040  成功 55039  失败 1  截断 5524  三元组 638268  | 0.48 req/s  519 out-tok/s
[113828s] 完成 55047  成功 55046  失败 1  截断 5524  三元组 638322  | 0.48 req/s  519 out-tok/s
[113845s] 完成 55064  成功 55063  失败 1  截断 5527  三元组 638480  | 0.48 req/s  519 out-tok/s
[113861s] 完成 55068  成功 55067  失败 1  截断 5528  三元组 638517  | 0.48 req/s  519 out-tok/s
[113876s] 完成 55075  成功 55074  失败 1  截断 5528  三元组 638596  | 0.48 req/s  519 out-tok/s
[113894s] 完成 55083  成功 55082  失败 1  截断 5528  三元组 638687  | 0.48 req/s  519 out-tok/s
[113911s] 完成 55090  成功 55089  失败 1  截断 5529  三元组 638795  | 0.48 req/s  519 out-tok/s
[113926s] 完成 55095  成功 55094  失败 1  截断 5529  三元组 638853  | 0.48 req/s  519 out-tok/s
[113942s] 完成 55105  成功 55104  失败 1  截断 5529  三元组 638980  | 0.48 req/s  519 out-tok/s
[113960s] 完成 55113  成功 55112  失败 1  截断 5530  三元组 639076  | 0.48 req/s  519 out-tok/s
[113977s] 完成 55120  成功 55119  失败 1  截断 5531  三元组 639143  | 0.48 req/s  519 out-tok/s
[113999s] 完成 55131  成功 55130  失败 1  截断 5532  三元组 639262  | 0.48 req/s  519 out-tok/s
[114014s] 完成 55140  成功 55139  失败 1  截断 5532  三元组 639373  | 0.48 req/s  519 out-tok/s
[114032s] 完成 55152  成功 55151  失败 1  截断 5533  三元组 639508  | 0.48 req/s  519 out-tok/s
[114051s] 完成 55160  成功 55159  失败 1  截断 5533  三元组 639575  | 0.48 req/s  519 out-tok/s
[114066s] 完成 55172  成功 55171  失败 1  截断 5534  三元组 639698  | 0.48 req/s  519 out-tok/s
[114081s] 完成 55178  成功 55177  失败 1  截断 5535  三元组 639768  | 0.48 req/s  519 out-tok/s
[114097s] 完成 55185  成功 55184  失败 1  截断 5535  三元组 639849  | 0.48 req/s  519 out-tok/s
[114117s] 完成 55198  成功 55197  失败 1  截断 5536  三元组 639991  | 0.48 req/s  519 out-tok/s
[114133s] 完成 55203  成功 55202  失败 1  截断 5536  三元组 640043  | 0.48 req/s  519 out-tok/s
[114149s] 完成 55210  成功 55209  失败 1  截断 5536  三元组 640140  | 0.48 req/s  519 out-tok/s
[114166s] 完成 55218  成功 55217  失败 1  截断 5536  三元组 640236  | 0.48 req/s  519 out-tok/s
[114185s] 完成 55230  成功 55229  失败 1  截断 5538  三元组 640340  | 0.48 req/s  519 out-tok/s
[114201s] 完成 55238  成功 55237  失败 1  截断 5539  三元组 640415  | 0.48 req/s  519 out-tok/s
[114223s] 完成 55247  成功 55246  失败 1  截断 5540  三元组 640547  | 0.48 req/s  519 out-tok/s
[114244s] 完成 55253  成功 55252  失败 1  截断 5541  三元组 640607  | 0.48 req/s  519 out-tok/s
[114261s] 完成 55264  成功 55263  失败 1  截断 5542  三元组 640724  | 0.48 req/s  519 out-tok/s
[114278s] 完成 55274  成功 55273  失败 1  截断 5542  三元组 640830  | 0.48 req/s  519 out-tok/s
[114293s] 完成 55283  成功 55282  失败 1  截断 5543  三元组 640948  | 0.48 req/s  519 out-tok/s
[114308s] 完成 55288  成功 55287  失败 1  截断 5543  三元组 640998  | 0.48 req/s  519 out-tok/s
[114325s] 完成 55297  成功 55296  失败 1  截断 5544  三元组 641098  | 0.48 req/s  519 out-tok/s
[114340s] 完成 55311  成功 55310  失败 1  截断 5547  三元组 641265  | 0.48 req/s  519 out-tok/s
[114357s] 完成 55316  成功 55315  失败 1  截断 5547  三元组 641295  | 0.48 req/s  519 out-tok/s
[114381s] 完成 55326  成功 55325  失败 1  截断 5548  三元组 641395  | 0.48 req/s  519 out-tok/s
[114401s] 完成 55337  成功 55336  失败 1  截断 5549  三元组 641525  | 0.48 req/s  519 out-tok/s
[114417s] 完成 55343  成功 55342  失败 1  截断 5549  三元组 641602  | 0.48 req/s  519 out-tok/s
[114432s] 完成 55351  成功 55350  失败 1  截断 5549  三元组 641677  | 0.48 req/s  519 out-tok/s
[114448s] 完成 55356  成功 55355  失败 1  截断 5551  三元组 641753  | 0.48 req/s  519 out-tok/s
[114465s] 完成 55361  成功 55360  失败 1  截断 5552  三元组 641814  | 0.48 req/s  519 out-tok/s
[114482s] 完成 55373  成功 55372  失败 1  截断 5554  三元组 641976  | 0.48 req/s  519 out-tok/s
[114498s] 完成 55382  成功 55381  失败 1  截断 5555  三元组 642092  | 0.48 req/s  519 out-tok/s
[114515s] 完成 55391  成功 55390  失败 1  截断 5556  三元组 642203  | 0.48 req/s  519 out-tok/s
[114534s] 完成 55404  成功 55403  失败 1  截断 5556  三元组 642332  | 0.48 req/s  519 out-tok/s
[114550s] 完成 55413  成功 55412  失败 1  截断 5556  三元组 642418  | 0.48 req/s  519 out-tok/s
[114565s] 完成 55418  成功 55417  失败 1  截断 5556  三元组 642464  | 0.48 req/s  519 out-tok/s
[114581s] 完成 55426  成功 55425  失败 1  截断 5556  三元组 642529  | 0.48 req/s  519 out-tok/s
[114600s] 完成 55437  成功 55436  失败 1  截断 5557  三元组 642669  | 0.48 req/s  519 out-tok/s
[114625s] 完成 55450  成功 55449  失败 1  截断 5558  三元组 642804  | 0.48 req/s  519 out-tok/s
[114642s] 完成 55461  成功 55460  失败 1  截断 5559  三元组 642941  | 0.48 req/s  519 out-tok/s
[114659s] 完成 55469  成功 55468  失败 1  截断 5560  三元组 643034  | 0.48 req/s  519 out-tok/s
[114677s] 完成 55476  成功 55475  失败 1  截断 5561  三元组 643116  | 0.48 req/s  519 out-tok/s
[114692s] 完成 55488  成功 55487  失败 1  截断 5561  三元组 643241  | 0.48 req/s  519 out-tok/s
[114709s] 完成 55492  成功 55491  失败 1  截断 5561  三元组 643269  | 0.48 req/s  519 out-tok/s
[114724s] 完成 55500  成功 55499  失败 1  截断 5561  三元组 643372  | 0.48 req/s  519 out-tok/s
[114740s] 完成 55507  成功 55506  失败 1  截断 5561  三元组 643431  | 0.48 req/s  519 out-tok/s
[114755s] 完成 55511  成功 55510  失败 1  截断 5561  三元组 643480  | 0.48 req/s  519 out-tok/s
[114770s] 完成 55523  成功 55522  失败 1  截断 5564  三元组 643635  | 0.48 req/s  519 out-tok/s
[114789s] 完成 55528  成功 55527  失败 1  截断 5566  三元组 643672  | 0.48 req/s  519 out-tok/s
[114806s] 完成 55531  成功 55530  失败 1  截断 5566  三元组 643698  | 0.48 req/s  519 out-tok/s
[114823s] 完成 55538  成功 55537  失败 1  截断 5567  三元组 643787  | 0.48 req/s  519 out-tok/s
[114840s] 完成 55547  成功 55546  失败 1  截断 5569  三元组 643906  | 0.48 req/s  519 out-tok/s
[114858s] 完成 55558  成功 55557  失败 1  截断 5570  三元组 644027  | 0.48 req/s  519 out-tok/s
[114874s] 完成 55570  成功 55569  失败 1  截断 5571  三元组 644120  | 0.48 req/s  519 out-tok/s
[114890s] 完成 55575  成功 55574  失败 1  截断 5571  三元组 644171  | 0.48 req/s  519 out-tok/s
[114915s] 完成 55587  成功 55586  失败 1  截断 5575  三元组 644323  | 0.48 req/s  519 out-tok/s
[114930s] 完成 55599  成功 55598  失败 1  截断 5578  三元组 644458  | 0.48 req/s  519 out-tok/s
[114947s] 完成 55609  成功 55608  失败 1  截断 5578  三元组 644560  | 0.48 req/s  519 out-tok/s
[114963s] 完成 55614  成功 55613  失败 1  截断 5578  三元组 644600  | 0.48 req/s  519 out-tok/s
[114987s] 完成 55623  成功 55622  失败 1  截断 5578  三元组 644688  | 0.48 req/s  519 out-tok/s
[115005s] 完成 55633  成功 55632  失败 1  截断 5579  三元组 644815  | 0.48 req/s  519 out-tok/s
[115023s] 完成 55642  成功 55641  失败 1  截断 5580  三元组 644915  | 0.48 req/s  519 out-tok/s
[115039s] 完成 55652  成功 55651  失败 1  截断 5581  三元组 645002  | 0.48 req/s  519 out-tok/s
[115054s] 完成 55666  成功 55665  失败 1  截断 5583  三元组 645186  | 0.48 req/s  519 out-tok/s
[115075s] 完成 55675  成功 55674  失败 1  截断 5583  三元组 645255  | 0.48 req/s  519 out-tok/s
[115092s] 完成 55685  成功 55684  失败 1  截断 5585  三元组 645340  | 0.48 req/s  519 out-tok/s
[115110s] 完成 55692  成功 55691  失败 1  截断 5585  三元组 645400  | 0.48 req/s  519 out-tok/s
[115128s] 完成 55706  成功 55705  失败 1  截断 5587  三元组 645580  | 0.48 req/s  519 out-tok/s
[115144s] 完成 55712  成功 55711  失败 1  截断 5587  三元组 645649  | 0.48 req/s  519 out-tok/s
[115161s] 完成 55720  成功 55719  失败 1  截断 5587  三元组 645735  | 0.48 req/s  519 out-tok/s
[115178s] 完成 55727  成功 55726  失败 1  截断 5588  三元组 645806  | 0.48 req/s  519 out-tok/s
[115194s] 完成 55738  成功 55737  失败 1  截断 5588  三元组 645908  | 0.48 req/s  519 out-tok/s
[115210s] 完成 55744  成功 55743  失败 1  截断 5590  三元组 645981  | 0.48 req/s  519 out-tok/s
[115227s] 完成 55757  成功 55756  失败 1  截断 5590  三元组 646119  | 0.48 req/s  519 out-tok/s
[115245s] 完成 55760  成功 55759  失败 1  截断 5590  三元组 646150  | 0.48 req/s  519 out-tok/s
[115261s] 完成 55774  成功 55773  失败 1  截断 5592  三元组 646330  | 0.48 req/s  519 out-tok/s
[115279s] 完成 55780  成功 55779  失败 1  截断 5592  三元组 646404  | 0.48 req/s  519 out-tok/s
[115294s] 完成 55791  成功 55790  失败 1  截断 5593  三元组 646513  | 0.48 req/s  519 out-tok/s
[115312s] 完成 55802  成功 55801  失败 1  截断 5594  三元组 646632  | 0.48 req/s  519 out-tok/s
[115330s] 完成 55810  成功 55809  失败 1  截断 5594  三元组 646708  | 0.48 req/s  519 out-tok/s
[115345s] 完成 55817  成功 55816  失败 1  截断 5595  三元组 646802  | 0.48 req/s  519 out-tok/s
[115360s] 完成 55824  成功 55823  失败 1  截断 5595  三元组 646883  | 0.48 req/s  519 out-tok/s
[115376s] 完成 55834  成功 55833  失败 1  截断 5595  三元组 646994  | 0.48 req/s  519 out-tok/s
[115393s] 完成 55839  成功 55838  失败 1  截断 5595  三元组 647040  | 0.48 req/s  519 out-tok/s
[115411s] 完成 55846  成功 55845  失败 1  截断 5596  三元组 647158  | 0.48 req/s  519 out-tok/s
[115428s] 完成 55857  成功 55856  失败 1  截断 5597  三元组 647262  | 0.48 req/s  519 out-tok/s
[115443s] 完成 55869  成功 55868  失败 1  截断 5599  三元组 647372  | 0.48 req/s  519 out-tok/s
[115458s] 完成 55877  成功 55876  失败 1  截断 5599  三元组 647451  | 0.48 req/s  519 out-tok/s
[115477s] 完成 55884  成功 55883  失败 1  截断 5599  三元组 647519  | 0.48 req/s  519 out-tok/s
[115496s] 完成 55891  成功 55890  失败 1  截断 5601  三元组 647609  | 0.48 req/s  519 out-tok/s
[115513s] 完成 55899  成功 55898  失败 1  截断 5602  三元组 647683  | 0.48 req/s  519 out-tok/s
[115528s] 完成 55907  成功 55906  失败 1  截断 5603  三元组 647782  | 0.48 req/s  519 out-tok/s
[115546s] 完成 55915  成功 55914  失败 1  截断 5605  三元组 647897  | 0.48 req/s  519 out-tok/s
[115561s] 完成 55921  成功 55920  失败 1  截断 5605  三元组 647971  | 0.48 req/s  519 out-tok/s
[115580s] 完成 55931  成功 55930  失败 1  截断 5605  三元组 648089  | 0.48 req/s  519 out-tok/s
[115596s] 完成 55939  成功 55938  失败 1  截断 5606  三元组 648168  | 0.48 req/s  519 out-tok/s
[115612s] 完成 55949  成功 55948  失败 1  截断 5607  三元组 648303  | 0.48 req/s  519 out-tok/s
[115636s] 完成 55957  成功 55956  失败 1  截断 5607  三元组 648405  | 0.48 req/s  519 out-tok/s
[115653s] 完成 55965  成功 55964  失败 1  截断 5607  三元组 648482  | 0.48 req/s  519 out-tok/s
[115668s] 完成 55974  成功 55973  失败 1  截断 5608  三元组 648600  | 0.48 req/s  519 out-tok/s
[115684s] 完成 55985  成功 55984  失败 1  截断 5610  三元组 648743  | 0.48 req/s  519 out-tok/s
[115700s] 完成 55994  成功 55993  失败 1  截断 5612  三元组 648850  | 0.48 req/s  519 out-tok/s
[115711s] 完成 56000  成功 55999  失败 1  截断 5612  三元组 648920  | 0.48 req/s  519 out-tok/s
[115728s] 完成 56012  成功 56011  失败 1  截断 5612  三元组 649037  | 0.48 req/s  519 out-tok/s
[115743s] 完成 56023  成功 56022  失败 1  截断 5612  三元组 649138  | 0.48 req/s  519 out-tok/s
[115759s] 完成 56029  成功 56028  失败 1  截断 5613  三元组 649195  | 0.48 req/s  519 out-tok/s
[115774s] 完成 56035  成功 56034  失败 1  截断 5613  三元组 649249  | 0.48 req/s  519 out-tok/s
[115790s] 完成 56043  成功 56042  失败 1  截断 5614  三元组 649328  | 0.48 req/s  519 out-tok/s
[115808s] 完成 56049  成功 56048  失败 1  截断 5614  三元组 649393  | 0.48 req/s  519 out-tok/s
[115824s] 完成 56055  成功 56054  失败 1  截断 5616  三元组 649495  | 0.48 req/s  519 out-tok/s
[115840s] 完成 56064  成功 56063  失败 1  截断 5617  三元组 649590  | 0.48 req/s  519 out-tok/s
[115855s] 完成 56072  成功 56071  失败 1  截断 5617  三元组 649680  | 0.48 req/s  519 out-tok/s
[115873s] 完成 56078  成功 56077  失败 1  截断 5619  三元组 649758  | 0.48 req/s  519 out-tok/s
[115890s] 完成 56086  成功 56085  失败 1  截断 5621  三元组 649825  | 0.48 req/s  519 out-tok/s
[115906s] 完成 56093  成功 56092  失败 1  截断 5622  三元组 649939  | 0.48 req/s  519 out-tok/s
[115921s] 完成 56099  成功 56098  失败 1  截断 5622  三元组 649998  | 0.48 req/s  519 out-tok/s
[115937s] 完成 56110  成功 56109  失败 1  截断 5624  三元组 650146  | 0.48 req/s  519 out-tok/s
[115953s] 完成 56116  成功 56115  失败 1  截断 5625  三元组 650221  | 0.48 req/s  519 out-tok/s
[115969s] 完成 56123  成功 56122  失败 1  截断 5626  三元组 650311  | 0.48 req/s  519 out-tok/s
[115988s] 完成 56131  成功 56130  失败 1  截断 5626  三元组 650416  | 0.48 req/s  519 out-tok/s
[116004s] 完成 56137  成功 56136  失败 1  截断 5628  三元组 650492  | 0.48 req/s  519 out-tok/s
[116021s] 完成 56143  成功 56142  失败 1  截断 5628  三元组 650542  | 0.48 req/s  519 out-tok/s
[116037s] 完成 56152  成功 56151  失败 1  截断 5630  三元组 650692  | 0.48 req/s  519 out-tok/s
[116054s] 完成 56161  成功 56160  失败 1  截断 5631  三元组 650813  | 0.48 req/s  519 out-tok/s
[116069s] 完成 56168  成功 56167  失败 1  截断 5633  三元组 650876  | 0.48 req/s  519 out-tok/s
[116087s] 完成 56175  成功 56174  失败 1  截断 5633  三元组 650959  | 0.48 req/s  519 out-tok/s
[116108s] 完成 56186  成功 56185  失败 1  截断 5634  三元组 651056  | 0.48 req/s  519 out-tok/s
[116124s] 完成 56195  成功 56194  失败 1  截断 5634  三元组 651164  | 0.48 req/s  519 out-tok/s
[116142s] 完成 56207  成功 56206  失败 1  截断 5637  三元组 651286  | 0.48 req/s  519 out-tok/s
[116159s] 完成 56215  成功 56214  失败 1  截断 5637  三元组 651362  | 0.48 req/s  519 out-tok/s
[116176s] 完成 56224  成功 56223  失败 1  截断 5638  三元组 651469  | 0.48 req/s  519 out-tok/s
[116195s] 完成 56237  成功 56236  失败 1  截断 5639  三元组 651613  | 0.48 req/s  519 out-tok/s
[116213s] 完成 56247  成功 56246  失败 1  截断 5640  三元组 651733  | 0.48 req/s  519 out-tok/s
[116229s] 完成 56255  成功 56254  失败 1  截断 5640  三元组 651804  | 0.48 req/s  519 out-tok/s
[116245s] 完成 56261  成功 56260  失败 1  截断 5640  三元组 651862  | 0.48 req/s  519 out-tok/s
[116268s] 完成 56272  成功 56271  失败 1  截断 5641  三元组 651970  | 0.48 req/s  519 out-tok/s
[116283s] 完成 56281  成功 56280  失败 1  截断 5641  三元组 652121  | 0.48 req/s  519 out-tok/s
[116299s] 完成 56290  成功 56289  失败 1  截断 5642  三元组 652230  | 0.48 req/s  519 out-tok/s
[116316s] 完成 56294  成功 56293  失败 1  截断 5642  三元组 652257  | 0.48 req/s  519 out-tok/s
[116333s] 完成 56302  成功 56301  失败 1  截断 5642  三元组 652354  | 0.48 req/s  519 out-tok/s
[116351s] 完成 56310  成功 56309  失败 1  截断 5644  三元组 652463  | 0.48 req/s  519 out-tok/s
[116367s] 完成 56317  成功 56316  失败 1  截断 5644  三元组 652546  | 0.48 req/s  519 out-tok/s
[116384s] 完成 56323  成功 56322  失败 1  截断 5645  三元组 652625  | 0.48 req/s  519 out-tok/s
[116399s] 完成 56331  成功 56330  失败 1  截断 5645  三元组 652736  | 0.48 req/s  519 out-tok/s
[116418s] 完成 56342  成功 56341  失败 1  截断 5645  三元组 652868  | 0.48 req/s  519 out-tok/s
[116435s] 完成 56347  成功 56346  失败 1  截断 5646  三元组 652914  | 0.48 req/s  519 out-tok/s
[116450s] 完成 56355  成功 56354  失败 1  截断 5648  三元组 652984  | 0.48 req/s  519 out-tok/s
[116466s] 完成 56368  成功 56367  失败 1  截断 5649  三元组 653134  | 0.48 req/s  519 out-tok/s
[116488s] 完成 56377  成功 56376  失败 1  截断 5649  三元组 653232  | 0.48 req/s  519 out-tok/s
[116504s] 完成 56384  成功 56383  失败 1  截断 5649  三元组 653307  | 0.48 req/s  519 out-tok/s
[116519s] 完成 56390  成功 56389  失败 1  截断 5650  三元组 653382  | 0.48 req/s  519 out-tok/s
[116536s] 完成 56397  成功 56396  失败 1  截断 5651  三元组 653470  | 0.48 req/s  519 out-tok/s
[116553s] 完成 56405  成功 56404  失败 1  截断 5651  三元组 653552  | 0.48 req/s  519 out-tok/s
[116572s] 完成 56412  成功 56411  失败 1  截断 5652  三元组 653632  | 0.48 req/s  519 out-tok/s
[116589s] 完成 56420  成功 56419  失败 1  截断 5652  三元组 653743  | 0.48 req/s  519 out-tok/s
[116604s] 完成 56427  成功 56426  失败 1  截断 5653  三元组 653848  | 0.48 req/s  519 out-tok/s
[116622s] 完成 56435  成功 56434  失败 1  截断 5655  三元组 653952  | 0.48 req/s  519 out-tok/s
[116639s] 完成 56444  成功 56443  失败 1  截断 5658  三元组 654094  | 0.48 req/s  519 out-tok/s
[116656s] 完成 56454  成功 56453  失败 1  截断 5658  三元组 654211  | 0.48 req/s  519 out-tok/s
[116672s] 完成 56461  成功 56460  失败 1  截断 5659  三元组 654277  | 0.48 req/s  519 out-tok/s
[116694s] 完成 56473  成功 56472  失败 1  截断 5660  三元组 654390  | 0.48 req/s  519 out-tok/s
[116712s] 完成 56479  成功 56478  失败 1  截断 5661  三元组 654443  | 0.48 req/s  519 out-tok/s
[116728s] 完成 56488  成功 56487  失败 1  截断 5661  三元组 654512  | 0.48 req/s  519 out-tok/s
[116744s] 完成 56498  成功 56497  失败 1  截断 5663  三元组 654638  | 0.48 req/s  519 out-tok/s
[116746s] 完成 56500  成功 56499  失败 1  截断 5663  三元组 654662  | 0.48 req/s  519 out-tok/s
[116765s] 完成 56512  成功 56511  失败 1  截断 5663  三元组 654772  | 0.48 req/s  519 out-tok/s
[116781s] 完成 56517  成功 56516  失败 1  截断 5663  三元组 654828  | 0.48 req/s  519 out-tok/s
[116797s] 完成 56526  成功 56525  失败 1  截断 5665  三元组 654916  | 0.48 req/s  519 out-tok/s
[116812s] 完成 56534  成功 56533  失败 1  截断 5666  三元组 655006  | 0.48 req/s  519 out-tok/s
[116837s] 完成 56541  成功 56540  失败 1  截断 5667  三元组 655087  | 0.48 req/s  519 out-tok/s
[116854s] 完成 56552  成功 56551  失败 1  截断 5667  三元组 655240  | 0.48 req/s  519 out-tok/s
[116870s] 完成 56559  成功 56558  失败 1  截断 5668  三元组 655325  | 0.48 req/s  519 out-tok/s
[116886s] 完成 56567  成功 56566  失败 1  截断 5668  三元组 655400  | 0.48 req/s  519 out-tok/s
[116902s] 完成 56572  成功 56571  失败 1  截断 5670  三元组 655447  | 0.48 req/s  519 out-tok/s
[116918s] 完成 56581  成功 56580  失败 1  截断 5671  三元组 655562  | 0.48 req/s  519 out-tok/s
[116936s] 完成 56588  成功 56587  失败 1  截断 5674  三元组 655655  | 0.48 req/s  519 out-tok/s
[116953s] 完成 56595  成功 56594  失败 1  截断 5674  三元组 655707  | 0.48 req/s  519 out-tok/s
[116969s] 完成 56604  成功 56603  失败 1  截断 5674  三元组 655803  | 0.48 req/s  519 out-tok/s
[116986s] 完成 56613  成功 56612  失败 1  截断 5677  三元组 655922  | 0.48 req/s  519 out-tok/s
[117001s] 完成 56625  成功 56624  失败 1  截断 5677  三元组 656032  | 0.48 req/s  519 out-tok/s
[117018s] 完成 56634  成功 56633  失败 1  截断 5677  三元组 656124  | 0.48 req/s  519 out-tok/s
[117034s] 完成 56643  成功 56642  失败 1  截断 5678  三元组 656203  | 0.48 req/s  519 out-tok/s
[117051s] 完成 56655  成功 56654  失败 1  截断 5680  三元组 656312  | 0.48 req/s  519 out-tok/s
[117066s] 完成 56665  成功 56664  失败 1  截断 5681  三元组 656405  | 0.48 req/s  519 out-tok/s
[117083s] 完成 56672  成功 56671  失败 1  截断 5681  三元组 656479  | 0.48 req/s  519 out-tok/s
[117101s] 完成 56678  成功 56677  失败 1  截断 5682  三元组 656539  | 0.48 req/s  519 out-tok/s
[117116s] 完成 56685  成功 56684  失败 1  截断 5682  三元组 656610  | 0.48 req/s  519 out-tok/s
[117131s] 完成 56693  成功 56692  失败 1  截断 5682  三元组 656700  | 0.48 req/s  519 out-tok/s
[117152s] 完成 56703  成功 56702  失败 1  截断 5682  三元组 656846  | 0.48 req/s  519 out-tok/s
[117168s] 完成 56709  成功 56708  失败 1  截断 5685  三元组 656936  | 0.48 req/s  519 out-tok/s
[117185s] 完成 56715  成功 56714  失败 1  截断 5686  三元组 657008  | 0.48 req/s  519 out-tok/s
[117206s] 完成 56722  成功 56721  失败 1  截断 5686  三元组 657078  | 0.48 req/s  519 out-tok/s
[117224s] 完成 56733  成功 56732  失败 1  截断 5687  三元组 657195  | 0.48 req/s  519 out-tok/s
[117240s] 完成 56742  成功 56741  失败 1  截断 5688  三元组 657290  | 0.48 req/s  519 out-tok/s
[117256s] 完成 56749  成功 56748  失败 1  截断 5688  三元组 657352  | 0.48 req/s  519 out-tok/s
[117272s] 完成 56760  成功 56759  失败 1  截断 5691  三元组 657470  | 0.48 req/s  519 out-tok/s
[117288s] 完成 56770  成功 56769  失败 1  截断 5693  三元组 657564  | 0.48 req/s  519 out-tok/s
[117303s] 完成 56782  成功 56781  失败 1  截断 5694  三元组 657713  | 0.48 req/s  519 out-tok/s
[117321s] 完成 56786  成功 56785  失败 1  截断 5694  三元组 657746  | 0.48 req/s  519 out-tok/s
[117336s] 完成 56794  成功 56793  失败 1  截断 5695  三元组 657849  | 0.48 req/s  519 out-tok/s
[117351s] 完成 56805  成功 56804  失败 1  截断 5695  三元组 657965  | 0.48 req/s  519 out-tok/s
[117367s] 完成 56821  成功 56820  失败 1  截断 5695  三元组 658139  | 0.48 req/s  519 out-tok/s
[117382s] 完成 56826  成功 56825  失败 1  截断 5695  三元组 658169  | 0.48 req/s  519 out-tok/s
[117399s] 完成 56836  成功 56835  失败 1  截断 5695  三元组 658274  | 0.48 req/s  519 out-tok/s
[117415s] 完成 56847  成功 56846  失败 1  截断 5697  三元组 658397  | 0.48 req/s  519 out-tok/s
[117432s] 完成 56856  成功 56855  失败 1  截断 5697  三元组 658488  | 0.48 req/s  519 out-tok/s
[117449s] 完成 56865  成功 56864  失败 1  截断 5697  三元组 658566  | 0.48 req/s  519 out-tok/s
[117464s] 完成 56876  成功 56875  失败 1  截断 5697  三元组 658687  | 0.48 req/s  519 out-tok/s
[117482s] 完成 56881  成功 56880  失败 1  截断 5697  三元组 658740  | 0.48 req/s  519 out-tok/s
[117502s] 完成 56894  成功 56893  失败 1  截断 5697  三元组 658874  | 0.48 req/s  519 out-tok/s
[117517s] 完成 56907  成功 56906  失败 1  截断 5701  三元组 659027  | 0.48 req/s  519 out-tok/s
[117534s] 完成 56915  成功 56914  失败 1  截断 5701  三元组 659109  | 0.48 req/s  519 out-tok/s
[117550s] 完成 56925  成功 56924  失败 1  截断 5701  三元组 659205  | 0.48 req/s  519 out-tok/s
[117571s] 完成 56932  成功 56931  失败 1  截断 5701  三元组 659280  | 0.48 req/s  519 out-tok/s
[117593s] 完成 56940  成功 56939  失败 1  截断 5701  三元组 659363  | 0.48 req/s  519 out-tok/s
[117609s] 完成 56950  成功 56949  失败 1  截断 5701  三元组 659498  | 0.48 req/s  519 out-tok/s
[117625s] 完成 56956  成功 56955  失败 1  截断 5701  三元组 659548  | 0.48 req/s  519 out-tok/s
[117641s] 完成 56961  成功 56960  失败 1  截断 5702  三元组 659619  | 0.48 req/s  519 out-tok/s
[117657s] 完成 56969  成功 56968  失败 1  截断 5704  三元组 659744  | 0.48 req/s  519 out-tok/s
[117673s] 完成 56979  成功 56978  失败 1  截断 5706  三元组 659822  | 0.48 req/s  519 out-tok/s
[117688s] 完成 56985  成功 56984  失败 1  截断 5708  三元组 659885  | 0.48 req/s  519 out-tok/s
[117704s] 完成 56993  成功 56992  失败 1  截断 5709  三元组 659977  | 0.48 req/s  519 out-tok/s
[117711s] 完成 57000  成功 56999  失败 1  截断 5710  三元组 660063  | 0.48 req/s  519 out-tok/s
[117726s] 完成 57008  成功 57007  失败 1  截断 5711  三元组 660144  | 0.48 req/s  519 out-tok/s
[117746s] 完成 57019  成功 57018  失败 1  截断 5713  三元组 660257  | 0.48 req/s  519 out-tok/s
[117762s] 完成 57030  成功 57029  失败 1  截断 5713  三元组 660387  | 0.48 req/s  519 out-tok/s
[117777s] 完成 57039  成功 57038  失败 1  截断 5714  三元组 660474  | 0.48 req/s  519 out-tok/s
[117795s] 完成 57048  成功 57047  失败 1  截断 5714  三元组 660580  | 0.48 req/s  519 out-tok/s
[117814s] 完成 57057  成功 57056  失败 1  截断 5714  三元组 660649  | 0.48 req/s  519 out-tok/s
[117838s] 完成 57067  成功 57066  失败 1  截断 5715  三元组 660748  | 0.48 req/s  519 out-tok/s
[117855s] 完成 57073  成功 57072  失败 1  截断 5715  三元组 660823  | 0.48 req/s  519 out-tok/s
[117872s] 完成 57080  成功 57079  失败 1  截断 5717  三元组 660879  | 0.48 req/s  519 out-tok/s
[117888s] 完成 57089  成功 57088  失败 1  截断 5718  三元组 661000  | 0.48 req/s  519 out-tok/s
[117903s] 完成 57100  成功 57099  失败 1  截断 5722  三元组 661148  | 0.48 req/s  519 out-tok/s
[117921s] 完成 57105  成功 57104  失败 1  截断 5722  三元组 661190  | 0.48 req/s  519 out-tok/s
[117939s] 完成 57111  成功 57110  失败 1  截断 5723  三元组 661287  | 0.48 req/s  519 out-tok/s
[117955s] 完成 57119  成功 57118  失败 1  截断 5724  三元组 661379  | 0.48 req/s  519 out-tok/s
[117976s] 完成 57128  成功 57127  失败 1  截断 5724  三元组 661481  | 0.48 req/s  519 out-tok/s
[117992s] 完成 57137  成功 57136  失败 1  截断 5725  三元组 661589  | 0.48 req/s  519 out-tok/s
[118008s] 完成 57145  成功 57144  失败 1  截断 5726  三元组 661667  | 0.48 req/s  519 out-tok/s
[118024s] 完成 57155  成功 57154  失败 1  截断 5728  三元组 661758  | 0.48 req/s  519 out-tok/s
[118039s] 完成 57164  成功 57163  失败 1  截断 5730  三元组 661842  | 0.48 req/s  519 out-tok/s
[118054s] 完成 57171  成功 57170  失败 1  截断 5730  三元组 661916  | 0.48 req/s  519 out-tok/s
[118070s] 完成 57180  成功 57179  失败 1  截断 5732  三元组 662022  | 0.48 req/s  519 out-tok/s
[118085s] 完成 57183  成功 57182  失败 1  截断 5732  三元组 662039  | 0.48 req/s  519 out-tok/s
[118103s] 完成 57193  成功 57192  失败 1  截断 5734  三元组 662147  | 0.48 req/s  519 out-tok/s
[118120s] 完成 57203  成功 57202  失败 1  截断 5734  三元组 662268  | 0.48 req/s  519 out-tok/s
[118139s] 完成 57209  成功 57208  失败 1  截断 5734  三元组 662339  | 0.48 req/s  519 out-tok/s
[118155s] 完成 57217  成功 57216  失败 1  截断 5736  三元组 662421  | 0.48 req/s  519 out-tok/s
[118171s] 完成 57226  成功 57225  失败 1  截断 5738  三元组 662547  | 0.48 req/s  519 out-tok/s
[118187s] 完成 57234  成功 57233  失败 1  截断 5739  三元组 662628  | 0.48 req/s  519 out-tok/s
[118207s] 完成 57237  成功 57236  失败 1  截断 5739  三元组 662665  | 0.48 req/s  519 out-tok/s
[118222s] 完成 57246  成功 57245  失败 1  截断 5741  三元组 662781  | 0.48 req/s  519 out-tok/s
[118241s] 完成 57253  成功 57252  失败 1  截断 5742  三元组 662870  | 0.48 req/s  519 out-tok/s
[118259s] 完成 57263  成功 57262  失败 1  截断 5743  三元组 663004  | 0.48 req/s  519 out-tok/s
[118280s] 完成 57273  成功 57272  失败 1  截断 5744  三元组 663152  | 0.48 req/s  519 out-tok/s
[118299s] 完成 57281  成功 57280  失败 1  截断 5744  三元组 663246  | 0.48 req/s  519 out-tok/s
[118314s] 完成 57289  成功 57288  失败 1  截断 5746  三元组 663323  | 0.48 req/s  519 out-tok/s
[118330s] 完成 57299  成功 57298  失败 1  截断 5746  三元组 663420  | 0.48 req/s  519 out-tok/s
[118345s] 完成 57307  成功 57306  失败 1  截断 5747  三元组 663499  | 0.48 req/s  519 out-tok/s
[118364s] 完成 57312  成功 57311  失败 1  截断 5747  三元组 663547  | 0.48 req/s  519 out-tok/s
[118379s] 完成 57320  成功 57319  失败 1  截断 5750  三元组 663632  | 0.48 req/s  519 out-tok/s
[118397s] 完成 57330  成功 57329  失败 1  截断 5751  三元组 663746  | 0.48 req/s  519 out-tok/s
[118412s] 完成 57337  成功 57336  失败 1  截断 5752  三元组 663819  | 0.48 req/s  519 out-tok/s
[118427s] 完成 57347  成功 57346  失败 1  截断 5755  三元组 663949  | 0.48 req/s  519 out-tok/s
[118443s] 完成 57356  成功 57355  失败 1  截断 5755  三元组 664026  | 0.48 req/s  519 out-tok/s
[118461s] 完成 57363  成功 57362  失败 1  截断 5755  三元组 664111  | 0.48 req/s  519 out-tok/s
[118476s] 完成 57370  成功 57369  失败 1  截断 5756  三元组 664215  | 0.48 req/s  519 out-tok/s
[118492s] 完成 57381  成功 57380  失败 1  截断 5757  三元组 664305  | 0.48 req/s  519 out-tok/s
[118507s] 完成 57389  成功 57388  失败 1  截断 5758  三元组 664411  | 0.48 req/s  519 out-tok/s
[118522s] 完成 57397  成功 57396  失败 1  截断 5758  三元组 664477  | 0.48 req/s  519 out-tok/s
[118539s] 完成 57401  成功 57400  失败 1  截断 5758  三元组 664511  | 0.48 req/s  519 out-tok/s
[118556s] 完成 57407  成功 57406  失败 1  截断 5758  三元组 664586  | 0.48 req/s  519 out-tok/s
[118576s] 完成 57415  成功 57414  失败 1  截断 5761  三元组 664662  | 0.48 req/s  519 out-tok/s
[118591s] 完成 57422  成功 57421  失败 1  截断 5763  三元组 664722  | 0.48 req/s  519 out-tok/s
[118609s] 完成 57432  成功 57431  失败 1  截断 5764  三元组 664838  | 0.48 req/s  519 out-tok/s
[118627s] 完成 57438  成功 57437  失败 1  截断 5766  三元组 664899  | 0.48 req/s  519 out-tok/s
[118644s] 完成 57449  成功 57448  失败 1  截断 5767  三元组 665049  | 0.48 req/s  519 out-tok/s
[118659s] 完成 57453  成功 57452  失败 1  截断 5767  三元组 665101  | 0.48 req/s  519 out-tok/s
[118676s] 完成 57464  成功 57463  失败 1  截断 5769  三元组 665243  | 0.48 req/s  519 out-tok/s
[118691s] 完成 57470  成功 57469  失败 1  截断 5770  三元组 665320  | 0.48 req/s  519 out-tok/s
[118708s] 完成 57482  成功 57481  失败 1  截断 5771  三元组 665468  | 0.48 req/s  519 out-tok/s
[118724s] 完成 57490  成功 57489  失败 1  截断 5772  三元组 665559  | 0.48 req/s  519 out-tok/s
[118740s] 完成 57497  成功 57496  失败 1  截断 5773  三元组 665656  | 0.48 req/s  519 out-tok/s
[118745s] 完成 57500  成功 57499  失败 1  截断 5773  三元组 665684  | 0.48 req/s  519 out-tok/s
[118760s] 完成 57509  成功 57508  失败 1  截断 5773  三元组 665777  | 0.48 req/s  519 out-tok/s
[118777s] 完成 57517  成功 57516  失败 1  截断 5773  三元组 665874  | 0.48 req/s  519 out-tok/s
[118794s] 完成 57527  成功 57526  失败 1  截断 5773  三元组 665987  | 0.48 req/s  519 out-tok/s
[118809s] 完成 57536  成功 57535  失败 1  截断 5773  三元组 666091  | 0.48 req/s  519 out-tok/s
[118826s] 完成 57542  成功 57541  失败 1  截断 5773  三元组 666147  | 0.48 req/s  519 out-tok/s
[118843s] 完成 57552  成功 57551  失败 1  截断 5773  三元组 666276  | 0.48 req/s  519 out-tok/s
[118864s] 完成 57562  成功 57561  失败 1  截断 5776  三元组 666372  | 0.48 req/s  519 out-tok/s
[118883s] 完成 57571  成功 57570  失败 1  截断 5776  三元组 666506  | 0.48 req/s  519 out-tok/s
[118900s] 完成 57581  成功 57580  失败 1  截断 5777  三元组 666622  | 0.48 req/s  519 out-tok/s
[118918s] 完成 57596  成功 57595  失败 1  截断 5777  三元组 666774  | 0.48 req/s  519 out-tok/s
[118934s] 完成 57608  成功 57607  失败 1  截断 5777  三元组 666888  | 0.48 req/s  519 out-tok/s
[118951s] 完成 57617  成功 57616  失败 1  截断 5777  三元组 666959  | 0.48 req/s  519 out-tok/s
[118967s] 完成 57626  成功 57625  失败 1  截断 5778  三元组 667062  | 0.48 req/s  519 out-tok/s
[118982s] 完成 57632  成功 57631  失败 1  截断 5779  三元组 667153  | 0.48 req/s  519 out-tok/s
[119000s] 完成 57642  成功 57641  失败 1  截断 5779  三元组 667249  | 0.48 req/s  519 out-tok/s
[119017s] 完成 57652  成功 57651  失败 1  截断 5780  三元组 667357  | 0.48 req/s  519 out-tok/s
[119037s] 完成 57663  成功 57662  失败 1  截断 5780  三元组 667475  | 0.48 req/s  519 out-tok/s
[119057s] 完成 57669  成功 57668  失败 1  截断 5780  三元组 667542  | 0.48 req/s  519 out-tok/s
[119072s] 完成 57678  成功 57677  失败 1  截断 5781  三元组 667647  | 0.48 req/s  519 out-tok/s
[119096s] 完成 57685  成功 57684  失败 1  截断 5782  三元组 667742  | 0.48 req/s  519 out-tok/s
[119114s] 完成 57693  成功 57692  失败 1  截断 5784  三元组 667857  | 0.48 req/s  519 out-tok/s
[119130s] 完成 57704  成功 57703  失败 1  截断 5785  三元组 667976  | 0.48 req/s  519 out-tok/s
[119149s] 完成 57709  成功 57708  失败 1  截断 5785  三元组 668019  | 0.48 req/s  519 out-tok/s
[119164s] 完成 57717  成功 57716  失败 1  截断 5786  三元组 668121  | 0.48 req/s  519 out-tok/s
[119181s] 完成 57729  成功 57728  失败 1  截断 5787  三元组 668252  | 0.48 req/s  519 out-tok/s
[119197s] 完成 57740  成功 57739  失败 1  截断 5791  三元组 668388  | 0.48 req/s  519 out-tok/s
[119213s] 完成 57745  成功 57744  失败 1  截断 5791  三元组 668448  | 0.48 req/s  519 out-tok/s
[119228s] 完成 57753  成功 57752  失败 1  截断 5792  三元组 668506  | 0.48 req/s  519 out-tok/s
[119244s] 完成 57764  成功 57763  失败 1  截断 5793  三元组 668618  | 0.48 req/s  519 out-tok/s
[119260s] 完成 57773  成功 57772  失败 1  截断 5793  三元组 668709  | 0.48 req/s  519 out-tok/s
[119277s] 完成 57782  成功 57781  失败 1  截断 5793  三元组 668809  | 0.48 req/s  519 out-tok/s
[119293s] 完成 57788  成功 57787  失败 1  截断 5794  三元组 668873  | 0.48 req/s  519 out-tok/s
[119309s] 完成 57798  成功 57797  失败 1  截断 5795  三元组 669000  | 0.48 req/s  519 out-tok/s
[119324s] 完成 57804  成功 57803  失败 1  截断 5796  三元组 669078  | 0.48 req/s  519 out-tok/s
[119340s] 完成 57817  成功 57816  失败 1  截断 5797  三元组 669196  | 0.48 req/s  519 out-tok/s
[119356s] 完成 57827  成功 57826  失败 1  截断 5798  三元组 669310  | 0.48 req/s  519 out-tok/s
[119372s] 完成 57839  成功 57838  失败 1  截断 5799  三元组 669445  | 0.48 req/s  519 out-tok/s
[119387s] 完成 57847  成功 57846  失败 1  截断 5799  三元组 669545  | 0.48 req/s  519 out-tok/s
[119402s] 完成 57854  成功 57853  失败 1  截断 5799  三元组 669605  | 0.48 req/s  519 out-tok/s
[119418s] 完成 57864  成功 57863  失败 1  截断 5799  三元组 669714  | 0.48 req/s  519 out-tok/s
[119437s] 完成 57875  成功 57874  失败 1  截断 5800  三元组 669850  | 0.48 req/s  519 out-tok/s
[119456s] 完成 57883  成功 57882  失败 1  截断 5800  三元组 669920  | 0.48 req/s  519 out-tok/s
[119477s] 完成 57889  成功 57888  失败 1  截断 5800  三元组 669975  | 0.48 req/s  519 out-tok/s
[119493s] 完成 57891  成功 57890  失败 1  截断 5800  三元组 670001  | 0.48 req/s  519 out-tok/s
[119510s] 完成 57904  成功 57903  失败 1  截断 5801  三元组 670166  | 0.48 req/s  519 out-tok/s
[119527s] 完成 57914  成功 57913  失败 1  截断 5802  三元组 670314  | 0.48 req/s  519 out-tok/s
[119543s] 完成 57918  成功 57917  失败 1  截断 5803  三元组 670346  | 0.48 req/s  519 out-tok/s
[119558s] 完成 57924  成功 57923  失败 1  截断 5804  三元组 670414  | 0.48 req/s  519 out-tok/s
[119575s] 完成 57933  成功 57932  失败 1  截断 5807  三元组 670516  | 0.48 req/s  519 out-tok/s
[119592s] 完成 57941  成功 57940  失败 1  截断 5808  三元组 670616  | 0.48 req/s  519 out-tok/s
[119608s] 完成 57947  成功 57946  失败 1  截断 5808  三元组 670685  | 0.48 req/s  519 out-tok/s
[119627s] 完成 57953  成功 57952  失败 1  截断 5810  三元组 670732  | 0.48 req/s  519 out-tok/s
[119643s] 完成 57958  成功 57957  失败 1  截断 5810  三元组 670803  | 0.48 req/s  519 out-tok/s
[119658s] 完成 57969  成功 57968  失败 1  截断 5813  三元组 670923  | 0.48 req/s  519 out-tok/s
[119677s] 完成 57979  成功 57978  失败 1  截断 5816  三元组 671043  | 0.48 req/s  519 out-tok/s
[119696s] 完成 57989  成功 57988  失败 1  截断 5819  三元组 671141  | 0.48 req/s  519 out-tok/s
[119713s] 完成 57997  成功 57996  失败 1  截断 5819  三元组 671208  | 0.48 req/s  519 out-tok/s
[119719s] 完成 58000  成功 57999  失败 1  截断 5819  三元组 671235  | 0.48 req/s  519 out-tok/s
[119735s] 完成 58006  成功 58005  失败 1  截断 5820  三元组 671299  | 0.48 req/s  519 out-tok/s
[119750s] 完成 58012  成功 58011  失败 1  截断 5820  三元组 671366  | 0.48 req/s  519 out-tok/s
[119765s] 完成 58025  成功 58024  失败 1  截断 5822  三元组 671500  | 0.48 req/s  519 out-tok/s
[119780s] 完成 58034  成功 58033  失败 1  截断 5824  三元组 671621  | 0.48 req/s  519 out-tok/s
[119802s] 完成 58041  成功 58040  失败 1  截断 5824  三元组 671675  | 0.48 req/s  519 out-tok/s
[119822s] 完成 58054  成功 58053  失败 1  截断 5825  三元组 671810  | 0.48 req/s  519 out-tok/s
[119843s] 完成 58064  成功 58063  失败 1  截断 5827  三元组 671931  | 0.48 req/s  519 out-tok/s
[119861s] 完成 58073  成功 58072  失败 1  截断 5827  三元组 672030  | 0.48 req/s  519 out-tok/s
[119876s] 完成 58080  成功 58079  失败 1  截断 5827  三元组 672108  | 0.48 req/s  519 out-tok/s
[119892s] 完成 58087  成功 58086  失败 1  截断 5828  三元组 672203  | 0.48 req/s  519 out-tok/s
[119908s] 完成 58097  成功 58096  失败 1  截断 5829  三元组 672323  | 0.48 req/s  519 out-tok/s
[119925s] 完成 58105  成功 58104  失败 1  截断 5830  三元组 672411  | 0.48 req/s  519 out-tok/s
[119940s] 完成 58118  成功 58117  失败 1  截断 5830  三元组 672565  | 0.48 req/s  519 out-tok/s
[119956s] 完成 58126  成功 58125  失败 1  截断 5830  三元组 672630  | 0.48 req/s  519 out-tok/s
[119974s] 完成 58137  成功 58136  失败 1  截断 5832  三元组 672737  | 0.48 req/s  519 out-tok/s
[119989s] 完成 58146  成功 58145  失败 1  截断 5833  三元组 672839  | 0.48 req/s  519 out-tok/s
[120006s] 完成 58151  成功 58150  失败 1  截断 5833  三元组 672914  | 0.48 req/s  519 out-tok/s
[120025s] 完成 58157  成功 58156  失败 1  截断 5833  三元组 672980  | 0.48 req/s  519 out-tok/s
[120042s] 完成 58167  成功 58166  失败 1  截断 5833  三元组 673104  | 0.48 req/s  519 out-tok/s
[120058s] 完成 58175  成功 58174  失败 1  截断 5833  三元组 673196  | 0.48 req/s  519 out-tok/s
[120077s] 完成 58184  成功 58183  失败 1  截断 5834  三元组 673297  | 0.48 req/s  519 out-tok/s
[120092s] 完成 58189  成功 58188  失败 1  截断 5835  三元组 673356  | 0.48 req/s  519 out-tok/s
[120108s] 完成 58192  成功 58191  失败 1  截断 5837  三元组 673400  | 0.48 req/s  519 out-tok/s
[120124s] 完成 58201  成功 58200  失败 1  截断 5838  三元组 673523  | 0.48 req/s  519 out-tok/s
[120142s] 完成 58207  成功 58206  失败 1  截断 5839  三元组 673595  | 0.48 req/s  519 out-tok/s
[120158s] 完成 58218  成功 58217  失败 1  截断 5839  三元组 673749  | 0.48 req/s  519 out-tok/s
[120174s] 完成 58228  成功 58227  失败 1  截断 5840  三元组 673863  | 0.48 req/s  519 out-tok/s
[120189s] 完成 58235  成功 58234  失败 1  截断 5841  三元组 673925  | 0.48 req/s  519 out-tok/s
[120209s] 完成 58242  成功 58241  失败 1  截断 5842  三元组 674044  | 0.48 req/s  519 out-tok/s
[120224s] 完成 58252  成功 58251  失败 1  截断 5844  三元组 674137  | 0.48 req/s  519 out-tok/s
[120240s] 完成 58260  成功 58259  失败 1  截断 5844  三元组 674198  | 0.48 req/s  519 out-tok/s
[120256s] 完成 58271  成功 58270  失败 1  截断 5844  三元组 674323  | 0.48 req/s  519 out-tok/s
[120271s] 完成 58281  成功 58280  失败 1  截断 5844  三元组 674434  | 0.48 req/s  519 out-tok/s
[120290s] 完成 58288  成功 58287  失败 1  截断 5844  三元组 674494  | 0.48 req/s  519 out-tok/s
[120306s] 完成 58293  成功 58292  失败 1  截断 5847  三元组 674555  | 0.48 req/s  519 out-tok/s
[120323s] 完成 58303  成功 58302  失败 1  截断 5847  三元组 674670  | 0.48 req/s  519 out-tok/s
[120340s] 完成 58311  成功 58310  失败 1  截断 5849  三元组 674770  | 0.48 req/s  519 out-tok/s
[120360s] 完成 58320  成功 58319  失败 1  截断 5849  三元组 674829  | 0.48 req/s  519 out-tok/s
[120380s] 完成 58327  成功 58326  失败 1  截断 5851  三元组 674871  | 0.48 req/s  519 out-tok/s
[120400s] 完成 58339  成功 58338  失败 1  截断 5851  三元组 675026  | 0.48 req/s  519 out-tok/s
[120416s] 完成 58347  成功 58346  失败 1  截断 5852  三元组 675106  | 0.48 req/s  519 out-tok/s
[120438s] 完成 58358  成功 58357  失败 1  截断 5855  三元组 675247  | 0.48 req/s  519 out-tok/s
[120455s] 完成 58366  成功 58365  失败 1  截断 5856  三元组 675367  | 0.48 req/s  519 out-tok/s
[120471s] 完成 58371  成功 58370  失败 1  截断 5857  三元组 675432  | 0.48 req/s  519 out-tok/s
[120492s] 完成 58380  成功 58379  失败 1  截断 5858  三元组 675576  | 0.48 req/s  519 out-tok/s
[120508s] 完成 58388  成功 58387  失败 1  截断 5858  三元组 675680  | 0.48 req/s  519 out-tok/s
[120523s] 完成 58393  成功 58392  失败 1  截断 5858  三元组 675735  | 0.48 req/s  519 out-tok/s
[120538s] 完成 58403  成功 58402  失败 1  截断 5858  三元组 675852  | 0.48 req/s  519 out-tok/s
[120559s] 完成 58407  成功 58406  失败 1  截断 5858  三元组 675920  | 0.48 req/s  519 out-tok/s
[120575s] 完成 58420  成功 58419  失败 1  截断 5860  三元组 676082  | 0.48 req/s  519 out-tok/s
[120591s] 完成 58429  成功 58428  失败 1  截断 5862  三元组 676198  | 0.48 req/s  519 out-tok/s
[120606s] 完成 58440  成功 58439  失败 1  截断 5863  三元组 676304  | 0.48 req/s  519 out-tok/s
[120622s] 完成 58447  成功 58446  失败 1  截断 5863  三元组 676359  | 0.48 req/s  519 out-tok/s
[120637s] 完成 58457  成功 58456  失败 1  截断 5864  三元组 676480  | 0.48 req/s  519 out-tok/s
[120653s] 完成 58465  成功 58464  失败 1  截断 5866  三元组 676550  | 0.48 req/s  519 out-tok/s
[120669s] 完成 58473  成功 58472  失败 1  截断 5866  三元组 676634  | 0.48 req/s  519 out-tok/s
[120684s] 完成 58479  成功 58478  失败 1  截断 5866  三元组 676691  | 0.48 req/s  519 out-tok/s
[120700s] 完成 58489  成功 58488  失败 1  截断 5867  三元组 676789  | 0.48 req/s  519 out-tok/s
[120716s] 完成 58495  成功 58494  失败 1  截断 5867  三元组 676878  | 0.48 req/s  519 out-tok/s
[120726s] 完成 58500  成功 58499  失败 1  截断 5868  三元组 676921  | 0.48 req/s  519 out-tok/s
[120744s] 完成 58509  成功 58508  失败 1  截断 5869  三元组 677045  | 0.48 req/s  519 out-tok/s
[120760s] 完成 58520  成功 58519  失败 1  截断 5870  三元组 677166  | 0.48 req/s  519 out-tok/s
[120775s] 完成 58528  成功 58527  失败 1  截断 5872  三元组 677227  | 0.48 req/s  519 out-tok/s
[120790s] 完成 58540  成功 58539  失败 1  截断 5872  三元组 677352  | 0.48 req/s  519 out-tok/s
[120806s] 完成 58546  成功 58545  失败 1  截断 5873  三元组 677410  | 0.48 req/s  519 out-tok/s
[120823s] 完成 58554  成功 58553  失败 1  截断 5874  三元组 677487  | 0.48 req/s  519 out-tok/s
[120839s] 完成 58563  成功 58562  失败 1  截断 5875  三元组 677576  | 0.48 req/s  519 out-tok/s
[120865s] 完成 58571  成功 58570  失败 1  截断 5875  三元组 677654  | 0.48 req/s  519 out-tok/s
[120884s] 完成 58585  成功 58584  失败 1  截断 5875  三元组 677810  | 0.48 req/s  519 out-tok/s
[120901s] 完成 58590  成功 58589  失败 1  截断 5876  三元组 677852  | 0.48 req/s  519 out-tok/s
[120918s] 完成 58595  成功 58594  失败 1  截断 5877  三元组 677923  | 0.48 req/s  519 out-tok/s
[120933s] 完成 58601  成功 58600  失败 1  截断 5879  三元组 677994  | 0.48 req/s  519 out-tok/s
[120951s] 完成 58609  成功 58608  失败 1  截断 5881  三元组 678098  | 0.48 req/s  519 out-tok/s
[120969s] 完成 58617  成功 58616  失败 1  截断 5882  三元组 678202  | 0.48 req/s  519 out-tok/s
[120986s] 完成 58625  成功 58624  失败 1  截断 5882  三元组 678302  | 0.48 req/s  519 out-tok/s
[121002s] 完成 58635  成功 58634  失败 1  截断 5882  三元组 678414  | 0.48 req/s  519 out-tok/s
[121018s] 完成 58640  成功 58639  失败 1  截断 5882  三元组 678471  | 0.48 req/s  519 out-tok/s
[121035s] 完成 58656  成功 58655  失败 1  截断 5887  三元组 678642  | 0.48 req/s  519 out-tok/s
[121051s] 完成 58665  成功 58664  失败 1  截断 5889  三元组 678736  | 0.48 req/s  519 out-tok/s
[121067s] 完成 58676  成功 58675  失败 1  截断 5889  三元组 678830  | 0.48 req/s  519 out-tok/s
[121083s] 完成 58687  成功 58686  失败 1  截断 5889  三元组 678965  | 0.48 req/s  519 out-tok/s
[121098s] 完成 58694  成功 58693  失败 1  截断 5889  三元组 679027  | 0.48 req/s  519 out-tok/s
[121117s] 完成 58703  成功 58702  失败 1  截断 5890  三元组 679106  | 0.48 req/s  519 out-tok/s
[121134s] 完成 58711  成功 58710  失败 1  截断 5890  三元组 679183  | 0.48 req/s  519 out-tok/s
[121149s] 完成 58721  成功 58720  失败 1  截断 5890  三元组 679273  | 0.48 req/s  519 out-tok/s
[121170s] 完成 58730  成功 58729  失败 1  截断 5890  三元组 679361  | 0.48 req/s  519 out-tok/s
[121186s] 完成 58737  成功 58736  失败 1  截断 5891  三元组 679409  | 0.48 req/s  519 out-tok/s
[121202s] 完成 58749  成功 58748  失败 1  截断 5894  三元组 679542  | 0.48 req/s  519 out-tok/s
[121218s] 完成 58760  成功 58759  失败 1  截断 5896  三元组 679658  | 0.48 req/s  519 out-tok/s
[121237s] 完成 58769  成功 58768  失败 1  截断 5897  三元组 679735  | 0.48 req/s  519 out-tok/s
[121252s] 完成 58781  成功 58780  失败 1  截断 5897  三元组 679856  | 0.48 req/s  519 out-tok/s
[121269s] 完成 58788  成功 58787  失败 1  截断 5898  三元组 679933  | 0.48 req/s  519 out-tok/s
[121284s] 完成 58795  成功 58794  失败 1  截断 5899  三元组 680013  | 0.48 req/s  519 out-tok/s
[121300s] 完成 58805  成功 58804  失败 1  截断 5899  三元组 680099  | 0.48 req/s  519 out-tok/s
[121318s] 完成 58814  成功 58813  失败 1  截断 5899  三元组 680193  | 0.48 req/s  519 out-tok/s
[121334s] 完成 58822  成功 58821  失败 1  截断 5899  三元组 680269  | 0.48 req/s  519 out-tok/s
[121349s] 完成 58829  成功 58828  失败 1  截断 5901  三元组 680353  | 0.48 req/s  519 out-tok/s
[121366s] 完成 58838  成功 58837  失败 1  截断 5903  三元组 680478  | 0.48 req/s  519 out-tok/s
[121382s] 完成 58847  成功 58846  失败 1  截断 5904  三元组 680587  | 0.48 req/s  519 out-tok/s
[121398s] 完成 58851  成功 58850  失败 1  截断 5905  三元组 680620  | 0.48 req/s  519 out-tok/s
[121419s] 完成 58863  成功 58862  失败 1  截断 5906  三元组 680773  | 0.48 req/s  519 out-tok/s
[121435s] 完成 58871  成功 58870  失败 1  截断 5907  三元组 680895  | 0.48 req/s  519 out-tok/s
[121455s] 完成 58881  成功 58880  失败 1  截断 5907  三元组 680994  | 0.48 req/s  519 out-tok/s
[121470s] 完成 58891  成功 58890  失败 1  截断 5907  三元组 681106  | 0.48 req/s  519 out-tok/s
[121485s] 完成 58899  成功 58898  失败 1  截断 5907  三元组 681193  | 0.48 req/s  519 out-tok/s
[121502s] 完成 58910  成功 58909  失败 1  截断 5909  三元组 681291  | 0.48 req/s  519 out-tok/s
[121518s] 完成 58922  成功 58921  失败 1  截断 5910  三元组 681406  | 0.48 req/s  519 out-tok/s
[121535s] 完成 58931  成功 58930  失败 1  截断 5910  三元组 681478  | 0.48 req/s  519 out-tok/s
[121551s] 完成 58942  成功 58941  失败 1  截断 5910  三元组 681592  | 0.48 req/s  519 out-tok/s
[121566s] 完成 58946  成功 58945  失败 1  截断 5911  三元组 681642  | 0.48 req/s  519 out-tok/s
[121582s] 完成 58960  成功 58959  失败 1  截断 5911  三元组 681783  | 0.48 req/s  519 out-tok/s
[121600s] 完成 58968  成功 58967  失败 1  截断 5912  三元组 681862  | 0.48 req/s  519 out-tok/s
[121621s] 完成 58978  成功 58977  失败 1  截断 5912  三元组 681967  | 0.48 req/s  519 out-tok/s
[121638s] 完成 58988  成功 58987  失败 1  截断 5914  三元组 682061  | 0.48 req/s  519 out-tok/s
[121655s] 完成 59000  成功 58999  失败 1  截断 5916  三元组 682196  | 0.48 req/s  519 out-tok/s
[121675s] 完成 59009  成功 59008  失败 1  截断 5916  三元组 682299  | 0.48 req/s  519 out-tok/s
[121690s] 完成 59019  成功 59018  失败 1  截断 5916  三元组 682382  | 0.48 req/s  519 out-tok/s
[121707s] 完成 59027  成功 59026  失败 1  截断 5916  三元组 682477  | 0.48 req/s  519 out-tok/s
[121723s] 完成 59034  成功 59033  失败 1  截断 5916  三元组 682570  | 0.48 req/s  519 out-tok/s
[121739s] 完成 59046  成功 59045  失败 1  截断 5918  三元组 682680  | 0.49 req/s  519 out-tok/s
[121754s] 完成 59053  成功 59052  失败 1  截断 5918  三元组 682750  | 0.49 req/s  519 out-tok/s
[121771s] 完成 59060  成功 59059  失败 1  截断 5918  三元组 682814  | 0.49 req/s  519 out-tok/s
[121786s] 完成 59071  成功 59070  失败 1  截断 5921  三元组 682913  | 0.49 req/s  519 out-tok/s
[121801s] 完成 59080  成功 59079  失败 1  截断 5921  三元组 683038  | 0.49 req/s  519 out-tok/s
[121816s] 完成 59087  成功 59086  失败 1  截断 5921  三元组 683107  | 0.49 req/s  519 out-tok/s
[121833s] 完成 59093  成功 59092  失败 1  截断 5921  三元组 683186  | 0.49 req/s  519 out-tok/s
[121849s] 完成 59101  成功 59100  失败 1  截断 5922  三元组 683274  | 0.49 req/s  519 out-tok/s
[121867s] 完成 59110  成功 59109  失败 1  截断 5922  三元组 683366  | 0.49 req/s  519 out-tok/s
[121882s] 完成 59121  成功 59120  失败 1  截断 5924  三元组 683473  | 0.49 req/s  519 out-tok/s
[121898s] 完成 59131  成功 59130  失败 1  截断 5924  三元组 683595  | 0.49 req/s  519 out-tok/s
[121913s] 完成 59136  成功 59135  失败 1  截断 5925  三元组 683658  | 0.49 req/s  519 out-tok/s
[121931s] 完成 59146  成功 59145  失败 1  截断 5925  三元组 683770  | 0.49 req/s  519 out-tok/s
[121946s] 完成 59155  成功 59154  失败 1  截断 5926  三元组 683868  | 0.49 req/s  519 out-tok/s
[121961s] 完成 59163  成功 59162  失败 1  截断 5926  三元组 683958  | 0.49 req/s  519 out-tok/s
[121979s] 完成 59171  成功 59170  失败 1  截断 5927  三元组 684048  | 0.49 req/s  519 out-tok/s
[121995s] 完成 59180  成功 59179  失败 1  截断 5928  三元组 684149  | 0.49 req/s  519 out-tok/s
[122012s] 完成 59187  成功 59186  失败 1  截断 5928  三元组 684210  | 0.49 req/s  519 out-tok/s
[122028s] 完成 59196  成功 59195  失败 1  截断 5928  三元组 684305  | 0.49 req/s  519 out-tok/s
[122044s] 完成 59203  成功 59202  失败 1  截断 5928  三元组 684370  | 0.49 req/s  519 out-tok/s
[122059s] 完成 59216  成功 59215  失败 1  截断 5930  三元组 684533  | 0.49 req/s  519 out-tok/s
[122074s] 完成 59226  成功 59225  失败 1  截断 5931  三元组 684625  | 0.49 req/s  519 out-tok/s
[122089s] 完成 59234  成功 59233  失败 1  截断 5932  三元组 684713  | 0.49 req/s  519 out-tok/s
[122108s] 完成 59241  成功 59240  失败 1  截断 5933  三元组 684767  | 0.49 req/s  519 out-tok/s
[122125s] 完成 59254  成功 59253  失败 1  截断 5935  三元组 684918  | 0.49 req/s  519 out-tok/s
[122143s] 完成 59261  成功 59260  失败 1  截断 5935  三元组 684996  | 0.49 req/s  519 out-tok/s
[122165s] 完成 59270  成功 59269  失败 1  截断 5935  三元组 685074  | 0.49 req/s  519 out-tok/s
[122184s] 完成 59279  成功 59278  失败 1  截断 5935  三元组 685164  | 0.49 req/s  519 out-tok/s
[122203s] 完成 59288  成功 59287  失败 1  截断 5935  三元组 685280  | 0.49 req/s  519 out-tok/s
[122219s] 完成 59297  成功 59296  失败 1  截断 5936  三元组 685354  | 0.49 req/s  519 out-tok/s
[122246s] 完成 59306  成功 59305  失败 1  截断 5938  三元组 685446  | 0.49 req/s  519 out-tok/s
[122262s] 完成 59320  成功 59319  失败 1  截断 5940  三元组 685630  | 0.49 req/s  519 out-tok/s
[122281s] 完成 59327  成功 59326  失败 1  截断 5942  三元组 685721  | 0.49 req/s  519 out-tok/s
[122299s] 完成 59336  成功 59335  失败 1  截断 5943  三元组 685813  | 0.49 req/s  519 out-tok/s
[122315s] 完成 59346  成功 59345  失败 1  截断 5943  三元组 685929  | 0.49 req/s  519 out-tok/s
[122330s] 完成 59355  成功 59354  失败 1  截断 5944  三元组 686025  | 0.49 req/s  519 out-tok/s
[122347s] 完成 59363  成功 59362  失败 1  截断 5944  三元组 686129  | 0.49 req/s  519 out-tok/s
[122366s] 完成 59373  成功 59372  失败 1  截断 5944  三元组 686222  | 0.49 req/s  519 out-tok/s
[122384s] 完成 59377  成功 59376  失败 1  截断 5945  三元组 686269  | 0.49 req/s  519 out-tok/s
[122399s] 完成 59385  成功 59384  失败 1  截断 5946  三元组 686389  | 0.49 req/s  519 out-tok/s
[122417s] 完成 59392  成功 59391  失败 1  截断 5948  三元组 686486  | 0.49 req/s  519 out-tok/s
[122434s] 完成 59398  成功 59397  失败 1  截断 5948  三元组 686541  | 0.49 req/s  519 out-tok/s
[122450s] 完成 59408  成功 59407  失败 1  截断 5948  三元组 686657  | 0.49 req/s  519 out-tok/s
[122465s] 完成 59412  成功 59411  失败 1  截断 5948  三元组 686704  | 0.49 req/s  519 out-tok/s
[122480s] 完成 59422  成功 59421  失败 1  截断 5949  三元组 686825  | 0.49 req/s  519 out-tok/s
[122499s] 完成 59431  成功 59430  失败 1  截断 5952  三元组 686945  | 0.49 req/s  519 out-tok/s
[122517s] 完成 59439  成功 59438  失败 1  截断 5955  三元组 687080  | 0.49 req/s  519 out-tok/s
[122534s] 完成 59448  成功 59447  失败 1  截断 5956  三元组 687187  | 0.49 req/s  519 out-tok/s
[122550s] 完成 59457  成功 59456  失败 1  截断 5956  三元组 687289  | 0.49 req/s  519 out-tok/s
[122566s] 完成 59464  成功 59463  失败 1  截断 5957  三元组 687357  | 0.49 req/s  519 out-tok/s
[122587s] 完成 59470  成功 59469  失败 1  截断 5957  三元组 687422  | 0.49 req/s  519 out-tok/s
[122604s] 完成 59482  成功 59481  失败 1  截断 5958  三元组 687564  | 0.49 req/s  519 out-tok/s
[122622s] 完成 59489  成功 59488  失败 1  截断 5958  三元组 687654  | 0.49 req/s  519 out-tok/s
[122640s] 完成 59499  成功 59498  失败 1  截断 5960  三元组 687784  | 0.49 req/s  519 out-tok/s
[122641s] 完成 59500  成功 59499  失败 1  截断 5960  三元组 687793  | 0.49 req/s  519 out-tok/s
[122657s] 完成 59505  成功 59504  失败 1  截断 5960  三元组 687857  | 0.49 req/s  519 out-tok/s
[122672s] 完成 59512  成功 59511  失败 1  截断 5960  三元组 687940  | 0.49 req/s  519 out-tok/s
[122687s] 完成 59519  成功 59518  失败 1  截断 5962  三元组 688001  | 0.49 req/s  519 out-tok/s
[122703s] 完成 59527  成功 59526  失败 1  截断 5964  三元组 688136  | 0.49 req/s  519 out-tok/s
[122720s] 完成 59533  成功 59532  失败 1  截断 5965  三元组 688201  | 0.49 req/s  519 out-tok/s
[122735s] 完成 59542  成功 59541  失败 1  截断 5965  三元组 688322  | 0.49 req/s  519 out-tok/s
[122752s] 完成 59549  成功 59548  失败 1  截断 5965  三元组 688391  | 0.49 req/s  519 out-tok/s
[122767s] 完成 59557  成功 59556  失败 1  截断 5966  三元组 688511  | 0.49 req/s  519 out-tok/s
[122785s] 完成 59566  成功 59565  失败 1  截断 5968  三元组 688618  | 0.49 req/s  519 out-tok/s
[122807s] 完成 59572  成功 59571  失败 1  截断 5969  三元组 688682  | 0.49 req/s  519 out-tok/s
[122824s] 完成 59584  成功 59583  失败 1  截断 5970  三元组 688822  | 0.49 req/s  519 out-tok/s
[122839s] 完成 59591  成功 59590  失败 1  截断 5970  三元组 688912  | 0.49 req/s  519 out-tok/s
[122854s] 完成 59603  成功 59602  失败 1  截断 5971  三元组 689043  | 0.49 req/s  519 out-tok/s
[122877s] 完成 59611  成功 59610  失败 1  截断 5972  三元组 689136  | 0.49 req/s  519 out-tok/s
[122894s] 完成 59622  成功 59621  失败 1  截断 5972  三元组 689243  | 0.49 req/s  519 out-tok/s
[122910s] 完成 59625  成功 59624  失败 1  截断 5972  三元组 689281  | 0.49 req/s  519 out-tok/s
[122928s] 完成 59635  成功 59634  失败 1  截断 5974  三元组 689373  | 0.49 req/s  519 out-tok/s
[122947s] 完成 59648  成功 59647  失败 1  截断 5975  三元组 689542  | 0.49 req/s  519 out-tok/s
[122966s] 完成 59659  成功 59658  失败 1  截断 5976  三元组 689652  | 0.49 req/s  519 out-tok/s
[122985s] 完成 59668  成功 59667  失败 1  截断 5976  三元组 689756  | 0.49 req/s  519 out-tok/s
[123003s] 完成 59675  成功 59674  失败 1  截断 5976  三元组 689827  | 0.49 req/s  519 out-tok/s
[123020s] 完成 59683  成功 59682  失败 1  截断 5977  三元组 689898  | 0.49 req/s  519 out-tok/s
[123038s] 完成 59688  成功 59687  失败 1  截断 5978  三元组 689968  | 0.49 req/s  519 out-tok/s
[123061s] 完成 59697  成功 59696  失败 1  截断 5979  三元组 690092  | 0.49 req/s  519 out-tok/s
[123078s] 完成 59710  成功 59709  失败 1  截断 5982  三元组 690263  | 0.49 req/s  519 out-tok/s
[123096s] 完成 59717  成功 59716  失败 1  截断 5982  三元组 690345  | 0.49 req/s  519 out-tok/s
[123114s] 完成 59728  成功 59727  失败 1  截断 5983  三元组 690461  | 0.49 req/s  519 out-tok/s
[123129s] 完成 59738  成功 59737  失败 1  截断 5984  三元组 690564  | 0.49 req/s  519 out-tok/s
[123146s] 完成 59745  成功 59744  失败 1  截断 5984  三元组 690638  | 0.49 req/s  519 out-tok/s
[123161s] 完成 59753  成功 59752  失败 1  截断 5986  三元组 690695  | 0.49 req/s  519 out-tok/s
[123179s] 完成 59763  成功 59762  失败 1  截断 5986  三元组 690814  | 0.49 req/s  519 out-tok/s
[123195s] 完成 59768  成功 59767  失败 1  截断 5987  三元组 690878  | 0.49 req/s  519 out-tok/s
[123210s] 完成 59774  成功 59773  失败 1  截断 5987  三元组 690957  | 0.49 req/s  519 out-tok/s
[123225s] 完成 59782  成功 59781  失败 1  截断 5987  三元组 691037  | 0.49 req/s  519 out-tok/s
[123240s] 完成 59789  成功 59788  失败 1  截断 5987  三元组 691131  | 0.49 req/s  519 out-tok/s
[123257s] 完成 59796  成功 59795  失败 1  截断 5987  三元组 691224  | 0.49 req/s  519 out-tok/s
[123272s] 完成 59804  成功 59803  失败 1  截断 5989  三元组 691298  | 0.49 req/s  519 out-tok/s
[123289s] 完成 59814  成功 59813  失败 1  截断 5992  三元组 691419  | 0.49 req/s  519 out-tok/s
[123309s] 完成 59821  成功 59820  失败 1  截断 5992  三元组 691490  | 0.49 req/s  519 out-tok/s
[123326s] 完成 59829  成功 59828  失败 1  截断 5993  三元组 691578  | 0.49 req/s  519 out-tok/s
[123341s] 完成 59839  成功 59838  失败 1  截断 5994  三元组 691703  | 0.49 req/s  519 out-tok/s
[123357s] 完成 59843  成功 59842  失败 1  截断 5995  三元组 691741  | 0.49 req/s  519 out-tok/s
[123375s] 完成 59850  成功 59849  失败 1  截断 5995  三元组 691821  | 0.49 req/s  519 out-tok/s
[123391s] 完成 59859  成功 59858  失败 1  截断 5996  三元组 691945  | 0.49 req/s  519 out-tok/s
[123407s] 完成 59864  成功 59863  失败 1  截断 5997  三元组 691988  | 0.49 req/s  519 out-tok/s
[123423s] 完成 59875  成功 59874  失败 1  截断 5998  三元组 692111  | 0.49 req/s  519 out-tok/s
[123439s] 完成 59881  成功 59880  失败 1  截断 6000  三元组 692172  | 0.49 req/s  519 out-tok/s
[123454s] 完成 59886  成功 59885  失败 1  截断 6002  三元组 692226  | 0.49 req/s  519 out-tok/s
[123475s] 完成 59892  成功 59891  失败 1  截断 6002  三元组 692287  | 0.49 req/s  519 out-tok/s
[123490s] 完成 59897  成功 59896  失败 1  截断 6004  三元组 692348  | 0.49 req/s  519 out-tok/s
[123506s] 完成 59908  成功 59907  失败 1  截断 6006  三元组 692475  | 0.49 req/s  519 out-tok/s
[123523s] 完成 59913  成功 59912  失败 1  截断 6006  三元组 692530  | 0.49 req/s  519 out-tok/s
[123538s] 完成 59922  成功 59921  失败 1  截断 6007  三元组 692648  | 0.49 req/s  519 out-tok/s
[123557s] 完成 59931  成功 59930  失败 1  截断 6010  三元组 692740  | 0.49 req/s  519 out-tok/s
[123573s] 完成 59941  成功 59940  失败 1  截断 6013  三元组 692845  | 0.49 req/s  519 out-tok/s
[123589s] 完成 59949  成功 59948  失败 1  截断 6016  三元组 692952  | 0.49 req/s  519 out-tok/s
[123604s] 完成 59955  成功 59954  失败 1  截断 6017  三元组 693009  | 0.49 req/s  519 out-tok/s
[123619s] 完成 59962  成功 59961  失败 1  截断 6017  三元组 693071  | 0.49 req/s  519 out-tok/s
[123635s] 完成 59971  成功 59970  失败 1  截断 6017  三元组 693171  | 0.49 req/s  519 out-tok/s
[123650s] 完成 59979  成功 59978  失败 1  截断 6018  三元组 693243  | 0.49 req/s  519 out-tok/s
[123666s] 完成 59984  成功 59983  失败 1  截断 6019  三元组 693324  | 0.49 req/s  519 out-tok/s
[123683s] 完成 59995  成功 59994  失败 1  截断 6020  三元组 693439  | 0.49 req/s  519 out-tok/s
[123690s] 完成 60000  成功 59999  失败 1  截断 6021  三元组 693507  | 0.49 req/s  519 out-tok/s
[123708s] 完成 60006  成功 60005  失败 1  截断 6022  三元组 693558  | 0.49 req/s  519 out-tok/s
[123728s] 完成 60014  成功 60013  失败 1  截断 6023  三元组 693698  | 0.49 req/s  519 out-tok/s
[123743s] 完成 60021  成功 60020  失败 1  截断 6023  三元组 693778  | 0.49 req/s  519 out-tok/s
[123759s] 完成 60028  成功 60027  失败 1  截断 6023  三元组 693851  | 0.49 req/s  519 out-tok/s
[123779s] 完成 60038  成功 60037  失败 1  截断 6024  三元组 693944  | 0.49 req/s  519 out-tok/s
[123794s] 完成 60049  成功 60048  失败 1  截断 6024  三元组 694058  | 0.49 req/s  519 out-tok/s
[123811s] 完成 60059  成功 60058  失败 1  截断 6024  三元组 694209  | 0.49 req/s  519 out-tok/s
[123829s] 完成 60067  成功 60066  失败 1  截断 6025  三元组 694277  | 0.49 req/s  519 out-tok/s
[123846s] 完成 60075  成功 60074  失败 1  截断 6028  三元组 694375  | 0.49 req/s  519 out-tok/s
[123862s] 完成 60082  成功 60081  失败 1  截断 6028  三元组 694458  | 0.49 req/s  519 out-tok/s
[123877s] 完成 60092  成功 60091  失败 1  截断 6029  三元组 694554  | 0.49 req/s  519 out-tok/s
[123892s] 完成 60101  成功 60100  失败 1  截断 6029  三元组 694635  | 0.49 req/s  519 out-tok/s
[123908s] 完成 60109  成功 60108  失败 1  截断 6031  三元组 694754  | 0.49 req/s  519 out-tok/s
[123929s] 完成 60114  成功 60113  失败 1  截断 6033  三元组 694802  | 0.49 req/s  519 out-tok/s
[123946s] 完成 60126  成功 60125  失败 1  截断 6035  三元组 694954  | 0.49 req/s  519 out-tok/s
[123963s] 完成 60132  成功 60131  失败 1  截断 6035  三元组 695045  | 0.49 req/s  519 out-tok/s
[123978s] 完成 60140  成功 60139  失败 1  截断 6036  三元组 695123  | 0.49 req/s  519 out-tok/s
[123994s] 完成 60144  成功 60143  失败 1  截断 6036  三元组 695166  | 0.49 req/s  519 out-tok/s
[124011s] 完成 60152  成功 60151  失败 1  截断 6036  三元组 695281  | 0.49 req/s  519 out-tok/s
[124026s] 完成 60158  成功 60157  失败 1  截断 6037  三元组 695347  | 0.49 req/s  519 out-tok/s
[124046s] 完成 60163  成功 60162  失败 1  截断 6038  三元组 695404  | 0.49 req/s  519 out-tok/s
[124062s] 完成 60171  成功 60170  失败 1  截断 6041  三元组 695494  | 0.49 req/s  519 out-tok/s
[124078s] 完成 60176  成功 60175  失败 1  截断 6042  三元组 695564  | 0.48 req/s  519 out-tok/s
[124094s] 完成 60183  成功 60182  失败 1  截断 6042  三元组 695660  | 0.48 req/s  519 out-tok/s
[124109s] 完成 60196  成功 60195  失败 1  截断 6045  三元组 695849  | 0.49 req/s  519 out-tok/s
[124125s] 完成 60200  成功 60199  失败 1  截断 6046  三元组 695877  | 0.48 req/s  519 out-tok/s
[124143s] 完成 60209  成功 60208  失败 1  截断 6049  三元组 695975  | 0.48 req/s  519 out-tok/s
[124160s] 完成 60225  成功 60224  失败 1  截断 6049  三元组 696119  | 0.49 req/s  519 out-tok/s
[124184s] 完成 60233  成功 60232  失败 1  截断 6050  三元组 696220  | 0.49 req/s  519 out-tok/s
[124203s] 完成 60243  成功 60242  失败 1  截断 6051  三元组 696313  | 0.49 req/s  519 out-tok/s
[124218s] 完成 60254  成功 60253  失败 1  截断 6052  三元组 696422  | 0.49 req/s  519 out-tok/s
[124234s] 完成 60263  成功 60262  失败 1  截断 6052  三元组 696510  | 0.49 req/s  519 out-tok/s
[124250s] 完成 60272  成功 60271  失败 1  截断 6054  三元组 696627  | 0.49 req/s  519 out-tok/s
[124266s] 完成 60280  成功 60279  失败 1  截断 6055  三元组 696722  | 0.49 req/s  519 out-tok/s
[124284s] 完成 60288  成功 60287  失败 1  截断 6055  三元组 696811  | 0.49 req/s  519 out-tok/s
[124302s] 完成 60295  成功 60294  失败 1  截断 6056  三元组 696897  | 0.49 req/s  519 out-tok/s
[124321s] 完成 60306  成功 60305  失败 1  截断 6059  三元组 697061  | 0.49 req/s  519 out-tok/s
[124337s] 完成 60313  成功 60312  失败 1  截断 6059  三元组 697130  | 0.49 req/s  519 out-tok/s
[124355s] 完成 60322  成功 60321  失败 1  截断 6059  三元组 697212  | 0.49 req/s  519 out-tok/s
[124371s] 完成 60333  成功 60332  失败 1  截断 6059  三元组 697341  | 0.49 req/s  519 out-tok/s
[124389s] 完成 60337  成功 60336  失败 1  截断 6060  三元组 697391  | 0.49 req/s  519 out-tok/s
[124406s] 完成 60341  成功 60340  失败 1  截断 6061  三元组 697438  | 0.49 req/s  519 out-tok/s
[124422s] 完成 60351  成功 60350  失败 1  截断 6062  三元组 697559  | 0.49 req/s  519 out-tok/s
[124438s] 完成 60360  成功 60359  失败 1  截断 6064  三元组 697664  | 0.49 req/s  519 out-tok/s
[124463s] 完成 60374  成功 60373  失败 1  截断 6065  三元组 697811  | 0.49 req/s  519 out-tok/s
[124479s] 完成 60385  成功 60384  失败 1  截断 6067  三元组 697940  | 0.49 req/s  519 out-tok/s
[124494s] 完成 60395  成功 60394  失败 1  截断 6067  三元组 698033  | 0.49 req/s  519 out-tok/s
[124510s] 完成 60404  成功 60403  失败 1  截断 6067  三元组 698139  | 0.49 req/s  519 out-tok/s
[124525s] 完成 60412  成功 60411  失败 1  截断 6067  三元组 698207  | 0.49 req/s  519 out-tok/s
[124541s] 完成 60419  成功 60418  失败 1  截断 6067  三元组 698264  | 0.49 req/s  519 out-tok/s
[124558s] 完成 60425  成功 60424  失败 1  截断 6067  三元组 698336  | 0.49 req/s  519 out-tok/s
[124578s] 完成 60429  成功 60428  失败 1  截断 6067  三元组 698383  | 0.49 req/s  519 out-tok/s
[124596s] 完成 60433  成功 60432  失败 1  截断 6070  三元组 698419  | 0.49 req/s  519 out-tok/s
[124612s] 完成 60444  成功 60443  失败 1  截断 6071  三元组 698557  | 0.49 req/s  519 out-tok/s
[124628s] 完成 60450  成功 60449  失败 1  截断 6072  三元组 698651  | 0.49 req/s  519 out-tok/s
[124643s] 完成 60452  成功 60451  失败 1  截断 6074  三元组 698683  | 0.49 req/s  519 out-tok/s
[124664s] 完成 60462  成功 60461  失败 1  截断 6075  三元组 698790  | 0.48 req/s  519 out-tok/s
[124682s] 完成 60468  成功 60467  失败 1  截断 6075  三元组 698891  | 0.48 req/s  519 out-tok/s
[124698s] 完成 60479  成功 60478  失败 1  截断 6076  三元组 699011  | 0.49 req/s  519 out-tok/s
[124715s] 完成 60491  成功 60490  失败 1  截断 6077  三元组 699187  | 0.49 req/s  519 out-tok/s
[124733s] 完成 60495  成功 60494  失败 1  截断 6077  三元组 699227  | 0.48 req/s  519 out-tok/s
[124744s] 完成 60500  成功 60499  失败 1  截断 6078  三元组 699288  | 0.48 req/s  519 out-tok/s
[124759s] 完成 60506  成功 60505  失败 1  截断 6078  三元组 699342  | 0.48 req/s  519 out-tok/s
[124775s] 完成 60518  成功 60517  失败 1  截断 6081  三元组 699488  | 0.49 req/s  519 out-tok/s
[124792s] 完成 60525  成功 60524  失败 1  截断 6082  三元组 699547  | 0.49 req/s  519 out-tok/s
[124816s] 完成 60531  成功 60530  失败 1  截断 6083  三元组 699640  | 0.48 req/s  519 out-tok/s
[124832s] 完成 60538  成功 60537  失败 1  截断 6084  三元组 699727  | 0.48 req/s  519 out-tok/s
[124847s] 完成 60547  成功 60546  失败 1  截断 6085  三元组 699842  | 0.48 req/s  519 out-tok/s
[124864s] 完成 60555  成功 60554  失败 1  截断 6086  三元组 699933  | 0.48 req/s  519 out-tok/s
[124882s] 完成 60564  成功 60563  失败 1  截断 6086  三元组 700029  | 0.48 req/s  519 out-tok/s
[124905s] 完成 60574  成功 60573  失败 1  截断 6086  三元组 700134  | 0.48 req/s  519 out-tok/s
[124920s] 完成 60584  成功 60583  失败 1  截断 6086  三元组 700255  | 0.48 req/s  519 out-tok/s
[124937s] 完成 60592  成功 60591  失败 1  截断 6089  三元组 700327  | 0.48 req/s  519 out-tok/s
[124954s] 完成 60606  成功 60605  失败 1  截断 6091  三元组 700454  | 0.49 req/s  519 out-tok/s
[124970s] 完成 60610  成功 60609  失败 1  截断 6091  三元组 700507  | 0.48 req/s  519 out-tok/s
[124986s] 完成 60618  成功 60617  失败 1  截断 6091  三元组 700607  | 0.48 req/s  519 out-tok/s
[125002s] 完成 60625  成功 60624  失败 1  截断 6091  三元组 700670  | 0.48 req/s  519 out-tok/s
[125021s] 完成 60632  成功 60631  失败 1  截断 6091  三元组 700742  | 0.48 req/s  519 out-tok/s
[125036s] 完成 60639  成功 60638  失败 1  截断 6091  三元组 700823  | 0.48 req/s  519 out-tok/s
[125053s] 完成 60649  成功 60648  失败 1  截断 6093  三元组 700938  | 0.48 req/s  519 out-tok/s
[125073s] 完成 60656  成功 60655  失败 1  截断 6094  三元组 701025  | 0.48 req/s  519 out-tok/s
[125090s] 完成 60666  成功 60665  失败 1  截断 6096  三元组 701124  | 0.48 req/s  519 out-tok/s
[125109s] 完成 60675  成功 60674  失败 1  截断 6098  三元组 701233  | 0.48 req/s  519 out-tok/s
[125127s] 完成 60683  成功 60682  失败 1  截断 6098  三元组 701321  | 0.48 req/s  519 out-tok/s
[125145s] 完成 60693  成功 60692  失败 1  截断 6098  三元组 701403  | 0.48 req/s  519 out-tok/s
[125162s] 完成 60701  成功 60700  失败 1  截断 6101  三元组 701500  | 0.48 req/s  519 out-tok/s
[125178s] 完成 60712  成功 60711  失败 1  截断 6102  三元组 701625  | 0.49 req/s  519 out-tok/s
[125195s] 完成 60718  成功 60717  失败 1  截断 6102  三元组 701680  | 0.48 req/s  519 out-tok/s
[125211s] 完成 60728  成功 60727  失败 1  截断 6102  三元组 701773  | 0.49 req/s  519 out-tok/s
[125227s] 完成 60739  成功 60738  失败 1  截断 6103  三元组 701915  | 0.49 req/s  519 out-tok/s
[125247s] 完成 60747  成功 60746  失败 1  截断 6104  三元组 701994  | 0.49 req/s  519 out-tok/s
[125269s] 完成 60760  成功 60759  失败 1  截断 6106  三元组 702141  | 0.49 req/s  519 out-tok/s
[125285s] 完成 60764  成功 60763  失败 1  截断 6106  三元组 702177  | 0.49 req/s  519 out-tok/s
[125300s] 完成 60779  成功 60778  失败 1  截断 6106  三元组 702334  | 0.49 req/s  519 out-tok/s
[125319s] 完成 60787  成功 60786  失败 1  截断 6106  三元组 702431  | 0.49 req/s  519 out-tok/s
[125340s] 完成 60798  成功 60797  失败 1  截断 6108  三元组 702532  | 0.49 req/s  519 out-tok/s
[125355s] 完成 60807  成功 60806  失败 1  截断 6109  三元组 702633  | 0.49 req/s  519 out-tok/s
[125372s] 完成 60816  成功 60815  失败 1  截断 6110  三元组 702735  | 0.49 req/s  519 out-tok/s
[125387s] 完成 60822  成功 60821  失败 1  截断 6110  三元组 702792  | 0.49 req/s  519 out-tok/s
[125402s] 完成 60835  成功 60834  失败 1  截断 6111  三元组 702944  | 0.49 req/s  519 out-tok/s
[125418s] 完成 60842  成功 60841  失败 1  截断 6111  三元组 703016  | 0.49 req/s  519 out-tok/s
[125436s] 完成 60850  成功 60849  失败 1  截断 6111  三元组 703100  | 0.49 req/s  519 out-tok/s
[125453s] 完成 60858  成功 60857  失败 1  截断 6114  三元组 703220  | 0.49 req/s  519 out-tok/s
[125469s] 完成 60866  成功 60865  失败 1  截断 6114  三元组 703310  | 0.49 req/s  519 out-tok/s
[125484s] 完成 60871  成功 60870  失败 1  截断 6114  三元组 703351  | 0.49 req/s  519 out-tok/s
[125499s] 完成 60881  成功 60880  失败 1  截断 6115  三元组 703483  | 0.49 req/s  519 out-tok/s
[125521s] 完成 60891  成功 60890  失败 1  截断 6115  三元组 703592  | 0.49 req/s  519 out-tok/s
[125537s] 完成 60896  成功 60895  失败 1  截断 6115  三元组 703641  | 0.49 req/s  519 out-tok/s
[125555s] 完成 60905  成功 60904  失败 1  截断 6117  三元组 703758  | 0.49 req/s  519 out-tok/s
[125574s] 完成 60912  成功 60911  失败 1  截断 6118  三元组 703850  | 0.49 req/s  519 out-tok/s
[125590s] 完成 60919  成功 60918  失败 1  截断 6120  三元组 703946  | 0.49 req/s  519 out-tok/s
[125605s] 完成 60926  成功 60925  失败 1  截断 6122  三元组 704013  | 0.49 req/s  519 out-tok/s
[125621s] 完成 60933  成功 60932  失败 1  截断 6122  三元组 704081  | 0.49 req/s  519 out-tok/s
[125636s] 完成 60941  成功 60940  失败 1  截断 6123  三元组 704143  | 0.49 req/s  519 out-tok/s
[125651s] 完成 60950  成功 60949  失败 1  截断 6123  三元组 704228  | 0.49 req/s  519 out-tok/s
[125667s] 完成 60960  成功 60959  失败 1  截断 6124  三元组 704349  | 0.49 req/s  519 out-tok/s
[125685s] 完成 60972  成功 60971  失败 1  截断 6127  三元组 704460  | 0.49 req/s  519 out-tok/s
[125701s] 完成 60978  成功 60977  失败 1  截断 6127  三元组 704516  | 0.49 req/s  519 out-tok/s
[125719s] 完成 60984  成功 60983  失败 1  截断 6127  三元组 704574  | 0.49 req/s  519 out-tok/s
[125736s] 完成 60997  成功 60996  失败 1  截断 6128  三元组 704736  | 0.49 req/s  519 out-tok/s
[125742s] 完成 61000  成功 60999  失败 1  截断 6128  三元组 704772  | 0.49 req/s  519 out-tok/s
[125760s] 完成 61009  成功 61008  失败 1  截断 6128  三元组 704869  | 0.49 req/s  519 out-tok/s
[125777s] 完成 61014  成功 61013  失败 1  截断 6129  三元组 704929  | 0.49 req/s  519 out-tok/s
[125793s] 完成 61025  成功 61024  失败 1  截断 6131  三元组 705040  | 0.49 req/s  519 out-tok/s
[125809s] 完成 61033  成功 61032  失败 1  截断 6131  三元组 705130  | 0.49 req/s  519 out-tok/s
[125825s] 完成 61042  成功 61041  失败 1  截断 6133  三元组 705211  | 0.49 req/s  519 out-tok/s
[125841s] 完成 61047  成功 61046  失败 1  截断 6134  三元组 705268  | 0.49 req/s  519 out-tok/s
[125856s] 完成 61057  成功 61056  失败 1  截断 6134  三元组 705359  | 0.49 req/s  519 out-tok/s
[125873s] 完成 61065  成功 61064  失败 1  截断 6134  三元组 705443  | 0.49 req/s  519 out-tok/s
[125891s] 完成 61071  成功 61070  失败 1  截断 6135  三元组 705496  | 0.49 req/s  519 out-tok/s
[125907s] 完成 61079  成功 61078  失败 1  截断 6137  三元组 705591  | 0.49 req/s  519 out-tok/s
[125923s] 完成 61091  成功 61090  失败 1  截断 6138  三元组 705734  | 0.49 req/s  519 out-tok/s
[125939s] 完成 61098  成功 61097  失败 1  截断 6139  三元组 705808  | 0.49 req/s  519 out-tok/s
[125954s] 完成 61109  成功 61108  失败 1  截断 6140  三元组 705918  | 0.49 req/s  519 out-tok/s
[125970s] 完成 61116  成功 61115  失败 1  截断 6140  三元组 705985  | 0.49 req/s  519 out-tok/s
[125985s] 完成 61125  成功 61124  失败 1  截断 6142  三元组 706091  | 0.49 req/s  519 out-tok/s
[126001s] 完成 61132  成功 61131  失败 1  截断 6143  三元组 706189  | 0.49 req/s  519 out-tok/s
[126018s] 完成 61138  成功 61137  失败 1  截断 6143  三元组 706265  | 0.49 req/s  519 out-tok/s
[126036s] 完成 61147  成功 61146  失败 1  截断 6144  三元组 706361  | 0.49 req/s  519 out-tok/s
[126056s] 完成 61159  成功 61158  失败 1  截断 6145  三元组 706500  | 0.49 req/s  519 out-tok/s
[126071s] 完成 61163  成功 61162  失败 1  截断 6146  三元组 706538  | 0.49 req/s  519 out-tok/s
[126087s] 完成 61171  成功 61170  失败 1  截断 6146  三元组 706638  | 0.49 req/s  519 out-tok/s
[126103s] 完成 61180  成功 61179  失败 1  截断 6146  三元组 706727  | 0.49 req/s  519 out-tok/s
[126119s] 完成 61188  成功 61187  失败 1  截断 6148  三元组 706868  | 0.49 req/s  519 out-tok/s
[126137s] 完成 61196  成功 61195  失败 1  截断 6148  三元组 706951  | 0.49 req/s  519 out-tok/s
[126154s] 完成 61205  成功 61204  失败 1  截断 6148  三元组 707050  | 0.49 req/s  519 out-tok/s
[126173s] 完成 61214  成功 61213  失败 1  截断 6148  三元组 707170  | 0.49 req/s  519 out-tok/s
[126190s] 完成 61226  成功 61225  失败 1  截断 6150  三元组 707290  | 0.49 req/s  519 out-tok/s
[126207s] 完成 61238  成功 61237  失败 1  截断 6151  三元组 707397  | 0.49 req/s  519 out-tok/s
[126224s] 完成 61247  成功 61246  失败 1  截断 6151  三元组 707496  | 0.49 req/s  519 out-tok/s
[126239s] 完成 61258  成功 61257  失败 1  截断 6152  三元组 707601  | 0.49 req/s  519 out-tok/s
[126255s] 完成 61265  成功 61264  失败 1  截断 6152  三元组 707669  | 0.49 req/s  519 out-tok/s
[126270s] 完成 61279  成功 61278  失败 1  截断 6152  三元组 707781  | 0.49 req/s  519 out-tok/s
[126291s] 完成 61284  成功 61283  失败 1  截断 6154  三元组 707845  | 0.49 req/s  519 out-tok/s
[126306s] 完成 61297  成功 61296  失败 1  截断 6156  三元组 707983  | 0.49 req/s  519 out-tok/s
[126324s] 完成 61305  成功 61304  失败 1  截断 6156  三元组 708069  | 0.49 req/s  519 out-tok/s
[126342s] 完成 61312  成功 61311  失败 1  截断 6156  三元组 708136  | 0.49 req/s  519 out-tok/s
[126359s] 完成 61322  成功 61321  失败 1  截断 6156  三元组 708270  | 0.49 req/s  519 out-tok/s
[126375s] 完成 61333  成功 61332  失败 1  截断 6157  三元组 708401  | 0.49 req/s  519 out-tok/s
[126392s] 完成 61341  成功 61340  失败 1  截断 6157  三元组 708494  | 0.49 req/s  519 out-tok/s
[126407s] 完成 61351  成功 61350  失败 1  截断 6157  三元组 708596  | 0.49 req/s  519 out-tok/s
[126422s] 完成 61361  成功 61360  失败 1  截断 6157  三元组 708692  | 0.49 req/s  519 out-tok/s
[126441s] 完成 61372  成功 61371  失败 1  截断 6157  三元组 708804  | 0.49 req/s  519 out-tok/s
[126457s] 完成 61384  成功 61383  失败 1  截断 6159  三元组 708921  | 0.49 req/s  519 out-tok/s
[126474s] 完成 61389  成功 61388  失败 1  截断 6160  三元组 708968  | 0.49 req/s  519 out-tok/s
[126490s] 完成 61397  成功 61396  失败 1  截断 6160  三元组 709040  | 0.49 req/s  519 out-tok/s
[126506s] 完成 61407  成功 61406  失败 1  截断 6160  三元组 709137  | 0.49 req/s  519 out-tok/s
[126522s] 完成 61416  成功 61415  失败 1  截断 6160  三元组 709219  | 0.49 req/s  519 out-tok/s
[126538s] 完成 61424  成功 61423  失败 1  截断 6160  三元组 709317  | 0.49 req/s  519 out-tok/s
[126554s] 完成 61436  成功 61435  失败 1  截断 6163  三元组 709428  | 0.49 req/s  519 out-tok/s
[126569s] 完成 61441  成功 61440  失败 1  截断 6163  三元组 709475  | 0.49 req/s  519 out-tok/s
[126585s] 完成 61450  成功 61449  失败 1  截断 6163  三元组 709568  | 0.49 req/s  519 out-tok/s
[126602s] 完成 61460  成功 61459  失败 1  截断 6166  三元组 709668  | 0.49 req/s  519 out-tok/s
[126619s] 完成 61471  成功 61470  失败 1  截断 6167  三元组 709781  | 0.49 req/s  519 out-tok/s
[126636s] 完成 61480  成功 61479  失败 1  截断 6167  三元组 709852  | 0.49 req/s  519 out-tok/s
[126651s] 完成 61489  成功 61488  失败 1  截断 6168  三元组 709969  | 0.49 req/s  519 out-tok/s
[126667s] 完成 61496  成功 61495  失败 1  截断 6168  三元组 710043  | 0.49 req/s  519 out-tok/s
[126679s] 完成 61500  成功 61499  失败 1  截断 6168  三元组 710093  | 0.49 req/s  519 out-tok/s
[126694s] 完成 61507  成功 61506  失败 1  截断 6169  三元组 710184  | 0.49 req/s  519 out-tok/s
[126711s] 完成 61517  成功 61516  失败 1  截断 6169  三元组 710274  | 0.49 req/s  519 out-tok/s
[126728s] 完成 61525  成功 61524  失败 1  截断 6170  三元组 710350  | 0.49 req/s  519 out-tok/s
[126745s] 完成 61533  成功 61532  失败 1  截断 6170  三元组 710438  | 0.49 req/s  519 out-tok/s
[126764s] 完成 61541  成功 61540  失败 1  截断 6173  三元组 710558  | 0.49 req/s  519 out-tok/s
[126782s] 完成 61555  成功 61554  失败 1  截断 6174  三元组 710710  | 0.49 req/s  519 out-tok/s
[126801s] 完成 61568  成功 61567  失败 1  截断 6175  三元组 710858  | 0.49 req/s  519 out-tok/s
[126822s] 完成 61576  成功 61575  失败 1  截断 6175  三元组 710929  | 0.49 req/s  519 out-tok/s
[126840s] 完成 61590  成功 61589  失败 1  截断 6176  三元组 711088  | 0.49 req/s  519 out-tok/s
[126855s] 完成 61598  成功 61597  失败 1  截断 6177  三元组 711180  | 0.49 req/s  519 out-tok/s
[126871s] 完成 61602  成功 61601  失败 1  截断 6177  三元组 711216  | 0.49 req/s  519 out-tok/s
[126889s] 完成 61609  成功 61608  失败 1  截断 6177  三元组 711281  | 0.49 req/s  519 out-tok/s
[126907s] 完成 61617  成功 61616  失败 1  截断 6177  三元组 711379  | 0.49 req/s  519 out-tok/s
[126923s] 完成 61622  成功 61621  失败 1  截断 6177  三元组 711431  | 0.49 req/s  519 out-tok/s
[126938s] 完成 61626  成功 61625  失败 1  截断 6180  三元组 711477  | 0.49 req/s  519 out-tok/s
[126956s] 完成 61638  成功 61637  失败 1  截断 6183  三元组 711600  | 0.49 req/s  519 out-tok/s
[126972s] 完成 61643  成功 61642  失败 1  截断 6183  三元组 711679  | 0.49 req/s  519 out-tok/s
[126987s] 完成 61650  成功 61649  失败 1  截断 6186  三元组 711749  | 0.49 req/s  519 out-tok/s
[127008s] 完成 61656  成功 61655  失败 1  截断 6187  三元组 711825  | 0.49 req/s  519 out-tok/s
[127027s] 完成 61666  成功 61665  失败 1  截断 6187  三元组 711940  | 0.49 req/s  519 out-tok/s
[127043s] 完成 61674  成功 61673  失败 1  截断 6188  三元组 712048  | 0.49 req/s  519 out-tok/s
[127058s] 完成 61684  成功 61683  失败 1  截断 6189  三元组 712187  | 0.49 req/s  519 out-tok/s
[127074s] 完成 61689  成功 61688  失败 1  截断 6189  三元组 712246  | 0.49 req/s  519 out-tok/s
[127089s] 完成 61698  成功 61697  失败 1  截断 6189  三元组 712360  | 0.49 req/s  519 out-tok/s
[127106s] 完成 61703  成功 61702  失败 1  截断 6189  三元组 712437  | 0.49 req/s  519 out-tok/s
[127121s] 完成 61710  成功 61709  失败 1  截断 6190  三元组 712515  | 0.49 req/s  519 out-tok/s
[127140s] 完成 61719  成功 61718  失败 1  截断 6191  三元组 712628  | 0.49 req/s  519 out-tok/s
[127158s] 完成 61726  成功 61725  失败 1  截断 6191  三元组 712707  | 0.49 req/s  519 out-tok/s
[127173s] 完成 61737  成功 61736  失败 1  截断 6192  三元组 712840  | 0.49 req/s  519 out-tok/s
[127189s] 完成 61743  成功 61742  失败 1  截断 6192  三元组 712921  | 0.49 req/s  519 out-tok/s
[127204s] 完成 61751  成功 61750  失败 1  截断 6195  三元组 713008  | 0.49 req/s  519 out-tok/s
[127219s] 完成 61759  成功 61758  失败 1  截断 6196  三元组 713094  | 0.49 req/s  519 out-tok/s
[127235s] 完成 61764  成功 61763  失败 1  截断 6196  三元组 713130  | 0.49 req/s  519 out-tok/s
[127250s] 完成 61773  成功 61772  失败 1  截断 6198  三元组 713240  | 0.49 req/s  519 out-tok/s
[127266s] 完成 61780  成功 61779  失败 1  截断 6198  三元组 713334  | 0.49 req/s  519 out-tok/s
[127283s] 完成 61792  成功 61791  失败 1  截断 6198  三元组 713485  | 0.49 req/s  519 out-tok/s
[127299s] 完成 61800  成功 61799  失败 1  截断 6199  三元组 713552  | 0.49 req/s  519 out-tok/s
[127315s] 完成 61803  成功 61802  失败 1  截断 6199  三元组 713578  | 0.49 req/s  519 out-tok/s
[127330s] 完成 61815  成功 61814  失败 1  截断 6202  三元组 713714  | 0.49 req/s  519 out-tok/s
[127349s] 完成 61822  成功 61821  失败 1  截断 6203  三元组 713771  | 0.49 req/s  519 out-tok/s
[127366s] 完成 61832  成功 61831  失败 1  截断 6203  三元组 713875  | 0.49 req/s  519 out-tok/s
[127381s] 完成 61839  成功 61838  失败 1  截断 6204  三元组 713954  | 0.49 req/s  519 out-tok/s
[127396s] 完成 61845  成功 61844  失败 1  截断 6206  三元组 714065  | 0.49 req/s  519 out-tok/s
[127411s] 完成 61851  成功 61850  失败 1  截断 6206  三元组 714138  | 0.49 req/s  519 out-tok/s
[127431s] 完成 61858  成功 61857  失败 1  截断 6206  三元组 714208  | 0.49 req/s  519 out-tok/s
[127449s] 完成 61869  成功 61868  失败 1  截断 6210  三元组 714357  | 0.49 req/s  519 out-tok/s
[127464s] 完成 61878  成功 61877  失败 1  截断 6210  三元组 714456  | 0.49 req/s  519 out-tok/s
[127479s] 完成 61886  成功 61885  失败 1  截断 6211  三元组 714559  | 0.49 req/s  519 out-tok/s
[127495s] 完成 61894  成功 61893  失败 1  截断 6211  三元组 714643  | 0.49 req/s  519 out-tok/s
[127514s] 完成 61900  成功 61899  失败 1  截断 6212  三元组 714713  | 0.49 req/s  519 out-tok/s
[127532s] 完成 61911  成功 61910  失败 1  截断 6212  三元组 714834  | 0.49 req/s  519 out-tok/s
[127549s] 完成 61918  成功 61917  失败 1  截断 6213  三元组 714917  | 0.49 req/s  519 out-tok/s
[127567s] 完成 61927  成功 61926  失败 1  截断 6214  三元组 715006  | 0.49 req/s  519 out-tok/s
[127586s] 完成 61938  成功 61937  失败 1  截断 6215  三元组 715140  | 0.49 req/s  519 out-tok/s
[127603s] 完成 61947  成功 61946  失败 1  截断 6217  三元组 715238  | 0.49 req/s  519 out-tok/s
[127621s] 完成 61958  成功 61957  失败 1  截断 6217  三元组 715338  | 0.49 req/s  519 out-tok/s
[127639s] 完成 61964  成功 61963  失败 1  截断 6218  三元组 715406  | 0.49 req/s  519 out-tok/s
[127658s] 完成 61974  成功 61973  失败 1  截断 6220  三元组 715508  | 0.49 req/s  519 out-tok/s
[127676s] 完成 61980  成功 61979  失败 1  截断 6220  三元组 715555  | 0.49 req/s  519 out-tok/s
[127691s] 完成 61989  成功 61988  失败 1  截断 6220  三元组 715657  | 0.49 req/s  519 out-tok/s
[127706s] 完成 61998  成功 61997  失败 1  截断 6222  三元组 715772  | 0.49 req/s  519 out-tok/s
[127710s] 完成 62000  成功 61999  失败 1  截断 6222  三元组 715816  | 0.49 req/s  519 out-tok/s
[127725s] 完成 62009  成功 62008  失败 1  截断 6224  三元组 715919  | 0.49 req/s  519 out-tok/s
[127742s] 完成 62016  成功 62015  失败 1  截断 6224  三元组 715984  | 0.49 req/s  519 out-tok/s
[127760s] 完成 62027  成功 62026  失败 1  截断 6226  三元组 716105  | 0.49 req/s  519 out-tok/s
[127777s] 完成 62039  成功 62038  失败 1  截断 6227  三元组 716233  | 0.49 req/s  519 out-tok/s
[127793s] 完成 62051  成功 62050  失败 1  截断 6227  三元组 716334  | 0.49 req/s  519 out-tok/s
[127812s] 完成 62062  成功 62061  失败 1  截断 6227  三元组 716428  | 0.49 req/s  519 out-tok/s
[127828s] 完成 62070  成功 62069  失败 1  截断 6227  三元组 716506  | 0.49 req/s  519 out-tok/s
[127844s] 完成 62077  成功 62076  失败 1  截断 6227  三元组 716589  | 0.49 req/s  519 out-tok/s
[127860s] 完成 62084  成功 62083  失败 1  截断 6228  三元组 716674  | 0.49 req/s  519 out-tok/s
[127876s] 完成 62091  成功 62090  失败 1  截断 6228  三元组 716727  | 0.49 req/s  519 out-tok/s
[127892s] 完成 62100  成功 62099  失败 1  截断 6229  三元组 716849  | 0.49 req/s  519 out-tok/s
[127907s] 完成 62111  成功 62110  失败 1  截断 6230  三元组 717014  | 0.49 req/s  519 out-tok/s
[127923s] 完成 62123  成功 62122  失败 1  截断 6230  三元组 717126  | 0.49 req/s  519 out-tok/s
[127940s] 完成 62134  成功 62133  失败 1  截断 6233  三元组 717213  | 0.49 req/s  519 out-tok/s
[127957s] 完成 62140  成功 62139  失败 1  截断 6233  三元组 717279  | 0.49 req/s  519 out-tok/s
[127972s] 完成 62149  成功 62148  失败 1  截断 6233  三元组 717384  | 0.49 req/s  519 out-tok/s
[127987s] 完成 62154  成功 62153  失败 1  截断 6233  三元组 717427  | 0.49 req/s  519 out-tok/s
[128003s] 完成 62164  成功 62163  失败 1  截断 6234  三元组 717529  | 0.49 req/s  519 out-tok/s
[128024s] 完成 62176  成功 62175  失败 1  截断 6234  三元组 717641  | 0.49 req/s  519 out-tok/s
[128044s] 完成 62177  成功 62176  失败 1  截断 6234  三元组 717665  | 0.49 req/s  519 out-tok/s
[128060s] 完成 62188  成功 62187  失败 1  截断 6234  三元组 717800  | 0.49 req/s  519 out-tok/s
[128079s] 完成 62197  成功 62196  失败 1  截断 6237  三元组 717922  | 0.49 req/s  519 out-tok/s
[128096s] 完成 62206  成功 62205  失败 1  截断 6238  三元组 718035  | 0.49 req/s  519 out-tok/s
[128114s] 完成 62215  成功 62214  失败 1  截断 6239  三元组 718155  | 0.49 req/s  519 out-tok/s
[128134s] 完成 62220  成功 62219  失败 1  截断 6240  三元组 718202  | 0.49 req/s  519 out-tok/s
[128150s] 完成 62231  成功 62230  失败 1  截断 6240  三元组 718361  | 0.49 req/s  519 out-tok/s
[128166s] 完成 62237  成功 62236  失败 1  截断 6241  三元组 718457  | 0.49 req/s  519 out-tok/s
[128183s] 完成 62248  成功 62247  失败 1  截断 6243  三元组 718607  | 0.49 req/s  519 out-tok/s
[128199s] 完成 62258  成功 62257  失败 1  截断 6243  三元组 718696  | 0.49 req/s  519 out-tok/s
[128217s] 完成 62263  成功 62262  失败 1  截断 6243  三元组 718724  | 0.49 req/s  519 out-tok/s
[128236s] 完成 62270  成功 62269  失败 1  截断 6243  三元组 718811  | 0.49 req/s  519 out-tok/s
[128253s] 完成 62279  成功 62278  失败 1  截断 6246  三元组 718957  | 0.49 req/s  519 out-tok/s
[128270s] 完成 62288  成功 62287  失败 1  截断 6247  三元组 719066  | 0.49 req/s  519 out-tok/s
[128287s] 完成 62297  成功 62296  失败 1  截断 6248  三元组 719174  | 0.49 req/s  519 out-tok/s
[128311s] 完成 62306  成功 62305  失败 1  截断 6249  三元组 719257  | 0.49 req/s  519 out-tok/s
[128330s] 完成 62318  成功 62317  失败 1  截断 6249  三元组 719402  | 0.49 req/s  519 out-tok/s
[128348s] 完成 62325  成功 62324  失败 1  截断 6249  三元组 719472  | 0.49 req/s  519 out-tok/s
[128365s] 完成 62329  成功 62328  失败 1  截断 6249  三元组 719503  | 0.49 req/s  519 out-tok/s
[128380s] 完成 62337  成功 62336  失败 1  截断 6251  三元组 719582  | 0.49 req/s  519 out-tok/s
[128395s] 完成 62344  成功 62343  失败 1  截断 6252  三元组 719643  | 0.49 req/s  519 out-tok/s
[128411s] 完成 62356  成功 62355  失败 1  截断 6257  三元组 719795  | 0.49 req/s  519 out-tok/s
[128428s] 完成 62364  成功 62363  失败 1  截断 6257  三元组 719886  | 0.49 req/s  519 out-tok/s
[128444s] 完成 62376  成功 62375  失败 1  截断 6257  三元组 720023  | 0.49 req/s  519 out-tok/s
[128459s] 完成 62385  成功 62384  失败 1  截断 6259  三元组 720124  | 0.49 req/s  519 out-tok/s
[128476s] 完成 62396  成功 62395  失败 1  截断 6259  三元组 720232  | 0.49 req/s  519 out-tok/s
[128494s] 完成 62406  成功 62405  失败 1  截断 6259  三元组 720325  | 0.49 req/s  519 out-tok/s
[128509s] 完成 62414  成功 62413  失败 1  截断 6259  三元组 720391  | 0.49 req/s  519 out-tok/s
[128525s] 完成 62420  成功 62419  失败 1  截断 6259  三元组 720473  | 0.49 req/s  519 out-tok/s
[128546s] 完成 62428  成功 62427  失败 1  截断 6259  三元组 720558  | 0.49 req/s  519 out-tok/s
[128564s] 完成 62435  成功 62434  失败 1  截断 6259  三元组 720637  | 0.49 req/s  519 out-tok/s
[128580s] 完成 62441  成功 62440  失败 1  截断 6259  三元组 720714  | 0.49 req/s  519 out-tok/s
[128595s] 完成 62449  成功 62448  失败 1  截断 6262  三元组 720828  | 0.49 req/s  519 out-tok/s
[128611s] 完成 62458  成功 62457  失败 1  截断 6262  三元组 720973  | 0.49 req/s  519 out-tok/s
[128632s] 完成 62468  成功 62467  失败 1  截断 6263  三元组 721075  | 0.49 req/s  519 out-tok/s
[128648s] 完成 62477  成功 62476  失败 1  截断 6263  三元组 721186  | 0.49 req/s  519 out-tok/s
[128667s] 完成 62483  成功 62482  失败 1  截断 6265  三元组 721254  | 0.49 req/s  519 out-tok/s
[128686s] 完成 62496  成功 62495  失败 1  截断 6265  三元组 721406  | 0.49 req/s  519 out-tok/s
[128689s] 完成 62500  成功 62499  失败 1  截断 6265  三元组 721437  | 0.49 req/s  519 out-tok/s
[128711s] 完成 62508  成功 62507  失败 1  截断 6268  三元组 721546  | 0.49 req/s  519 out-tok/s
[128726s] 完成 62514  成功 62513  失败 1  截断 6268  三元组 721610  | 0.49 req/s  519 out-tok/s
[128744s] 完成 62520  成功 62519  失败 1  截断 6268  三元组 721675  | 0.49 req/s  519 out-tok/s
[128760s] 完成 62528  成功 62527  失败 1  截断 6268  三元组 721769  | 0.49 req/s  519 out-tok/s
[128780s] 完成 62535  成功 62534  失败 1  截断 6270  三元组 721861  | 0.49 req/s  519 out-tok/s
[128796s] 完成 62541  成功 62540  失败 1  截断 6270  三元组 721921  | 0.49 req/s  519 out-tok/s
[128814s] 完成 62547  成功 62546  失败 1  截断 6271  三元组 721995  | 0.49 req/s  519 out-tok/s
[128829s] 完成 62559  成功 62558  失败 1  截断 6274  三元组 722139  | 0.49 req/s  519 out-tok/s
[128845s] 完成 62563  成功 62562  失败 1  截断 6275  三元组 722194  | 0.49 req/s  519 out-tok/s
[128861s] 完成 62574  成功 62573  失败 1  截断 6277  三元组 722334  | 0.49 req/s  519 out-tok/s
[128877s] 完成 62583  成功 62582  失败 1  截断 6278  三元组 722425  | 0.49 req/s  519 out-tok/s
[128895s] 完成 62594  成功 62593  失败 1  截断 6281  三元组 722552  | 0.49 req/s  519 out-tok/s
[128913s] 完成 62602  成功 62601  失败 1  截断 6281  三元组 722623  | 0.49 req/s  519 out-tok/s
[128930s] 完成 62607  成功 62606  失败 1  截断 6282  三元组 722719  | 0.49 req/s  519 out-tok/s
[128948s] 完成 62618  成功 62617  失败 1  截断 6282  三元组 722839  | 0.49 req/s  519 out-tok/s
[128966s] 完成 62627  成功 62626  失败 1  截断 6282  三元组 722936  | 0.49 req/s  519 out-tok/s
[128982s] 完成 62634  成功 62633  失败 1  截断 6283  三元组 722982  | 0.49 req/s  519 out-tok/s
[129001s] 完成 62641  成功 62640  失败 1  截断 6284  三元组 723076  | 0.49 req/s  519 out-tok/s
[129016s] 完成 62647  成功 62646  失败 1  截断 6287  三元组 723161  | 0.49 req/s  519 out-tok/s
[129031s] 完成 62656  成功 62655  失败 1  截断 6288  三元组 723266  | 0.49 req/s  519 out-tok/s
[129047s] 完成 62663  成功 62662  失败 1  截断 6289  三元组 723385  | 0.49 req/s  519 out-tok/s
[129063s] 完成 62673  成功 62672  失败 1  截断 6289  三元组 723494  | 0.49 req/s  519 out-tok/s
[129079s] 完成 62679  成功 62678  失败 1  截断 6289  三元组 723555  | 0.49 req/s  519 out-tok/s
[129096s] 完成 62695  成功 62694  失败 1  截断 6291  三元组 723746  | 0.49 req/s  519 out-tok/s
[129123s] 完成 62702  成功 62701  失败 1  截断 6292  三元组 723831  | 0.49 req/s  519 out-tok/s
[129138s] 完成 62714  成功 62713  失败 1  截断 6293  三元组 723960  | 0.49 req/s  519 out-tok/s
[129156s] 完成 62723  成功 62722  失败 1  截断 6293  三元组 724065  | 0.49 req/s  519 out-tok/s
[129173s] 完成 62728  成功 62727  失败 1  截断 6293  三元组 724132  | 0.49 req/s  519 out-tok/s
[129191s] 完成 62741  成功 62740  失败 1  截断 6293  三元组 724260  | 0.49 req/s  519 out-tok/s
[129207s] 完成 62752  成功 62751  失败 1  截断 6293  三元组 724358  | 0.49 req/s  519 out-tok/s
[129223s] 完成 62761  成功 62760  失败 1  截断 6295  三元组 724434  | 0.49 req/s  519 out-tok/s
[129240s] 完成 62769  成功 62768  失败 1  截断 6296  三元组 724508  | 0.49 req/s  519 out-tok/s
[129257s] 完成 62780  成功 62779  失败 1  截断 6297  三元组 724621  | 0.49 req/s  519 out-tok/s
[129273s] 完成 62790  成功 62789  失败 1  截断 6298  三元组 724726  | 0.49 req/s  519 out-tok/s
[129288s] 完成 62798  成功 62797  失败 1  截断 6298  三元组 724802  | 0.49 req/s  519 out-tok/s
[129304s] 完成 62810  成功 62809  失败 1  截断 6299  三元组 724925  | 0.49 req/s  519 out-tok/s
[129321s] 完成 62821  成功 62820  失败 1  截断 6299  三元组 725020  | 0.49 req/s  519 out-tok/s
[129344s] 完成 62830  成功 62829  失败 1  截断 6299  三元组 725097  | 0.49 req/s  519 out-tok/s
[129363s] 完成 62843  成功 62842  失败 1  截断 6300  三元组 725234  | 0.49 req/s  519 out-tok/s
[129382s] 完成 62851  成功 62850  失败 1  截断 6301  三元组 725320  | 0.49 req/s  519 out-tok/s
[129397s] 完成 62859  成功 62858  失败 1  截断 6302  三元组 725411  | 0.49 req/s  519 out-tok/s
[129413s] 完成 62862  成功 62861  失败 1  截断 6302  三元组 725443  | 0.49 req/s  519 out-tok/s
[129428s] 完成 62873  成功 62872  失败 1  截断 6302  三元组 725593  | 0.49 req/s  519 out-tok/s
[129445s] 完成 62882  成功 62881  失败 1  截断 6303  三元组 725699  | 0.49 req/s  519 out-tok/s
[129461s] 完成 62897  成功 62896  失败 1  截断 6305  三元组 725867  | 0.49 req/s  519 out-tok/s
[129479s] 完成 62904  成功 62903  失败 1  截断 6306  三元组 725943  | 0.49 req/s  519 out-tok/s
[129496s] 完成 62908  成功 62907  失败 1  截断 6306  三元组 725963  | 0.49 req/s  519 out-tok/s
[129511s] 完成 62919  成功 62918  失败 1  截断 6306  三元组 726082  | 0.49 req/s  519 out-tok/s
[129527s] 完成 62925  成功 62924  失败 1  截断 6306  三元组 726158  | 0.49 req/s  519 out-tok/s
[129544s] 完成 62933  成功 62932  失败 1  截断 6308  三元组 726230  | 0.49 req/s  519 out-tok/s
[129559s] 完成 62939  成功 62938  失败 1  截断 6308  三元组 726308  | 0.49 req/s  519 out-tok/s
[129576s] 完成 62947  成功 62946  失败 1  截断 6309  三元组 726399  | 0.49 req/s  519 out-tok/s
[129591s] 完成 62953  成功 62952  失败 1  截断 6310  三元组 726451  | 0.49 req/s  519 out-tok/s
[129608s] 完成 62960  成功 62959  失败 1  截断 6310  三元组 726545  | 0.49 req/s  519 out-tok/s
[129623s] 完成 62972  成功 62971  失败 1  截断 6312  三元组 726691  | 0.49 req/s  519 out-tok/s
[129640s] 完成 62981  成功 62980  失败 1  截断 6313  三元组 726767  | 0.49 req/s  519 out-tok/s
[129656s] 完成 62985  成功 62984  失败 1  截断 6313  三元组 726821  | 0.49 req/s  519 out-tok/s
[129672s] 完成 62996  成功 62995  失败 1  截断 6315  三元组 726945  | 0.49 req/s  519 out-tok/s
[129683s] 完成 63000  成功 62999  失败 1  截断 6315  三元组 726984  | 0.49 req/s  519 out-tok/s
[129698s] 完成 63009  成功 63008  失败 1  截断 6316  三元组 727097  | 0.49 req/s  519 out-tok/s
[129715s] 完成 63016  成功 63015  失败 1  截断 6316  三元组 727159  | 0.49 req/s  519 out-tok/s
[129732s] 完成 63025  成功 63024  失败 1  截断 6316  三元组 727252  | 0.49 req/s  519 out-tok/s
[129748s] 完成 63032  成功 63031  失败 1  截断 6317  三元组 727339  | 0.49 req/s  519 out-tok/s
[129764s] 完成 63044  成功 63043  失败 1  截断 6319  三元组 727500  | 0.49 req/s  519 out-tok/s
[129781s] 完成 63052  成功 63051  失败 1  截断 6320  三元组 727590  | 0.49 req/s  519 out-tok/s
[129801s] 完成 63061  成功 63060  失败 1  截断 6320  三元组 727699  | 0.49 req/s  519 out-tok/s
[129816s] 完成 63070  成功 63069  失败 1  截断 6320  三元组 727794  | 0.49 req/s  519 out-tok/s
[129836s] 完成 63078  成功 63077  失败 1  截断 6321  三元组 727866  | 0.49 req/s  519 out-tok/s
[129854s] 完成 63086  成功 63085  失败 1  截断 6321  三元组 727972  | 0.49 req/s  519 out-tok/s
[129871s] 完成 63095  成功 63094  失败 1  截断 6322  三元组 728079  | 0.49 req/s  519 out-tok/s
[129887s] 完成 63104  成功 63103  失败 1  截断 6324  三元组 728223  | 0.49 req/s  519 out-tok/s
[129905s] 完成 63115  成功 63114  失败 1  截断 6324  三元组 728344  | 0.49 req/s  519 out-tok/s
[129921s] 完成 63123  成功 63122  失败 1  截断 6326  三元组 728448  | 0.49 req/s  519 out-tok/s
[129943s] 完成 63131  成功 63130  失败 1  截断 6326  三元组 728548  | 0.49 req/s  519 out-tok/s
[129962s] 完成 63141  成功 63140  失败 1  截断 6326  三元组 728667  | 0.49 req/s  519 out-tok/s
[129979s] 完成 63148  成功 63147  失败 1  截断 6326  三元组 728740  | 0.49 req/s  519 out-tok/s
[129995s] 完成 63156  成功 63155  失败 1  截断 6327  三元组 728850  | 0.49 req/s  519 out-tok/s
[130010s] 完成 63164  成功 63163  失败 1  截断 6328  三元组 728940  | 0.49 req/s  519 out-tok/s
[130033s] 完成 63173  成功 63172  失败 1  截断 6329  三元组 729033  | 0.49 req/s  519 out-tok/s
[130048s] 完成 63182  成功 63181  失败 1  截断 6329  三元组 729153  | 0.49 req/s  519 out-tok/s
[130065s] 完成 63190  成功 63189  失败 1  截断 6330  三元组 729263  | 0.49 req/s  519 out-tok/s
[130086s] 完成 63198  成功 63197  失败 1  截断 6331  三元组 729339  | 0.49 req/s  519 out-tok/s
[130107s] 完成 63208  成功 63207  失败 1  截断 6332  三元组 729455  | 0.49 req/s  519 out-tok/s
[130125s] 完成 63217  成功 63216  失败 1  截断 6332  三元组 729525  | 0.49 req/s  519 out-tok/s
[130140s] 完成 63225  成功 63224  失败 1  截断 6335  三元组 729638  | 0.49 req/s  519 out-tok/s
[130155s] 完成 63232  成功 63231  失败 1  截断 6336  三元组 729723  | 0.49 req/s  519 out-tok/s
[130170s] 完成 63240  成功 63239  失败 1  截断 6337  三元组 729825  | 0.49 req/s  519 out-tok/s
[130186s] 完成 63251  成功 63250  失败 1  截断 6337  三元组 729932  | 0.49 req/s  519 out-tok/s
[130203s] 完成 63259  成功 63258  失败 1  截断 6337  三元组 729989  | 0.49 req/s  519 out-tok/s
[130218s] 完成 63268  成功 63267  失败 1  截断 6338  三元组 730094  | 0.49 req/s  519 out-tok/s
[130233s] 完成 63281  成功 63280  失败 1  截断 6340  三元组 730286  | 0.49 req/s  519 out-tok/s
[130250s] 完成 63287  成功 63286  失败 1  截断 6340  三元组 730359  | 0.49 req/s  519 out-tok/s
[130266s] 完成 63298  成功 63297  失败 1  截断 6340  三元组 730481  | 0.49 req/s  519 out-tok/s
[130283s] 完成 63309  成功 63308  失败 1  截断 6340  三元组 730603  | 0.49 req/s  519 out-tok/s
[130300s] 完成 63315  成功 63314  失败 1  截断 6340  三元组 730681  | 0.49 req/s  519 out-tok/s
[130315s] 完成 63323  成功 63322  失败 1  截断 6340  三元组 730762  | 0.49 req/s  519 out-tok/s
[130332s] 完成 63331  成功 63330  失败 1  截断 6340  三元组 730866  | 0.49 req/s  519 out-tok/s
[130348s] 完成 63338  成功 63337  失败 1  截断 6340  三元组 730934  | 0.49 req/s  519 out-tok/s
[130366s] 完成 63343  成功 63342  失败 1  截断 6340  三元组 730997  | 0.49 req/s  519 out-tok/s
[130381s] 完成 63354  成功 63353  失败 1  截断 6342  三元组 731110  | 0.49 req/s  519 out-tok/s
[130397s] 完成 63359  成功 63358  失败 1  截断 6343  三元组 731159  | 0.49 req/s  519 out-tok/s
[130412s] 完成 63370  成功 63369  失败 1  截断 6343  三元组 731297  | 0.49 req/s  519 out-tok/s
[130428s] 完成 63377  成功 63376  失败 1  截断 6345  三元组 731398  | 0.49 req/s  519 out-tok/s
[130446s] 完成 63384  成功 63383  失败 1  截断 6345  三元组 731469  | 0.49 req/s  519 out-tok/s
[130462s] 完成 63392  成功 63391  失败 1  截断 6345  三元组 731547  | 0.49 req/s  519 out-tok/s
[130478s] 完成 63397  成功 63396  失败 1  截断 6347  三元组 731628  | 0.49 req/s  519 out-tok/s
[130494s] 完成 63406  成功 63405  失败 1  截断 6348  三元组 731733  | 0.49 req/s  519 out-tok/s
[130510s] 完成 63413  成功 63412  失败 1  截断 6349  三元组 731815  | 0.49 req/s  519 out-tok/s
[130528s] 完成 63421  成功 63420  失败 1  截断 6349  三元组 731892  | 0.49 req/s  519 out-tok/s
[130543s] 完成 63428  成功 63427  失败 1  截断 6349  三元组 731965  | 0.49 req/s  519 out-tok/s
[130559s] 完成 63439  成功 63438  失败 1  截断 6351  三元组 732101  | 0.49 req/s  519 out-tok/s
[130577s] 完成 63445  成功 63444  失败 1  截断 6353  三元组 732162  | 0.49 req/s  519 out-tok/s
[130595s] 完成 63454  成功 63453  失败 1  截断 6353  三元组 732250  | 0.49 req/s  519 out-tok/s
[130610s] 完成 63465  成功 63464  失败 1  截断 6355  三元组 732433  | 0.49 req/s  519 out-tok/s
[130625s] 完成 63476  成功 63475  失败 1  截断 6356  三元组 732535  | 0.49 req/s  519 out-tok/s
[130645s] 完成 63481  成功 63480  失败 1  截断 6356  三元组 732576  | 0.49 req/s  519 out-tok/s
[130661s] 完成 63488  成功 63487  失败 1  截断 6356  三元组 732641  | 0.49 req/s  519 out-tok/s
[130677s] 完成 63494  成功 63493  失败 1  截断 6357  三元组 732705  | 0.49 req/s  519 out-tok/s
[130686s] 完成 63500  成功 63499  失败 1  截断 6357  三元组 732774  | 0.49 req/s  519 out-tok/s
[130705s] 完成 63507  成功 63506  失败 1  截断 6359  三元组 732877  | 0.49 req/s  519 out-tok/s
[130721s] 完成 63519  成功 63518  失败 1  截断 6361  三元组 733009  | 0.49 req/s  519 out-tok/s
[130736s] 完成 63524  成功 63523  失败 1  截断 6361  三元组 733066  | 0.49 req/s  519 out-tok/s
[130752s] 完成 63535  成功 63534  失败 1  截断 6361  三元组 733170  | 0.49 req/s  519 out-tok/s
[130769s] 完成 63542  成功 63541  失败 1  截断 6361  三元组 733259  | 0.49 req/s  519 out-tok/s
[130787s] 完成 63550  成功 63549  失败 1  截断 6362  三元组 733346  | 0.49 req/s  519 out-tok/s
[130803s] 完成 63558  成功 63557  失败 1  截断 6362  三元组 733442  | 0.49 req/s  519 out-tok/s
[130818s] 完成 63569  成功 63568  失败 1  截断 6363  三元组 733579  | 0.49 req/s  519 out-tok/s
[130836s] 完成 63579  成功 63578  失败 1  截断 6364  三元组 733656  | 0.49 req/s  519 out-tok/s
[130851s] 完成 63589  成功 63588  失败 1  截断 6364  三元组 733759  | 0.49 req/s  519 out-tok/s
[130866s] 完成 63596  成功 63595  失败 1  截断 6365  三元组 733824  | 0.49 req/s  519 out-tok/s
[130883s] 完成 63604  成功 63603  失败 1  截断 6365  三元组 733908  | 0.49 req/s  519 out-tok/s
[130900s] 完成 63616  成功 63615  失败 1  截断 6368  三元组 734058  | 0.49 req/s  519 out-tok/s
[130916s] 完成 63626  成功 63625  失败 1  截断 6368  三元组 734168  | 0.49 req/s  519 out-tok/s
[130932s] 完成 63635  成功 63634  失败 1  截断 6368  三元组 734273  | 0.49 req/s  519 out-tok/s
[130949s] 完成 63642  成功 63641  失败 1  截断 6368  三元组 734351  | 0.49 req/s  519 out-tok/s
[130969s] 完成 63654  成功 63653  失败 1  截断 6368  三元组 734478  | 0.49 req/s  519 out-tok/s
[130995s] 完成 63664  成功 63663  失败 1  截断 6370  三元组 734565  | 0.49 req/s  519 out-tok/s
[131016s] 完成 63674  成功 63673  失败 1  截断 6370  三元组 734690  | 0.49 req/s  519 out-tok/s
[131031s] 完成 63681  成功 63680  失败 1  截断 6371  三元组 734795  | 0.49 req/s  519 out-tok/s
[131048s] 完成 63688  成功 63687  失败 1  截断 6371  三元组 734884  | 0.49 req/s  519 out-tok/s
[131065s] 完成 63696  成功 63695  失败 1  截断 6372  三元组 734993  | 0.49 req/s  519 out-tok/s
[131084s] 完成 63709  成功 63708  失败 1  截断 6374  三元组 735130  | 0.49 req/s  519 out-tok/s
[131100s] 完成 63716  成功 63715  失败 1  截断 6374  三元组 735217  | 0.49 req/s  519 out-tok/s
[131116s] 完成 63723  成功 63722  失败 1  截断 6375  三元组 735291  | 0.49 req/s  519 out-tok/s
[131132s] 完成 63728  成功 63727  失败 1  截断 6375  三元组 735360  | 0.49 req/s  519 out-tok/s
[131149s] 完成 63736  成功 63735  失败 1  截断 6375  三元组 735451  | 0.49 req/s  519 out-tok/s
[131167s] 完成 63745  成功 63744  失败 1  截断 6375  三元组 735558  | 0.49 req/s  519 out-tok/s
[131183s] 完成 63751  成功 63750  失败 1  截断 6376  三元组 735622  | 0.49 req/s  519 out-tok/s
[131200s] 完成 63761  成功 63760  失败 1  截断 6377  三元组 735756  | 0.49 req/s  519 out-tok/s
[131216s] 完成 63767  成功 63766  失败 1  截断 6378  三元组 735831  | 0.49 req/s  519 out-tok/s
[131233s] 完成 63777  成功 63776  失败 1  截断 6379  三元组 735929  | 0.49 req/s  519 out-tok/s
[131248s] 完成 63785  成功 63784  失败 1  截断 6380  三元组 735998  | 0.49 req/s  519 out-tok/s
[131265s] 完成 63793  成功 63792  失败 1  截断 6380  三元组 736088  | 0.49 req/s  519 out-tok/s
[131282s] 完成 63804  成功 63803  失败 1  截断 6381  三元组 736182  | 0.49 req/s  519 out-tok/s
[131297s] 完成 63812  成功 63811  失败 1  截断 6384  三元组 736287  | 0.49 req/s  519 out-tok/s
[131312s] 完成 63816  成功 63815  失败 1  截断 6384  三元组 736325  | 0.49 req/s  519 out-tok/s
[131328s] 完成 63824  成功 63823  失败 1  截断 6386  三元组 736426  | 0.49 req/s  519 out-tok/s
[131345s] 完成 63836  成功 63835  失败 1  截断 6387  三元组 736561  | 0.49 req/s  519 out-tok/s
[131362s] 完成 63844  成功 63843  失败 1  截断 6387  三元组 736659  | 0.49 req/s  519 out-tok/s
[131379s] 完成 63852  成功 63851  失败 1  截断 6387  三元组 736749  | 0.49 req/s  519 out-tok/s
[131396s] 完成 63862  成功 63861  失败 1  截断 6387  三元组 736865  | 0.49 req/s  519 out-tok/s
[131412s] 完成 63869  成功 63868  失败 1  截断 6389  三元组 736951  | 0.49 req/s  519 out-tok/s
[131427s] 完成 63875  成功 63874  失败 1  截断 6390  三元组 737027  | 0.49 req/s  519 out-tok/s
[131445s] 完成 63885  成功 63884  失败 1  截断 6391  三元组 737174  | 0.49 req/s  519 out-tok/s
[131460s] 完成 63894  成功 63893  失败 1  截断 6391  三元组 737272  | 0.49 req/s  519 out-tok/s
[131476s] 完成 63903  成功 63902  失败 1  截断 6391  三元组 737378  | 0.49 req/s  519 out-tok/s
[131491s] 完成 63910  成功 63909  失败 1  截断 6392  三元组 737466  | 0.49 req/s  519 out-tok/s
[131507s] 完成 63915  成功 63914  失败 1  截断 6392  三元组 737509  | 0.49 req/s  519 out-tok/s
[131522s] 完成 63925  成功 63924  失败 1  截断 6392  三元组 737641  | 0.49 req/s  519 out-tok/s
[131539s] 完成 63933  成功 63932  失败 1  截断 6392  三元组 737715  | 0.49 req/s  519 out-tok/s
[131560s] 完成 63940  成功 63939  失败 1  截断 6392  三元组 737779  | 0.49 req/s  519 out-tok/s
[131575s] 完成 63949  成功 63948  失败 1  截断 6393  三元组 737890  | 0.49 req/s  519 out-tok/s
[131594s] 完成 63957  成功 63956  失败 1  截断 6393  三元组 738018  | 0.49 req/s  519 out-tok/s
[131610s] 完成 63966  成功 63965  失败 1  截断 6395  三元组 738119  | 0.49 req/s  519 out-tok/s
[131626s] 完成 63970  成功 63969  失败 1  截断 6395  三元组 738154  | 0.49 req/s  519 out-tok/s
[131641s] 完成 63979  成功 63978  失败 1  截断 6398  三元组 738251  | 0.49 req/s  519 out-tok/s
[131659s] 完成 63985  成功 63984  失败 1  截断 6398  三元组 738309  | 0.49 req/s  519 out-tok/s
[131673s] 完成 64000  成功 63999  失败 1  截断 6399  三元组 738435  | 0.49 req/s  519 out-tok/s
[131688s] 完成 64009  成功 64008  失败 1  截断 6399  三元组 738528  | 0.49 req/s  519 out-tok/s
[131705s] 完成 64015  成功 64014  失败 1  截断 6401  三元组 738612  | 0.49 req/s  519 out-tok/s
[131720s] 完成 64020  成功 64019  失败 1  截断 6402  三元组 738656  | 0.49 req/s  519 out-tok/s
[131736s] 完成 64030  成功 64029  失败 1  截断 6403  三元组 738775  | 0.49 req/s  519 out-tok/s
[131751s] 完成 64038  成功 64037  失败 1  截断 6404  三元组 738853  | 0.49 req/s  519 out-tok/s
[131769s] 完成 64048  成功 64047  失败 1  截断 6405  三元组 738947  | 0.49 req/s  519 out-tok/s
[131785s] 完成 64057  成功 64056  失败 1  截断 6406  三元组 739080  | 0.49 req/s  519 out-tok/s
[131800s] 完成 64063  成功 64062  失败 1  截断 6406  三元组 739141  | 0.49 req/s  519 out-tok/s
[131818s] 完成 64074  成功 64073  失败 1  截断 6406  三元组 739282  | 0.49 req/s  519 out-tok/s
[131836s] 完成 64085  成功 64084  失败 1  截断 6408  三元组 739387  | 0.49 req/s  519 out-tok/s
[131853s] 完成 64095  成功 64094  失败 1  截断 6410  三元组 739491  | 0.49 req/s  519 out-tok/s
[131869s] 完成 64100  成功 64099  失败 1  截断 6410  三元组 739527  | 0.49 req/s  519 out-tok/s
[131886s] 完成 64110  成功 64109  失败 1  截断 6411  三元组 739657  | 0.49 req/s  519 out-tok/s
[131901s] 完成 64115  成功 64114  失败 1  截断 6411  三元组 739709  | 0.49 req/s  519 out-tok/s
[131918s] 完成 64123  成功 64122  失败 1  截断 6411  三元组 739804  | 0.49 req/s  519 out-tok/s
[131935s] 完成 64127  成功 64126  失败 1  截断 6411  三元组 739857  | 0.49 req/s  519 out-tok/s
[131956s] 完成 64136  成功 64135  失败 1  截断 6412  三元组 739983  | 0.49 req/s  519 out-tok/s
[131971s] 完成 64143  成功 64142  失败 1  截断 6414  三元组 740080  | 0.49 req/s  519 out-tok/s
[131986s] 完成 64152  成功 64151  失败 1  截断 6415  三元组 740161  | 0.49 req/s  519 out-tok/s
[132002s] 完成 64160  成功 64159  失败 1  截断 6416  三元组 740253  | 0.49 req/s  519 out-tok/s
[132020s] 完成 64170  成功 64169  失败 1  截断 6417  三元组 740365  | 0.49 req/s  519 out-tok/s
[132038s] 完成 64182  成功 64181  失败 1  截断 6418  三元组 740462  | 0.49 req/s  519 out-tok/s
[132057s] 完成 64196  成功 64195  失败 1  截断 6420  三元组 740581  | 0.49 req/s  519 out-tok/s
[132075s] 完成 64207  成功 64206  失败 1  截断 6422  三元组 740707  | 0.49 req/s  519 out-tok/s
[132102s] 完成 64217  成功 64216  失败 1  截断 6423  三元组 740775  | 0.49 req/s  519 out-tok/s
[132118s] 完成 64227  成功 64226  失败 1  截断 6424  三元组 740879  | 0.49 req/s  519 out-tok/s
[132134s] 完成 64235  成功 64234  失败 1  截断 6425  三元组 740985  | 0.49 req/s  519 out-tok/s
[132153s] 完成 64243  成功 64242  失败 1  截断 6425  三元组 741080  | 0.49 req/s  519 out-tok/s
[132170s] 完成 64257  成功 64256  失败 1  截断 6425  三元组 741237  | 0.49 req/s  519 out-tok/s
[132192s] 完成 64268  成功 64267  失败 1  截断 6426  三元组 741344  | 0.49 req/s  519 out-tok/s
[132207s] 完成 64280  成功 64279  失败 1  截断 6426  三元组 741485  | 0.49 req/s  519 out-tok/s
[132223s] 完成 64287  成功 64286  失败 1  截断 6426  三元组 741558  | 0.49 req/s  519 out-tok/s
[132240s] 完成 64299  成功 64298  失败 1  截断 6428  三元组 741692  | 0.49 req/s  519 out-tok/s
[132255s] 完成 64308  成功 64307  失败 1  截断 6429  三元组 741777  | 0.49 req/s  519 out-tok/s
[132272s] 完成 64315  成功 64314  失败 1  截断 6430  三元组 741845  | 0.49 req/s  519 out-tok/s
[132287s] 完成 64324  成功 64323  失败 1  截断 6430  三元组 741936  | 0.49 req/s  519 out-tok/s
[132303s] 完成 64330  成功 64329  失败 1  截断 6430  三元组 742003  | 0.49 req/s  519 out-tok/s
[132325s] 完成 64340  成功 64339  失败 1  截断 6431  三元组 742097  | 0.49 req/s  519 out-tok/s
[132344s] 完成 64348  成功 64347  失败 1  截断 6432  三元组 742206  | 0.49 req/s  519 out-tok/s
[132361s] 完成 64355  成功 64354  失败 1  截断 6433  三元组 742271  | 0.49 req/s  519 out-tok/s
[132378s] 完成 64363  成功 64362  失败 1  截断 6434  三元组 742352  | 0.49 req/s  519 out-tok/s
[132394s] 完成 64375  成功 64374  失败 1  截断 6436  三元组 742479  | 0.49 req/s  519 out-tok/s
[132411s] 完成 64385  成功 64384  失败 1  截断 6437  三元组 742626  | 0.49 req/s  519 out-tok/s
[132429s] 完成 64392  成功 64391  失败 1  截断 6439  三元组 742702  | 0.49 req/s  519 out-tok/s
[132450s] 完成 64399  成功 64398  失败 1  截断 6440  三元组 742769  | 0.49 req/s  519 out-tok/s
[132466s] 完成 64409  成功 64408  失败 1  截断 6440  三元组 742883  | 0.49 req/s  519 out-tok/s
[132482s] 完成 64417  成功 64416  失败 1  截断 6441  三元组 742965  | 0.49 req/s  519 out-tok/s
[132500s] 完成 64429  成功 64428  失败 1  截断 6442  三元组 743091  | 0.49 req/s  519 out-tok/s
[132522s] 完成 64436  成功 64435  失败 1  截断 6442  三元组 743141  | 0.49 req/s  519 out-tok/s
[132538s] 完成 64448  成功 64447  失败 1  截断 6444  三元组 743284  | 0.49 req/s  519 out-tok/s
[132555s] 完成 64458  成功 64457  失败 1  截断 6446  三元组 743430  | 0.49 req/s  519 out-tok/s
[132571s] 完成 64468  成功 64467  失败 1  截断 6446  三元组 743537  | 0.49 req/s  519 out-tok/s
[132589s] 完成 64476  成功 64475  失败 1  截断 6446  三元组 743629  | 0.49 req/s  519 out-tok/s
[132616s] 完成 64482  成功 64481  失败 1  截断 6446  三元组 743693  | 0.49 req/s  519 out-tok/s
[132632s] 完成 64492  成功 64491  失败 1  截断 6446  三元组 743811  | 0.49 req/s  519 out-tok/s
[132651s] 完成 64498  成功 64497  失败 1  截断 6447  三元组 743895  | 0.49 req/s  519 out-tok/s
[132652s] 完成 64500  成功 64499  失败 1  截断 6447  三元组 743923  | 0.49 req/s  519 out-tok/s
[132667s] 完成 64507  成功 64506  失败 1  截断 6448  三元组 744015  | 0.49 req/s  519 out-tok/s
[132684s] 完成 64516  成功 64515  失败 1  截断 6450  三元组 744119  | 0.49 req/s  519 out-tok/s
[132702s] 完成 64528  成功 64527  失败 1  截断 6451  三元组 744257  | 0.49 req/s  519 out-tok/s
[132717s] 完成 64535  成功 64534  失败 1  截断 6451  三元组 744317  | 0.49 req/s  519 out-tok/s
[132733s] 完成 64547  成功 64546  失败 1  截断 6452  三元组 744442  | 0.49 req/s  519 out-tok/s
[132752s] 完成 64559  成功 64558  失败 1  截断 6453  三元组 744568  | 0.49 req/s  519 out-tok/s
[132769s] 完成 64570  成功 64569  失败 1  截断 6454  三元组 744664  | 0.49 req/s  519 out-tok/s
[132785s] 完成 64578  成功 64577  失败 1  截断 6454  三元组 744753  | 0.49 req/s  519 out-tok/s
[132806s] 完成 64588  成功 64587  失败 1  截断 6454  三元组 744879  | 0.49 req/s  519 out-tok/s
[132822s] 完成 64593  成功 64592  失败 1  截断 6455  三元组 744938  | 0.49 req/s  519 out-tok/s
[132841s] 完成 64603  成功 64602  失败 1  截断 6455  三元组 745078  | 0.49 req/s  519 out-tok/s
[132861s] 完成 64610  成功 64609  失败 1  截断 6455  三元组 745158  | 0.49 req/s  519 out-tok/s
[132876s] 完成 64619  成功 64618  失败 1  截断 6455  三元组 745260  | 0.49 req/s  519 out-tok/s
[132892s] 完成 64624  成功 64623  失败 1  截断 6456  三元组 745300  | 0.49 req/s  519 out-tok/s
[132907s] 完成 64632  成功 64631  失败 1  截断 6458  三元组 745387  | 0.49 req/s  519 out-tok/s
[132923s] 完成 64637  成功 64636  失败 1  截断 6459  三元组 745439  | 0.49 req/s  519 out-tok/s
[132940s] 完成 64644  成功 64643  失败 1  截断 6461  三元组 745508  | 0.49 req/s  519 out-tok/s
[132955s] 完成 64657  成功 64656  失败 1  截断 6464  三元组 745666  | 0.49 req/s  519 out-tok/s
[132973s] 完成 64666  成功 64665  失败 1  截断 6465  三元组 745758  | 0.49 req/s  519 out-tok/s
[132988s] 完成 64673  成功 64672  失败 1  截断 6466  三元组 745816  | 0.49 req/s  519 out-tok/s
[133004s] 完成 64679  成功 64678  失败 1  截断 6467  三元组 745875  | 0.49 req/s  519 out-tok/s
[133020s] 完成 64685  成功 64684  失败 1  截断 6467  三元组 745945  | 0.49 req/s  519 out-tok/s
[133035s] 完成 64692  成功 64691  失败 1  截断 6468  三元组 746038  | 0.49 req/s  519 out-tok/s
[133052s] 完成 64702  成功 64701  失败 1  截断 6469  三元组 746150  | 0.49 req/s  519 out-tok/s
[133071s] 完成 64712  成功 64711  失败 1  截断 6470  三元组 746279  | 0.49 req/s  519 out-tok/s
[133087s] 完成 64719  成功 64718  失败 1  截断 6470  三元组 746332  | 0.49 req/s  519 out-tok/s
[133104s] 完成 64730  成功 64729  失败 1  截断 6471  三元组 746454  | 0.49 req/s  519 out-tok/s
[133120s] 完成 64735  成功 64734  失败 1  截断 6471  三元组 746509  | 0.49 req/s  519 out-tok/s
[133140s] 完成 64750  成功 64749  失败 1  截断 6475  三元组 746656  | 0.49 req/s  519 out-tok/s
[133157s] 完成 64759  成功 64758  失败 1  截断 6475  三元组 746739  | 0.49 req/s  519 out-tok/s
[133172s] 完成 64769  成功 64768  失败 1  截断 6475  三元组 746842  | 0.49 req/s  519 out-tok/s
[133189s] 完成 64776  成功 64775  失败 1  截断 6475  三元组 746918  | 0.49 req/s  519 out-tok/s
[133204s] 完成 64786  成功 64785  失败 1  截断 6475  三元组 747039  | 0.49 req/s  519 out-tok/s
[133222s] 完成 64793  成功 64792  失败 1  截断 6475  三元组 747115  | 0.49 req/s  519 out-tok/s
[133239s] 完成 64803  成功 64802  失败 1  截断 6476  三元组 747204  | 0.49 req/s  519 out-tok/s
[133257s] 完成 64809  成功 64808  失败 1  截断 6476  三元组 747281  | 0.49 req/s  519 out-tok/s
[133274s] 完成 64819  成功 64818  失败 1  截断 6477  三元组 747372  | 0.49 req/s  519 out-tok/s
[133289s] 完成 64826  成功 64825  失败 1  截断 6477  三元组 747449  | 0.49 req/s  519 out-tok/s
[133306s] 完成 64835  成功 64834  失败 1  截断 6478  三元组 747549  | 0.49 req/s  519 out-tok/s
[133326s] 完成 64844  成功 64843  失败 1  截断 6479  三元组 747643  | 0.49 req/s  519 out-tok/s
[133349s] 完成 64850  成功 64849  失败 1  截断 6481  三元组 747709  | 0.49 req/s  519 out-tok/s
[133365s] 完成 64859  成功 64858  失败 1  截断 6483  三元组 747809  | 0.49 req/s  519 out-tok/s
[133381s] 完成 64868  成功 64867  失败 1  截断 6483  三元组 747910  | 0.49 req/s  519 out-tok/s
[133398s] 完成 64876  成功 64875  失败 1  截断 6483  三元组 748016  | 0.49 req/s  519 out-tok/s
[133413s] 完成 64882  成功 64881  失败 1  截断 6485  三元组 748073  | 0.49 req/s  519 out-tok/s
[133429s] 完成 64892  成功 64891  失败 1  截断 6486  三元组 748182  | 0.49 req/s  519 out-tok/s
[133445s] 完成 64898  成功 64897  失败 1  截断 6487  三元组 748246  | 0.49 req/s  519 out-tok/s
[133461s] 完成 64914  成功 64913  失败 1  截断 6488  三元组 748415  | 0.49 req/s  519 out-tok/s
[133476s] 完成 64917  成功 64916  失败 1  截断 6489  三元组 748445  | 0.49 req/s  519 out-tok/s
[133493s] 完成 64927  成功 64926  失败 1  截断 6491  三元组 748564  | 0.49 req/s  519 out-tok/s
[133513s] 完成 64938  成功 64937  失败 1  截断 6491  三元组 748673  | 0.49 req/s  519 out-tok/s
[133529s] 完成 64946  成功 64945  失败 1  截断 6492  三元组 748747  | 0.49 req/s  519 out-tok/s
[133546s] 完成 64954  成功 64953  失败 1  截断 6493  三元组 748810  | 0.49 req/s  519 out-tok/s
[133561s] 完成 64965  成功 64964  失败 1  截断 6493  三元组 748940  | 0.49 req/s  519 out-tok/s
[133576s] 完成 64974  成功 64973  失败 1  截断 6494  三元组 749055  | 0.49 req/s  519 out-tok/s
[133591s] 完成 64982  成功 64981  失败 1  截断 6494  三元组 749128  | 0.49 req/s  519 out-tok/s
[133607s] 完成 64989  成功 64988  失败 1  截断 6494  三元组 749195  | 0.49 req/s  519 out-tok/s
[133623s] 完成 64995  成功 64994  失败 1  截断 6495  三元组 749246  | 0.49 req/s  519 out-tok/s
[133633s] 完成 65000  成功 64999  失败 1  截断 6495  三元组 749295  | 0.49 req/s  519 out-tok/s
[133649s] 完成 65008  成功 65007  失败 1  截断 6496  三元组 749372  | 0.49 req/s  519 out-tok/s
[133665s] 完成 65013  成功 65012  失败 1  截断 6496  三元组 749418  | 0.49 req/s  519 out-tok/s
[133687s] 完成 65022  成功 65021  失败 1  截断 6499  三元组 749537  | 0.49 req/s  519 out-tok/s
[133704s] 完成 65028  成功 65027  失败 1  截断 6501  三元组 749598  | 0.49 req/s  519 out-tok/s
[133722s] 完成 65036  成功 65035  失败 1  截断 6502  三元组 749718  | 0.49 req/s  519 out-tok/s
[133737s] 完成 65046  成功 65045  失败 1  截断 6504  三元组 749827  | 0.49 req/s  519 out-tok/s
[133757s] 完成 65056  成功 65055  失败 1  截断 6506  三元组 749926  | 0.49 req/s  519 out-tok/s
[133774s] 完成 65070  成功 65069  失败 1  截断 6508  三元组 750076  | 0.49 req/s  519 out-tok/s
[133789s] 完成 65082  成功 65081  失败 1  截断 6509  三元组 750186  | 0.49 req/s  519 out-tok/s
[133804s] 完成 65089  成功 65088  失败 1  截断 6509  三元组 750243  | 0.49 req/s  519 out-tok/s
[133820s] 完成 65099  成功 65098  失败 1  截断 6510  三元组 750328  | 0.49 req/s  519 out-tok/s
[133837s] 完成 65108  成功 65107  失败 1  截断 6510  三元组 750404  | 0.49 req/s  519 out-tok/s
[133852s] 完成 65116  成功 65115  失败 1  截断 6510  三元组 750510  | 0.49 req/s  519 out-tok/s
[133869s] 完成 65123  成功 65122  失败 1  截断 6510  三元组 750577  | 0.49 req/s  519 out-tok/s
[133888s] 完成 65132  成功 65131  失败 1  截断 6510  三元组 750702  | 0.49 req/s  519 out-tok/s
[133903s] 完成 65139  成功 65138  失败 1  截断 6511  三元组 750770  | 0.49 req/s  519 out-tok/s
[133922s] 完成 65149  成功 65148  失败 1  截断 6511  三元组 750860  | 0.49 req/s  519 out-tok/s
[133937s] 完成 65156  成功 65155  失败 1  截断 6512  三元组 750940  | 0.49 req/s  519 out-tok/s
[133955s] 完成 65166  成功 65165  失败 1  截断 6514  三元组 751060  | 0.49 req/s  519 out-tok/s
[133972s] 完成 65174  成功 65173  失败 1  截断 6515  三元组 751155  | 0.49 req/s  519 out-tok/s
[133988s] 完成 65183  成功 65182  失败 1  截断 6518  三元组 751248  | 0.49 req/s  519 out-tok/s
[134004s] 完成 65188  成功 65187  失败 1  截断 6518  三元组 751314  | 0.49 req/s  519 out-tok/s
[134023s] 完成 65194  成功 65193  失败 1  截断 6519  三元组 751379  | 0.49 req/s  519 out-tok/s
[134042s] 完成 65204  成功 65203  失败 1  截断 6521  三元组 751490  | 0.49 req/s  519 out-tok/s
[134058s] 完成 65217  成功 65216  失败 1  截断 6521  三元组 751631  | 0.49 req/s  519 out-tok/s
[134075s] 完成 65223  成功 65222  失败 1  截断 6523  三元组 751692  | 0.49 req/s  519 out-tok/s
[134092s] 完成 65230  成功 65229  失败 1  截断 6524  三元组 751777  | 0.49 req/s  519 out-tok/s
[134107s] 完成 65240  成功 65239  失败 1  截断 6526  三元组 751888  | 0.49 req/s  519 out-tok/s
[134122s] 完成 65244  成功 65243  失败 1  截断 6526  三元组 751931  | 0.49 req/s  519 out-tok/s
[134139s] 完成 65250  成功 65249  失败 1  截断 6527  三元组 752009  | 0.49 req/s  519 out-tok/s
[134156s] 完成 65264  成功 65263  失败 1  截断 6529  三元组 752179  | 0.49 req/s  519 out-tok/s
[134174s] 完成 65272  成功 65271  失败 1  截断 6529  三元组 752253  | 0.49 req/s  519 out-tok/s
[134190s] 完成 65281  成功 65280  失败 1  截断 6529  三元组 752360  | 0.49 req/s  519 out-tok/s
[134206s] 完成 65289  成功 65288  失败 1  截断 6530  三元组 752462  | 0.49 req/s  519 out-tok/s
[134221s] 完成 65297  成功 65296  失败 1  截断 6531  三元组 752543  | 0.49 req/s  519 out-tok/s
[134236s] 完成 65311  成功 65310  失败 1  截断 6531  三元组 752682  | 0.49 req/s  519 out-tok/s
[134255s] 完成 65316  成功 65315  失败 1  截断 6532  三元组 752738  | 0.49 req/s  519 out-tok/s
[134272s] 完成 65328  成功 65327  失败 1  截断 6533  三元组 752871  | 0.49 req/s  519 out-tok/s
[134289s] 完成 65336  成功 65335  失败 1  截断 6534  三元组 752949  | 0.49 req/s  519 out-tok/s
[134307s] 完成 65340  成功 65339  失败 1  截断 6534  三元组 752990  | 0.49 req/s  519 out-tok/s
[134325s] 完成 65349  成功 65348  失败 1  截断 6535  三元组 753066  | 0.49 req/s  519 out-tok/s
[134342s] 完成 65359  成功 65358  失败 1  截断 6535  三元组 753204  | 0.49 req/s  519 out-tok/s
[134358s] 完成 65364  成功 65363  失败 1  截断 6535  三元组 753272  | 0.49 req/s  519 out-tok/s
[134374s] 完成 65373  成功 65372  失败 1  截断 6537  三元组 753352  | 0.49 req/s  519 out-tok/s
[134390s] 完成 65382  成功 65381  失败 1  截断 6539  三元组 753442  | 0.49 req/s  519 out-tok/s
[134408s] 完成 65394  成功 65393  失败 1  截断 6540  三元组 753583  | 0.49 req/s  519 out-tok/s
[134427s] 完成 65401  成功 65400  失败 1  截断 6541  三元组 753651  | 0.49 req/s  519 out-tok/s
[134443s] 完成 65413  成功 65412  失败 1  截断 6541  三元组 753776  | 0.49 req/s  519 out-tok/s
[134461s] 完成 65424  成功 65423  失败 1  截断 6541  三元组 753910  | 0.49 req/s  519 out-tok/s
[134478s] 完成 65436  成功 65435  失败 1  截断 6542  三元组 754042  | 0.49 req/s  519 out-tok/s
[134494s] 完成 65443  成功 65442  失败 1  截断 6542  三元组 754103  | 0.49 req/s  519 out-tok/s
[134511s] 完成 65450  成功 65449  失败 1  截断 6542  三元组 754165  | 0.49 req/s  519 out-tok/s
[134528s] 完成 65458  成功 65457  失败 1  截断 6544  三元组 754234  | 0.49 req/s  519 out-tok/s
[134544s] 完成 65470  成功 65469  失败 1  截断 6544  三元组 754381  | 0.49 req/s  519 out-tok/s
[134563s] 完成 65479  成功 65478  失败 1  截断 6545  三元组 754499  | 0.49 req/s  519 out-tok/s
[134580s] 完成 65486  成功 65485  失败 1  截断 6545  三元组 754574  | 0.49 req/s  519 out-tok/s
[134598s] 完成 65492  成功 65491  失败 1  截断 6545  三元组 754645  | 0.49 req/s  519 out-tok/s
[134612s] 完成 65500  成功 65499  失败 1  截断 6546  三元组 754750  | 0.49 req/s  519 out-tok/s
[134633s] 完成 65508  成功 65507  失败 1  截断 6548  三元组 754829  | 0.49 req/s  519 out-tok/s
[134650s] 完成 65517  成功 65516  失败 1  截断 6548  三元组 754920  | 0.49 req/s  519 out-tok/s
[134667s] 完成 65526  成功 65525  失败 1  截断 6548  三元组 755014  | 0.49 req/s  519 out-tok/s
[134683s] 完成 65535  成功 65534  失败 1  截断 6550  三元组 755110  | 0.49 req/s  519 out-tok/s
[134699s] 完成 65546  成功 65545  失败 1  截断 6552  三元组 755221  | 0.49 req/s  519 out-tok/s
[134716s] 完成 65556  成功 65555  失败 1  截断 6555  三元组 755348  | 0.49 req/s  519 out-tok/s
[134732s] 完成 65560  成功 65559  失败 1  截断 6555  三元组 755381  | 0.49 req/s  519 out-tok/s
[134748s] 完成 65573  成功 65572  失败 1  截断 6555  三元组 755509  | 0.49 req/s  519 out-tok/s
[134772s] 完成 65581  成功 65580  失败 1  截断 6556  三元组 755617  | 0.49 req/s  519 out-tok/s
[134787s] 完成 65585  成功 65584  失败 1  截断 6556  三元组 755654  | 0.49 req/s  519 out-tok/s
[134805s] 完成 65595  成功 65594  失败 1  截断 6557  三元组 755762  | 0.49 req/s  519 out-tok/s
[134823s] 完成 65602  成功 65601  失败 1  截断 6558  三元组 755849  | 0.49 req/s  519 out-tok/s
[134838s] 完成 65610  成功 65609  失败 1  截断 6559  三元组 755945  | 0.49 req/s  519 out-tok/s
[134853s] 完成 65618  成功 65617  失败 1  截断 6560  三元组 756022  | 0.49 req/s  519 out-tok/s
[134871s] 完成 65631  成功 65630  失败 1  截断 6562  三元组 756158  | 0.49 req/s  519 out-tok/s
[134886s] 完成 65638  成功 65637  失败 1  截断 6562  三元组 756233  | 0.49 req/s  519 out-tok/s
[134902s] 完成 65648  成功 65647  失败 1  截断 6565  三元组 756327  | 0.49 req/s  519 out-tok/s
[134919s] 完成 65654  成功 65653  失败 1  截断 6565  三元组 756403  | 0.49 req/s  519 out-tok/s
[134938s] 完成 65662  成功 65661  失败 1  截断 6565  三元组 756500  | 0.49 req/s  519 out-tok/s
[134955s] 完成 65668  成功 65667  失败 1  截断 6566  三元组 756570  | 0.49 req/s  519 out-tok/s
[134970s] 完成 65678  成功 65677  失败 1  截断 6566  三元组 756686  | 0.49 req/s  519 out-tok/s
[134986s] 完成 65686  成功 65685  失败 1  截断 6567  三元组 756787  | 0.49 req/s  519 out-tok/s
[135002s] 完成 65693  成功 65692  失败 1  截断 6567  三元组 756844  | 0.49 req/s  519 out-tok/s
[135017s] 完成 65704  成功 65703  失败 1  截断 6568  三元组 756954  | 0.49 req/s  519 out-tok/s
[135032s] 完成 65714  成功 65713  失败 1  截断 6568  三元组 757075  | 0.49 req/s  519 out-tok/s
[135048s] 完成 65726  成功 65725  失败 1  截断 6571  三元组 757202  | 0.49 req/s  519 out-tok/s
[135064s] 完成 65736  成功 65735  失败 1  截断 6571  三元组 757310  | 0.49 req/s  519 out-tok/s
[135080s] 完成 65747  成功 65746  失败 1  截断 6571  三元组 757417  | 0.49 req/s  519 out-tok/s
[135097s] 完成 65755  成功 65754  失败 1  截断 6571  三元组 757483  | 0.49 req/s  519 out-tok/s
[135113s] 完成 65765  成功 65764  失败 1  截断 6571  三元组 757616  | 0.49 req/s  519 out-tok/s
[135129s] 完成 65770  成功 65769  失败 1  截断 6571  三元组 757668  | 0.49 req/s  519 out-tok/s
[135144s] 完成 65780  成功 65779  失败 1  截断 6572  三元组 757789  | 0.49 req/s  519 out-tok/s
[135161s] 完成 65781  成功 65780  失败 1  截断 6572  三元组 757804  | 0.49 req/s  519 out-tok/s
[135177s] 完成 65788  成功 65787  失败 1  截断 6573  三元组 757924  | 0.49 req/s  519 out-tok/s
[135192s] 完成 65796  成功 65795  失败 1  截断 6574  三元组 758023  | 0.49 req/s  519 out-tok/s
[135207s] 完成 65803  成功 65802  失败 1  截断 6574  三元组 758137  | 0.49 req/s  519 out-tok/s
[135225s] 完成 65809  成功 65808  失败 1  截断 6574  三元组 758223  | 0.49 req/s  519 out-tok/s
[135243s] 完成 65819  成功 65818  失败 1  截断 6575  三元组 758331  | 0.49 req/s  519 out-tok/s
[135263s] 完成 65827  成功 65826  失败 1  截断 6578  三元组 758449  | 0.49 req/s  519 out-tok/s
[135278s] 完成 65832  成功 65831  失败 1  截断 6578  三元组 758524  | 0.49 req/s  519 out-tok/s
[135294s] 完成 65843  成功 65842  失败 1  截断 6579  三元组 758638  | 0.49 req/s  519 out-tok/s
[135311s] 完成 65853  成功 65852  失败 1  截断 6581  三元组 758747  | 0.49 req/s  519 out-tok/s
[135326s] 完成 65863  成功 65862  失败 1  截断 6582  三元组 758876  | 0.49 req/s  519 out-tok/s
[135344s] 完成 65871  成功 65870  失败 1  截断 6584  三元组 758940  | 0.49 req/s  519 out-tok/s
[135364s] 完成 65880  成功 65879  失败 1  截断 6585  三元组 759025  | 0.49 req/s  519 out-tok/s
[135379s] 完成 65887  成功 65886  失败 1  截断 6585  三元组 759112  | 0.49 req/s  519 out-tok/s
[135396s] 完成 65895  成功 65894  失败 1  截断 6586  三元组 759214  | 0.49 req/s  519 out-tok/s
[135413s] 完成 65901  成功 65900  失败 1  截断 6586  三元组 759276  | 0.49 req/s  519 out-tok/s
[135429s] 完成 65910  成功 65909  失败 1  截断 6586  三元组 759382  | 0.49 req/s  519 out-tok/s
[135444s] 完成 65915  成功 65914  失败 1  截断 6586  三元组 759454  | 0.49 req/s  519 out-tok/s
[135460s] 完成 65926  成功 65925  失败 1  截断 6589  三元组 759642  | 0.49 req/s  519 out-tok/s
[135476s] 完成 65933  成功 65932  失败 1  截断 6590  三元组 759693  | 0.49 req/s  519 out-tok/s
[135492s] 完成 65941  成功 65940  失败 1  截断 6592  三元组 759768  | 0.49 req/s  519 out-tok/s
[135513s] 完成 65948  成功 65947  失败 1  截断 6592  三元组 759841  | 0.49 req/s  519 out-tok/s
[135529s] 完成 65960  成功 65959  失败 1  截断 6592  三元组 760012  | 0.49 req/s  519 out-tok/s
[135544s] 完成 65967  成功 65966  失败 1  截断 6593  三元组 760092  | 0.49 req/s  519 out-tok/s
[135560s] 完成 65976  成功 65975  失败 1  截断 6593  三元组 760194  | 0.49 req/s  519 out-tok/s
[135576s] 完成 65982  成功 65981  失败 1  截断 6593  三元组 760272  | 0.49 req/s  519 out-tok/s
[135591s] 完成 65991  成功 65990  失败 1  截断 6593  三元组 760354  | 0.49 req/s  519 out-tok/s
[135606s] 完成 65997  成功 65996  失败 1  截断 6594  三元组 760433  | 0.49 req/s  519 out-tok/s
[135612s] 完成 66000  成功 65999  失败 1  截断 6595  三元组 760479  | 0.49 req/s  519 out-tok/s
[135628s] 完成 66006  成功 66005  失败 1  截断 6595  三元组 760537  | 0.49 req/s  519 out-tok/s
[135645s] 完成 66013  成功 66012  失败 1  截断 6595  三元组 760644  | 0.49 req/s  519 out-tok/s
[135663s] 完成 66022  成功 66021  失败 1  截断 6597  三元组 760785  | 0.49 req/s  519 out-tok/s
[135678s] 完成 66035  成功 66034  失败 1  截断 6599  三元组 760951  | 0.49 req/s  519 out-tok/s
[135694s] 完成 66040  成功 66039  失败 1  截断 6599  三元组 761024  | 0.49 req/s  519 out-tok/s
[135710s] 完成 66048  成功 66047  失败 1  截断 6599  三元组 761107  | 0.49 req/s  519 out-tok/s
[135726s] 完成 66054  成功 66053  失败 1  截断 6599  三元组 761160  | 0.49 req/s  519 out-tok/s
[135742s] 完成 66064  成功 66063  失败 1  截断 6599  三元组 761279  | 0.49 req/s  519 out-tok/s
[135757s] 完成 66070  成功 66069  失败 1  截断 6600  三元组 761352  | 0.49 req/s  519 out-tok/s
[135773s] 完成 66075  成功 66074  失败 1  截断 6600  三元组 761428  | 0.49 req/s  519 out-tok/s
[135789s] 完成 66085  成功 66084  失败 1  截断 6600  三元组 761534  | 0.49 req/s  519 out-tok/s
[135804s] 完成 66094  成功 66093  失败 1  截断 6601  三元组 761666  | 0.49 req/s  519 out-tok/s
[135825s] 完成 66101  成功 66100  失败 1  截断 6603  三元组 761749  | 0.49 req/s  519 out-tok/s
[135843s] 完成 66107  成功 66106  失败 1  截断 6603  三元组 761821  | 0.49 req/s  519 out-tok/s
[135868s] 完成 66119  成功 66118  失败 1  截断 6604  三元组 761955  | 0.49 req/s  519 out-tok/s
[135889s] 完成 66130  成功 66129  失败 1  截断 6604  三元组 762089  | 0.49 req/s  519 out-tok/s
[135904s] 完成 66139  成功 66138  失败 1  截断 6607  三元组 762184  | 0.49 req/s  519 out-tok/s
[135924s] 完成 66146  成功 66145  失败 1  截断 6607  三元组 762268  | 0.49 req/s  519 out-tok/s
[135941s] 完成 66158  成功 66157  失败 1  截断 6607  三元组 762374  | 0.49 req/s  519 out-tok/s
[135957s] 完成 66166  成功 66165  失败 1  截断 6609  三元组 762471  | 0.49 req/s  519 out-tok/s
[135972s] 完成 66176  成功 66175  失败 1  截断 6611  三元组 762551  | 0.49 req/s  519 out-tok/s
[135989s] 完成 66187  成功 66186  失败 1  截断 6612  三元组 762684  | 0.49 req/s  519 out-tok/s
[136004s] 完成 66195  成功 66194  失败 1  截断 6612  三元组 762749  | 0.49 req/s  519 out-tok/s
[136021s] 完成 66203  成功 66202  失败 1  截断 6612  三元组 762830  | 0.49 req/s  519 out-tok/s
[136037s] 完成 66214  成功 66213  失败 1  截断 6612  三元组 762961  | 0.49 req/s  519 out-tok/s
[136053s] 完成 66220  成功 66219  失败 1  截断 6613  三元组 763022  | 0.49 req/s  519 out-tok/s
[136071s] 完成 66226  成功 66225  失败 1  截断 6613  三元组 763078  | 0.49 req/s  519 out-tok/s
[136088s] 完成 66236  成功 66235  失败 1  截断 6613  三元组 763214  | 0.49 req/s  519 out-tok/s
[136103s] 完成 66245  成功 66244  失败 1  截断 6614  三元组 763323  | 0.49 req/s  519 out-tok/s
[136120s] 完成 66250  成功 66249  失败 1  截断 6614  三元组 763372  | 0.49 req/s  519 out-tok/s
[136135s] 完成 66259  成功 66258  失败 1  截断 6615  三元组 763496  | 0.49 req/s  519 out-tok/s
[136154s] 完成 66270  成功 66269  失败 1  截断 6617  三元组 763624  | 0.49 req/s  519 out-tok/s
[136171s] 完成 66277  成功 66276  失败 1  截断 6618  三元组 763703  | 0.49 req/s  519 out-tok/s
[136186s] 完成 66284  成功 66283  失败 1  截断 6618  三元组 763768  | 0.49 req/s  519 out-tok/s
[136201s] 完成 66297  成功 66296  失败 1  截断 6619  三元组 763915  | 0.49 req/s  519 out-tok/s
[136217s] 完成 66306  成功 66305  失败 1  截断 6622  三元组 764022  | 0.49 req/s  519 out-tok/s
[136235s] 完成 66311  成功 66310  失败 1  截断 6623  三元组 764072  | 0.49 req/s  519 out-tok/s
[136251s] 完成 66320  成功 66319  失败 1  截断 6623  三元组 764160  | 0.49 req/s  519 out-tok/s
[136270s] 完成 66329  成功 66328  失败 1  截断 6623  三元组 764268  | 0.49 req/s  519 out-tok/s
[136285s] 完成 66338  成功 66337  失败 1  截断 6623  三元组 764395  | 0.49 req/s  519 out-tok/s
[136301s] 完成 66345  成功 66344  失败 1  截断 6623  三元组 764487  | 0.49 req/s  519 out-tok/s
[136321s] 完成 66358  成功 66357  失败 1  截断 6623  三元组 764671  | 0.49 req/s  519 out-tok/s
[136340s] 完成 66367  成功 66366  失败 1  截断 6623  三元组 764744  | 0.49 req/s  519 out-tok/s
[136356s] 完成 66372  成功 66371  失败 1  截断 6623  三元组 764794  | 0.49 req/s  519 out-tok/s
[136371s] 完成 66382  成功 66381  失败 1  截断 6625  三元组 764901  | 0.49 req/s  519 out-tok/s
[136387s] 完成 66393  成功 66392  失败 1  截断 6625  三元组 765046  | 0.49 req/s  519 out-tok/s
[136407s] 完成 66396  成功 66395  失败 1  截断 6626  三元组 765077  | 0.49 req/s  519 out-tok/s
[136424s] 完成 66410  成功 66409  失败 1  截断 6626  三元组 765234  | 0.49 req/s  519 out-tok/s
[136440s] 完成 66416  成功 66415  失败 1  截断 6626  三元组 765286  | 0.49 req/s  519 out-tok/s
[136456s] 完成 66426  成功 66425  失败 1  截断 6626  三元组 765397  | 0.49 req/s  519 out-tok/s
[136471s] 完成 66433  成功 66432  失败 1  截断 6626  三元组 765467  | 0.49 req/s  519 out-tok/s
[136491s] 完成 66443  成功 66442  失败 1  截断 6630  三元组 765610  | 0.49 req/s  519 out-tok/s
[136510s] 完成 66450  成功 66449  失败 1  截断 6630  三元组 765694  | 0.49 req/s  519 out-tok/s
[136529s] 完成 66456  成功 66455  失败 1  截断 6630  三元组 765776  | 0.49 req/s  519 out-tok/s
[136544s] 完成 66463  成功 66462  失败 1  截断 6632  三元组 765860  | 0.49 req/s  519 out-tok/s
[136560s] 完成 66470  成功 66469  失败 1  截断 6632  三元组 765933  | 0.49 req/s  519 out-tok/s
[136576s] 完成 66483  成功 66482  失败 1  截断 6634  三元组 766092  | 0.49 req/s  519 out-tok/s
[136596s] 完成 66490  成功 66489  失败 1  截断 6636  三元组 766166  | 0.49 req/s  519 out-tok/s
[136611s] 完成 66495  成功 66494  失败 1  截断 6637  三元组 766220  | 0.49 req/s  519 out-tok/s
[136620s] 完成 66500  成功 66499  失败 1  截断 6638  三元组 766289  | 0.49 req/s  519 out-tok/s
[136637s] 完成 66508  成功 66507  失败 1  截断 6638  三元组 766386  | 0.49 req/s  519 out-tok/s
[136654s] 完成 66520  成功 66519  失败 1  截断 6639  三元组 766536  | 0.49 req/s  519 out-tok/s
[136676s] 完成 66527  成功 66526  失败 1  截断 6639  三元组 766633  | 0.49 req/s  519 out-tok/s
[136696s] 完成 66536  成功 66535  失败 1  截断 6639  三元组 766738  | 0.49 req/s  519 out-tok/s
[136712s] 完成 66546  成功 66545  失败 1  截断 6639  三元组 766839  | 0.49 req/s  519 out-tok/s
[136731s] 完成 66557  成功 66556  失败 1  截断 6641  三元组 766961  | 0.49 req/s  519 out-tok/s
[136752s] 完成 66563  成功 66562  失败 1  截断 6641  三元组 767022  | 0.49 req/s  519 out-tok/s
[136772s] 完成 66572  成功 66571  失败 1  截断 6643  三元组 767123  | 0.49 req/s  519 out-tok/s
[136787s] 完成 66582  成功 66581  失败 1  截断 6643  三元组 767240  | 0.49 req/s  519 out-tok/s
[136803s] 完成 66588  成功 66587  失败 1  截断 6646  三元组 767341  | 0.49 req/s  519 out-tok/s
[136819s] 完成 66596  成功 66595  失败 1  截断 6646  三元组 767407  | 0.49 req/s  519 out-tok/s
[136834s] 完成 66603  成功 66602  失败 1  截断 6646  三元组 767487  | 0.49 req/s  519 out-tok/s
[136851s] 完成 66614  成功 66613  失败 1  截断 6648  三元组 767615  | 0.49 req/s  519 out-tok/s
[136868s] 完成 66619  成功 66618  失败 1  截断 6648  三元组 767672  | 0.49 req/s  519 out-tok/s
[136886s] 完成 66627  成功 66626  失败 1  截断 6649  三元组 767779  | 0.49 req/s  519 out-tok/s
[136904s] 完成 66634  成功 66633  失败 1  截断 6650  三元组 767873  | 0.49 req/s  519 out-tok/s
[136922s] 完成 66639  成功 66638  失败 1  截断 6650  三元组 767938  | 0.49 req/s  519 out-tok/s
[136937s] 完成 66649  成功 66648  失败 1  截断 6650  三元组 768063  | 0.49 req/s  519 out-tok/s
[136959s] 完成 66661  成功 66660  失败 1  截断 6652  三元组 768197  | 0.49 req/s  519 out-tok/s
[136974s] 完成 66666  成功 66665  失败 1  截断 6652  三元组 768239  | 0.49 req/s  519 out-tok/s
[136994s] 完成 66677  成功 66676  失败 1  截断 6654  三元组 768393  | 0.49 req/s  519 out-tok/s
[137011s] 完成 66684  成功 66683  失败 1  截断 6655  三元组 768452  | 0.49 req/s  519 out-tok/s
[137027s] 完成 66695  成功 66694  失败 1  截断 6657  三元组 768584  | 0.49 req/s  519 out-tok/s
[137042s] 完成 66704  成功 66703  失败 1  截断 6657  三元组 768688  | 0.49 req/s  519 out-tok/s
[137058s] 完成 66713  成功 66712  失败 1  截断 6658  三元组 768793  | 0.49 req/s  519 out-tok/s
[137074s] 完成 66720  成功 66719  失败 1  截断 6659  三元组 768851  | 0.49 req/s  519 out-tok/s
[137093s] 完成 66728  成功 66727  失败 1  截断 6659  三元组 768936  | 0.49 req/s  519 out-tok/s
[137109s] 完成 66738  成功 66737  失败 1  截断 6660  三元组 769044  | 0.49 req/s  519 out-tok/s
[137128s] 完成 66746  成功 66745  失败 1  截断 6661  三元组 769139  | 0.49 req/s  519 out-tok/s
[137146s] 完成 66758  成功 66757  失败 1  截断 6661  三元组 769274  | 0.49 req/s  519 out-tok/s
[137161s] 完成 66766  成功 66765  失败 1  截断 6661  三元组 769364  | 0.49 req/s  519 out-tok/s
[137178s] 完成 66776  成功 66775  失败 1  截断 6661  三元组 769469  | 0.49 req/s  519 out-tok/s
[137195s] 完成 66784  成功 66783  失败 1  截断 6661  三元组 769557  | 0.49 req/s  519 out-tok/s
[137210s] 完成 66789  成功 66788  失败 1  截断 6662  三元组 769641  | 0.49 req/s  519 out-tok/s
[137231s] 完成 66801  成功 66800  失败 1  截断 6664  三元组 769769  | 0.49 req/s  519 out-tok/s
[137246s] 完成 66811  成功 66810  失败 1  截断 6665  三元组 769870  | 0.49 req/s  519 out-tok/s
[137263s] 完成 66818  成功 66817  失败 1  截断 6665  三元组 769947  | 0.49 req/s  519 out-tok/s
[137279s] 完成 66826  成功 66825  失败 1  截断 6666  三元组 770033  | 0.49 req/s  519 out-tok/s
[137300s] 完成 66838  成功 66837  失败 1  截断 6667  三元组 770162  | 0.49 req/s  519 out-tok/s
[137315s] 完成 66846  成功 66845  失败 1  截断 6667  三元组 770237  | 0.49 req/s  519 out-tok/s
[137331s] 完成 66856  成功 66855  失败 1  截断 6669  三元组 770360  | 0.49 req/s  519 out-tok/s
[137347s] 完成 66870  成功 66869  失败 1  截断 6670  三元组 770506  | 0.49 req/s  519 out-tok/s
[137363s] 完成 66875  成功 66874  失败 1  截断 6670  三元组 770557  | 0.49 req/s  519 out-tok/s
[137380s] 完成 66883  成功 66882  失败 1  截断 6671  三元组 770642  | 0.49 req/s  519 out-tok/s
[137398s] 完成 66896  成功 66895  失败 1  截断 6671  三元组 770777  | 0.49 req/s  519 out-tok/s
[137417s] 完成 66904  成功 66903  失败 1  截断 6671  三元组 770864  | 0.49 req/s  519 out-tok/s
[137441s] 完成 66912  成功 66911  失败 1  截断 6671  三元组 770965  | 0.49 req/s  519 out-tok/s
[137464s] 完成 66922  成功 66921  失败 1  截断 6672  三元组 771112  | 0.49 req/s  519 out-tok/s
[137485s] 完成 66929  成功 66928  失败 1  截断 6673  三元组 771205  | 0.49 req/s  519 out-tok/s
[137502s] 完成 66936  成功 66935  失败 1  截断 6676  三元组 771289  | 0.49 req/s  519 out-tok/s
[137518s] 完成 66952  成功 66951  失败 1  截断 6676  三元组 771469  | 0.49 req/s  519 out-tok/s
[137535s] 完成 66957  成功 66956  失败 1  截断 6676  三元组 771524  | 0.49 req/s  519 out-tok/s
[137551s] 完成 66963  成功 66962  失败 1  截断 6676  三元组 771588  | 0.49 req/s  519 out-tok/s
[137568s] 完成 66971  成功 66970  失败 1  截断 6678  三元组 771684  | 0.49 req/s  519 out-tok/s
[137588s] 完成 66985  成功 66984  失败 1  截断 6680  三元组 771838  | 0.49 req/s  519 out-tok/s
[137612s] 完成 66989  成功 66988  失败 1  截断 6680  三元组 771879  | 0.49 req/s  519 out-tok/s
[137627s] 完成 67000  成功 66999  失败 1  截断 6680  三元组 772042  | 0.49 req/s  519 out-tok/s
[137649s] 完成 67009  成功 67008  失败 1  截断 6680  三元组 772171  | 0.49 req/s  519 out-tok/s
[137664s] 完成 67017  成功 67016  失败 1  截断 6682  三元组 772256  | 0.49 req/s  519 out-tok/s
[137682s] 完成 67022  成功 67021  失败 1  截断 6683  三元组 772345  | 0.49 req/s  519 out-tok/s
[137697s] 完成 67029  成功 67028  失败 1  截断 6684  三元组 772432  | 0.49 req/s  519 out-tok/s
[137712s] 完成 67036  成功 67035  失败 1  截断 6685  三元组 772526  | 0.49 req/s  519 out-tok/s
[137727s] 完成 67044  成功 67043  失败 1  截断 6685  三元组 772630  | 0.49 req/s  519 out-tok/s
[137743s] 完成 67053  成功 67052  失败 1  截断 6686  三元组 772714  | 0.49 req/s  519 out-tok/s
[137759s] 完成 67066  成功 67065  失败 1  截断 6686  三元组 772853  | 0.49 req/s  519 out-tok/s
[137780s] 完成 67072  成功 67071  失败 1  截断 6686  三元组 772906  | 0.49 req/s  519 out-tok/s
[137798s] 完成 67081  成功 67080  失败 1  截断 6688  三元组 772987  | 0.49 req/s  519 out-tok/s
[137814s] 完成 67092  成功 67091  失败 1  截断 6689  三元组 773101  | 0.49 req/s  519 out-tok/s
[137832s] 完成 67101  成功 67100  失败 1  截断 6690  三元组 773214  | 0.49 req/s  519 out-tok/s
[137848s] 完成 67109  成功 67108  失败 1  截断 6691  三元组 773295  | 0.49 req/s  519 out-tok/s
[137865s] 完成 67119  成功 67118  失败 1  截断 6691  三元组 773407  | 0.49 req/s  519 out-tok/s
[137883s] 完成 67126  成功 67125  失败 1  截断 6691  三元组 773488  | 0.49 req/s  519 out-tok/s
[137901s] 完成 67137  成功 67136  失败 1  截断 6691  三元组 773595  | 0.49 req/s  519 out-tok/s
[137917s] 完成 67142  成功 67141  失败 1  截断 6692  三元组 773666  | 0.49 req/s  519 out-tok/s
[137935s] 完成 67151  成功 67150  失败 1  截断 6693  三元组 773766  | 0.49 req/s  519 out-tok/s
[137950s] 完成 67160  成功 67159  失败 1  截断 6693  三元组 773887  | 0.49 req/s  519 out-tok/s
[137969s] 完成 67169  成功 67168  失败 1  截断 6695  三元组 773992  | 0.49 req/s  519 out-tok/s
[137985s] 完成 67181  成功 67180  失败 1  截断 6696  三元组 774099  | 0.49 req/s  519 out-tok/s
[138000s] 完成 67189  成功 67188  失败 1  截断 6696  三元组 774188  | 0.49 req/s  519 out-tok/s
[138015s] 完成 67198  成功 67197  失败 1  截断 6696  三元组 774250  | 0.49 req/s  519 out-tok/s
[138034s] 完成 67207  成功 67206  失败 1  截断 6696  三元组 774364  | 0.49 req/s  519 out-tok/s
[138050s] 完成 67216  成功 67215  失败 1  截断 6697  三元组 774434  | 0.49 req/s  519 out-tok/s
[138067s] 完成 67224  成功 67223  失败 1  截断 6699  三元组 774513  | 0.49 req/s  519 out-tok/s
[138088s] 完成 67232  成功 67231  失败 1  截断 6701  三元组 774606  | 0.49 req/s  519 out-tok/s
[138106s] 完成 67245  成功 67244  失败 1  截断 6703  三元组 774755  | 0.49 req/s  519 out-tok/s
[138122s] 完成 67251  成功 67250  失败 1  截断 6703  三元组 774810  | 0.49 req/s  519 out-tok/s
[138140s] 完成 67261  成功 67260  失败 1  截断 6703  三元组 774899  | 0.49 req/s  519 out-tok/s
[138155s] 完成 67268  成功 67267  失败 1  截断 6703  三元组 774975  | 0.49 req/s  519 out-tok/s
[138172s] 完成 67277  成功 67276  失败 1  截断 6706  三元组 775094  | 0.49 req/s  519 out-tok/s
[138189s] 完成 67283  成功 67282  失败 1  截断 6707  三元组 775142  | 0.49 req/s  519 out-tok/s
[138204s] 完成 67294  成功 67293  失败 1  截断 6709  三元组 775241  | 0.49 req/s  519 out-tok/s
[138221s] 完成 67302  成功 67301  失败 1  截断 6709  三元组 775353  | 0.49 req/s  519 out-tok/s
[138241s] 完成 67311  成功 67310  失败 1  截断 6710  三元组 775437  | 0.49 req/s  519 out-tok/s
[138260s] 完成 67319  成功 67318  失败 1  截断 6711  三元组 775505  | 0.49 req/s  519 out-tok/s
[138276s] 完成 67331  成功 67330  失败 1  截断 6712  三元组 775645  | 0.49 req/s  519 out-tok/s
[138291s] 完成 67336  成功 67335  失败 1  截断 6714  三元组 775677  | 0.49 req/s  519 out-tok/s
[138308s] 完成 67343  成功 67342  失败 1  截断 6714  三元组 775764  | 0.49 req/s  519 out-tok/s
[138323s] 完成 67353  成功 67352  失败 1  截断 6715  三元组 775869  | 0.49 req/s  519 out-tok/s
[138338s] 完成 67365  成功 67364  失败 1  截断 6715  三元组 775987  | 0.49 req/s  519 out-tok/s
[138354s] 完成 67371  成功 67370  失败 1  截断 6716  三元组 776048  | 0.49 req/s  519 out-tok/s
[138371s] 完成 67379  成功 67378  失败 1  截断 6717  三元组 776143  | 0.49 req/s  519 out-tok/s
[138387s] 完成 67388  成功 67387  失败 1  截断 6718  三元组 776265  | 0.49 req/s  519 out-tok/s
[138403s] 完成 67396  成功 67395  失败 1  截断 6718  三元组 776336  | 0.49 req/s  519 out-tok/s
[138419s] 完成 67405  成功 67404  失败 1  截断 6719  三元组 776449  | 0.49 req/s  519 out-tok/s
[138434s] 完成 67412  成功 67411  失败 1  截断 6720  三元组 776544  | 0.49 req/s  519 out-tok/s
[138451s] 完成 67423  成功 67422  失败 1  截断 6721  三元组 776643  | 0.49 req/s  519 out-tok/s
[138467s] 完成 67426  成功 67425  失败 1  截断 6721  三元组 776670  | 0.49 req/s  519 out-tok/s
[138482s] 完成 67438  成功 67437  失败 1  截断 6721  三元组 776824  | 0.49 req/s  519 out-tok/s
[138498s] 完成 67446  成功 67445  失败 1  截断 6723  三元组 776932  | 0.49 req/s  519 out-tok/s
[138514s] 完成 67455  成功 67454  失败 1  截断 6724  三元组 777022  | 0.49 req/s  519 out-tok/s
[138530s] 完成 67464  成功 67463  失败 1  截断 6724  三元组 777130  | 0.49 req/s  519 out-tok/s
[138548s] 完成 67467  成功 67466  失败 1  截断 6724  三元组 777159  | 0.49 req/s  519 out-tok/s
[138565s] 完成 67475  成功 67474  失败 1  截断 6724  三元组 777264  | 0.49 req/s  519 out-tok/s
[138581s] 完成 67484  成功 67483  失败 1  截断 6726  三元组 777386  | 0.49 req/s  519 out-tok/s
[138597s] 完成 67498  成功 67497  失败 1  截断 6727  三元组 777583  | 0.49 req/s  519 out-tok/s
[138604s] 完成 67500  成功 67499  失败 1  截断 6727  三元组 777612  | 0.49 req/s  519 out-tok/s
[138619s] 完成 67508  成功 67507  失败 1  截断 6727  三元组 777699  | 0.49 req/s  519 out-tok/s
[138639s] 完成 67519  成功 67518  失败 1  截断 6728  三元组 777805  | 0.49 req/s  519 out-tok/s
[138665s] 完成 67529  成功 67528  失败 1  截断 6729  三元组 777914  | 0.49 req/s  519 out-tok/s
[138681s] 完成 67538  成功 67537  失败 1  截断 6729  三元组 778021  | 0.49 req/s  519 out-tok/s
[138698s] 完成 67546  成功 67545  失败 1  截断 6729  三元组 778084  | 0.49 req/s  519 out-tok/s
[138714s] 完成 67554  成功 67553  失败 1  截断 6729  三元组 778168  | 0.49 req/s  519 out-tok/s
[138729s] 完成 67560  成功 67559  失败 1  截断 6730  三元组 778211  | 0.49 req/s  519 out-tok/s
[138745s] 完成 67568  成功 67567  失败 1  截断 6734  三元组 778320  | 0.49 req/s  519 out-tok/s
[138761s] 完成 67578  成功 67577  失败 1  截断 6735  三元组 778449  | 0.49 req/s  519 out-tok/s
[138777s] 完成 67586  成功 67585  失败 1  截断 6736  三元组 778525  | 0.49 req/s  519 out-tok/s
[138799s] 完成 67594  成功 67593  失败 1  截断 6737  三元组 778603  | 0.49 req/s  519 out-tok/s
[138818s] 完成 67601  成功 67600  失败 1  截断 6737  三元组 778675  | 0.49 req/s  519 out-tok/s
[138840s] 完成 67609  成功 67608  失败 1  截断 6737  三元组 778772  | 0.49 req/s  519 out-tok/s
[138856s] 完成 67619  成功 67618  失败 1  截断 6738  三元组 778901  | 0.49 req/s  519 out-tok/s
[138872s] 完成 67629  成功 67628  失败 1  截断 6739  三元组 779049  | 0.49 req/s  519 out-tok/s
[138891s] 完成 67636  成功 67635  失败 1  截断 6741  三元组 779155  | 0.49 req/s  519 out-tok/s
[138907s] 完成 67644  成功 67643  失败 1  截断 6742  三元组 779255  | 0.49 req/s  519 out-tok/s
[138922s] 完成 67652  成功 67651  失败 1  截断 6742  三元组 779331  | 0.49 req/s  519 out-tok/s
[138939s] 完成 67659  成功 67658  失败 1  截断 6742  三元组 779421  | 0.49 req/s  519 out-tok/s
[138955s] 完成 67667  成功 67666  失败 1  截断 6742  三元组 779508  | 0.49 req/s  519 out-tok/s
[138973s] 完成 67674  成功 67673  失败 1  截断 6742  三元组 779578  | 0.49 req/s  519 out-tok/s
[138988s] 完成 67682  成功 67681  失败 1  截断 6744  三元组 779662  | 0.49 req/s  519 out-tok/s
[139004s] 完成 67689  成功 67688  失败 1  截断 6746  三元组 779750  | 0.49 req/s  519 out-tok/s
[139019s] 完成 67696  成功 67695  失败 1  截断 6746  三元组 779840  | 0.49 req/s  519 out-tok/s
[139035s] 完成 67708  成功 67707  失败 1  截断 6747  三元组 779976  | 0.49 req/s  519 out-tok/s
[139053s] 完成 67716  成功 67715  失败 1  截断 6748  三元组 780050  | 0.49 req/s  519 out-tok/s
[139069s] 完成 67728  成功 67727  失败 1  截断 6748  三元组 780167  | 0.49 req/s  519 out-tok/s
[139087s] 完成 67735  成功 67734  失败 1  截断 6748  三元组 780238  | 0.49 req/s  519 out-tok/s
[139103s] 完成 67747  成功 67746  失败 1  截断 6749  三元组 780367  | 0.49 req/s  519 out-tok/s
[139121s] 完成 67754  成功 67753  失败 1  截断 6749  三元组 780441  | 0.49 req/s  519 out-tok/s
[139137s] 完成 67760  成功 67759  失败 1  截断 6750  三元组 780523  | 0.49 req/s  519 out-tok/s
[139152s] 完成 67769  成功 67768  失败 1  截断 6750  三元组 780634  | 0.49 req/s  519 out-tok/s
[139167s] 完成 67776  成功 67775  失败 1  截断 6751  三元组 780702  | 0.49 req/s  519 out-tok/s
[139185s] 完成 67782  成功 67781  失败 1  截断 6751  三元组 780763  | 0.49 req/s  519 out-tok/s
[139201s] 完成 67793  成功 67792  失败 1  截断 6752  三元组 780862  | 0.49 req/s  519 out-tok/s
[139217s] 完成 67797  成功 67796  失败 1  截断 6753  三元组 780914  | 0.49 req/s  519 out-tok/s
[139234s] 完成 67810  成功 67809  失败 1  截断 6754  三元组 781054  | 0.49 req/s  519 out-tok/s
[139251s] 完成 67816  成功 67815  失败 1  截断 6756  三元组 781138  | 0.49 req/s  519 out-tok/s
[139269s] 完成 67827  成功 67826  失败 1  截断 6757  三元组 781280  | 0.49 req/s  519 out-tok/s
[139285s] 完成 67834  成功 67833  失败 1  截断 6757  三元组 781354  | 0.49 req/s  519 out-tok/s
[139300s] 完成 67841  成功 67840  失败 1  截断 6758  三元组 781434  | 0.49 req/s  519 out-tok/s
[139318s] 完成 67850  成功 67849  失败 1  截断 6758  三元组 781540  | 0.49 req/s  519 out-tok/s
[139335s] 完成 67865  成功 67864  失败 1  截断 6758  三元组 781685  | 0.49 req/s  519 out-tok/s
[139352s] 完成 67871  成功 67870  失败 1  截断 6759  三元组 781770  | 0.49 req/s  519 out-tok/s
[139368s] 完成 67878  成功 67877  失败 1  截断 6759  三元组 781831  | 0.49 req/s  519 out-tok/s
[139384s] 完成 67887  成功 67886  失败 1  截断 6759  三元组 781919  | 0.49 req/s  519 out-tok/s
[139400s] 完成 67899  成功 67898  失败 1  截断 6762  三元组 782052  | 0.49 req/s  519 out-tok/s
[139420s] 完成 67905  成功 67904  失败 1  截断 6762  三元组 782121  | 0.49 req/s  519 out-tok/s
[139436s] 完成 67917  成功 67916  失败 1  截断 6763  三元组 782242  | 0.49 req/s  519 out-tok/s
[139453s] 完成 67923  成功 67922  失败 1  截断 6763  三元组 782294  | 0.49 req/s  519 out-tok/s
[139470s] 完成 67933  成功 67932  失败 1  截断 6763  三元组 782402  | 0.49 req/s  519 out-tok/s
[139489s] 完成 67941  成功 67940  失败 1  截断 6765  三元组 782494  | 0.49 req/s  519 out-tok/s
[139505s] 完成 67950  成功 67949  失败 1  截断 6765  三元组 782610  | 0.49 req/s  519 out-tok/s
[139521s] 完成 67958  成功 67957  失败 1  截断 6767  三元组 782673  | 0.49 req/s  519 out-tok/s
[139536s] 完成 67964  成功 67963  失败 1  截断 6768  三元组 782744  | 0.49 req/s  519 out-tok/s
[139552s] 完成 67970  成功 67969  失败 1  截断 6769  三元组 782813  | 0.49 req/s  519 out-tok/s
[139568s] 完成 67975  成功 67974  失败 1  截断 6770  三元组 782887  | 0.49 req/s  519 out-tok/s
[139592s] 完成 67982  成功 67981  失败 1  截断 6770  三元组 782951  | 0.49 req/s  519 out-tok/s
[139607s] 完成 67989  成功 67988  失败 1  截断 6772  三元组 783064  | 0.49 req/s  519 out-tok/s
[139624s] 完成 67996  成功 67995  失败 1  截断 6774  三元组 783121  | 0.49 req/s  519 out-tok/s
[139628s] 完成 68000  成功 67999  失败 1  截断 6774  三元组 783175  | 0.49 req/s  519 out-tok/s
[139644s] 完成 68008  成功 68007  失败 1  截断 6776  三元组 783264  | 0.49 req/s  519 out-tok/s
[139660s] 完成 68015  成功 68014  失败 1  截断 6777  三元组 783318  | 0.49 req/s  519 out-tok/s
[139676s] 完成 68023  成功 68022  失败 1  截断 6778  三元组 783405  | 0.49 req/s  519 out-tok/s
[139697s] 完成 68032  成功 68031  失败 1  截断 6781  三元组 783503  | 0.49 req/s  519 out-tok/s
[139714s] 完成 68040  成功 68039  失败 1  截断 6781  三元组 783607  | 0.49 req/s  519 out-tok/s
[139729s] 完成 68047  成功 68046  失败 1  截断 6783  三元组 783697  | 0.49 req/s  519 out-tok/s
[139745s] 完成 68052  成功 68051  失败 1  截断 6783  三元组 783768  | 0.49 req/s  519 out-tok/s
[139767s] 完成 68059  成功 68058  失败 1  截断 6784  三元组 783842  | 0.49 req/s  519 out-tok/s
[139784s] 完成 68065  成功 68064  失败 1  截断 6785  三元组 783931  | 0.49 req/s  519 out-tok/s
[139800s] 完成 68073  成功 68072  失败 1  截断 6787  三元组 784019  | 0.49 req/s  519 out-tok/s
[139816s] 完成 68089  成功 68088  失败 1  截断 6791  三元组 784171  | 0.49 req/s  519 out-tok/s
[139832s] 完成 68098  成功 68097  失败 1  截断 6791  三元组 784253  | 0.49 req/s  519 out-tok/s
[139847s] 完成 68110  成功 68109  失败 1  截断 6792  三元组 784358  | 0.49 req/s  519 out-tok/s
[139865s] 完成 68118  成功 68117  失败 1  截断 6794  三元组 784437  | 0.49 req/s  519 out-tok/s
[139883s] 完成 68121  成功 68120  失败 1  截断 6794  三元组 784478  | 0.49 req/s  519 out-tok/s
[139899s] 完成 68131  成功 68130  失败 1  截断 6794  三元组 784568  | 0.49 req/s  519 out-tok/s
[139916s] 完成 68139  成功 68138  失败 1  截断 6795  三元组 784661  | 0.49 req/s  519 out-tok/s
[139938s] 完成 68153  成功 68152  失败 1  截断 6795  三元组 784821  | 0.49 req/s  519 out-tok/s
[139953s] 完成 68158  成功 68157  失败 1  截断 6795  三元组 784866  | 0.49 req/s  519 out-tok/s
[139971s] 完成 68170  成功 68169  失败 1  截断 6796  三元组 785004  | 0.49 req/s  519 out-tok/s
[139990s] 完成 68182  成功 68181  失败 1  截断 6797  三元组 785165  | 0.49 req/s  519 out-tok/s
[140006s] 完成 68193  成功 68192  失败 1  截断 6798  三元组 785288  | 0.49 req/s  519 out-tok/s
[140022s] 完成 68201  成功 68200  失败 1  截断 6798  三元组 785361  | 0.49 req/s  519 out-tok/s
[140038s] 完成 68210  成功 68209  失败 1  截断 6798  三元组 785454  | 0.49 req/s  519 out-tok/s
[140053s] 完成 68219  成功 68218  失败 1  截断 6798  三元组 785542  | 0.49 req/s  519 out-tok/s
[140068s] 完成 68226  成功 68225  失败 1  截断 6798  三元组 785631  | 0.49 req/s  519 out-tok/s
[140084s] 完成 68236  成功 68235  失败 1  截断 6798  三元组 785745  | 0.49 req/s  519 out-tok/s
[140099s] 完成 68243  成功 68242  失败 1  截断 6798  三元组 785805  | 0.49 req/s  519 out-tok/s
[140114s] 完成 68248  成功 68247  失败 1  截断 6798  三元组 785876  | 0.49 req/s  519 out-tok/s
[140130s] 完成 68256  成功 68255  失败 1  截断 6798  三元组 785956  | 0.49 req/s  519 out-tok/s
[140148s] 完成 68263  成功 68262  失败 1  截断 6800  三元组 786028  | 0.49 req/s  519 out-tok/s
[140163s] 完成 68273  成功 68272  失败 1  截断 6802  三元组 786172  | 0.49 req/s  519 out-tok/s
[140179s] 完成 68276  成功 68275  失败 1  截断 6802  三元组 786209  | 0.49 req/s  519 out-tok/s
[140195s] 完成 68286  成功 68285  失败 1  截断 6802  三元组 786312  | 0.49 req/s  519 out-tok/s
[140216s] 完成 68294  成功 68293  失败 1  截断 6804  三元组 786411  | 0.49 req/s  519 out-tok/s
[140231s] 完成 68307  成功 68306  失败 1  截断 6804  三元组 786535  | 0.49 req/s  519 out-tok/s
[140249s] 完成 68314  成功 68313  失败 1  截断 6805  三元组 786600  | 0.49 req/s  519 out-tok/s
[140264s] 完成 68322  成功 68321  失败 1  截断 6805  三元组 786682  | 0.49 req/s  519 out-tok/s
[140279s] 完成 68334  成功 68333  失败 1  截断 6807  三元组 786841  | 0.49 req/s  519 out-tok/s
[140295s] 完成 68344  成功 68343  失败 1  截断 6808  三元组 786924  | 0.49 req/s  519 out-tok/s
[140310s] 完成 68350  成功 68349  失败 1  截断 6808  三元组 786985  | 0.49 req/s  519 out-tok/s
[140327s] 完成 68357  成功 68356  失败 1  截断 6808  三元组 787049  | 0.49 req/s  519 out-tok/s
[140343s] 完成 68369  成功 68368  失败 1  截断 6809  三元组 787188  | 0.49 req/s  519 out-tok/s
[140364s] 完成 68378  成功 68377  失败 1  截断 6809  三元组 787278  | 0.49 req/s  519 out-tok/s
[140381s] 完成 68387  成功 68386  失败 1  截断 6810  三元组 787372  | 0.49 req/s  519 out-tok/s
[140398s] 完成 68393  成功 68392  失败 1  截断 6811  三元组 787428  | 0.49 req/s  519 out-tok/s
[140416s] 完成 68397  成功 68396  失败 1  截断 6811  三元组 787462  | 0.49 req/s  519 out-tok/s
[140433s] 完成 68403  成功 68402  失败 1  截断 6812  三元组 787546  | 0.49 req/s  519 out-tok/s
[140449s] 完成 68412  成功 68411  失败 1  截断 6814  三元组 787654  | 0.49 req/s  519 out-tok/s
[140465s] 完成 68422  成功 68421  失败 1  截断 6815  三元组 787798  | 0.49 req/s  519 out-tok/s
[140482s] 完成 68426  成功 68425  失败 1  截断 6815  三元组 787854  | 0.49 req/s  519 out-tok/s
[140497s] 完成 68435  成功 68434  失败 1  截断 6818  三元组 787960  | 0.49 req/s  519 out-tok/s
[140513s] 完成 68443  成功 68442  失败 1  截断 6819  三元组 788053  | 0.49 req/s  519 out-tok/s
[140528s] 完成 68452  成功 68451  失败 1  截断 6820  三元组 788160  | 0.49 req/s  519 out-tok/s
[140544s] 完成 68462  成功 68461  失败 1  截断 6821  三元组 788269  | 0.49 req/s  519 out-tok/s
[140560s] 完成 68474  成功 68473  失败 1  截断 6822  三元组 788391  | 0.49 req/s  519 out-tok/s
[140577s] 完成 68481  成功 68480  失败 1  截断 6823  三元组 788458  | 0.49 req/s  519 out-tok/s
[140595s] 完成 68489  成功 68488  失败 1  截断 6823  三元组 788554  | 0.49 req/s  519 out-tok/s
[140612s] 完成 68495  成功 68494  失败 1  截断 6823  三元组 788621  | 0.49 req/s  519 out-tok/s
[140624s] 完成 68500  成功 68499  失败 1  截断 6823  三元组 788675  | 0.49 req/s  519 out-tok/s
[140641s] 完成 68507  成功 68506  失败 1  截断 6823  三元组 788766  | 0.49 req/s  519 out-tok/s
[140658s] 完成 68516  成功 68515  失败 1  截断 6823  三元组 788893  | 0.49 req/s  519 out-tok/s
[140674s] 完成 68525  成功 68524  失败 1  截断 6825  三元组 789027  | 0.49 req/s  519 out-tok/s
[140690s] 完成 68539  成功 68538  失败 1  截断 6826  三元组 789136  | 0.49 req/s  519 out-tok/s
[140706s] 完成 68547  成功 68546  失败 1  截断 6826  三元组 789220  | 0.49 req/s  519 out-tok/s
[140721s] 完成 68556  成功 68555  失败 1  截断 6827  三元组 789319  | 0.49 req/s  519 out-tok/s
[140737s] 完成 68561  成功 68560  失败 1  截断 6828  三元组 789368  | 0.49 req/s  519 out-tok/s
[140755s] 完成 68569  成功 68568  失败 1  截断 6828  三元组 789449  | 0.49 req/s  519 out-tok/s
[140771s] 完成 68575  成功 68574  失败 1  截断 6830  三元组 789527  | 0.49 req/s  519 out-tok/s
[140787s] 完成 68583  成功 68582  失败 1  截断 6830  三元组 789601  | 0.49 req/s  519 out-tok/s
[140803s] 完成 68591  成功 68590  失败 1  截断 6830  三元组 789707  | 0.49 req/s  519 out-tok/s
[140820s] 完成 68602  成功 68601  失败 1  截断 6831  三元组 789852  | 0.49 req/s  519 out-tok/s
[140840s] 完成 68613  成功 68612  失败 1  截断 6834  三元组 789950  | 0.49 req/s  519 out-tok/s
[140856s] 完成 68624  成功 68623  失败 1  截断 6835  三元组 790050  | 0.49 req/s  519 out-tok/s
[140872s] 完成 68627  成功 68626  失败 1  截断 6836  三元组 790093  | 0.49 req/s  519 out-tok/s
[140888s] 完成 68637  成功 68636  失败 1  截断 6837  三元组 790182  | 0.49 req/s  519 out-tok/s
[140906s] 完成 68645  成功 68644  失败 1  截断 6837  三元组 790283  | 0.49 req/s  519 out-tok/s
[140922s] 完成 68654  成功 68653  失败 1  截断 6837  三元组 790364  | 0.49 req/s  519 out-tok/s
[140942s] 完成 68661  成功 68660  失败 1  截断 6837  三元组 790447  | 0.49 req/s  519 out-tok/s
[140963s] 完成 68670  成功 68669  失败 1  截断 6837  三元组 790539  | 0.49 req/s  519 out-tok/s
[140979s] 完成 68678  成功 68677  失败 1  截断 6838  三元组 790678  | 0.49 req/s  519 out-tok/s
[140994s] 完成 68687  成功 68686  失败 1  截断 6838  三元组 790773  | 0.49 req/s  519 out-tok/s
[141010s] 完成 68691  成功 68690  失败 1  截断 6839  三元组 790824  | 0.49 req/s  519 out-tok/s
[141028s] 完成 68699  成功 68698  失败 1  截断 6839  三元组 790936  | 0.49 req/s  519 out-tok/s
[141045s] 完成 68705  成功 68704  失败 1  截断 6841  三元组 791014  | 0.49 req/s  519 out-tok/s
[141062s] 完成 68714  成功 68713  失败 1  截断 6842  三元组 791117  | 0.49 req/s  519 out-tok/s
[141081s] 完成 68725  成功 68724  失败 1  截断 6843  三元组 791285  | 0.49 req/s  519 out-tok/s
[141096s] 完成 68733  成功 68732  失败 1  截断 6843  三元组 791375  | 0.49 req/s  519 out-tok/s
[141111s] 完成 68744  成功 68743  失败 1  截断 6845  三元组 791486  | 0.49 req/s  519 out-tok/s
[141127s] 完成 68752  成功 68751  失败 1  截断 6845  三元组 791556  | 0.49 req/s  519 out-tok/s
[141144s] 完成 68762  成功 68761  失败 1  截断 6846  三元组 791677  | 0.49 req/s  519 out-tok/s
[141160s] 完成 68775  成功 68774  失败 1  截断 6846  三元组 791815  | 0.49 req/s  519 out-tok/s
[141176s] 完成 68782  成功 68781  失败 1  截断 6847  三元组 791902  | 0.49 req/s  519 out-tok/s
[141198s] 完成 68790  成功 68789  失败 1  截断 6847  三元组 791963  | 0.49 req/s  519 out-tok/s
[141214s] 完成 68796  成功 68795  失败 1  截断 6847  三元组 792048  | 0.49 req/s  519 out-tok/s
[141230s] 完成 68805  成功 68804  失败 1  截断 6848  三元组 792148  | 0.49 req/s  519 out-tok/s
[141246s] 完成 68811  成功 68810  失败 1  截断 6848  三元组 792227  | 0.49 req/s  519 out-tok/s
[141261s] 完成 68818  成功 68817  失败 1  截断 6849  三元组 792307  | 0.49 req/s  519 out-tok/s
[141278s] 完成 68829  成功 68828  失败 1  截断 6850  三元组 792435  | 0.49 req/s  519 out-tok/s
[141294s] 完成 68834  成功 68833  失败 1  截断 6851  三元组 792495  | 0.49 req/s  519 out-tok/s
[141312s] 完成 68843  成功 68842  失败 1  截断 6852  三元组 792608  | 0.49 req/s  519 out-tok/s
[141329s] 完成 68853  成功 68852  失败 1  截断 6852  三元组 792713  | 0.49 req/s  519 out-tok/s
[141345s] 完成 68861  成功 68860  失败 1  截断 6852  三元组 792779  | 0.49 req/s  519 out-tok/s
[141360s] 完成 68867  成功 68866  失败 1  截断 6853  三元组 792835  | 0.49 req/s  519 out-tok/s
[141377s] 完成 68875  成功 68874  失败 1  截断 6854  三元组 792934  | 0.49 req/s  519 out-tok/s
[141394s] 完成 68884  成功 68883  失败 1  截断 6855  三元组 793042  | 0.49 req/s  519 out-tok/s
[141411s] 完成 68889  成功 68888  失败 1  截断 6856  三元组 793134  | 0.49 req/s  519 out-tok/s
[141427s] 完成 68895  成功 68894  失败 1  截断 6856  三元组 793218  | 0.49 req/s  519 out-tok/s
[141443s] 完成 68901  成功 68900  失败 1  截断 6856  三元组 793296  | 0.49 req/s  519 out-tok/s
[141461s] 完成 68908  成功 68907  失败 1  截断 6856  三元组 793369  | 0.49 req/s  519 out-tok/s
[141479s] 完成 68913  成功 68912  失败 1  截断 6856  三元组 793439  | 0.49 req/s  519 out-tok/s
[141496s] 完成 68923  成功 68922  失败 1  截断 6859  三元组 793563  | 0.49 req/s  519 out-tok/s
[141513s] 完成 68929  成功 68928  失败 1  截断 6859  三元组 793620  | 0.49 req/s  519 out-tok/s
[141528s] 完成 68942  成功 68941  失败 1  截断 6862  三元组 793770  | 0.49 req/s  519 out-tok/s
[141547s] 完成 68946  成功 68945  失败 1  截断 6862  三元组 793804  | 0.49 req/s  519 out-tok/s
[141566s] 完成 68955  成功 68954  失败 1  截断 6864  三元组 793899  | 0.49 req/s  519 out-tok/s
[141581s] 完成 68963  成功 68962  失败 1  截断 6867  三元组 794021  | 0.49 req/s  519 out-tok/s
[141597s] 完成 68968  成功 68967  失败 1  截断 6867  三元组 794064  | 0.49 req/s  519 out-tok/s
[141614s] 完成 68972  成功 68971  失败 1  截断 6867  三元组 794121  | 0.49 req/s  519 out-tok/s
[141632s] 完成 68979  成功 68978  失败 1  截断 6867  三元组 794190  | 0.49 req/s  519 out-tok/s
[141648s] 完成 68986  成功 68985  失败 1  截断 6869  三元组 794287  | 0.49 req/s  519 out-tok/s
[141664s] 完成 68992  成功 68991  失败 1  截断 6873  三元组 794399  | 0.49 req/s  519 out-tok/s
[141676s] 完成 69000  成功 68999  失败 1  截断 6874  三元组 794500  | 0.49 req/s  519 out-tok/s
[141693s] 完成 69006  成功 69005  失败 1  截断 6875  三元组 794578  | 0.49 req/s  519 out-tok/s
[141712s] 完成 69013  成功 69012  失败 1  截断 6875  三元组 794680  | 0.49 req/s  519 out-tok/s
[141727s] 完成 69024  成功 69023  失败 1  截断 6876  三元组 794797  | 0.49 req/s  519 out-tok/s
[141742s] 完成 69032  成功 69031  失败 1  截断 6877  三元组 794868  | 0.49 req/s  519 out-tok/s
[141762s] 完成 69038  成功 69037  失败 1  截断 6878  三元组 794912  | 0.49 req/s  519 out-tok/s
[141781s] 完成 69050  成功 69049  失败 1  截断 6878  三元组 795054  | 0.49 req/s  519 out-tok/s
[141798s] 完成 69062  成功 69061  失败 1  截断 6880  三元组 795187  | 0.49 req/s  519 out-tok/s
[141815s] 完成 69068  成功 69067  失败 1  截断 6880  三元组 795252  | 0.49 req/s  519 out-tok/s
[141830s] 完成 69075  成功 69074  失败 1  截断 6882  三元组 795337  | 0.49 req/s  519 out-tok/s
[141846s] 完成 69082  成功 69081  失败 1  截断 6882  三元组 795413  | 0.49 req/s  519 out-tok/s
[141861s] 完成 69092  成功 69091  失败 1  截断 6882  三元组 795536  | 0.49 req/s  519 out-tok/s
[141877s] 完成 69099  成功 69098  失败 1  截断 6883  三元组 795617  | 0.49 req/s  519 out-tok/s
[141892s] 完成 69106  成功 69105  失败 1  截断 6884  三元组 795724  | 0.49 req/s  519 out-tok/s
[141908s] 完成 69115  成功 69114  失败 1  截断 6885  三元组 795843  | 0.49 req/s  519 out-tok/s
[141923s] 完成 69119  成功 69118  失败 1  截断 6885  三元组 795883  | 0.49 req/s  519 out-tok/s
[141939s] 完成 69132  成功 69131  失败 1  截断 6885  三元组 796036  | 0.49 req/s  519 out-tok/s
[141956s] 完成 69140  成功 69139  失败 1  截断 6886  三元组 796151  | 0.49 req/s  519 out-tok/s
[141971s] 完成 69143  成功 69142  失败 1  截断 6886  三元组 796170  | 0.49 req/s  519 out-tok/s
[141987s] 完成 69152  成功 69151  失败 1  截断 6887  三元组 796303  | 0.49 req/s  519 out-tok/s
[142002s] 完成 69159  成功 69158  失败 1  截断 6888  三元组 796385  | 0.49 req/s  519 out-tok/s
[142019s] 完成 69165  成功 69164  失败 1  截断 6888  三元组 796443  | 0.49 req/s  519 out-tok/s
[142035s] 完成 69176  成功 69175  失败 1  截断 6889  三元组 796563  | 0.49 req/s  519 out-tok/s
[142051s] 完成 69180  成功 69179  失败 1  截断 6889  三元组 796622  | 0.49 req/s  519 out-tok/s
[142066s] 完成 69189  成功 69188  失败 1  截断 6890  三元组 796728  | 0.49 req/s  519 out-tok/s
[142082s] 完成 69196  成功 69195  失败 1  截断 6891  三元组 796832  | 0.49 req/s  519 out-tok/s
[142100s] 完成 69205  成功 69204  失败 1  截断 6892  三元组 796957  | 0.49 req/s  519 out-tok/s
[142116s] 完成 69212  成功 69211  失败 1  截断 6894  三元组 797039  | 0.49 req/s  519 out-tok/s
[142134s] 完成 69223  成功 69222  失败 1  截断 6894  三元组 797155  | 0.49 req/s  519 out-tok/s
[142153s] 完成 69233  成功 69232  失败 1  截断 6895  三元组 797266  | 0.49 req/s  519 out-tok/s
[142172s] 完成 69240  成功 69239  失败 1  截断 6895  三元组 797324  | 0.49 req/s  519 out-tok/s
[142189s] 完成 69247  成功 69246  失败 1  截断 6897  三元组 797420  | 0.49 req/s  519 out-tok/s
[142205s] 完成 69260  成功 69259  失败 1  截断 6898  三元组 797580  | 0.49 req/s  519 out-tok/s
[142221s] 完成 69264  成功 69263  失败 1  截断 6898  三元组 797614  | 0.49 req/s  519 out-tok/s
[142237s] 完成 69270  成功 69269  失败 1  截断 6898  三元组 797675  | 0.49 req/s  519 out-tok/s
[142252s] 完成 69278  成功 69277  失败 1  截断 6899  三元组 797780  | 0.49 req/s  519 out-tok/s
[142273s] 完成 69285  成功 69284  失败 1  截断 6899  三元组 797871  | 0.49 req/s  519 out-tok/s
[142289s] 完成 69296  成功 69295  失败 1  截断 6902  三元组 797987  | 0.49 req/s  519 out-tok/s
[142306s] 完成 69301  成功 69300  失败 1  截断 6903  三元组 798046  | 0.49 req/s  519 out-tok/s
[142321s] 完成 69309  成功 69308  失败 1  截断 6903  三元组 798149  | 0.49 req/s  519 out-tok/s
[142337s] 完成 69317  成功 69316  失败 1  截断 6903  三元组 798245  | 0.49 req/s  519 out-tok/s
[142358s] 完成 69327  成功 69326  失败 1  截断 6904  三元组 798340  | 0.49 req/s  519 out-tok/s
[142373s] 完成 69335  成功 69334  失败 1  截断 6905  三元组 798414  | 0.49 req/s  519 out-tok/s
[142391s] 完成 69341  成功 69340  失败 1  截断 6906  三元组 798489  | 0.49 req/s  519 out-tok/s
[142407s] 完成 69351  成功 69350  失败 1  截断 6906  三元组 798614  | 0.49 req/s  519 out-tok/s
[142427s] 完成 69359  成功 69358  失败 1  截断 6907  三元组 798679  | 0.49 req/s  519 out-tok/s
[142442s] 完成 69368  成功 69367  失败 1  截断 6909  三元组 798805  | 0.49 req/s  519 out-tok/s
[142460s] 完成 69380  成功 69379  失败 1  截断 6910  三元组 798922  | 0.49 req/s  519 out-tok/s
[142475s] 完成 69390  成功 69389  失败 1  截断 6911  三元组 799067  | 0.49 req/s  519 out-tok/s
[142492s] 完成 69397  成功 69396  失败 1  截断 6911  三元组 799136  | 0.49 req/s  519 out-tok/s
[142510s] 完成 69406  成功 69405  失败 1  截断 6911  三元组 799229  | 0.49 req/s  519 out-tok/s
[142528s] 完成 69411  成功 69410  失败 1  截断 6912  三元组 799271  | 0.49 req/s  519 out-tok/s
[142546s] 完成 69420  成功 69419  失败 1  截断 6913  三元组 799401  | 0.49 req/s  519 out-tok/s
[142561s] 完成 69426  成功 69425  失败 1  截断 6913  三元组 799473  | 0.49 req/s  519 out-tok/s
[142577s] 完成 69434  成功 69433  失败 1  截断 6914  三元组 799551  | 0.49 req/s  519 out-tok/s
[142593s] 完成 69439  成功 69438  失败 1  截断 6914  三元组 799605  | 0.49 req/s  519 out-tok/s
[142608s] 完成 69448  成功 69447  失败 1  截断 6916  三元组 799707  | 0.49 req/s  519 out-tok/s
[142624s] 完成 69457  成功 69456  失败 1  截断 6918  三元组 799784  | 0.49 req/s  519 out-tok/s
[142640s] 完成 69466  成功 69465  失败 1  截断 6919  三元组 799889  | 0.49 req/s  519 out-tok/s
[142656s] 完成 69474  成功 69473  失败 1  截断 6921  三元组 799979  | 0.49 req/s  519 out-tok/s
[142671s] 完成 69483  成功 69482  失败 1  截断 6921  三元组 800091  | 0.49 req/s  519 out-tok/s
[142690s] 完成 69491  成功 69490  失败 1  截断 6922  三元组 800179  | 0.49 req/s  519 out-tok/s
[142706s] 完成 69498  成功 69497  失败 1  截断 6923  三元组 800254  | 0.49 req/s  519 out-tok/s
[142714s] 完成 69500  成功 69499  失败 1  截断 6923  三元组 800273  | 0.49 req/s  519 out-tok/s
[142731s] 完成 69511  成功 69510  失败 1  截断 6924  三元组 800425  | 0.49 req/s  519 out-tok/s
[142751s] 完成 69518  成功 69517  失败 1  截断 6924  三元组 800498  | 0.49 req/s  519 out-tok/s
[142768s] 完成 69527  成功 69526  失败 1  截断 6924  三元组 800615  | 0.49 req/s  519 out-tok/s
[142783s] 完成 69536  成功 69535  失败 1  截断 6925  三元组 800710  | 0.49 req/s  519 out-tok/s
[142799s] 完成 69542  成功 69541  失败 1  截断 6927  三元组 800787  | 0.49 req/s  519 out-tok/s
[142820s] 完成 69550  成功 69549  失败 1  截断 6929  三元组 800883  | 0.49 req/s  519 out-tok/s
[142837s] 完成 69563  成功 69562  失败 1  截断 6930  三元组 801061  | 0.49 req/s  519 out-tok/s
[142852s] 完成 69570  成功 69569  失败 1  截断 6930  三元组 801125  | 0.49 req/s  519 out-tok/s
[142868s] 完成 69578  成功 69577  失败 1  截断 6931  三元组 801227  | 0.49 req/s  519 out-tok/s
[142884s] 完成 69583  成功 69582  失败 1  截断 6932  三元组 801279  | 0.49 req/s  519 out-tok/s
[142900s] 完成 69593  成功 69592  失败 1  截断 6933  三元组 801357  | 0.49 req/s  519 out-tok/s
[142918s] 完成 69602  成功 69601  失败 1  截断 6934  三元组 801472  | 0.49 req/s  519 out-tok/s
[142934s] 完成 69609  成功 69608  失败 1  截断 6934  三元组 801544  | 0.49 req/s  519 out-tok/s
[142951s] 完成 69614  成功 69613  失败 1  截断 6935  三元组 801604  | 0.49 req/s  519 out-tok/s
[142967s] 完成 69622  成功 69621  失败 1  截断 6937  三元组 801682  | 0.49 req/s  519 out-tok/s
[142983s] 完成 69628  成功 69627  失败 1  截断 6938  三元组 801734  | 0.49 req/s  519 out-tok/s
[142999s] 完成 69634  成功 69633  失败 1  截断 6941  三元组 801816  | 0.49 req/s  519 out-tok/s
[143017s] 完成 69640  成功 69639  失败 1  截断 6942  三元组 801897  | 0.49 req/s  519 out-tok/s
[143033s] 完成 69645  成功 69644  失败 1  截断 6943  三元组 801964  | 0.49 req/s  519 out-tok/s
[143048s] 完成 69654  成功 69653  失败 1  截断 6943  三元组 802073  | 0.49 req/s  519 out-tok/s
[143065s] 完成 69665  成功 69664  失败 1  截断 6945  三元组 802195  | 0.49 req/s  519 out-tok/s
[143080s] 完成 69674  成功 69673  失败 1  截断 6947  三元组 802299  | 0.49 req/s  519 out-tok/s
[143102s] 完成 69680  成功 69679  失败 1  截断 6948  三元组 802374  | 0.49 req/s  519 out-tok/s
[143118s] 完成 69693  成功 69692  失败 1  截断 6949  三元组 802505  | 0.49 req/s  519 out-tok/s
[143133s] 完成 69699  成功 69698  失败 1  截断 6951  三元组 802578  | 0.49 req/s  519 out-tok/s
[143148s] 完成 69713  成功 69712  失败 1  截断 6951  三元组 802721  | 0.49 req/s  519 out-tok/s
[143165s] 完成 69723  成功 69722  失败 1  截断 6951  三元组 802798  | 0.49 req/s  519 out-tok/s
[143182s] 完成 69728  成功 69727  失败 1  截断 6952  三元组 802867  | 0.49 req/s  519 out-tok/s
[143198s] 完成 69736  成功 69735  失败 1  截断 6952  三元组 802945  | 0.49 req/s  519 out-tok/s
[143215s] 完成 69748  成功 69747  失败 1  截断 6954  三元组 803110  | 0.49 req/s  519 out-tok/s
[143232s] 完成 69755  成功 69754  失败 1  截断 6954  三元组 803171  | 0.49 req/s  519 out-tok/s
[143247s] 完成 69763  成功 69762  失败 1  截断 6955  三元组 803265  | 0.49 req/s  519 out-tok/s
[143262s] 完成 69770  成功 69769  失败 1  截断 6956  三元组 803329  | 0.49 req/s  519 out-tok/s
[143278s] 完成 69780  成功 69779  失败 1  截断 6957  三元组 803454  | 0.49 req/s  519 out-tok/s
[143295s] 完成 69785  成功 69784  失败 1  截断 6959  三元组 803525  | 0.49 req/s  519 out-tok/s
[143311s] 完成 69796  成功 69795  失败 1  截断 6960  三元组 803638  | 0.49 req/s  519 out-tok/s
[143330s] 完成 69806  成功 69805  失败 1  截断 6960  三元组 803730  | 0.49 req/s  519 out-tok/s
[143346s] 完成 69811  成功 69810  失败 1  截断 6961  三元组 803776  | 0.49 req/s  519 out-tok/s
[143362s] 完成 69818  成功 69817  失败 1  截断 6962  三元组 803876  | 0.49 req/s  519 out-tok/s
[143380s] 完成 69827  成功 69826  失败 1  截断 6963  三元组 804028  | 0.49 req/s  519 out-tok/s
[143397s] 完成 69834  成功 69833  失败 1  截断 6963  三元组 804112  | 0.49 req/s  519 out-tok/s
[143414s] 完成 69842  成功 69841  失败 1  截断 6963  三元组 804210  | 0.49 req/s  519 out-tok/s
[143430s] 完成 69847  成功 69846  失败 1  截断 6963  三元组 804282  | 0.49 req/s  519 out-tok/s
[143446s] 完成 69852  成功 69851  失败 1  截断 6963  三元组 804330  | 0.49 req/s  519 out-tok/s
[143461s] 完成 69862  成功 69861  失败 1  截断 6964  三元组 804432  | 0.49 req/s  519 out-tok/s
[143478s] 完成 69874  成功 69873  失败 1  截断 6966  三元组 804594  | 0.49 req/s  519 out-tok/s
[143495s] 完成 69880  成功 69879  失败 1  截断 6967  三元组 804640  | 0.49 req/s  519 out-tok/s
[143515s] 完成 69886  成功 69885  失败 1  截断 6968  三元组 804711  | 0.49 req/s  519 out-tok/s
[143530s] 完成 69897  成功 69896  失败 1  截断 6969  三元组 804851  | 0.49 req/s  519 out-tok/s
[143547s] 完成 69903  成功 69902  失败 1  截断 6970  三元组 804921  | 0.49 req/s  519 out-tok/s
[143563s] 完成 69915  成功 69914  失败 1  截断 6970  三元组 805055  | 0.49 req/s  519 out-tok/s
[143579s] 完成 69925  成功 69924  失败 1  截断 6972  三元组 805140  | 0.49 req/s  519 out-tok/s
[143597s] 完成 69934  成功 69933  失败 1  截断 6972  三元组 805229  | 0.49 req/s  519 out-tok/s
[143615s] 完成 69943  成功 69942  失败 1  截断 6972  三元组 805330  | 0.49 req/s  519 out-tok/s
[143637s] 完成 69953  成功 69952  失败 1  截断 6973  三元组 805449  | 0.49 req/s  519 out-tok/s
[143654s] 完成 69958  成功 69957  失败 1  截断 6973  三元组 805523  | 0.49 req/s  519 out-tok/s
[143671s] 完成 69966  成功 69965  失败 1  截断 6973  三元组 805625  | 0.49 req/s  519 out-tok/s
[143689s] 完成 69973  成功 69972  失败 1  截断 6973  三元组 805729  | 0.49 req/s  519 out-tok/s
[143710s] 完成 69978  成功 69977  失败 1  截断 6973  三元组 805760  | 0.49 req/s  519 out-tok/s
[143725s] 完成 69985  成功 69984  失败 1  截断 6974  三元组 805834  | 0.49 req/s  519 out-tok/s
[143749s] 完成 69994  成功 69993  失败 1  截断 6976  三元组 805937  | 0.49 req/s  519 out-tok/s
[143760s] 完成 70000  成功 69999  失败 1  截断 6979  三元组 806015  | 0.49 req/s  519 out-tok/s
[143777s] 完成 70006  成功 70005  失败 1  截断 6981  三元组 806078  | 0.49 req/s  519 out-tok/s
[143792s] 完成 70017  成功 70016  失败 1  截断 6983  三元组 806171  | 0.49 req/s  519 out-tok/s
[143811s] 完成 70029  成功 70028  失败 1  截断 6985  三元组 806343  | 0.49 req/s  519 out-tok/s
[143827s] 完成 70036  成功 70035  失败 1  截断 6985  三元组 806411  | 0.49 req/s  519 out-tok/s
[143843s] 完成 70044  成功 70043  失败 1  截断 6985  三元组 806512  | 0.49 req/s  519 out-tok/s
[143859s] 完成 70051  成功 70050  失败 1  截断 6986  三元组 806582  | 0.49 req/s  519 out-tok/s
[143874s] 完成 70057  成功 70056  失败 1  截断 6987  三元组 806658  | 0.49 req/s  519 out-tok/s
[143890s] 完成 70062  成功 70061  失败 1  截断 6987  三元组 806729  | 0.49 req/s  519 out-tok/s
[143907s] 完成 70071  成功 70070  失败 1  截断 6987  三元组 806842  | 0.49 req/s  519 out-tok/s
[143924s] 完成 70081  成功 70080  失败 1  截断 6987  三元组 806945  | 0.49 req/s  519 out-tok/s
[143941s] 完成 70090  成功 70089  失败 1  截断 6988  三元组 807044  | 0.49 req/s  519 out-tok/s
[143958s] 完成 70096  成功 70095  失败 1  截断 6988  三元组 807120  | 0.49 req/s  519 out-tok/s
[143974s] 完成 70106  成功 70105  失败 1  截断 6990  三元组 807237  | 0.49 req/s  519 out-tok/s
[143989s] 完成 70116  成功 70115  失败 1  截断 6992  三元组 807339  | 0.49 req/s  519 out-tok/s
[144004s] 完成 70126  成功 70125  失败 1  截断 6993  三元组 807428  | 0.49 req/s  519 out-tok/s
[144020s] 完成 70132  成功 70131  失败 1  截断 6993  三元组 807510  | 0.49 req/s  519 out-tok/s
[144040s] 完成 70139  成功 70138  失败 1  截断 6993  三元组 807573  | 0.49 req/s  519 out-tok/s
[144056s] 完成 70148  成功 70147  失败 1  截断 6994  三元组 807671  | 0.49 req/s  519 out-tok/s
[144073s] 完成 70155  成功 70154  失败 1  截断 6995  三元组 807775  | 0.49 req/s  519 out-tok/s
[144089s] 完成 70165  成功 70164  失败 1  截断 6996  三元组 807891  | 0.49 req/s  519 out-tok/s
[144105s] 完成 70175  成功 70174  失败 1  截断 6996  三元组 808029  | 0.49 req/s  519 out-tok/s
[144121s] 完成 70181  成功 70180  失败 1  截断 6996  三元组 808082  | 0.49 req/s  519 out-tok/s
[144136s] 完成 70188  成功 70187  失败 1  截断 6997  三元组 808150  | 0.49 req/s  519 out-tok/s
[144157s] 完成 70196  成功 70195  失败 1  截断 6997  三元组 808231  | 0.49 req/s  519 out-tok/s
[144177s] 完成 70206  成功 70205  失败 1  截断 7000  三元组 808322  | 0.49 req/s  519 out-tok/s
[144200s] 完成 70211  成功 70210  失败 1  截断 7001  三元组 808366  | 0.49 req/s  519 out-tok/s
[144216s] 完成 70221  成功 70220  失败 1  截断 7002  三元组 808491  | 0.49 req/s  519 out-tok/s
[144233s] 完成 70226  成功 70225  失败 1  截断 7003  三元组 808528  | 0.49 req/s  519 out-tok/s
[144249s] 完成 70233  成功 70232  失败 1  截断 7004  三元组 808611  | 0.49 req/s  519 out-tok/s
[144268s] 完成 70241  成功 70240  失败 1  截断 7006  三元组 808702  | 0.49 req/s  519 out-tok/s
[144285s] 完成 70253  成功 70252  失败 1  截断 7010  三元组 808822  | 0.49 req/s  519 out-tok/s
[144301s] 完成 70262  成功 70261  失败 1  截断 7012  三元组 808909  | 0.49 req/s  519 out-tok/s
[144316s] 完成 70271  成功 70270  失败 1  截断 7013  三元组 809010  | 0.49 req/s  519 out-tok/s
[144332s] 完成 70278  成功 70277  失败 1  截断 7014  三元组 809069  | 0.49 req/s  519 out-tok/s
[144348s] 完成 70286  成功 70285  失败 1  截断 7014  三元组 809163  | 0.49 req/s  519 out-tok/s
[144372s] 完成 70294  成功 70293  失败 1  截断 7015  三元组 809276  | 0.49 req/s  519 out-tok/s
[144387s] 完成 70301  成功 70300  失败 1  截断 7015  三元组 809371  | 0.49 req/s  519 out-tok/s
[144404s] 完成 70310  成功 70309  失败 1  截断 7015  三元组 809483  | 0.49 req/s  519 out-tok/s
[144422s] 完成 70319  成功 70318  失败 1  截断 7015  三元组 809564  | 0.49 req/s  519 out-tok/s
[144442s] 完成 70334  成功 70333  失败 1  截断 7017  三元组 809747  | 0.49 req/s  519 out-tok/s
[144465s] 完成 70342  成功 70341  失败 1  截断 7018  三元组 809825  | 0.49 req/s  519 out-tok/s
[144482s] 完成 70349  成功 70348  失败 1  截断 7018  三元组 809893  | 0.49 req/s  519 out-tok/s
[144497s] 完成 70359  成功 70358  失败 1  截断 7018  三元组 810013  | 0.49 req/s  519 out-tok/s
[144513s] 完成 70365  成功 70364  失败 1  截断 7020  三元组 810066  | 0.49 req/s  519 out-tok/s
[144531s] 完成 70374  成功 70373  失败 1  截断 7020  三元组 810179  | 0.49 req/s  519 out-tok/s
[144549s] 完成 70385  成功 70384  失败 1  截断 7021  三元组 810331  | 0.49 req/s  519 out-tok/s
[144564s] 完成 70394  成功 70393  失败 1  截断 7022  三元组 810423  | 0.49 req/s  519 out-tok/s
[144581s] 完成 70404  成功 70403  失败 1  截断 7022  三元组 810537  | 0.49 req/s  519 out-tok/s
[144598s] 完成 70410  成功 70409  失败 1  截断 7022  三元组 810595  | 0.49 req/s  519 out-tok/s
[144614s] 完成 70417  成功 70416  失败 1  截断 7022  三元组 810701  | 0.49 req/s  519 out-tok/s
[144632s] 完成 70427  成功 70426  失败 1  截断 7022  三元组 810845  | 0.49 req/s  519 out-tok/s
[144652s] 完成 70437  成功 70436  失败 1  截断 7022  三元组 810930  | 0.49 req/s  519 out-tok/s
[144668s] 完成 70445  成功 70444  失败 1  截断 7022  三元组 811039  | 0.49 req/s  519 out-tok/s
[144684s] 完成 70454  成功 70453  失败 1  截断 7022  三元组 811135  | 0.49 req/s  519 out-tok/s
[144701s] 完成 70463  成功 70462  失败 1  截断 7025  三元组 811221  | 0.49 req/s  519 out-tok/s
[144716s] 完成 70469  成功 70468  失败 1  截断 7025  三元组 811287  | 0.49 req/s  519 out-tok/s
[144732s] 完成 70482  成功 70481  失败 1  截断 7026  三元组 811441  | 0.49 req/s  519 out-tok/s
[144749s] 完成 70486  成功 70485  失败 1  截断 7026  三元组 811499  | 0.49 req/s  519 out-tok/s
[144765s] 完成 70496  成功 70495  失败 1  截断 7026  三元组 811607  | 0.49 req/s  519 out-tok/s
[144773s] 完成 70500  成功 70499  失败 1  截断 7027  三元组 811655  | 0.49 req/s  519 out-tok/s
[144792s] 完成 70506  成功 70505  失败 1  截断 7027  三元组 811712  | 0.49 req/s  519 out-tok/s
[144808s] 完成 70512  成功 70511  失败 1  截断 7028  三元组 811797  | 0.49 req/s  519 out-tok/s
[144826s] 完成 70520  成功 70519  失败 1  截断 7029  三元组 811902  | 0.49 req/s  519 out-tok/s
[144843s] 完成 70526  成功 70525  失败 1  截断 7030  三元组 811977  | 0.49 req/s  519 out-tok/s
[144860s] 完成 70536  成功 70535  失败 1  截断 7031  三元组 812134  | 0.49 req/s  519 out-tok/s
[144877s] 完成 70545  成功 70544  失败 1  截断 7031  三元组 812234  | 0.49 req/s  519 out-tok/s
[144893s] 完成 70556  成功 70555  失败 1  截断 7033  三元组 812372  | 0.49 req/s  519 out-tok/s
[144910s] 完成 70564  成功 70563  失败 1  截断 7033  三元组 812441  | 0.49 req/s  519 out-tok/s
[144925s] 完成 70571  成功 70570  失败 1  截断 7033  三元组 812494  | 0.49 req/s  519 out-tok/s
[144942s] 完成 70580  成功 70579  失败 1  截断 7034  三元组 812617  | 0.49 req/s  519 out-tok/s
[144957s] 完成 70584  成功 70583  失败 1  截断 7034  三元组 812650  | 0.49 req/s  519 out-tok/s
[144980s] 完成 70593  成功 70592  失败 1  截断 7036  三元组 812795  | 0.49 req/s  519 out-tok/s
[144998s] 完成 70602  成功 70601  失败 1  截断 7037  三元组 812921  | 0.49 req/s  519 out-tok/s
[145021s] 完成 70611  成功 70610  失败 1  截断 7037  三元组 813028  | 0.49 req/s  519 out-tok/s
[145038s] 完成 70621  成功 70620  失败 1  截断 7038  三元组 813137  | 0.49 req/s  519 out-tok/s
[145053s] 完成 70628  成功 70627  失败 1  截断 7039  三元组 813228  | 0.49 req/s  519 out-tok/s
[145074s] 完成 70639  成功 70638  失败 1  截断 7041  三元组 813366  | 0.49 req/s  519 out-tok/s
[145093s] 完成 70650  成功 70649  失败 1  截断 7043  三元组 813505  | 0.49 req/s  519 out-tok/s
[145110s] 完成 70661  成功 70660  失败 1  截断 7043  三元组 813596  | 0.49 req/s  519 out-tok/s
[145125s] 完成 70669  成功 70668  失败 1  截断 7043  三元组 813690  | 0.49 req/s  519 out-tok/s
[145143s] 完成 70677  成功 70676  失败 1  截断 7043  三元组 813774  | 0.49 req/s  519 out-tok/s
[145160s] 完成 70686  成功 70685  失败 1  截断 7045  三元组 813884  | 0.49 req/s  519 out-tok/s
[145177s] 完成 70692  成功 70691  失败 1  截断 7045  三元组 813946  | 0.49 req/s  519 out-tok/s
[145193s] 完成 70703  成功 70702  失败 1  截断 7047  三元组 814083  | 0.49 req/s  519 out-tok/s
[145211s] 完成 70716  成功 70715  失败 1  截断 7048  三元组 814230  | 0.49 req/s  519 out-tok/s
[145233s] 完成 70728  成功 70727  失败 1  截断 7050  三元组 814339  | 0.49 req/s  519 out-tok/s
[145248s] 完成 70737  成功 70736  失败 1  截断 7050  三元组 814425  | 0.49 req/s  519 out-tok/s
[145264s] 完成 70746  成功 70745  失败 1  截断 7050  三元组 814534  | 0.49 req/s  519 out-tok/s
[145279s] 完成 70755  成功 70754  失败 1  截断 7050  三元组 814631  | 0.49 req/s  519 out-tok/s
[145297s] 完成 70765  成功 70764  失败 1  截断 7051  三元组 814729  | 0.49 req/s  519 out-tok/s
[145313s] 完成 70775  成功 70774  失败 1  截断 7051  三元组 814806  | 0.49 req/s  519 out-tok/s
[145329s] 完成 70783  成功 70782  失败 1  截断 7051  三元组 814884  | 0.49 req/s  519 out-tok/s
[145346s] 完成 70791  成功 70790  失败 1  截断 7051  三元组 814979  | 0.49 req/s  519 out-tok/s
[145363s] 完成 70800  成功 70799  失败 1  截断 7053  三元组 815128  | 0.49 req/s  519 out-tok/s
[145379s] 完成 70806  成功 70805  失败 1  截断 7053  三元组 815217  | 0.49 req/s  519 out-tok/s
[145394s] 完成 70815  成功 70814  失败 1  截断 7053  三元组 815320  | 0.49 req/s  519 out-tok/s
[145409s] 完成 70824  成功 70823  失败 1  截断 7053  三元组 815432  | 0.49 req/s  519 out-tok/s
[145425s] 完成 70830  成功 70829  失败 1  截断 7053  三元组 815495  | 0.49 req/s  519 out-tok/s
[145443s] 完成 70836  成功 70835  失败 1  截断 7053  三元组 815558  | 0.49 req/s  519 out-tok/s
[145462s] 完成 70847  成功 70846  失败 1  截断 7053  三元组 815674  | 0.49 req/s  519 out-tok/s
[145480s] 完成 70855  成功 70854  失败 1  截断 7056  三元组 815779  | 0.49 req/s  519 out-tok/s
[145503s] 完成 70864  成功 70863  失败 1  截断 7057  三元组 815867  | 0.49 req/s  519 out-tok/s
[145518s] 完成 70874  成功 70873  失败 1  截断 7057  三元组 815961  | 0.49 req/s  519 out-tok/s
[145534s] 完成 70880  成功 70879  失败 1  截断 7058  三元组 816050  | 0.49 req/s  519 out-tok/s
[145552s] 完成 70887  成功 70886  失败 1  截断 7060  三元组 816151  | 0.49 req/s  519 out-tok/s
[145572s] 完成 70900  成功 70899  失败 1  截断 7061  三元组 816290  | 0.49 req/s  519 out-tok/s
[145588s] 完成 70910  成功 70909  失败 1  截断 7061  三元组 816386  | 0.49 req/s  519 out-tok/s
[145607s] 完成 70919  成功 70918  失败 1  截断 7062  三元组 816487  | 0.49 req/s  519 out-tok/s
[145625s] 完成 70929  成功 70928  失败 1  截断 7064  三元组 816601  | 0.49 req/s  519 out-tok/s
[145640s] 完成 70939  成功 70938  失败 1  截断 7064  三元组 816686  | 0.49 req/s  519 out-tok/s
[145657s] 完成 70944  成功 70943  失败 1  截断 7065  三元组 816726  | 0.49 req/s  519 out-tok/s
[145672s] 完成 70955  成功 70954  失败 1  截断 7066  三元组 816821  | 0.49 req/s  519 out-tok/s
[145690s] 完成 70962  成功 70961  失败 1  截断 7068  三元组 816927  | 0.49 req/s  519 out-tok/s
[145705s] 完成 70972  成功 70971  失败 1  截断 7069  三元组 817010  | 0.49 req/s  519 out-tok/s
[145721s] 完成 70981  成功 70980  失败 1  截断 7071  三元组 817124  | 0.49 req/s  519 out-tok/s
[145736s] 完成 70987  成功 70986  失败 1  截断 7071  三元组 817192  | 0.49 req/s  519 out-tok/s
[145753s] 完成 71000  成功 70999  失败 1  截断 7072  三元组 817313  | 0.49 req/s  519 out-tok/s
[145769s] 完成 71006  成功 71005  失败 1  截断 7072  三元组 817375  | 0.49 req/s  519 out-tok/s
[145788s] 完成 71013  成功 71012  失败 1  截断 7073  三元组 817483  | 0.49 req/s  519 out-tok/s
[145805s] 完成 71021  成功 71020  失败 1  截断 7074  三元组 817559  | 0.49 req/s  519 out-tok/s
[145821s] 完成 71025  成功 71024  失败 1  截断 7074  三元组 817607  | 0.49 req/s  519 out-tok/s
[145837s] 完成 71029  成功 71028  失败 1  截断 7075  三元组 817651  | 0.49 req/s  519 out-tok/s
[145852s] 完成 71038  成功 71037  失败 1  截断 7075  三元组 817740  | 0.49 req/s  519 out-tok/s
[145867s] 完成 71047  成功 71046  失败 1  截断 7077  三元组 817824  | 0.49 req/s  519 out-tok/s
[145889s] 完成 71052  成功 71051  失败 1  截断 7079  三元组 817880  | 0.49 req/s  519 out-tok/s
[145904s] 完成 71059  成功 71058  失败 1  截断 7080  三元组 817961  | 0.49 req/s  519 out-tok/s
[145921s] 完成 71070  成功 71069  失败 1  截断 7084  三元组 818123  | 0.49 req/s  519 out-tok/s
[145939s] 完成 71078  成功 71077  失败 1  截断 7085  三元组 818208  | 0.49 req/s  519 out-tok/s
[145956s] 完成 71087  成功 71086  失败 1  截断 7086  三元组 818307  | 0.49 req/s  519 out-tok/s
[145973s] 完成 71101  成功 71100  失败 1  截断 7088  三元组 818446  | 0.49 req/s  519 out-tok/s
[145990s] 完成 71107  成功 71106  失败 1  截断 7089  三元组 818522  | 0.49 req/s  519 out-tok/s
[146005s] 完成 71119  成功 71118  失败 1  截断 7089  三元组 818650  | 0.49 req/s  519 out-tok/s
[146020s] 完成 71130  成功 71129  失败 1  截断 7090  三元组 818774  | 0.49 req/s  519 out-tok/s
[146036s] 完成 71139  成功 71138  失败 1  截断 7090  三元组 818872  | 0.49 req/s  519 out-tok/s
[146052s] 完成 71144  成功 71143  失败 1  截断 7090  三元组 818931  | 0.49 req/s  519 out-tok/s
[146067s] 完成 71150  成功 71149  失败 1  截断 7091  三元组 818998  | 0.49 req/s  519 out-tok/s
[146084s] 完成 71160  成功 71159  失败 1  截断 7091  三元组 819090  | 0.49 req/s  519 out-tok/s
[146100s] 完成 71168  成功 71167  失败 1  截断 7091  三元组 819197  | 0.49 req/s  519 out-tok/s
[146119s] 完成 71176  成功 71175  失败 1  截断 7091  三元组 819267  | 0.49 req/s  519 out-tok/s
[146136s] 完成 71180  成功 71179  失败 1  截断 7091  三元组 819305  | 0.49 req/s  519 out-tok/s
[146152s] 完成 71187  成功 71186  失败 1  截断 7093  三元组 819372  | 0.49 req/s  519 out-tok/s
[146169s] 完成 71194  成功 71193  失败 1  截断 7095  三元组 819489  | 0.49 req/s  519 out-tok/s
[146187s] 完成 71202  成功 71201  失败 1  截断 7097  三元组 819597  | 0.49 req/s  519 out-tok/s
[146202s] 完成 71211  成功 71210  失败 1  截断 7097  三元组 819724  | 0.49 req/s  519 out-tok/s
[146229s] 完成 71219  成功 71218  失败 1  截断 7099  三元组 819809  | 0.49 req/s  519 out-tok/s
[146244s] 完成 71226  成功 71225  失败 1  截断 7100  三元组 819900  | 0.49 req/s  519 out-tok/s
[146261s] 完成 71238  成功 71237  失败 1  截断 7101  三元组 820052  | 0.49 req/s  519 out-tok/s
[146277s] 完成 71242  成功 71241  失败 1  截断 7102  三元组 820102  | 0.49 req/s  519 out-tok/s
[146296s] 完成 71248  成功 71247  失败 1  截断 7102  三元组 820176  | 0.49 req/s  519 out-tok/s
[146313s] 完成 71258  成功 71257  失败 1  截断 7106  三元组 820267  | 0.49 req/s  519 out-tok/s
[146331s] 完成 71271  成功 71270  失败 1  截断 7107  三元组 820394  | 0.49 req/s  519 out-tok/s
[146346s] 完成 71275  成功 71274  失败 1  截断 7107  三元组 820424  | 0.49 req/s  519 out-tok/s
[146365s] 完成 71285  成功 71284  失败 1  截断 7110  三元组 820537  | 0.49 req/s  519 out-tok/s
[146382s] 完成 71292  成功 71291  失败 1  截断 7110  三元组 820621  | 0.49 req/s  519 out-tok/s
[146398s] 完成 71297  成功 71296  失败 1  截断 7110  三元组 820690  | 0.49 req/s  519 out-tok/s
[146416s] 完成 71304  成功 71303  失败 1  截断 7111  三元组 820809  | 0.49 req/s  519 out-tok/s
[146432s] 完成 71310  成功 71309  失败 1  截断 7111  三元组 820856  | 0.49 req/s  519 out-tok/s
[146449s] 完成 71317  成功 71316  失败 1  截断 7112  三元组 820947  | 0.49 req/s  519 out-tok/s
[146470s] 完成 71327  成功 71326  失败 1  截断 7115  三元组 821060  | 0.49 req/s  519 out-tok/s
[146486s] 完成 71335  成功 71334  失败 1  截断 7117  三元组 821161  | 0.49 req/s  519 out-tok/s
[146502s] 完成 71345  成功 71344  失败 1  截断 7118  三元组 821237  | 0.49 req/s  519 out-tok/s
[146522s] 完成 71355  成功 71354  失败 1  截断 7119  三元组 821321  | 0.49 req/s  519 out-tok/s
[146538s] 完成 71367  成功 71366  失败 1  截断 7122  三元组 821437  | 0.49 req/s  519 out-tok/s
[146553s] 完成 71374  成功 71373  失败 1  截断 7123  三元组 821493  | 0.49 req/s  519 out-tok/s
[146568s] 完成 71382  成功 71381  失败 1  截断 7124  三元组 821597  | 0.49 req/s  519 out-tok/s
[146586s] 完成 71386  成功 71385  失败 1  截断 7125  三元组 821621  | 0.49 req/s  519 out-tok/s
[146608s] 完成 71400  成功 71399  失败 1  截断 7126  三元组 821812  | 0.49 req/s  519 out-tok/s
[146631s] 完成 71410  成功 71409  失败 1  截断 7126  三元组 821908  | 0.49 req/s  519 out-tok/s
[146649s] 完成 71418  成功 71417  失败 1  截断 7126  三元组 821995  | 0.49 req/s  519 out-tok/s
[146664s] 完成 71424  成功 71423  失败 1  截断 7127  三元组 822057  | 0.49 req/s  519 out-tok/s
[146679s] 完成 71433  成功 71432  失败 1  截断 7127  三元组 822165  | 0.49 req/s  519 out-tok/s
[146697s] 完成 71442  成功 71441  失败 1  截断 7130  三元组 822254  | 0.49 req/s  519 out-tok/s
[146713s] 完成 71451  成功 71450  失败 1  截断 7130  三元组 822357  | 0.49 req/s  519 out-tok/s
[146729s] 完成 71459  成功 71458  失败 1  截断 7131  三元组 822457  | 0.49 req/s  519 out-tok/s
[146745s] 完成 71467  成功 71466  失败 1  截断 7132  三元组 822576  | 0.49 req/s  519 out-tok/s
[146760s] 完成 71476  成功 71475  失败 1  截断 7132  三元组 822668  | 0.49 req/s  519 out-tok/s
[146776s] 完成 71482  成功 71481  失败 1  截断 7132  三元组 822739  | 0.49 req/s  519 out-tok/s
[146793s] 完成 71491  成功 71490  失败 1  截断 7132  三元组 822828  | 0.49 req/s  519 out-tok/s
[146809s] 完成 71500  成功 71499  失败 1  截断 7133  三元组 822919  | 0.49 req/s  519 out-tok/s
[146825s] 完成 71510  成功 71509  失败 1  截断 7135  三元组 823024  | 0.49 req/s  519 out-tok/s
[146840s] 完成 71518  成功 71517  失败 1  截断 7136  三元组 823110  | 0.49 req/s  519 out-tok/s
[146858s] 完成 71525  成功 71524  失败 1  截断 7136  三元组 823169  | 0.49 req/s  519 out-tok/s
[146874s] 完成 71536  成功 71535  失败 1  截断 7137  三元组 823302  | 0.49 req/s  519 out-tok/s
[146893s] 完成 71541  成功 71540  失败 1  截断 7139  三元组 823358  | 0.49 req/s  519 out-tok/s
[146908s] 完成 71547  成功 71546  失败 1  截断 7139  三元组 823440  | 0.49 req/s  519 out-tok/s
[146924s] 完成 71555  成功 71554  失败 1  截断 7140  三元组 823512  | 0.49 req/s  519 out-tok/s
[146944s] 完成 71560  成功 71559  失败 1  截断 7140  三元组 823564  | 0.49 req/s  519 out-tok/s
[146959s] 完成 71565  成功 71564  失败 1  截断 7141  三元组 823615  | 0.49 req/s  519 out-tok/s
[146976s] 完成 71571  成功 71570  失败 1  截断 7141  三元组 823700  | 0.49 req/s  519 out-tok/s
[146992s] 完成 71579  成功 71578  失败 1  截断 7142  三元组 823810  | 0.49 req/s  519 out-tok/s
[147008s] 完成 71588  成功 71587  失败 1  截断 7146  三元组 823935  | 0.49 req/s  519 out-tok/s
[147023s] 完成 71597  成功 71596  失败 1  截断 7148  三元组 824010  | 0.49 req/s  519 out-tok/s
[147044s] 完成 71604  成功 71603  失败 1  截断 7148  三元组 824072  | 0.49 req/s  519 out-tok/s
[147060s] 完成 71611  成功 71610  失败 1  截断 7149  三元组 824148  | 0.49 req/s  519 out-tok/s
[147075s] 完成 71620  成功 71619  失败 1  截断 7149  三元组 824267  | 0.49 req/s  519 out-tok/s
[147093s] 完成 71627  成功 71626  失败 1  截断 7150  三元组 824344  | 0.49 req/s  519 out-tok/s
[147110s] 完成 71638  成功 71637  失败 1  截断 7151  三元组 824474  | 0.49 req/s  519 out-tok/s
[147125s] 完成 71646  成功 71645  失败 1  截断 7152  三元组 824546  | 0.49 req/s  519 out-tok/s
[147141s] 完成 71655  成功 71654  失败 1  截断 7153  三元组 824624  | 0.49 req/s  519 out-tok/s
[147158s] 完成 71668  成功 71667  失败 1  截断 7154  三元组 824728  | 0.49 req/s  519 out-tok/s
[147175s] 完成 71678  成功 71677  失败 1  截断 7155  三元组 824843  | 0.49 req/s  519 out-tok/s
[147193s] 完成 71691  成功 71690  失败 1  截断 7156  三元组 824952  | 0.49 req/s  519 out-tok/s
[147209s] 完成 71699  成功 71698  失败 1  截断 7156  三元组 825020  | 0.49 req/s  519 out-tok/s
[147224s] 完成 71708  成功 71707  失败 1  截断 7156  三元组 825113  | 0.49 req/s  519 out-tok/s
[147241s] 完成 71716  成功 71715  失败 1  截断 7156  三元组 825185  | 0.49 req/s  519 out-tok/s
[147257s] 完成 71725  成功 71724  失败 1  截断 7157  三元组 825266  | 0.49 req/s  519 out-tok/s
[147273s] 完成 71733  成功 71732  失败 1  截断 7157  三元组 825370  | 0.49 req/s  519 out-tok/s
[147297s] 完成 71741  成功 71740  失败 1  截断 7159  三元组 825470  | 0.49 req/s  519 out-tok/s
[147314s] 完成 71747  成功 71746  失败 1  截断 7160  三元组 825538  | 0.49 req/s  519 out-tok/s
[147333s] 完成 71760  成功 71759  失败 1  截断 7161  三元组 825690  | 0.49 req/s  519 out-tok/s
[147351s] 完成 71765  成功 71764  失败 1  截断 7164  三元组 825772  | 0.49 req/s  519 out-tok/s
[147367s] 完成 71775  成功 71774  失败 1  截断 7164  三元组 825873  | 0.49 req/s  519 out-tok/s
[147382s] 完成 71783  成功 71782  失败 1  截断 7164  三元组 825976  | 0.49 req/s  519 out-tok/s
[147398s] 完成 71791  成功 71790  失败 1  截断 7165  三元组 826077  | 0.49 req/s  519 out-tok/s
[147415s] 完成 71800  成功 71799  失败 1  截断 7166  三元组 826192  | 0.49 req/s  519 out-tok/s
[147431s] 完成 71808  成功 71807  失败 1  截断 7167  三元组 826264  | 0.49 req/s  519 out-tok/s
[147450s] 完成 71819  成功 71818  失败 1  截断 7167  三元组 826382  | 0.49 req/s  519 out-tok/s
[147467s] 完成 71831  成功 71830  失败 1  截断 7168  三元组 826498  | 0.49 req/s  519 out-tok/s
[147484s] 完成 71842  成功 71841  失败 1  截断 7169  三元组 826628  | 0.49 req/s  519 out-tok/s
[147499s] 完成 71849  成功 71848  失败 1  截断 7169  三元组 826693  | 0.49 req/s  519 out-tok/s
[147517s] 完成 71857  成功 71856  失败 1  截断 7170  三元组 826779  | 0.49 req/s  519 out-tok/s
[147533s] 完成 71866  成功 71865  失败 1  截断 7172  三元组 826871  | 0.49 req/s  519 out-tok/s
[147548s] 完成 71879  成功 71878  失败 1  截断 7172  三元组 827004  | 0.49 req/s  519 out-tok/s
[147567s] 完成 71887  成功 71886  失败 1  截断 7172  三元组 827060  | 0.49 req/s  519 out-tok/s
[147584s] 完成 71895  成功 71894  失败 1  截断 7172  三元组 827151  | 0.49 req/s  519 out-tok/s
[147599s] 完成 71901  成功 71900  失败 1  截断 7172  三元组 827219  | 0.49 req/s  519 out-tok/s
[147616s] 完成 71912  成功 71911  失败 1  截断 7173  三元组 827345  | 0.49 req/s  519 out-tok/s
[147637s] 完成 71922  成功 71921  失败 1  截断 7174  三元组 827466  | 0.49 req/s  519 out-tok/s
[147653s] 完成 71929  成功 71928  失败 1  截断 7175  三元组 827538  | 0.49 req/s  519 out-tok/s
[147668s] 完成 71934  成功 71933  失败 1  截断 7176  三元组 827584  | 0.49 req/s  519 out-tok/s
[147685s] 完成 71942  成功 71941  失败 1  截断 7176  三元组 827668  | 0.49 req/s  519 out-tok/s
[147701s] 完成 71951  成功 71950  失败 1  截断 7177  三元组 827775  | 0.49 req/s  519 out-tok/s
[147717s] 完成 71959  成功 71958  失败 1  截断 7178  三元组 827840  | 0.49 req/s  519 out-tok/s
[147734s] 完成 71970  成功 71969  失败 1  截断 7180  三元组 827967  | 0.49 req/s  519 out-tok/s
[147752s] 完成 71981  成功 71980  失败 1  截断 7181  三元组 828084  | 0.49 req/s  519 out-tok/s
[147768s] 完成 71986  成功 71985  失败 1  截断 7181  三元组 828130  | 0.49 req/s  519 out-tok/s
[147784s] 完成 71996  成功 71995  失败 1  截断 7182  三元组 828245  | 0.49 req/s  519 out-tok/s
[147791s] 完成 72000  成功 71999  失败 1  截断 7182  三元组 828298  | 0.49 req/s  519 out-tok/s
[147807s] 完成 72009  成功 72008  失败 1  截断 7182  三元组 828408  | 0.49 req/s  519 out-tok/s
[147825s] 完成 72017  成功 72016  失败 1  截断 7182  三元组 828494  | 0.49 req/s  519 out-tok/s
[147842s] 完成 72025  成功 72024  失败 1  截断 7182  三元组 828581  | 0.49 req/s  519 out-tok/s
[147857s] 完成 72031  成功 72030  失败 1  截断 7182  三元组 828645  | 0.49 req/s  519 out-tok/s
[147875s] 完成 72041  成功 72040  失败 1  截断 7182  三元组 828757  | 0.49 req/s  519 out-tok/s
[147894s] 完成 72050  成功 72049  失败 1  截断 7184  三元组 828887  | 0.49 req/s  519 out-tok/s
[147911s] 完成 72058  成功 72057  失败 1  截断 7185  三元组 828994  | 0.49 req/s  519 out-tok/s
[147927s] 完成 72063  成功 72062  失败 1  截断 7185  三元组 829041  | 0.49 req/s  519 out-tok/s
[147942s] 完成 72069  成功 72068  失败 1  截断 7185  三元组 829116  | 0.49 req/s  519 out-tok/s
[147958s] 完成 72077  成功 72076  失败 1  截断 7187  三元组 829232  | 0.49 req/s  519 out-tok/s
[147973s] 完成 72085  成功 72084  失败 1  截断 7188  三元组 829317  | 0.49 req/s  519 out-tok/s
[147994s] 完成 72094  成功 72093  失败 1  截断 7189  三元组 829447  | 0.49 req/s  519 out-tok/s
[148010s] 完成 72103  成功 72102  失败 1  截断 7189  三元组 829517  | 0.49 req/s  519 out-tok/s
[148026s] 完成 72112  成功 72111  失败 1  截断 7191  三元组 829633  | 0.49 req/s  519 out-tok/s
[148042s] 完成 72123  成功 72122  失败 1  截断 7193  三元组 829761  | 0.49 req/s  519 out-tok/s
[148058s] 完成 72133  成功 72132  失败 1  截断 7193  三元组 829862  | 0.49 req/s  519 out-tok/s
[148074s] 完成 72137  成功 72136  失败 1  截断 7194  三元组 829895  | 0.49 req/s  519 out-tok/s
[148091s] 完成 72143  成功 72142  失败 1  截断 7194  三元组 829947  | 0.49 req/s  519 out-tok/s
[148106s] 完成 72148  成功 72147  失败 1  截断 7194  三元组 830014  | 0.49 req/s  519 out-tok/s
[148121s] 完成 72156  成功 72155  失败 1  截断 7195  三元组 830102  | 0.49 req/s  519 out-tok/s
[148140s] 完成 72163  成功 72162  失败 1  截断 7195  三元组 830183  | 0.49 req/s  519 out-tok/s
[148156s] 完成 72171  成功 72170  失败 1  截断 7197  三元组 830249  | 0.49 req/s  519 out-tok/s
[148172s] 完成 72179  成功 72178  失败 1  截断 7198  三元组 830336  | 0.49 req/s  519 out-tok/s
[148189s] 完成 72184  成功 72183  失败 1  截断 7200  三元组 830396  | 0.49 req/s  519 out-tok/s
[148206s] 完成 72194  成功 72193  失败 1  截断 7202  三元组 830520  | 0.49 req/s  519 out-tok/s
[148221s] 完成 72205  成功 72204  失败 1  截断 7204  三元组 830619  | 0.49 req/s  519 out-tok/s
[148239s] 完成 72212  成功 72211  失败 1  截断 7205  三元组 830671  | 0.49 req/s  519 out-tok/s
[148255s] 完成 72218  成功 72217  失败 1  截断 7205  三元组 830734  | 0.49 req/s  519 out-tok/s
[148273s] 完成 72228  成功 72227  失败 1  截断 7206  三元组 830849  | 0.49 req/s  519 out-tok/s
[148290s] 完成 72240  成功 72239  失败 1  截断 7207  三元组 830964  | 0.49 req/s  519 out-tok/s
[148306s] 完成 72243  成功 72242  失败 1  截断 7208  三元组 831010  | 0.49 req/s  519 out-tok/s
[148324s] 完成 72253  成功 72252  失败 1  截断 7210  三元组 831110  | 0.49 req/s  519 out-tok/s
[148343s] 完成 72263  成功 72262  失败 1  截断 7210  三元组 831215  | 0.49 req/s  519 out-tok/s
[148359s] 完成 72273  成功 72272  失败 1  截断 7213  三元组 831325  | 0.49 req/s  519 out-tok/s
[148376s] 完成 72279  成功 72278  失败 1  截断 7214  三元组 831385  | 0.49 req/s  519 out-tok/s
[148393s] 完成 72288  成功 72287  失败 1  截断 7214  三元组 831473  | 0.49 req/s  519 out-tok/s
[148413s] 完成 72300  成功 72299  失败 1  截断 7215  三元组 831583  | 0.49 req/s  519 out-tok/s
[148429s] 完成 72308  成功 72307  失败 1  截断 7216  三元组 831653  | 0.49 req/s  519 out-tok/s
[148446s] 完成 72318  成功 72317  失败 1  截断 7218  三元组 831745  | 0.49 req/s  519 out-tok/s
[148462s] 完成 72332  成功 72331  失败 1  截断 7220  三元组 831904  | 0.49 req/s  519 out-tok/s
[148477s] 完成 72341  成功 72340  失败 1  截断 7220  三元组 831979  | 0.49 req/s  519 out-tok/s
[148495s] 完成 72349  成功 72348  失败 1  截断 7221  三元组 832049  | 0.49 req/s  519 out-tok/s
[148517s] 完成 72361  成功 72360  失败 1  截断 7222  三元组 832151  | 0.49 req/s  519 out-tok/s
[148534s] 完成 72368  成功 72367  失败 1  截断 7222  三元组 832222  | 0.49 req/s  519 out-tok/s
[148559s] 完成 72377  成功 72376  失败 1  截断 7223  三元组 832326  | 0.49 req/s  519 out-tok/s
[148574s] 完成 72385  成功 72384  失败 1  截断 7223  三元组 832403  | 0.49 req/s  519 out-tok/s
[148590s] 完成 72391  成功 72390  失败 1  截断 7223  三元组 832503  | 0.49 req/s  519 out-tok/s
[148605s] 完成 72400  成功 72399  失败 1  截断 7225  三元组 832617  | 0.49 req/s  519 out-tok/s
[148620s] 完成 72409  成功 72408  失败 1  截断 7225  三元组 832745  | 0.49 req/s  519 out-tok/s
[148637s] 完成 72418  成功 72417  失败 1  截断 7225  三元组 832835  | 0.49 req/s  519 out-tok/s
[148657s] 完成 72427  成功 72426  失败 1  截断 7227  三元组 832955  | 0.49 req/s  519 out-tok/s
[148673s] 完成 72437  成功 72436  失败 1  截断 7228  三元组 833047  | 0.49 req/s  519 out-tok/s
[148689s] 完成 72444  成功 72443  失败 1  截断 7228  三元组 833128  | 0.49 req/s  519 out-tok/s
[148707s] 完成 72456  成功 72455  失败 1  截断 7229  三元组 833289  | 0.49 req/s  519 out-tok/s
[148735s] 完成 72463  成功 72462  失败 1  截断 7229  三元组 833348  | 0.49 req/s  519 out-tok/s
[148757s] 完成 72472  成功 72471  失败 1  截断 7230  三元组 833463  | 0.49 req/s  519 out-tok/s
[148773s] 完成 72483  成功 72482  失败 1  截断 7233  三元组 833574  | 0.49 req/s  519 out-tok/s
[148790s] 完成 72491  成功 72490  失败 1  截断 7233  三元组 833664  | 0.49 req/s  519 out-tok/s
[148803s] 完成 72500  成功 72499  失败 1  截断 7235  三元组 833764  | 0.49 req/s  519 out-tok/s
[148818s] 完成 72505  成功 72504  失败 1  截断 7236  三元组 833828  | 0.49 req/s  519 out-tok/s
[148833s] 完成 72512  成功 72511  失败 1  截断 7237  三元组 833886  | 0.49 req/s  519 out-tok/s
[148850s] 完成 72520  成功 72519  失败 1  截断 7239  三元组 833952  | 0.49 req/s  519 out-tok/s
[148865s] 完成 72527  成功 72526  失败 1  截断 7241  三元组 834009  | 0.49 req/s  519 out-tok/s
[148881s] 完成 72534  成功 72533  失败 1  截断 7241  三元组 834070  | 0.49 req/s  519 out-tok/s
[148897s] 完成 72539  成功 72538  失败 1  截断 7241  三元组 834130  | 0.49 req/s  519 out-tok/s
[148915s] 完成 72549  成功 72548  失败 1  截断 7242  三元组 834259  | 0.49 req/s  519 out-tok/s
[148930s] 完成 72555  成功 72554  失败 1  截断 7243  三元组 834327  | 0.49 req/s  519 out-tok/s
[148947s] 完成 72563  成功 72562  失败 1  截断 7245  三元组 834424  | 0.49 req/s  519 out-tok/s
[148965s] 完成 72571  成功 72570  失败 1  截断 7246  三元组 834515  | 0.49 req/s  519 out-tok/s
[148981s] 完成 72582  成功 72581  失败 1  截断 7246  三元组 834657  | 0.49 req/s  519 out-tok/s
[148996s] 完成 72588  成功 72587  失败 1  截断 7247  三元组 834718  | 0.49 req/s  519 out-tok/s
[149016s] 完成 72593  成功 72592  失败 1  截断 7248  三元组 834785  | 0.49 req/s  519 out-tok/s
[149031s] 完成 72606  成功 72605  失败 1  截断 7249  三元组 834948  | 0.49 req/s  519 out-tok/s
[149049s] 完成 72610  成功 72609  失败 1  截断 7250  三元组 834989  | 0.49 req/s  519 out-tok/s
[149064s] 完成 72619  成功 72618  失败 1  截断 7251  三元组 835082  | 0.49 req/s  519 out-tok/s
[149082s] 完成 72627  成功 72626  失败 1  截断 7251  三元组 835181  | 0.49 req/s  519 out-tok/s
[149102s] 完成 72634  成功 72633  失败 1  截断 7251  三元组 835274  | 0.49 req/s  519 out-tok/s
[149118s] 完成 72641  成功 72640  失败 1  截断 7252  三元组 835346  | 0.49 req/s  519 out-tok/s
[149133s] 完成 72648  成功 72647  失败 1  截断 7254  三元组 835438  | 0.49 req/s  519 out-tok/s
[149151s] 完成 72654  成功 72653  失败 1  截断 7255  三元组 835533  | 0.49 req/s  519 out-tok/s
[149166s] 完成 72661  成功 72660  失败 1  截断 7256  三元组 835617  | 0.49 req/s  519 out-tok/s
[149182s] 完成 72669  成功 72668  失败 1  截断 7257  三元组 835709  | 0.49 req/s  519 out-tok/s
[149197s] 完成 72676  成功 72675  失败 1  截断 7260  三元组 835775  | 0.49 req/s  519 out-tok/s
[149217s] 完成 72686  成功 72685  失败 1  截断 7261  三元组 835908  | 0.49 req/s  519 out-tok/s
[149232s] 完成 72695  成功 72694  失败 1  截断 7262  三元组 835985  | 0.49 req/s  519 out-tok/s
[149251s] 完成 72708  成功 72707  失败 1  截断 7262  三元组 836125  | 0.49 req/s  519 out-tok/s
[149269s] 完成 72714  成功 72713  失败 1  截断 7262  三元组 836187  | 0.49 req/s  519 out-tok/s
[149289s] 完成 72719  成功 72718  失败 1  截断 7262  三元组 836258  | 0.49 req/s  519 out-tok/s
[149308s] 完成 72729  成功 72728  失败 1  截断 7263  三元组 836376  | 0.49 req/s  519 out-tok/s
[149323s] 完成 72734  成功 72733  失败 1  截断 7264  三元组 836446  | 0.49 req/s  519 out-tok/s
[149341s] 完成 72745  成功 72744  失败 1  截断 7265  三元组 836610  | 0.49 req/s  519 out-tok/s
[149356s] 完成 72750  成功 72749  失败 1  截断 7265  三元组 836678  | 0.49 req/s  519 out-tok/s
[149372s] 完成 72758  成功 72757  失败 1  截断 7267  三元组 836780  | 0.49 req/s  519 out-tok/s
[149387s] 完成 72762  成功 72761  失败 1  截断 7269  三元组 836835  | 0.49 req/s  519 out-tok/s
[149402s] 完成 72770  成功 72769  失败 1  截断 7270  三元组 836939  | 0.49 req/s  519 out-tok/s
[149421s] 完成 72776  成功 72775  失败 1  截断 7270  三元组 837001  | 0.49 req/s  519 out-tok/s
[149437s] 完成 72782  成功 72781  失败 1  截断 7270  三元组 837073  | 0.49 req/s  519 out-tok/s
[149454s] 完成 72793  成功 72792  失败 1  截断 7272  三元组 837221  | 0.49 req/s  519 out-tok/s
[149469s] 完成 72800  成功 72799  失败 1  截断 7274  三元组 837319  | 0.49 req/s  519 out-tok/s
[149484s] 完成 72809  成功 72808  失败 1  截断 7275  三元组 837431  | 0.49 req/s  519 out-tok/s
[149500s] 完成 72817  成功 72816  失败 1  截断 7276  三元组 837524  | 0.49 req/s  519 out-tok/s
[149515s] 完成 72828  成功 72827  失败 1  截断 7276  三元组 837634  | 0.49 req/s  519 out-tok/s
[149531s] 完成 72837  成功 72836  失败 1  截断 7276  三元组 837734  | 0.49 req/s  519 out-tok/s
[149547s] 完成 72843  成功 72842  失败 1  截断 7276  三元组 837799  | 0.49 req/s  519 out-tok/s
[149565s] 完成 72854  成功 72853  失败 1  截断 7277  三元组 837923  | 0.49 req/s  519 out-tok/s
[149587s] 完成 72861  成功 72860  失败 1  截断 7277  三元组 838007  | 0.49 req/s  519 out-tok/s
[149603s] 完成 72870  成功 72869  失败 1  截断 7279  三元组 838098  | 0.49 req/s  519 out-tok/s
[149619s] 完成 72877  成功 72876  失败 1  截断 7279  三元组 838186  | 0.49 req/s  519 out-tok/s
[149635s] 完成 72880  成功 72879  失败 1  截断 7279  三元组 838219  | 0.49 req/s  519 out-tok/s
[149657s] 完成 72887  成功 72886  失败 1  截断 7279  三元组 838302  | 0.49 req/s  519 out-tok/s
[149674s] 完成 72892  成功 72891  失败 1  截断 7280  三元组 838349  | 0.49 req/s  519 out-tok/s
[149690s] 完成 72902  成功 72901  失败 1  截断 7282  三元组 838483  | 0.49 req/s  519 out-tok/s
[149707s] 完成 72906  成功 72905  失败 1  截断 7283  三元组 838529  | 0.49 req/s  519 out-tok/s
[149725s] 完成 72918  成功 72917  失败 1  截断 7285  三元组 838704  | 0.49 req/s  519 out-tok/s
[149740s] 完成 72927  成功 72926  失败 1  截断 7286  三元组 838806  | 0.49 req/s  519 out-tok/s
[149757s] 完成 72938  成功 72937  失败 1  截断 7289  三元组 838898  | 0.49 req/s  519 out-tok/s
[149773s] 完成 72946  成功 72945  失败 1  截断 7290  三元组 838970  | 0.49 req/s  519 out-tok/s
[149791s] 完成 72950  成功 72949  失败 1  截断 7290  三元组 839029  | 0.49 req/s  519 out-tok/s
[149806s] 完成 72954  成功 72953  失败 1  截断 7290  三元组 839079  | 0.49 req/s  519 out-tok/s
[149825s] 完成 72962  成功 72961  失败 1  截断 7290  三元组 839175  | 0.49 req/s  519 out-tok/s
[149842s] 完成 72974  成功 72973  失败 1  截断 7291  三元组 839334  | 0.49 req/s  519 out-tok/s
[149859s] 完成 72981  成功 72980  失败 1  截断 7294  三元组 839440  | 0.49 req/s  519 out-tok/s
[149875s] 完成 72990  成功 72989  失败 1  截断 7294  三元组 839546  | 0.49 req/s  519 out-tok/s
[149890s] 完成 72996  成功 72995  失败 1  截断 7295  三元组 839621  | 0.49 req/s  519 out-tok/s
[149895s] 完成 73000  成功 72999  失败 1  截断 7295  三元组 839654  | 0.49 req/s  519 out-tok/s
[149912s] 完成 73006  成功 73005  失败 1  截断 7296  三元组 839734  | 0.49 req/s  519 out-tok/s
[149932s] 完成 73015  成功 73014  失败 1  截断 7297  三元组 839835  | 0.49 req/s  519 out-tok/s
[149947s] 完成 73023  成功 73022  失败 1  截断 7297  三元组 839955  | 0.49 req/s  519 out-tok/s
[149965s] 完成 73032  成功 73031  失败 1  截断 7298  三元组 840057  | 0.49 req/s  519 out-tok/s
[149986s] 完成 73042  成功 73041  失败 1  截断 7299  三元组 840165  | 0.49 req/s  519 out-tok/s
[150005s] 完成 73048  成功 73047  失败 1  截断 7299  三元组 840219  | 0.49 req/s  519 out-tok/s
[150021s] 完成 73059  成功 73058  失败 1  截断 7300  三元组 840345  | 0.49 req/s  519 out-tok/s
[150039s] 完成 73069  成功 73068  失败 1  截断 7300  三元组 840442  | 0.49 req/s  519 out-tok/s
[150056s] 完成 73080  成功 73079  失败 1  截断 7303  三元组 840539  | 0.49 req/s  519 out-tok/s
[150078s] 完成 73088  成功 73087  失败 1  截断 7303  三元组 840627  | 0.49 req/s  519 out-tok/s
[150099s] 完成 73099  成功 73098  失败 1  截断 7304  三元组 840719  | 0.49 req/s  519 out-tok/s
[150115s] 完成 73103  成功 73102  失败 1  截断 7304  三元组 840764  | 0.49 req/s  519 out-tok/s
[150130s] 完成 73110  成功 73109  失败 1  截断 7304  三元组 840844  | 0.49 req/s  519 out-tok/s
[150148s] 完成 73116  成功 73115  失败 1  截断 7305  三元组 840950  | 0.49 req/s  519 out-tok/s
[150168s] 完成 73122  成功 73121  失败 1  截断 7307  三元组 841059  | 0.49 req/s  519 out-tok/s
[150185s] 完成 73129  成功 73128  失败 1  截断 7309  三元组 841152  | 0.49 req/s  519 out-tok/s
[150201s] 完成 73138  成功 73137  失败 1  截断 7310  三元组 841258  | 0.49 req/s  519 out-tok/s
[150217s] 完成 73143  成功 73142  失败 1  截断 7310  三元组 841314  | 0.49 req/s  519 out-tok/s
[150234s] 完成 73151  成功 73150  失败 1  截断 7311  三元组 841381  | 0.49 req/s  519 out-tok/s
[150250s] 完成 73160  成功 73159  失败 1  截断 7313  三元组 841476  | 0.49 req/s  519 out-tok/s
[150266s] 完成 73166  成功 73165  失败 1  截断 7314  三元组 841530  | 0.49 req/s  519 out-tok/s
[150284s] 完成 73172  成功 73171  失败 1  截断 7314  三元组 841614  | 0.49 req/s  519 out-tok/s
[150301s] 完成 73178  成功 73177  失败 1  截断 7316  三元组 841699  | 0.49 req/s  519 out-tok/s
[150319s] 完成 73187  成功 73186  失败 1  截断 7318  三元组 841805  | 0.49 req/s  519 out-tok/s
[150336s] 完成 73196  成功 73195  失败 1  截断 7320  三元组 841941  | 0.49 req/s  519 out-tok/s
[150351s] 完成 73207  成功 73206  失败 1  截断 7322  三元组 842053  | 0.49 req/s  519 out-tok/s
[150372s] 完成 73216  成功 73215  失败 1  截断 7323  三元组 842158  | 0.49 req/s  519 out-tok/s
[150390s] 完成 73222  成功 73221  失败 1  截断 7324  三元组 842220  | 0.49 req/s  519 out-tok/s
[150406s] 完成 73230  成功 73229  失败 1  截断 7324  三元组 842319  | 0.49 req/s  519 out-tok/s
[150423s] 完成 73240  成功 73239  失败 1  截断 7325  三元组 842453  | 0.49 req/s  519 out-tok/s
[150443s] 完成 73250  成功 73249  失败 1  截断 7325  三元组 842564  | 0.49 req/s  519 out-tok/s
[150459s] 完成 73259  成功 73258  失败 1  截断 7325  三元组 842689  | 0.49 req/s  519 out-tok/s
[150474s] 完成 73265  成功 73264  失败 1  截断 7325  三元组 842756  | 0.49 req/s  519 out-tok/s
[150489s] 完成 73274  成功 73273  失败 1  截断 7325  三元组 842866  | 0.49 req/s  519 out-tok/s
[150504s] 完成 73283  成功 73282  失败 1  截断 7325  三元组 842953  | 0.49 req/s  519 out-tok/s
[150523s] 完成 73292  成功 73291  失败 1  截断 7326  三元组 843076  | 0.49 req/s  519 out-tok/s
[150542s] 完成 73300  成功 73299  失败 1  截断 7326  三元组 843184  | 0.49 req/s  519 out-tok/s
[150557s] 完成 73307  成功 73306  失败 1  截断 7326  三元组 843261  | 0.49 req/s  519 out-tok/s
[150575s] 完成 73314  成功 73313  失败 1  截断 7327  三元组 843363  | 0.49 req/s  519 out-tok/s
[150591s] 完成 73321  成功 73320  失败 1  截断 7327  三元组 843437  | 0.49 req/s  519 out-tok/s
[150607s] 完成 73327  成功 73326  失败 1  截断 7329  三元组 843503  | 0.49 req/s  519 out-tok/s
[150622s] 完成 73334  成功 73333  失败 1  截断 7329  三元组 843617  | 0.49 req/s  519 out-tok/s
[150638s] 完成 73343  成功 73342  失败 1  截断 7330  三元组 843744  | 0.49 req/s  519 out-tok/s
[150655s] 完成 73355  成功 73354  失败 1  截断 7331  三元组 843874  | 0.49 req/s  519 out-tok/s
[150672s] 完成 73363  成功 73362  失败 1  截断 7331  三元组 843950  | 0.49 req/s  519 out-tok/s
[150687s] 完成 73372  成功 73371  失败 1  截断 7331  三元组 844052  | 0.49 req/s  519 out-tok/s
[150704s] 完成 73378  成功 73377  失败 1  截断 7332  三元组 844123  | 0.49 req/s  519 out-tok/s
[150721s] 完成 73391  成功 73390  失败 1  截断 7333  三元组 844262  | 0.49 req/s  519 out-tok/s
[150737s] 完成 73400  成功 73399  失败 1  截断 7334  三元组 844363  | 0.49 req/s  519 out-tok/s
[150755s] 完成 73406  成功 73405  失败 1  截断 7334  三元组 844421  | 0.49 req/s  519 out-tok/s
[150771s] 完成 73416  成功 73415  失败 1  截断 7334  三元组 844535  | 0.49 req/s  519 out-tok/s
[150788s] 完成 73426  成功 73425  失败 1  截断 7336  三元组 844652  | 0.49 req/s  519 out-tok/s
[150804s] 完成 73431  成功 73430  失败 1  截断 7336  三元组 844700  | 0.49 req/s  519 out-tok/s
[150821s] 完成 73436  成功 73435  失败 1  截断 7336  三元组 844751  | 0.49 req/s  519 out-tok/s
[150837s] 完成 73444  成功 73443  失败 1  截断 7337  三元组 844861  | 0.49 req/s  519 out-tok/s
[150853s] 完成 73452  成功 73451  失败 1  截断 7339  三元组 844952  | 0.49 req/s  519 out-tok/s
[150870s] 完成 73456  成功 73455  失败 1  截断 7341  三元组 845037  | 0.49 req/s  519 out-tok/s
[150885s] 完成 73465  成功 73464  失败 1  截断 7343  三元组 845178  | 0.49 req/s  519 out-tok/s
[150903s] 完成 73475  成功 73474  失败 1  截断 7344  三元组 845304  | 0.49 req/s  519 out-tok/s
[150921s] 完成 73481  成功 73480  失败 1  截断 7344  三元组 845370  | 0.49 req/s  519 out-tok/s
[150939s] 完成 73491  成功 73490  失败 1  截断 7347  三元组 845477  | 0.49 req/s  519 out-tok/s
[150956s] 完成 73497  成功 73496  失败 1  截断 7347  三元组 845547  | 0.49 req/s  519 out-tok/s
[150971s] 完成 73500  成功 73499  失败 1  截断 7347  三元组 845582  | 0.49 req/s  519 out-tok/s
[150986s] 完成 73506  成功 73505  失败 1  截断 7348  三元组 845656  | 0.49 req/s  519 out-tok/s
[151002s] 完成 73514  成功 73513  失败 1  截断 7349  三元组 845740  | 0.49 req/s  519 out-tok/s
[151023s] 完成 73520  成功 73519  失败 1  截断 7350  三元组 845826  | 0.49 req/s  519 out-tok/s
[151040s] 完成 73531  成功 73530  失败 1  截断 7353  三元组 845960  | 0.49 req/s  519 out-tok/s
[151059s] 完成 73538  成功 73537  失败 1  截断 7355  三元组 846055  | 0.49 req/s  519 out-tok/s
[151076s] 完成 73548  成功 73547  失败 1  截断 7357  三元组 846176  | 0.49 req/s  519 out-tok/s
[151094s] 完成 73556  成功 73555  失败 1  截断 7359  三元组 846245  | 0.49 req/s  519 out-tok/s
[151111s] 完成 73563  成功 73562  失败 1  截断 7359  三元组 846306  | 0.49 req/s  519 out-tok/s
[151128s] 完成 73568  成功 73567  失败 1  截断 7360  三元组 846355  | 0.49 req/s  519 out-tok/s
[151143s] 完成 73581  成功 73580  失败 1  截断 7361  三元组 846531  | 0.49 req/s  519 out-tok/s
[151160s] 完成 73592  成功 73591  失败 1  截断 7362  三元组 846636  | 0.49 req/s  519 out-tok/s
[151177s] 完成 73605  成功 73604  失败 1  截断 7363  三元组 846761  | 0.49 req/s  519 out-tok/s
[151194s] 完成 73615  成功 73614  失败 1  截断 7365  三元组 846884  | 0.49 req/s  519 out-tok/s
[151209s] 完成 73624  成功 73623  失败 1  截断 7365  三元组 846962  | 0.49 req/s  519 out-tok/s
[151240s] 完成 73632  成功 73631  失败 1  截断 7365  三元组 847041  | 0.49 req/s  519 out-tok/s
[151256s] 完成 73641  成功 73640  失败 1  截断 7365  三元组 847144  | 0.49 req/s  519 out-tok/s
[151273s] 完成 73653  成功 73652  失败 1  截断 7365  三元组 847317  | 0.49 req/s  519 out-tok/s
[151291s] 完成 73658  成功 73657  失败 1  截断 7365  三元组 847367  | 0.49 req/s  519 out-tok/s
[151306s] 完成 73670  成功 73669  失败 1  截断 7368  三元组 847484  | 0.49 req/s  519 out-tok/s
[151323s] 完成 73677  成功 73676  失败 1  截断 7370  三元组 847579  | 0.49 req/s  519 out-tok/s
[151339s] 完成 73686  成功 73685  失败 1  截断 7370  三元组 847663  | 0.49 req/s  519 out-tok/s
[151359s] 完成 73696  成功 73695  失败 1  截断 7370  三元组 847764  | 0.49 req/s  519 out-tok/s
[151374s] 完成 73702  成功 73701  失败 1  截断 7370  三元组 847822  | 0.49 req/s  519 out-tok/s
[151391s] 完成 73711  成功 73710  失败 1  截断 7370  三元组 847934  | 0.49 req/s  519 out-tok/s
[151407s] 完成 73716  成功 73715  失败 1  截断 7371  三元组 847986  | 0.49 req/s  519 out-tok/s
[151428s] 完成 73726  成功 73725  失败 1  截断 7371  三元组 848088  | 0.49 req/s  519 out-tok/s
[151444s] 完成 73734  成功 73733  失败 1  截断 7371  三元组 848169  | 0.49 req/s  519 out-tok/s
[151460s] 完成 73740  成功 73739  失败 1  截断 7373  三元组 848249  | 0.49 req/s  519 out-tok/s
[151476s] 完成 73746  成功 73745  失败 1  截断 7374  三元组 848314  | 0.49 req/s  519 out-tok/s
[151495s] 完成 73750  成功 73749  失败 1  截断 7376  三元组 848368  | 0.49 req/s  519 out-tok/s
[151513s] 完成 73764  成功 73763  失败 1  截断 7378  三元组 848534  | 0.49 req/s  519 out-tok/s
[151528s] 完成 73773  成功 73772  失败 1  截断 7379  三元组 848672  | 0.49 req/s  519 out-tok/s
[151546s] 完成 73782  成功 73781  失败 1  截断 7380  三元组 848762  | 0.49 req/s  519 out-tok/s
[151563s] 完成 73792  成功 73791  失败 1  截断 7380  三元组 848843  | 0.49 req/s  519 out-tok/s
[151579s] 完成 73800  成功 73799  失败 1  截断 7381  三元组 848926  | 0.49 req/s  519 out-tok/s
[151595s] 完成 73804  成功 73803  失败 1  截断 7381  三元组 848975  | 0.49 req/s  519 out-tok/s
[151613s] 完成 73812  成功 73811  失败 1  截断 7383  三元组 849076  | 0.49 req/s  519 out-tok/s
[151629s] 完成 73824  成功 73823  失败 1  截断 7383  三元组 849225  | 0.49 req/s  519 out-tok/s
[151644s] 完成 73831  成功 73830  失败 1  截断 7383  三元组 849296  | 0.49 req/s  519 out-tok/s
[151660s] 完成 73842  成功 73841  失败 1  截断 7384  三元组 849421  | 0.49 req/s  519 out-tok/s
[151676s] 完成 73851  成功 73850  失败 1  截断 7385  三元组 849515  | 0.49 req/s  519 out-tok/s
[151692s] 完成 73862  成功 73861  失败 1  截断 7385  三元组 849607  | 0.49 req/s  519 out-tok/s
[151707s] 完成 73870  成功 73869  失败 1  截断 7385  三元组 849692  | 0.49 req/s  519 out-tok/s
[151725s] 完成 73880  成功 73879  失败 1  截断 7386  三元组 849777  | 0.49 req/s  519 out-tok/s
[151741s] 完成 73891  成功 73890  失败 1  截断 7386  三元组 849877  | 0.49 req/s  519 out-tok/s
[151756s] 完成 73897  成功 73896  失败 1  截断 7387  三元组 849930  | 0.49 req/s  519 out-tok/s
[151771s] 完成 73906  成功 73905  失败 1  截断 7387  三元组 850027  | 0.49 req/s  519 out-tok/s
[151788s] 完成 73915  成功 73914  失败 1  截断 7388  三元组 850099  | 0.49 req/s  519 out-tok/s
[151805s] 完成 73927  成功 73926  失败 1  截断 7389  三元组 850243  | 0.49 req/s  519 out-tok/s
[151820s] 完成 73933  成功 73932  失败 1  截断 7390  三元组 850306  | 0.49 req/s  519 out-tok/s
[151836s] 完成 73942  成功 73941  失败 1  截断 7390  三元组 850392  | 0.49 req/s  519 out-tok/s
[151851s] 完成 73951  成功 73950  失败 1  截断 7390  三元组 850484  | 0.49 req/s  519 out-tok/s
[151867s] 完成 73961  成功 73960  失败 1  截断 7391  三元组 850585  | 0.49 req/s  519 out-tok/s
[151882s] 完成 73966  成功 73965  失败 1  截断 7391  三元组 850625  | 0.49 req/s  519 out-tok/s
[151897s] 完成 73975  成功 73974  失败 1  截断 7391  三元组 850741  | 0.49 req/s  519 out-tok/s
[151913s] 完成 73984  成功 73983  失败 1  截断 7392  三元组 850835  | 0.49 req/s  519 out-tok/s
[151929s] 完成 73991  成功 73990  失败 1  截断 7392  三元组 850908  | 0.49 req/s  519 out-tok/s
[151939s] 完成 74000  成功 73999  失败 1  截断 7393  三元组 851032  | 0.49 req/s  519 out-tok/s
[151955s] 完成 74012  成功 74011  失败 1  截断 7393  三元组 851151  | 0.49 req/s  519 out-tok/s
[151971s] 完成 74019  成功 74018  失败 1  截断 7393  三元组 851186  | 0.49 req/s  519 out-tok/s
[151995s] 完成 74027  成功 74026  失败 1  截断 7393  三元组 851266  | 0.49 req/s  519 out-tok/s
[152010s] 完成 74033  成功 74032  失败 1  截断 7394  三元组 851343  | 0.49 req/s  519 out-tok/s
[152026s] 完成 74045  成功 74044  失败 1  截断 7396  三元组 851503  | 0.49 req/s  519 out-tok/s
[152041s] 完成 74053  成功 74052  失败 1  截断 7396  三元组 851601  | 0.49 req/s  519 out-tok/s
[152056s] 完成 74059  成功 74058  失败 1  截断 7397  三元组 851670  | 0.49 req/s  519 out-tok/s
[152071s] 完成 74068  成功 74067  失败 1  截断 7398  三元组 851762  | 0.49 req/s  519 out-tok/s
[152087s] 完成 74080  成功 74079  失败 1  截断 7399  三元组 851891  | 0.49 req/s  519 out-tok/s
[152107s] 完成 74091  成功 74090  失败 1  截断 7400  三元组 852013  | 0.49 req/s  519 out-tok/s
[152122s] 完成 74097  成功 74096  失败 1  截断 7400  三元组 852075  | 0.49 req/s  519 out-tok/s
[152139s] 完成 74109  成功 74108  失败 1  截断 7400  三元组 852194  | 0.49 req/s  519 out-tok/s
[152156s] 完成 74116  成功 74115  失败 1  截断 7400  三元组 852265  | 0.49 req/s  519 out-tok/s
[152172s] 完成 74125  成功 74124  失败 1  截断 7401  三元组 852355  | 0.49 req/s  519 out-tok/s
[152197s] 完成 74133  成功 74132  失败 1  截断 7402  三元组 852465  | 0.49 req/s  519 out-tok/s
[152213s] 完成 74139  成功 74138  失败 1  截断 7403  三元组 852535  | 0.49 req/s  519 out-tok/s
[152231s] 完成 74151  成功 74150  失败 1  截断 7403  三元组 852674  | 0.49 req/s  519 out-tok/s
[152249s] 完成 74162  成功 74161  失败 1  截断 7406  三元组 852793  | 0.49 req/s  519 out-tok/s
[152264s] 完成 74174  成功 74173  失败 1  截断 7407  三元组 852929  | 0.49 req/s  519 out-tok/s
[152279s] 完成 74180  成功 74179  失败 1  截断 7407  三元组 852999  | 0.49 req/s  519 out-tok/s
[152296s] 完成 74184  成功 74183  失败 1  截断 7407  三元组 853050  | 0.49 req/s  519 out-tok/s
[152311s] 完成 74192  成功 74191  失败 1  截断 7408  三元组 853131  | 0.49 req/s  519 out-tok/s
[152326s] 完成 74201  成功 74200  失败 1  截断 7409  三元组 853233  | 0.49 req/s  519 out-tok/s
[152342s] 完成 74206  成功 74205  失败 1  截断 7409  三元组 853282  | 0.49 req/s  519 out-tok/s
[152358s] 完成 74215  成功 74214  失败 1  截断 7409  三元组 853375  | 0.49 req/s  519 out-tok/s
[152376s] 完成 74223  成功 74222  失败 1  截断 7410  三元组 853486  | 0.49 req/s  519 out-tok/s
[152391s] 完成 74231  成功 74230  失败 1  截断 7411  三元组 853594  | 0.49 req/s  519 out-tok/s
[152408s] 完成 74239  成功 74238  失败 1  截断 7412  三元组 853690  | 0.49 req/s  519 out-tok/s
[152425s] 完成 74250  成功 74249  失败 1  截断 7412  三元组 853812  | 0.49 req/s  519 out-tok/s
[152442s] 完成 74256  成功 74255  失败 1  截断 7413  三元组 853880  | 0.49 req/s  519 out-tok/s
[152457s] 完成 74262  成功 74261  失败 1  截断 7413  三元组 853920  | 0.49 req/s  519 out-tok/s
[152474s] 完成 74270  成功 74269  失败 1  截断 7413  三元组 854011  | 0.49 req/s  519 out-tok/s
[152492s] 完成 74277  成功 74276  失败 1  截断 7414  三元组 854103  | 0.49 req/s  519 out-tok/s
[152509s] 完成 74285  成功 74284  失败 1  截断 7415  三元组 854200  | 0.49 req/s  519 out-tok/s
[152525s] 完成 74290  成功 74289  失败 1  截断 7415  三元组 854255  | 0.49 req/s  519 out-tok/s
[152541s] 完成 74298  成功 74297  失败 1  截断 7416  三元组 854348  | 0.49 req/s  519 out-tok/s
[152557s] 完成 74311  成功 74310  失败 1  截断 7420  三元组 854479  | 0.49 req/s  519 out-tok/s
[152575s] 完成 74320  成功 74319  失败 1  截断 7421  三元组 854572  | 0.49 req/s  519 out-tok/s
[152590s] 完成 74329  成功 74328  失败 1  截断 7423  三元组 854664  | 0.49 req/s  519 out-tok/s
[152606s] 完成 74339  成功 74338  失败 1  截断 7423  三元组 854761  | 0.49 req/s  519 out-tok/s
[152623s] 完成 74349  成功 74348  失败 1  截断 7423  三元组 854852  | 0.49 req/s  519 out-tok/s
[152638s] 完成 74356  成功 74355  失败 1  截断 7423  三元组 854921  | 0.49 req/s  519 out-tok/s
[152657s] 完成 74366  成功 74365  失败 1  截断 7423  三元组 855064  | 0.49 req/s  519 out-tok/s
[152673s] 完成 74375  成功 74374  失败 1  截断 7424  三元组 855137  | 0.49 req/s  519 out-tok/s
[152689s] 完成 74383  成功 74382  失败 1  截断 7424  三元组 855196  | 0.49 req/s  519 out-tok/s
[152705s] 完成 74392  成功 74391  失败 1  截断 7424  三元组 855293  | 0.49 req/s  519 out-tok/s
[152720s] 完成 74400  成功 74399  失败 1  截断 7424  三元组 855380  | 0.49 req/s  519 out-tok/s
[152743s] 完成 74407  成功 74406  失败 1  截断 7425  三元组 855457  | 0.49 req/s  519 out-tok/s
[152758s] 完成 74419  成功 74418  失败 1  截断 7428  三元组 855593  | 0.49 req/s  519 out-tok/s
[152774s] 完成 74424  成功 74423  失败 1  截断 7428  三元组 855639  | 0.49 req/s  519 out-tok/s
[152791s] 完成 74433  成功 74432  失败 1  截断 7429  三元组 855752  | 0.49 req/s  519 out-tok/s
[152808s] 完成 74444  成功 74443  失败 1  截断 7430  三元组 855857  | 0.49 req/s  519 out-tok/s
[152826s] 完成 74454  成功 74453  失败 1  截断 7432  三元组 855988  | 0.49 req/s  519 out-tok/s
[152843s] 完成 74462  成功 74461  失败 1  截断 7433  三元组 856072  | 0.49 req/s  519 out-tok/s
[152862s] 完成 74471  成功 74470  失败 1  截断 7433  三元组 856175  | 0.49 req/s  519 out-tok/s
[152878s] 完成 74479  成功 74478  失败 1  截断 7435  三元组 856254  | 0.49 req/s  519 out-tok/s
[152893s] 完成 74487  成功 74486  失败 1  截断 7435  三元组 856350  | 0.49 req/s  519 out-tok/s
[152908s] 完成 74497  成功 74496  失败 1  截断 7435  三元组 856463  | 0.49 req/s  519 out-tok/s
[152915s] 完成 74500  成功 74499  失败 1  截断 7435  三元组 856489  | 0.49 req/s  519 out-tok/s
[152938s] 完成 74508  成功 74507  失败 1  截断 7435  三元组 856591  | 0.49 req/s  519 out-tok/s
[152953s] 完成 74514  成功 74513  失败 1  截断 7436  三元组 856668  | 0.49 req/s  519 out-tok/s
[152968s] 完成 74522  成功 74521  失败 1  截断 7436  三元组 856760  | 0.49 req/s  519 out-tok/s
[152983s] 完成 74531  成功 74530  失败 1  截断 7437  三元组 856859  | 0.49 req/s  519 out-tok/s
[153001s] 完成 74536  成功 74535  失败 1  截断 7439  三元组 856926  | 0.49 req/s  519 out-tok/s
[153016s] 完成 74543  成功 74542  失败 1  截断 7439  三元组 857007  | 0.49 req/s  519 out-tok/s
[153033s] 完成 74550  成功 74549  失败 1  截断 7440  三元组 857087  | 0.49 req/s  519 out-tok/s
[153048s] 完成 74561  成功 74560  失败 1  截断 7440  三元组 857225  | 0.49 req/s  519 out-tok/s
[153064s] 完成 74570  成功 74569  失败 1  截断 7442  三元组 857318  | 0.49 req/s  519 out-tok/s
[153082s] 完成 74578  成功 74577  失败 1  截断 7443  三元组 857391  | 0.49 req/s  519 out-tok/s
[153099s] 完成 74584  成功 74583  失败 1  截断 7446  三元组 857455  | 0.49 req/s  519 out-tok/s
[153116s] 完成 74594  成功 74593  失败 1  截断 7446  三元组 857589  | 0.49 req/s  519 out-tok/s
[153132s] 完成 74598  成功 74597  失败 1  截断 7447  三元组 857645  | 0.49 req/s  519 out-tok/s
[153148s] 完成 74611  成功 74610  失败 1  截断 7447  三元组 857802  | 0.49 req/s  519 out-tok/s
[153163s] 完成 74617  成功 74616  失败 1  截断 7447  三元组 857871  | 0.49 req/s  519 out-tok/s
[153179s] 完成 74624  成功 74623  失败 1  截断 7448  三元组 857929  | 0.49 req/s  519 out-tok/s
[153194s] 完成 74631  成功 74630  失败 1  截断 7449  三元组 857994  | 0.49 req/s  519 out-tok/s
[153211s] 完成 74638  成功 74637  失败 1  截断 7449  三元组 858071  | 0.49 req/s  519 out-tok/s
[153228s] 完成 74645  成功 74644  失败 1  截断 7452  三元组 858152  | 0.49 req/s  519 out-tok/s
[153245s] 完成 74654  成功 74653  失败 1  截断 7454  三元组 858251  | 0.49 req/s  519 out-tok/s
[153261s] 完成 74666  成功 74665  失败 1  截断 7454  三元组 858395  | 0.49 req/s  519 out-tok/s
[153276s] 完成 74676  成功 74675  失败 1  截断 7455  三元组 858535  | 0.49 req/s  519 out-tok/s
[153291s] 完成 74682  成功 74681  失败 1  截断 7455  三元组 858594  | 0.49 req/s  519 out-tok/s
[153308s] 完成 74691  成功 74690  失败 1  截断 7455  三元组 858688  | 0.49 req/s  519 out-tok/s
[153324s] 完成 74704  成功 74703  失败 1  截断 7457  三元组 858790  | 0.49 req/s  519 out-tok/s
[153341s] 完成 74710  成功 74709  失败 1  截断 7457  三元组 858833  | 0.49 req/s  519 out-tok/s
[153356s] 完成 74720  成功 74719  失败 1  截断 7457  三元组 858946  | 0.49 req/s  519 out-tok/s
[153373s] 完成 74728  成功 74727  失败 1  截断 7457  三元组 859040  | 0.49 req/s  519 out-tok/s
[153391s] 完成 74737  成功 74736  失败 1  截断 7458  三元组 859145  | 0.49 req/s  519 out-tok/s
[153407s] 完成 74745  成功 74744  失败 1  截断 7458  三元组 859230  | 0.49 req/s  519 out-tok/s
[153423s] 完成 74750  成功 74749  失败 1  截断 7458  三元组 859287  | 0.49 req/s  519 out-tok/s
[153438s] 完成 74761  成功 74760  失败 1  截断 7459  三元组 859405  | 0.49 req/s  519 out-tok/s
[153453s] 完成 74770  成功 74769  失败 1  截断 7460  三元组 859507  | 0.49 req/s  519 out-tok/s
[153469s] 完成 74779  成功 74778  失败 1  截断 7460  三元组 859613  | 0.49 req/s  519 out-tok/s
[153484s] 完成 74786  成功 74785  失败 1  截断 7462  三元组 859659  | 0.49 req/s  519 out-tok/s
[153500s] 完成 74795  成功 74794  失败 1  截断 7462  三元组 859761  | 0.49 req/s  519 out-tok/s
[153518s] 完成 74803  成功 74802  失败 1  截断 7464  三元组 859871  | 0.49 req/s  519 out-tok/s
[153534s] 完成 74813  成功 74812  失败 1  截断 7465  三元组 859971  | 0.49 req/s  519 out-tok/s
[153550s] 完成 74819  成功 74818  失败 1  截断 7466  三元组 860053  | 0.49 req/s  519 out-tok/s
[153566s] 完成 74826  成功 74825  失败 1  截断 7466  三元组 860141  | 0.49 req/s  519 out-tok/s
[153582s] 完成 74836  成功 74835  失败 1  截断 7466  三元组 860248  | 0.49 req/s  519 out-tok/s
[153601s] 完成 74842  成功 74841  失败 1  截断 7466  三元组 860305  | 0.49 req/s  519 out-tok/s
[153619s] 完成 74852  成功 74851  失败 1  截断 7466  三元组 860423  | 0.49 req/s  519 out-tok/s
[153635s] 完成 74861  成功 74860  失败 1  截断 7467  三元组 860565  | 0.49 req/s  519 out-tok/s
[153651s] 完成 74868  成功 74867  失败 1  截断 7469  三元组 860653  | 0.49 req/s  519 out-tok/s
[153666s] 完成 74876  成功 74875  失败 1  截断 7471  三元组 860750  | 0.49 req/s  519 out-tok/s
[153682s] 完成 74882  成功 74881  失败 1  截断 7471  三元组 860808  | 0.49 req/s  519 out-tok/s
[153697s] 完成 74888  成功 74887  失败 1  截断 7472  三元组 860888  | 0.49 req/s  519 out-tok/s
[153712s] 完成 74898  成功 74897  失败 1  截断 7472  三元组 861007  | 0.49 req/s  519 out-tok/s
[153728s] 完成 74906  成功 74905  失败 1  截断 7473  三元组 861088  | 0.49 req/s  519 out-tok/s
[153744s] 完成 74914  成功 74913  失败 1  截断 7473  三元组 861184  | 0.49 req/s  519 out-tok/s
[153761s] 完成 74923  成功 74922  失败 1  截断 7474  三元组 861251  | 0.49 req/s  519 out-tok/s
[153779s] 完成 74930  成功 74929  失败 1  截断 7475  三元组 861320  | 0.49 req/s  519 out-tok/s
[153798s] 完成 74939  成功 74938  失败 1  截断 7476  三元组 861428  | 0.49 req/s  519 out-tok/s
[153815s] 完成 74947  成功 74946  失败 1  截断 7477  三元组 861516  | 0.49 req/s  519 out-tok/s
[153831s] 完成 74954  成功 74953  失败 1  截断 7477  三元组 861593  | 0.49 req/s  519 out-tok/s
[153853s] 完成 74963  成功 74962  失败 1  截断 7478  三元组 861712  | 0.49 req/s  519 out-tok/s
[153869s] 完成 74967  成功 74966  失败 1  截断 7480  三元组 861750  | 0.49 req/s  519 out-tok/s
[153885s] 完成 74974  成功 74973  失败 1  截断 7480  三元组 861844  | 0.49 req/s  519 out-tok/s
[153901s] 完成 74981  成功 74980  失败 1  截断 7481  三元组 861921  | 0.49 req/s  519 out-tok/s
[153917s] 完成 74994  成功 74993  失败 1  截断 7485  三元组 862061  | 0.49 req/s  519 out-tok/s
[153933s] 完成 74998  成功 74997  失败 1  截断 7486  三元组 862103  | 0.49 req/s  519 out-tok/s
[153936s] 完成 75000  成功 74999  失败 1  截断 7486  三元组 862116  | 0.49 req/s  519 out-tok/s
[153954s] 完成 75008  成功 75007  失败 1  截断 7487  三元组 862177  | 0.49 req/s  519 out-tok/s
[153969s] 完成 75018  成功 75017  失败 1  截断 7488  三元组 862283  | 0.49 req/s  519 out-tok/s
[153988s] 完成 75032  成功 75031  失败 1  截断 7490  三元组 862426  | 0.49 req/s  519 out-tok/s
[154005s] 完成 75042  成功 75041  失败 1  截断 7491  三元组 862509  | 0.49 req/s  519 out-tok/s
[154022s] 完成 75047  成功 75046  失败 1  截断 7491  三元组 862573  | 0.49 req/s  519 out-tok/s
[154041s] 完成 75053  成功 75052  失败 1  截断 7491  三元组 862653  | 0.49 req/s  519 out-tok/s
[154058s] 完成 75062  成功 75061  失败 1  截断 7493  三元组 862777  | 0.49 req/s  519 out-tok/s
[154075s] 完成 75070  成功 75069  失败 1  截断 7493  三元组 862877  | 0.49 req/s  519 out-tok/s
[154091s] 完成 75078  成功 75077  失败 1  截断 7493  三元组 862967  | 0.49 req/s  519 out-tok/s
[154109s] 完成 75086  成功 75085  失败 1  截断 7494  三元组 863047  | 0.49 req/s  519 out-tok/s
[154124s] 完成 75091  成功 75090  失败 1  截断 7494  三元组 863116  | 0.49 req/s  519 out-tok/s
[154145s] 完成 75102  成功 75101  失败 1  截断 7496  三元组 863245  | 0.49 req/s  519 out-tok/s
[154161s] 完成 75110  成功 75109  失败 1  截断 7496  三元组 863332  | 0.49 req/s  519 out-tok/s
[154181s] 完成 75123  成功 75122  失败 1  截断 7497  三元组 863452  | 0.49 req/s  519 out-tok/s
[154202s] 完成 75135  成功 75134  失败 1  截断 7498  三元组 863577  | 0.49 req/s  519 out-tok/s
[154218s] 完成 75143  成功 75142  失败 1  截断 7499  三元组 863671  | 0.49 req/s  519 out-tok/s
[154235s] 完成 75151  成功 75150  失败 1  截断 7501  三元组 863747  | 0.49 req/s  519 out-tok/s
[154253s] 完成 75160  成功 75159  失败 1  截断 7502  三元组 863830  | 0.49 req/s  519 out-tok/s
[154270s] 完成 75166  成功 75165  失败 1  截断 7503  三元组 863891  | 0.49 req/s  519 out-tok/s
[154288s] 完成 75178  成功 75177  失败 1  截断 7505  三元组 864031  | 0.49 req/s  519 out-tok/s
[154304s] 完成 75183  成功 75182  失败 1  截断 7507  三元组 864087  | 0.49 req/s  519 out-tok/s
[154319s] 完成 75191  成功 75190  失败 1  截断 7508  三元组 864172  | 0.49 req/s  519 out-tok/s
[154335s] 完成 75199  成功 75198  失败 1  截断 7509  三元组 864246  | 0.49 req/s  519 out-tok/s
[154352s] 完成 75212  成功 75211  失败 1  截断 7510  三元组 864365  | 0.49 req/s  519 out-tok/s
[154368s] 完成 75219  成功 75218  失败 1  截断 7510  三元组 864410  | 0.49 req/s  519 out-tok/s
[154383s] 完成 75224  成功 75223  失败 1  截断 7513  三元组 864475  | 0.49 req/s  519 out-tok/s
[154399s] 完成 75233  成功 75232  失败 1  截断 7513  三元组 864565  | 0.49 req/s  519 out-tok/s
[154414s] 完成 75241  成功 75240  失败 1  截断 7514  三元组 864647  | 0.49 req/s  519 out-tok/s
[154430s] 完成 75248  成功 75247  失败 1  截断 7515  三元组 864742  | 0.49 req/s  519 out-tok/s
[154446s] 完成 75259  成功 75258  失败 1  截断 7517  三元组 864868  | 0.49 req/s  519 out-tok/s
[154462s] 完成 75264  成功 75263  失败 1  截断 7518  三元组 864913  | 0.49 req/s  519 out-tok/s
[154477s] 完成 75271  成功 75270  失败 1  截断 7519  三元组 864980  | 0.49 req/s  519 out-tok/s
[154493s] 完成 75284  成功 75283  失败 1  截断 7520  三元组 865099  | 0.49 req/s  519 out-tok/s
[154508s] 完成 75289  成功 75288  失败 1  截断 7520  三元组 865155  | 0.49 req/s  519 out-tok/s
[154523s] 完成 75299  成功 75298  失败 1  截断 7520  三元组 865238  | 0.49 req/s  519 out-tok/s
[154541s] 完成 75307  成功 75306  失败 1  截断 7522  三元组 865321  | 0.49 req/s  519 out-tok/s
[154559s] 完成 75314  成功 75313  失败 1  截断 7523  三元组 865404  | 0.49 req/s  519 out-tok/s
[154575s] 完成 75320  成功 75319  失败 1  截断 7523  三元组 865489  | 0.49 req/s  519 out-tok/s
[154590s] 完成 75328  成功 75327  失败 1  截断 7524  三元组 865589  | 0.49 req/s  519 out-tok/s
[154607s] 完成 75335  成功 75334  失败 1  截断 7526  三元组 865654  | 0.49 req/s  519 out-tok/s
[154625s] 完成 75342  成功 75341  失败 1  截断 7526  三元组 865719  | 0.49 req/s  519 out-tok/s
[154645s] 完成 75354  成功 75353  失败 1  截断 7530  三元组 865862  | 0.49 req/s  519 out-tok/s
[154661s] 完成 75364  成功 75363  失败 1  截断 7530  三元组 865998  | 0.49 req/s  519 out-tok/s
[154679s] 完成 75367  成功 75366  失败 1  截断 7530  三元组 866024  | 0.49 req/s  519 out-tok/s
[154695s] 完成 75378  成功 75377  失败 1  截断 7531  三元组 866141  | 0.49 req/s  519 out-tok/s
[154711s] 完成 75387  成功 75386  失败 1  截断 7531  三元组 866235  | 0.49 req/s  519 out-tok/s
[154728s] 完成 75396  成功 75395  失败 1  截断 7532  三元组 866309  | 0.49 req/s  519 out-tok/s
[154743s] 完成 75403  成功 75402  失败 1  截断 7533  三元组 866378  | 0.49 req/s  519 out-tok/s
[154758s] 完成 75410  成功 75409  失败 1  截断 7534  三元组 866446  | 0.49 req/s  519 out-tok/s
[154776s] 完成 75420  成功 75419  失败 1  截断 7534  三元组 866557  | 0.49 req/s  519 out-tok/s
[154797s] 完成 75428  成功 75427  失败 1  截断 7535  三元组 866653  | 0.49 req/s  519 out-tok/s
[154812s] 完成 75436  成功 75435  失败 1  截断 7537  三元组 866754  | 0.49 req/s  519 out-tok/s
[154827s] 完成 75445  成功 75444  失败 1  截断 7539  三元组 866859  | 0.49 req/s  519 out-tok/s
[154843s] 完成 75448  成功 75447  失败 1  截断 7539  三元组 866904  | 0.49 req/s  519 out-tok/s
[154863s] 完成 75456  成功 75455  失败 1  截断 7539  三元组 866986  | 0.49 req/s  519 out-tok/s
[154878s] 完成 75467  成功 75466  失败 1  截断 7539  三元组 867142  | 0.49 req/s  519 out-tok/s
[154895s] 完成 75474  成功 75473  失败 1  截断 7539  三元组 867235  | 0.49 req/s  519 out-tok/s
[154912s] 完成 75484  成功 75483  失败 1  截断 7542  三元组 867313  | 0.49 req/s  519 out-tok/s
[154927s] 完成 75492  成功 75491  失败 1  截断 7542  三元组 867403  | 0.49 req/s  519 out-tok/s
[154936s] 完成 75500  成功 75499  失败 1  截断 7542  三元组 867501  | 0.49 req/s  519 out-tok/s
[154954s] 完成 75507  成功 75506  失败 1  截断 7542  三元组 867592  | 0.49 req/s  519 out-tok/s
[154969s] 完成 75518  成功 75517  失败 1  截断 7543  三元组 867704  | 0.49 req/s  519 out-tok/s
[154984s] 完成 75527  成功 75526  失败 1  截断 7543  三元组 867798  | 0.49 req/s  519 out-tok/s
[155001s] 完成 75537  成功 75536  失败 1  截断 7544  三元组 867880  | 0.49 req/s  519 out-tok/s
[155016s] 完成 75546  成功 75545  失败 1  截断 7544  三元组 867978  | 0.49 req/s  519 out-tok/s
[155032s] 完成 75555  成功 75554  失败 1  截断 7544  三元组 868067  | 0.49 req/s  519 out-tok/s
[155047s] 完成 75563  成功 75562  失败 1  截断 7544  三元组 868164  | 0.49 req/s  519 out-tok/s
[155064s] 完成 75569  成功 75568  失败 1  截断 7544  三元组 868224  | 0.49 req/s  519 out-tok/s
[155081s] 完成 75576  成功 75575  失败 1  截断 7544  三元组 868307  | 0.49 req/s  519 out-tok/s
[155097s] 完成 75584  成功 75583  失败 1  截断 7546  三元组 868397  | 0.49 req/s  519 out-tok/s
[155113s] 完成 75588  成功 75587  失败 1  截断 7547  三元组 868440  | 0.49 req/s  519 out-tok/s
[155129s] 完成 75598  成功 75597  失败 1  截断 7547  三元组 868559  | 0.49 req/s  519 out-tok/s
[155145s] 完成 75603  成功 75602  失败 1  截断 7547  三元组 868621  | 0.49 req/s  519 out-tok/s
[155161s] 完成 75616  成功 75615  失败 1  截断 7547  三元组 868769  | 0.49 req/s  519 out-tok/s
[155177s] 完成 75624  成功 75623  失败 1  截断 7550  三元组 868880  | 0.49 req/s  519 out-tok/s
[155192s] 完成 75628  成功 75627  失败 1  截断 7550  三元组 868931  | 0.49 req/s  519 out-tok/s
[155210s] 完成 75636  成功 75635  失败 1  截断 7551  三元组 869009  | 0.49 req/s  519 out-tok/s
[155227s] 完成 75647  成功 75646  失败 1  截断 7551  三元组 869147  | 0.49 req/s  519 out-tok/s
[155242s] 完成 75655  成功 75654  失败 1  截断 7551  三元组 869232  | 0.49 req/s  519 out-tok/s
[155259s] 完成 75663  成功 75662  失败 1  截断 7553  三元组 869329  | 0.49 req/s  519 out-tok/s
[155275s] 完成 75667  成功 75666  失败 1  截断 7553  三元组 869392  | 0.49 req/s  519 out-tok/s
[155290s] 完成 75677  成功 75676  失败 1  截断 7554  三元组 869507  | 0.49 req/s  519 out-tok/s
[155307s] 完成 75685  成功 75684  失败 1  截断 7555  三元组 869614  | 0.49 req/s  519 out-tok/s
[155331s] 完成 75696  成功 75695  失败 1  截断 7555  三元组 869743  | 0.49 req/s  519 out-tok/s
[155349s] 完成 75704  成功 75703  失败 1  截断 7555  三元组 869839  | 0.49 req/s  519 out-tok/s
[155369s] 完成 75711  成功 75710  失败 1  截断 7556  三元组 869938  | 0.49 req/s  519 out-tok/s
[155384s] 完成 75721  成功 75720  失败 1  截断 7557  三元组 870045  | 0.49 req/s  519 out-tok/s
[155405s] 完成 75728  成功 75727  失败 1  截断 7558  三元组 870140  | 0.49 req/s  519 out-tok/s
[155420s] 完成 75738  成功 75737  失败 1  截断 7558  三元组 870251  | 0.49 req/s  519 out-tok/s
[155437s] 完成 75746  成功 75745  失败 1  截断 7559  三元组 870346  | 0.49 req/s  519 out-tok/s
[155452s] 完成 75751  成功 75750  失败 1  截断 7560  三元组 870389  | 0.49 req/s  519 out-tok/s
[155468s] 完成 75761  成功 75760  失败 1  截断 7563  三元组 870525  | 0.49 req/s  519 out-tok/s
[155484s] 完成 75768  成功 75767  失败 1  截断 7563  三元组 870598  | 0.49 req/s  519 out-tok/s
[155500s] 完成 75776  成功 75775  失败 1  截断 7564  三元组 870684  | 0.49 req/s  519 out-tok/s
[155517s] 完成 75787  成功 75786  失败 1  截断 7565  三元组 870834  | 0.49 req/s  519 out-tok/s
[155533s] 完成 75797  成功 75796  失败 1  截断 7566  三元组 870916  | 0.49 req/s  519 out-tok/s
[155550s] 完成 75806  成功 75805  失败 1  截断 7567  三元组 871001  | 0.49 req/s  519 out-tok/s
[155566s] 完成 75812  成功 75811  失败 1  截断 7568  三元组 871069  | 0.49 req/s  519 out-tok/s
[155582s] 完成 75819  成功 75818  失败 1  截断 7569  三元组 871142  | 0.49 req/s  519 out-tok/s
[155599s] 完成 75823  成功 75822  失败 1  截断 7569  三元组 871189  | 0.49 req/s  519 out-tok/s
[155617s] 完成 75831  成功 75830  失败 1  截断 7569  三元组 871299  | 0.49 req/s  519 out-tok/s
[155633s] 完成 75841  成功 75840  失败 1  截断 7570  三元组 871423  | 0.49 req/s  519 out-tok/s
[155648s] 完成 75846  成功 75845  失败 1  截断 7570  三元组 871460  | 0.49 req/s  519 out-tok/s
[155663s] 完成 75854  成功 75853  失败 1  截断 7571  三元组 871568  | 0.49 req/s  519 out-tok/s
[155679s] 完成 75860  成功 75859  失败 1  截断 7572  三元组 871626  | 0.49 req/s  519 out-tok/s
[155695s] 完成 75869  成功 75868  失败 1  截断 7574  三元组 871713  | 0.49 req/s  519 out-tok/s
[155711s] 完成 75877  成功 75876  失败 1  截断 7574  三元组 871819  | 0.49 req/s  519 out-tok/s
[155727s] 完成 75885  成功 75884  失败 1  截断 7575  三元组 871890  | 0.49 req/s  519 out-tok/s
[155743s] 完成 75896  成功 75895  失败 1  截断 7577  三元组 871997  | 0.49 req/s  519 out-tok/s
[155762s] 完成 75906  成功 75905  失败 1  截断 7577  三元组 872115  | 0.49 req/s  519 out-tok/s
[155778s] 完成 75917  成功 75916  失败 1  截断 7577  三元组 872232  | 0.49 req/s  519 out-tok/s
[155793s] 完成 75927  成功 75926  失败 1  截断 7579  三元组 872329  | 0.49 req/s  519 out-tok/s
[155809s] 完成 75933  成功 75932  失败 1  截断 7579  三元组 872392  | 0.49 req/s  519 out-tok/s
[155824s] 完成 75939  成功 75938  失败 1  截断 7579  三元组 872458  | 0.49 req/s  519 out-tok/s
[155842s] 完成 75943  成功 75942  失败 1  截断 7579  三元组 872507  | 0.49 req/s  519 out-tok/s
[155860s] 完成 75950  成功 75949  失败 1  截断 7580  三元组 872606  | 0.49 req/s  519 out-tok/s
[155876s] 完成 75958  成功 75957  失败 1  截断 7581  三元组 872704  | 0.49 req/s  519 out-tok/s
[155893s] 完成 75967  成功 75966  失败 1  截断 7582  三元组 872838  | 0.49 req/s  519 out-tok/s
[155910s] 完成 75973  成功 75972  失败 1  截断 7583  三元组 872899  | 0.49 req/s  519 out-tok/s
[155928s] 完成 75980  成功 75979  失败 1  截断 7583  三元组 872975  | 0.49 req/s  519 out-tok/s
[155944s] 完成 75990  成功 75989  失败 1  截断 7586  三元组 873097  | 0.49 req/s  519 out-tok/s
[155957s] 完成 76000  成功 75999  失败 1  截断 7586  三元组 873197  | 0.49 req/s  519 out-tok/s
[155974s] 完成 76009  成功 76008  失败 1  截断 7587  三元组 873306  | 0.49 req/s  519 out-tok/s
[155990s] 完成 76017  成功 76016  失败 1  截断 7587  三元组 873379  | 0.49 req/s  519 out-tok/s
[156006s] 完成 76025  成功 76024  失败 1  截断 7588  三元组 873481  | 0.49 req/s  519 out-tok/s
[156023s] 完成 76033  成功 76032  失败 1  截断 7588  三元组 873582  | 0.49 req/s  519 out-tok/s
[156038s] 完成 76041  成功 76040  失败 1  截断 7589  三元组 873672  | 0.49 req/s  519 out-tok/s
[156055s] 完成 76048  成功 76047  失败 1  截断 7589  三元组 873759  | 0.49 req/s  519 out-tok/s
[156075s] 完成 76054  成功 76053  失败 1  截断 7589  三元组 873825  | 0.49 req/s  519 out-tok/s
[156094s] 完成 76066  成功 76065  失败 1  截断 7590  三元组 873969  | 0.49 req/s  519 out-tok/s
[156110s] 完成 76074  成功 76073  失败 1  截断 7592  三元组 874049  | 0.49 req/s  519 out-tok/s
[156129s] 完成 76082  成功 76081  失败 1  截断 7592  三元组 874138  | 0.49 req/s  519 out-tok/s
[156144s] 完成 76091  成功 76090  失败 1  截断 7592  三元组 874225  | 0.49 req/s  519 out-tok/s
[156160s] 完成 76100  成功 76099  失败 1  截断 7594  三元组 874333  | 0.49 req/s  519 out-tok/s
[156175s] 完成 76105  成功 76104  失败 1  截断 7595  三元组 874364  | 0.49 req/s  519 out-tok/s
[156191s] 完成 76116  成功 76115  失败 1  截断 7597  三元组 874479  | 0.49 req/s  519 out-tok/s
[156208s] 完成 76123  成功 76122  失败 1  截断 7598  三元组 874566  | 0.49 req/s  519 out-tok/s
[156223s] 完成 76130  成功 76129  失败 1  截断 7599  三元组 874637  | 0.49 req/s  519 out-tok/s
[156241s] 完成 76137  成功 76136  失败 1  截断 7599  三元组 874725  | 0.49 req/s  519 out-tok/s
[156258s] 完成 76146  成功 76145  失败 1  截断 7601  三元组 874847  | 0.49 req/s  519 out-tok/s
[156273s] 完成 76155  成功 76154  失败 1  截断 7601  三元组 874964  | 0.49 req/s  519 out-tok/s
[156290s] 完成 76161  成功 76160  失败 1  截断 7603  三元组 875038  | 0.49 req/s  519 out-tok/s
[156313s] 完成 76172  成功 76171  失败 1  截断 7603  三元组 875139  | 0.49 req/s  519 out-tok/s
[156330s] 完成 76179  成功 76178  失败 1  截断 7603  三元组 875226  | 0.49 req/s  519 out-tok/s
[156346s] 完成 76186  成功 76185  失败 1  截断 7606  三元组 875306  | 0.49 req/s  519 out-tok/s
[156362s] 完成 76190  成功 76189  失败 1  截断 7606  三元组 875351  | 0.49 req/s  519 out-tok/s
[156379s] 完成 76200  成功 76199  失败 1  截断 7606  三元组 875480  | 0.49 req/s  519 out-tok/s
[156395s] 完成 76208  成功 76207  失败 1  截断 7607  三元组 875571  | 0.49 req/s  519 out-tok/s
[156414s] 完成 76214  成功 76213  失败 1  截断 7608  三元组 875626  | 0.49 req/s  519 out-tok/s
[156431s] 完成 76223  成功 76222  失败 1  截断 7610  三元组 875727  | 0.49 req/s  519 out-tok/s
[156446s] 完成 76233  成功 76232  失败 1  截断 7611  三元组 875852  | 0.49 req/s  519 out-tok/s
[156464s] 完成 76244  成功 76243  失败 1  截断 7614  三元组 875996  | 0.49 req/s  519 out-tok/s
[156480s] 完成 76252  成功 76251  失败 1  截断 7614  三元组 876089  | 0.49 req/s  519 out-tok/s
[156495s] 完成 76260  成功 76259  失败 1  截断 7614  三元组 876165  | 0.49 req/s  519 out-tok/s
[156512s] 完成 76269  成功 76268  失败 1  截断 7616  三元组 876261  | 0.49 req/s  519 out-tok/s
[156531s] 完成 76272  成功 76271  失败 1  截断 7616  三元组 876284  | 0.49 req/s  519 out-tok/s
[156552s] 完成 76285  成功 76284  失败 1  截断 7618  三元组 876456  | 0.49 req/s  519 out-tok/s
[156569s] 完成 76292  成功 76291  失败 1  截断 7618  三元组 876518  | 0.49 req/s  519 out-tok/s
[156587s] 完成 76296  成功 76295  失败 1  截断 7619  三元组 876590  | 0.49 req/s  519 out-tok/s
[156607s] 完成 76304  成功 76303  失败 1  截断 7620  三元组 876711  | 0.49 req/s  519 out-tok/s
[156625s] 完成 76314  成功 76313  失败 1  截断 7622  三元组 876821  | 0.49 req/s  519 out-tok/s
[156642s] 完成 76322  成功 76321  失败 1  截断 7623  三元组 876912  | 0.49 req/s  519 out-tok/s
[156658s] 完成 76332  成功 76331  失败 1  截断 7624  三元组 877025  | 0.49 req/s  519 out-tok/s
[156674s] 完成 76344  成功 76343  失败 1  截断 7626  三元组 877184  | 0.49 req/s  519 out-tok/s
[156692s] 完成 76351  成功 76350  失败 1  截断 7627  三元组 877262  | 0.49 req/s  519 out-tok/s
[156710s] 完成 76357  成功 76356  失败 1  截断 7628  三元组 877325  | 0.49 req/s  519 out-tok/s
[156726s] 完成 76366  成功 76365  失败 1  截断 7628  三元组 877433  | 0.49 req/s  519 out-tok/s
[156741s] 完成 76372  成功 76371  失败 1  截断 7628  三元组 877495  | 0.49 req/s  519 out-tok/s
[156759s] 完成 76378  成功 76377  失败 1  截断 7628  三元组 877594  | 0.49 req/s  519 out-tok/s
[156775s] 完成 76383  成功 76382  失败 1  截断 7628  三元组 877657  | 0.49 req/s  519 out-tok/s
[156790s] 完成 76393  成功 76392  失败 1  截断 7628  三元组 877782  | 0.49 req/s  519 out-tok/s
[156806s] 完成 76398  成功 76397  失败 1  截断 7631  三元组 877852  | 0.49 req/s  519 out-tok/s
[156821s] 完成 76403  成功 76402  失败 1  截断 7632  三元组 877908  | 0.49 req/s  519 out-tok/s
[156836s] 完成 76415  成功 76414  失败 1  截断 7635  三元组 878036  | 0.49 req/s  519 out-tok/s
[156856s] 完成 76426  成功 76425  失败 1  截断 7637  三元组 878151  | 0.49 req/s  519 out-tok/s
[156873s] 完成 76437  成功 76436  失败 1  截断 7638  三元组 878251  | 0.49 req/s  519 out-tok/s
[156890s] 完成 76443  成功 76442  失败 1  截断 7639  三元组 878325  | 0.49 req/s  519 out-tok/s
[156906s] 完成 76449  成功 76448  失败 1  截断 7639  三元组 878388  | 0.49 req/s  519 out-tok/s
[156921s] 完成 76454  成功 76453  失败 1  截断 7639  三元组 878461  | 0.49 req/s  519 out-tok/s
[156940s] 完成 76461  成功 76460  失败 1  截断 7639  三元组 878542  | 0.49 req/s  519 out-tok/s
[156957s] 完成 76471  成功 76470  失败 1  截断 7640  三元组 878678  | 0.49 req/s  519 out-tok/s
[156974s] 完成 76478  成功 76477  失败 1  截断 7641  三元组 878783  | 0.49 req/s  519 out-tok/s
[156990s] 完成 76483  成功 76482  失败 1  截断 7641  三元组 878838  | 0.49 req/s  519 out-tok/s
[157006s] 完成 76488  成功 76487  失败 1  截断 7642  三元组 878890  | 0.49 req/s  519 out-tok/s
[157024s] 完成 76496  成功 76495  失败 1  截断 7643  三元组 879000  | 0.49 req/s  519 out-tok/s
[157033s] 完成 76500  成功 76499  失败 1  截断 7644  三元组 879038  | 0.49 req/s  519 out-tok/s
[157050s] 完成 76509  成功 76508  失败 1  截断 7645  三元组 879180  | 0.49 req/s  519 out-tok/s
[157068s] 完成 76515  成功 76514  失败 1  截断 7645  三元组 879259  | 0.49 req/s  519 out-tok/s
[157087s] 完成 76526  成功 76525  失败 1  截断 7645  三元组 879405  | 0.49 req/s  519 out-tok/s
[157104s] 完成 76534  成功 76533  失败 1  截断 7646  三元组 879491  | 0.49 req/s  519 out-tok/s
[157123s] 完成 76539  成功 76538  失败 1  截断 7647  三元组 879560  | 0.49 req/s  519 out-tok/s
[157143s] 完成 76551  成功 76550  失败 1  截断 7647  三元组 879677  | 0.49 req/s  519 out-tok/s
[157161s] 完成 76562  成功 76561  失败 1  截断 7648  三元组 879784  | 0.49 req/s  519 out-tok/s
[157177s] 完成 76570  成功 76569  失败 1  截断 7650  三元组 879855  | 0.49 req/s  519 out-tok/s
[157193s] 完成 76577  成功 76576  失败 1  截断 7653  三元组 879945  | 0.49 req/s  519 out-tok/s
[157209s] 完成 76583  成功 76582  失败 1  截断 7653  三元组 880003  | 0.49 req/s  519 out-tok/s
[157225s] 完成 76590  成功 76589  失败 1  截断 7654  三元组 880108  | 0.49 req/s  519 out-tok/s
[157242s] 完成 76603  成功 76602  失败 1  截断 7654  三元组 880268  | 0.49 req/s  519 out-tok/s
[157260s] 完成 76613  成功 76612  失败 1  截断 7655  三元组 880378  | 0.49 req/s  519 out-tok/s
[157277s] 完成 76617  成功 76616  失败 1  截断 7655  三元组 880409  | 0.49 req/s  519 out-tok/s
[157293s] 完成 76623  成功 76622  失败 1  截断 7655  三元组 880468  | 0.49 req/s  519 out-tok/s
[157311s] 完成 76630  成功 76629  失败 1  截断 7657  三元组 880551  | 0.49 req/s  519 out-tok/s
[157330s] 完成 76639  成功 76638  失败 1  截断 7658  三元组 880675  | 0.49 req/s  519 out-tok/s
[157346s] 完成 76646  成功 76645  失败 1  截断 7658  三元组 880759  | 0.49 req/s  519 out-tok/s
[157365s] 完成 76654  成功 76653  失败 1  截断 7659  三元组 880873  | 0.49 req/s  519 out-tok/s
[157381s] 完成 76663  成功 76662  失败 1  截断 7660  三元组 880986  | 0.49 req/s  519 out-tok/s
[157396s] 完成 76673  成功 76672  失败 1  截断 7663  三元组 881084  | 0.49 req/s  519 out-tok/s
[157411s] 完成 76681  成功 76680  失败 1  截断 7663  三元组 881182  | 0.49 req/s  519 out-tok/s
[157429s] 完成 76689  成功 76688  失败 1  截断 7663  三元组 881274  | 0.49 req/s  519 out-tok/s
[157446s] 完成 76696  成功 76695  失败 1  截断 7663  三元组 881360  | 0.49 req/s  519 out-tok/s
[157462s] 完成 76706  成功 76705  失败 1  截断 7664  三元组 881469  | 0.49 req/s  519 out-tok/s
[157479s] 完成 76714  成功 76713  失败 1  截断 7664  三元组 881547  | 0.49 req/s  519 out-tok/s
[157494s] 完成 76721  成功 76720  失败 1  截断 7666  三元组 881638  | 0.49 req/s  519 out-tok/s
[157510s] 完成 76726  成功 76725  失败 1  截断 7666  三元组 881682  | 0.49 req/s  519 out-tok/s
[157529s] 完成 76736  成功 76735  失败 1  截断 7667  三元组 881799  | 0.49 req/s  519 out-tok/s
[157546s] 完成 76746  成功 76745  失败 1  截断 7668  三元组 881907  | 0.49 req/s  519 out-tok/s
[157561s] 完成 76753  成功 76752  失败 1  截断 7669  三元组 881963  | 0.49 req/s  519 out-tok/s
[157579s] 完成 76762  成功 76761  失败 1  截断 7669  三元组 882050  | 0.49 req/s  519 out-tok/s
[157596s] 完成 76770  成功 76769  失败 1  截断 7669  三元组 882144  | 0.49 req/s  519 out-tok/s
[157613s] 完成 76781  成功 76780  失败 1  截断 7671  三元组 882265  | 0.49 req/s  519 out-tok/s
[157630s] 完成 76790  成功 76789  失败 1  截断 7672  三元组 882378  | 0.49 req/s  519 out-tok/s
[157647s] 完成 76800  成功 76799  失败 1  截断 7673  三元组 882483  | 0.49 req/s  519 out-tok/s
[157663s] 完成 76809  成功 76808  失败 1  截断 7674  三元组 882594  | 0.49 req/s  519 out-tok/s
[157678s] 完成 76819  成功 76818  失败 1  截断 7675  三元组 882684  | 0.49 req/s  519 out-tok/s
[157695s] 完成 76829  成功 76828  失败 1  截断 7675  三元组 882804  | 0.49 req/s  519 out-tok/s
[157711s] 完成 76833  成功 76832  失败 1  截断 7675  三元组 882862  | 0.49 req/s  519 out-tok/s
[157728s] 完成 76842  成功 76841  失败 1  截断 7675  三元组 882949  | 0.49 req/s  519 out-tok/s
[157744s] 完成 76848  成功 76847  失败 1  截断 7675  三元组 883017  | 0.49 req/s  519 out-tok/s
[157759s] 完成 76854  成功 76853  失败 1  截断 7675  三元组 883086  | 0.49 req/s  519 out-tok/s
[157775s] 完成 76868  成功 76867  失败 1  截断 7676  三元组 883248  | 0.49 req/s  519 out-tok/s
[157793s] 完成 76876  成功 76875  失败 1  截断 7676  三元组 883335  | 0.49 req/s  519 out-tok/s
[157809s] 完成 76882  成功 76881  失败 1  截断 7676  三元组 883397  | 0.49 req/s  519 out-tok/s
[157826s] 完成 76892  成功 76891  失败 1  截断 7677  三元组 883495  | 0.49 req/s  519 out-tok/s
[157844s] 完成 76902  成功 76901  失败 1  截断 7679  三元组 883628  | 0.49 req/s  519 out-tok/s
[157862s] 完成 76910  成功 76909  失败 1  截断 7680  三元组 883702  | 0.49 req/s  519 out-tok/s
[157888s] 完成 76921  成功 76920  失败 1  截断 7682  三元组 883806  | 0.49 req/s  519 out-tok/s
[157903s] 完成 76928  成功 76927  失败 1  截断 7682  三元组 883877  | 0.49 req/s  519 out-tok/s
[157920s] 完成 76936  成功 76935  失败 1  截断 7683  三元组 883962  | 0.49 req/s  519 out-tok/s
[157935s] 完成 76943  成功 76942  失败 1  截断 7685  三元组 884034  | 0.49 req/s  519 out-tok/s
[157951s] 完成 76950  成功 76949  失败 1  截断 7685  三元组 884120  | 0.49 req/s  519 out-tok/s
[157969s] 完成 76960  成功 76959  失败 1  截断 7686  三元组 884224  | 0.49 req/s  519 out-tok/s
[157985s] 完成 76968  成功 76967  失败 1  截断 7688  三元组 884307  | 0.49 req/s  519 out-tok/s
[158000s] 完成 76973  成功 76972  失败 1  截断 7688  三元组 884369  | 0.49 req/s  519 out-tok/s
[158016s] 完成 76984  成功 76983  失败 1  截断 7690  三元组 884493  | 0.49 req/s  519 out-tok/s
[158032s] 完成 76988  成功 76987  失败 1  截断 7691  三元组 884533  | 0.49 req/s  519 out-tok/s
[158047s] 完成 76995  成功 76994  失败 1  截断 7691  三元组 884601  | 0.49 req/s  519 out-tok/s
[158058s] 完成 77000  成功 76999  失败 1  截断 7691  三元组 884656  | 0.49 req/s  519 out-tok/s
[158075s] 完成 77007  成功 77006  失败 1  截断 7692  三元组 884769  | 0.49 req/s  519 out-tok/s
[158090s] 完成 77018  成功 77017  失败 1  截断 7694  三元组 884895  | 0.49 req/s  519 out-tok/s
[158111s] 完成 77022  成功 77021  失败 1  截断 7694  三元组 884939  | 0.49 req/s  519 out-tok/s
[158127s] 完成 77032  成功 77031  失败 1  截断 7697  三元组 885042  | 0.49 req/s  519 out-tok/s
[158143s] 完成 77034  成功 77033  失败 1  截断 7697  三元组 885069  | 0.49 req/s  519 out-tok/s
[158160s] 完成 77047  成功 77046  失败 1  截断 7698  三元组 885249  | 0.49 req/s  519 out-tok/s
[158179s] 完成 77055  成功 77054  失败 1  截断 7699  三元组 885327  | 0.49 req/s  519 out-tok/s
[158194s] 完成 77064  成功 77063  失败 1  截断 7700  三元组 885419  | 0.49 req/s  519 out-tok/s
[158209s] 完成 77072  成功 77071  失败 1  截断 7700  三元组 885501  | 0.49 req/s  519 out-tok/s
[158225s] 完成 77079  成功 77078  失败 1  截断 7701  三元组 885573  | 0.49 req/s  519 out-tok/s
[158242s] 完成 77088  成功 77087  失败 1  截断 7704  三元组 885669  | 0.49 req/s  519 out-tok/s
[158260s] 完成 77096  成功 77095  失败 1  截断 7704  三元组 885767  | 0.49 req/s  519 out-tok/s
[158275s] 完成 77111  成功 77110  失败 1  截断 7705  三元组 885898  | 0.49 req/s  519 out-tok/s
[158293s] 完成 77116  成功 77115  失败 1  截断 7705  三元组 885954  | 0.49 req/s  519 out-tok/s
[158310s] 完成 77127  成功 77126  失败 1  截断 7705  三元组 886083  | 0.49 req/s  519 out-tok/s
[158328s] 完成 77135  成功 77134  失败 1  截断 7706  三元组 886183  | 0.49 req/s  519 out-tok/s
[158344s] 完成 77143  成功 77142  失败 1  截断 7706  三元组 886253  | 0.49 req/s  519 out-tok/s
[158361s] 完成 77149  成功 77148  失败 1  截断 7706  三元组 886313  | 0.49 req/s  519 out-tok/s
[158377s] 完成 77153  成功 77152  失败 1  截断 7706  三元组 886344  | 0.49 req/s  519 out-tok/s
[158392s] 完成 77162  成功 77161  失败 1  截断 7708  三元组 886467  | 0.49 req/s  519 out-tok/s
[158409s] 完成 77171  成功 77170  失败 1  截断 7709  三元组 886585  | 0.49 req/s  519 out-tok/s
[158426s] 完成 77181  成功 77180  失败 1  截断 7710  三元组 886668  | 0.49 req/s  519 out-tok/s
[158442s] 完成 77185  成功 77184  失败 1  截断 7712  三元组 886737  | 0.49 req/s  519 out-tok/s
[158464s] 完成 77194  成功 77193  失败 1  截断 7715  三元组 886831  | 0.49 req/s  519 out-tok/s
[158480s] 完成 77202  成功 77201  失败 1  截断 7715  三元组 886914  | 0.49 req/s  519 out-tok/s
[158495s] 完成 77213  成功 77212  失败 1  截断 7716  三元组 887087  | 0.49 req/s  519 out-tok/s
[158512s] 完成 77218  成功 77217  失败 1  截断 7716  三元组 887151  | 0.49 req/s  519 out-tok/s
[158528s] 完成 77231  成功 77230  失败 1  截断 7716  三元组 887318  | 0.49 req/s  519 out-tok/s
[158545s] 完成 77239  成功 77238  失败 1  截断 7716  三元组 887402  | 0.49 req/s  519 out-tok/s
[158563s] 完成 77244  成功 77243  失败 1  截断 7716  三元组 887447  | 0.49 req/s  519 out-tok/s
[158583s] 完成 77253  成功 77252  失败 1  截断 7717  三元组 887549  | 0.49 req/s  519 out-tok/s
[158598s] 完成 77260  成功 77259  失败 1  截断 7717  三元组 887634  | 0.49 req/s  519 out-tok/s
[158614s] 完成 77272  成功 77271  失败 1  截断 7718  三元组 887790  | 0.49 req/s  519 out-tok/s
[158638s] 完成 77280  成功 77279  失败 1  截断 7718  三元组 887888  | 0.49 req/s  519 out-tok/s
[158656s] 完成 77290  成功 77289  失败 1  截断 7719  三元组 887985  | 0.49 req/s  519 out-tok/s
[158672s] 完成 77297  成功 77296  失败 1  截断 7719  三元组 888060  | 0.49 req/s  519 out-tok/s
[158691s] 完成 77307  成功 77306  失败 1  截断 7722  三元组 888177  | 0.49 req/s  519 out-tok/s
[158708s] 完成 77314  成功 77313  失败 1  截断 7724  三元组 888287  | 0.49 req/s  519 out-tok/s
[158724s] 完成 77323  成功 77322  失败 1  截断 7724  三元组 888384  | 0.49 req/s  519 out-tok/s
[158741s] 完成 77329  成功 77328  失败 1  截断 7724  三元组 888439  | 0.49 req/s  519 out-tok/s
[158761s] 完成 77339  成功 77338  失败 1  截断 7725  三元组 888538  | 0.49 req/s  519 out-tok/s
[158780s] 完成 77347  成功 77346  失败 1  截断 7727  三元组 888666  | 0.49 req/s  519 out-tok/s
[158795s] 完成 77354  成功 77353  失败 1  截断 7729  三元组 888759  | 0.49 req/s  519 out-tok/s
[158812s] 完成 77364  成功 77363  失败 1  截断 7730  三元组 888860  | 0.49 req/s  519 out-tok/s
[158830s] 完成 77379  成功 77378  失败 1  截断 7732  三元组 889029  | 0.49 req/s  519 out-tok/s
[158846s] 完成 77386  成功 77385  失败 1  截断 7733  三元组 889099  | 0.49 req/s  519 out-tok/s
[158867s] 完成 77397  成功 77396  失败 1  截断 7734  三元组 889204  | 0.49 req/s  519 out-tok/s
[158885s] 完成 77406  成功 77405  失败 1  截断 7734  三元组 889291  | 0.49 req/s  519 out-tok/s
[158900s] 完成 77413  成功 77412  失败 1  截断 7734  三元组 889378  | 0.49 req/s  519 out-tok/s
[158917s] 完成 77422  成功 77421  失败 1  截断 7734  三元组 889479  | 0.49 req/s  519 out-tok/s
[158934s] 完成 77426  成功 77425  失败 1  截断 7734  三元组 889513  | 0.49 req/s  519 out-tok/s
[158951s] 完成 77434  成功 77433  失败 1  截断 7734  三元组 889603  | 0.49 req/s  519 out-tok/s
[158968s] 完成 77443  成功 77442  失败 1  截断 7736  三元组 889701  | 0.49 req/s  519 out-tok/s
[158984s] 完成 77452  成功 77451  失败 1  截断 7738  三元组 889823  | 0.49 req/s  519 out-tok/s
[159001s] 完成 77461  成功 77460  失败 1  截断 7739  三元组 889929  | 0.49 req/s  519 out-tok/s
[159016s] 完成 77471  成功 77470  失败 1  截断 7740  三元组 890038  | 0.49 req/s  519 out-tok/s
[159032s] 完成 77478  成功 77477  失败 1  截断 7740  三元组 890116  | 0.49 req/s  519 out-tok/s
[159050s] 完成 77485  成功 77484  失败 1  截断 7741  三元组 890176  | 0.49 req/s  519 out-tok/s
[159069s] 完成 77493  成功 77492  失败 1  截断 7741  三元组 890267  | 0.49 req/s  519 out-tok/s
[159083s] 完成 77500  成功 77499  失败 1  截断 7742  三元组 890361  | 0.49 req/s  519 out-tok/s
[159099s] 完成 77507  成功 77506  失败 1  截断 7742  三元组 890436  | 0.49 req/s  519 out-tok/s
[159116s] 完成 77517  成功 77516  失败 1  截断 7743  三元组 890549  | 0.49 req/s  519 out-tok/s
[159132s] 完成 77528  成功 77527  失败 1  截断 7744  三元组 890666  | 0.49 req/s  519 out-tok/s
[159148s] 完成 77534  成功 77533  失败 1  截断 7745  三元组 890742  | 0.49 req/s  519 out-tok/s
[159164s] 完成 77545  成功 77544  失败 1  截断 7746  三元组 890851  | 0.49 req/s  519 out-tok/s
[159180s] 完成 77555  成功 77554  失败 1  截断 7748  三元组 890961  | 0.49 req/s  519 out-tok/s
[159196s] 完成 77563  成功 77562  失败 1  截断 7749  三元组 891076  | 0.49 req/s  519 out-tok/s
[159215s] 完成 77570  成功 77569  失败 1  截断 7749  三元组 891135  | 0.49 req/s  519 out-tok/s
[159231s] 完成 77578  成功 77577  失败 1  截断 7749  三元组 891221  | 0.49 req/s  519 out-tok/s
[159246s] 完成 77585  成功 77584  失败 1  截断 7750  三元组 891311  | 0.49 req/s  519 out-tok/s
[159263s] 完成 77590  成功 77589  失败 1  截断 7751  三元组 891395  | 0.49 req/s  519 out-tok/s
[159282s] 完成 77601  成功 77600  失败 1  截断 7751  三元组 891543  | 0.49 req/s  519 out-tok/s
[159298s] 完成 77608  成功 77607  失败 1  截断 7753  三元组 891622  | 0.49 req/s  519 out-tok/s
[159315s] 完成 77618  成功 77617  失败 1  截断 7754  三元组 891724  | 0.49 req/s  519 out-tok/s
[159332s] 完成 77627  成功 77626  失败 1  截断 7755  三元组 891864  | 0.49 req/s  519 out-tok/s
[159347s] 完成 77635  成功 77634  失败 1  截断 7755  三元组 891950  | 0.49 req/s  519 out-tok/s
[159367s] 完成 77645  成功 77644  失败 1  截断 7756  三元组 892066  | 0.49 req/s  519 out-tok/s
[159383s] 完成 77653  成功 77652  失败 1  截断 7756  三元组 892159  | 0.49 req/s  519 out-tok/s
[159399s] 完成 77661  成功 77660  失败 1  截断 7756  三元组 892242  | 0.49 req/s  519 out-tok/s
[159414s] 完成 77665  成功 77664  失败 1  截断 7756  三元组 892286  | 0.49 req/s  519 out-tok/s
[159430s] 完成 77670  成功 77669  失败 1  截断 7757  三元组 892352  | 0.49 req/s  519 out-tok/s
[159449s] 完成 77680  成功 77679  失败 1  截断 7758  三元组 892499  | 0.49 req/s  519 out-tok/s
[159466s] 完成 77688  成功 77687  失败 1  截断 7759  三元组 892617  | 0.49 req/s  519 out-tok/s
[159483s] 完成 77698  成功 77697  失败 1  截断 7760  三元组 892723  | 0.49 req/s  519 out-tok/s
[159500s] 完成 77709  成功 77708  失败 1  截断 7760  三元组 892847  | 0.49 req/s  519 out-tok/s
[159516s] 完成 77718  成功 77717  失败 1  截断 7761  三元组 892910  | 0.49 req/s  519 out-tok/s
[159533s] 完成 77727  成功 77726  失败 1  截断 7761  三元组 893028  | 0.49 req/s  519 out-tok/s
[159548s] 完成 77733  成功 77732  失败 1  截断 7762  三元组 893108  | 0.49 req/s  519 out-tok/s
[159564s] 完成 77743  成功 77742  失败 1  截断 7762  三元组 893248  | 0.49 req/s  519 out-tok/s
[159588s] 完成 77751  成功 77750  失败 1  截断 7762  三元组 893363  | 0.49 req/s  519 out-tok/s
[159603s] 完成 77765  成功 77764  失败 1  截断 7762  三元组 893502  | 0.49 req/s  519 out-tok/s
[159620s] 完成 77773  成功 77772  失败 1  截断 7763  三元组 893592  | 0.49 req/s  519 out-tok/s
[159639s] 完成 77784  成功 77783  失败 1  截断 7763  三元组 893722  | 0.49 req/s  519 out-tok/s
[159654s] 完成 77793  成功 77792  失败 1  截断 7763  三元组 893838  | 0.49 req/s  519 out-tok/s
[159671s] 完成 77799  成功 77798  失败 1  截断 7764  三元组 893928  | 0.49 req/s  519 out-tok/s
[159686s] 完成 77806  成功 77805  失败 1  截断 7765  三元组 893999  | 0.49 req/s  519 out-tok/s
[159701s] 完成 77811  成功 77810  失败 1  截断 7765  三元组 894039  | 0.49 req/s  519 out-tok/s
[159716s] 完成 77817  成功 77816  失败 1  截断 7765  三元组 894126  | 0.49 req/s  519 out-tok/s
[159731s] 完成 77825  成功 77824  失败 1  截断 7765  三元组 894205  | 0.49 req/s  519 out-tok/s
[159748s] 完成 77830  成功 77829  失败 1  截断 7767  三元组 894283  | 0.49 req/s  519 out-tok/s
[159765s] 完成 77834  成功 77833  失败 1  截断 7767  三元组 894328  | 0.49 req/s  519 out-tok/s
[159781s] 完成 77839  成功 77838  失败 1  截断 7768  三元组 894397  | 0.49 req/s  519 out-tok/s
[159796s] 完成 77849  成功 77848  失败 1  截断 7774  三元组 894513  | 0.49 req/s  519 out-tok/s
[159812s] 完成 77851  成功 77850  失败 1  截断 7775  三元组 894541  | 0.49 req/s  519 out-tok/s
[159828s] 完成 77859  成功 77858  失败 1  截断 7776  三元组 894644  | 0.49 req/s  519 out-tok/s
[159844s] 完成 77869  成功 77868  失败 1  截断 7777  三元组 894753  | 0.49 req/s  519 out-tok/s
[159865s] 完成 77878  成功 77877  失败 1  截断 7778  三元组 894869  | 0.49 req/s  519 out-tok/s
[159881s] 完成 77887  成功 77886  失败 1  截断 7779  三元组 894976  | 0.49 req/s  519 out-tok/s
[159898s] 完成 77897  成功 77896  失败 1  截断 7780  三元组 895083  | 0.49 req/s  519 out-tok/s
[159914s] 完成 77905  成功 77904  失败 1  截断 7780  三元组 895156  | 0.49 req/s  519 out-tok/s
[159929s] 完成 77915  成功 77914  失败 1  截断 7781  三元组 895257  | 0.49 req/s  519 out-tok/s
[159945s] 完成 77921  成功 77920  失败 1  截断 7781  三元组 895326  | 0.49 req/s  519 out-tok/s
[159962s] 完成 77928  成功 77927  失败 1  截断 7782  三元组 895387  | 0.49 req/s  519 out-tok/s
[159981s] 完成 77938  成功 77937  失败 1  截断 7783  三元组 895479  | 0.49 req/s  519 out-tok/s
[159998s] 完成 77948  成功 77947  失败 1  截断 7784  三元组 895603  | 0.49 req/s  519 out-tok/s
[160013s] 完成 77958  成功 77957  失败 1  截断 7785  三元组 895712  | 0.49 req/s  519 out-tok/s
[160030s] 完成 77965  成功 77964  失败 1  截断 7787  三元组 895800  | 0.49 req/s  519 out-tok/s
[160046s] 完成 77972  成功 77971  失败 1  截断 7788  三元组 895849  | 0.49 req/s  519 out-tok/s
[160066s] 完成 77979  成功 77978  失败 1  截断 7788  三元组 895933  | 0.49 req/s  519 out-tok/s
[160082s] 完成 77994  成功 77993  失败 1  截断 7789  三元组 896138  | 0.49 req/s  519 out-tok/s
[160097s] 完成 77998  成功 77997  失败 1  截断 7790  三元组 896172  | 0.49 req/s  519 out-tok/s
[160099s] 完成 78000  成功 77999  失败 1  截断 7790  三元组 896192  | 0.49 req/s  519 out-tok/s
[160118s] 完成 78006  成功 78005  失败 1  截断 7790  三元组 896253  | 0.49 req/s  519 out-tok/s
[160134s] 完成 78016  成功 78015  失败 1  截断 7791  三元组 896375  | 0.49 req/s  519 out-tok/s
[160150s] 完成 78024  成功 78023  失败 1  截断 7791  三元组 896448  | 0.49 req/s  519 out-tok/s
[160166s] 完成 78034  成功 78033  失败 1  截断 7792  三元组 896556  | 0.49 req/s  519 out-tok/s
[160182s] 完成 78042  成功 78041  失败 1  截断 7793  三元组 896668  | 0.49 req/s  519 out-tok/s
[160197s] 完成 78050  成功 78049  失败 1  截断 7794  三元组 896777  | 0.49 req/s  519 out-tok/s
[160222s] 完成 78059  成功 78058  失败 1  截断 7794  三元组 896871  | 0.49 req/s  519 out-tok/s
[160240s] 完成 78071  成功 78070  失败 1  截断 7794  三元组 897023  | 0.49 req/s  519 out-tok/s
[160257s] 完成 78079  成功 78078  失败 1  截断 7794  三元组 897123  | 0.49 req/s  519 out-tok/s
[160273s] 完成 78084  成功 78083  失败 1  截断 7795  三元组 897202  | 0.49 req/s  519 out-tok/s
[160288s] 完成 78098  成功 78097  失败 1  截断 7797  三元组 897386  | 0.49 req/s  519 out-tok/s
[160306s] 完成 78104  成功 78103  失败 1  截断 7798  三元组 897441  | 0.49 req/s  519 out-tok/s
[160322s] 完成 78111  成功 78110  失败 1  截断 7798  三元组 897494  | 0.49 req/s  519 out-tok/s
[160341s] 完成 78118  成功 78117  失败 1  截断 7799  三元组 897580  | 0.49 req/s  519 out-tok/s
[160357s] 完成 78122  成功 78121  失败 1  截断 7799  三元组 897616  | 0.49 req/s  519 out-tok/s
[160372s] 完成 78131  成功 78130  失败 1  截断 7801  三元组 897775  | 0.49 req/s  519 out-tok/s
[160387s] 完成 78139  成功 78138  失败 1  截断 7801  三元组 897886  | 0.49 req/s  519 out-tok/s
[160404s] 完成 78149  成功 78148  失败 1  截断 7802  三元组 898028  | 0.49 req/s  519 out-tok/s
[160422s] 完成 78159  成功 78158  失败 1  截断 7804  三元组 898161  | 0.49 req/s  519 out-tok/s
[160438s] 完成 78165  成功 78164  失败 1  截断 7804  三元组 898215  | 0.49 req/s  519 out-tok/s
[160453s] 完成 78174  成功 78173  失败 1  截断 7804  三元组 898321  | 0.49 req/s  519 out-tok/s
[160469s] 完成 78178  成功 78177  失败 1  截断 7804  三元组 898369  | 0.49 req/s  519 out-tok/s
[160485s] 完成 78186  成功 78185  失败 1  截断 7805  三元组 898441  | 0.49 req/s  519 out-tok/s
[160503s] 完成 78192  成功 78191  失败 1  截断 7806  三元组 898543  | 0.49 req/s  519 out-tok/s
[160519s] 完成 78202  成功 78201  失败 1  截断 7807  三元组 898645  | 0.49 req/s  519 out-tok/s
[160535s] 完成 78209  成功 78208  失败 1  截断 7808  三元组 898728  | 0.49 req/s  519 out-tok/s
[160552s] 完成 78216  成功 78215  失败 1  截断 7809  三元组 898773  | 0.49 req/s  519 out-tok/s
[160568s] 完成 78227  成功 78226  失败 1  截断 7811  三元组 898915  | 0.49 req/s  519 out-tok/s
[160585s] 完成 78237  成功 78236  失败 1  截断 7811  三元组 899026  | 0.49 req/s  519 out-tok/s
[160600s] 完成 78247  成功 78246  失败 1  截断 7811  三元组 899153  | 0.49 req/s  519 out-tok/s
[160616s] 完成 78255  成功 78254  失败 1  截断 7811  三元组 899237  | 0.49 req/s  519 out-tok/s
[160633s] 完成 78260  成功 78259  失败 1  截断 7811  三元组 899290  | 0.49 req/s  519 out-tok/s
[160650s] 完成 78267  成功 78266  失败 1  截断 7812  三元组 899389  | 0.49 req/s  519 out-tok/s
[160668s] 完成 78280  成功 78279  失败 1  截断 7813  三元组 899499  | 0.49 req/s  519 out-tok/s
[160685s] 完成 78287  成功 78286  失败 1  截断 7815  三元组 899575  | 0.49 req/s  519 out-tok/s
[160700s] 完成 78294  成功 78293  失败 1  截断 7815  三元组 899674  | 0.49 req/s  519 out-tok/s
[160717s] 完成 78302  成功 78301  失败 1  截断 7816  三元组 899805  | 0.49 req/s  519 out-tok/s
[160732s] 完成 78312  成功 78311  失败 1  截断 7816  三元组 899947  | 0.49 req/s  519 out-tok/s
[160748s] 完成 78319  成功 78318  失败 1  截断 7817  三元组 900030  | 0.49 req/s  519 out-tok/s
[160767s] 完成 78328  成功 78327  失败 1  截断 7818  三元组 900154  | 0.49 req/s  519 out-tok/s
[160783s] 完成 78335  成功 78334  失败 1  截断 7818  三元组 900216  | 0.49 req/s  519 out-tok/s
[160801s] 完成 78342  成功 78341  失败 1  截断 7818  三元组 900338  | 0.49 req/s  519 out-tok/s
[160819s] 完成 78349  成功 78348  失败 1  截断 7818  三元组 900414  | 0.49 req/s  519 out-tok/s
[160836s] 完成 78360  成功 78359  失败 1  截断 7818  三元组 900545  | 0.49 req/s  519 out-tok/s
[160854s] 完成 78365  成功 78364  失败 1  截断 7819  三元组 900597  | 0.49 req/s  519 out-tok/s
[160871s] 完成 78371  成功 78370  失败 1  截断 7820  三元组 900662  | 0.49 req/s  519 out-tok/s
[160889s] 完成 78380  成功 78379  失败 1  截断 7822  三元组 900781  | 0.49 req/s  519 out-tok/s
[160905s] 完成 78391  成功 78390  失败 1  截断 7823  三元组 900924  | 0.49 req/s  519 out-tok/s
[160928s] 完成 78402  成功 78401  失败 1  截断 7823  三元组 901071  | 0.49 req/s  519 out-tok/s
[160944s] 完成 78415  成功 78414  失败 1  截断 7823  三元组 901181  | 0.49 req/s  519 out-tok/s
[160967s] 完成 78421  成功 78420  失败 1  截断 7824  三元组 901265  | 0.49 req/s  519 out-tok/s
[160990s] 完成 78434  成功 78433  失败 1  截断 7824  三元组 901414  | 0.49 req/s  519 out-tok/s
[161006s] 完成 78446  成功 78445  失败 1  截断 7824  三元组 901573  | 0.49 req/s  519 out-tok/s
[161021s] 完成 78452  成功 78451  失败 1  截断 7825  三元组 901628  | 0.49 req/s  519 out-tok/s
[161037s] 完成 78458  成功 78457  失败 1  截断 7825  三元组 901687  | 0.49 req/s  519 out-tok/s
[161054s] 完成 78466  成功 78465  失败 1  截断 7825  三元组 901774  | 0.49 req/s  519 out-tok/s
[161070s] 完成 78475  成功 78474  失败 1  截断 7826  三元组 901858  | 0.49 req/s  519 out-tok/s
[161087s] 完成 78484  成功 78483  失败 1  截断 7827  三元组 901963  | 0.49 req/s  519 out-tok/s
[161103s] 完成 78496  成功 78495  失败 1  截断 7830  三元组 902088  | 0.49 req/s  519 out-tok/s
[161107s] 完成 78500  成功 78499  失败 1  截断 7830  三元组 902122  | 0.49 req/s  519 out-tok/s
[161123s] 完成 78511  成功 78510  失败 1  截断 7830  三元组 902257  | 0.49 req/s  519 out-tok/s
[161140s] 完成 78516  成功 78515  失败 1  截断 7830  三元组 902309  | 0.49 req/s  519 out-tok/s
[161163s] 完成 78530  成功 78529  失败 1  截断 7830  三元组 902448  | 0.49 req/s  519 out-tok/s
[161178s] 完成 78537  成功 78536  失败 1  截断 7830  三元组 902526  | 0.49 req/s  519 out-tok/s
[161193s] 完成 78547  成功 78546  失败 1  截断 7831  三元组 902632  | 0.49 req/s  519 out-tok/s
[161209s] 完成 78555  成功 78554  失败 1  截断 7831  三元组 902716  | 0.49 req/s  519 out-tok/s
[161225s] 完成 78557  成功 78556  失败 1  截断 7831  三元组 902728  | 0.49 req/s  519 out-tok/s
[161242s] 完成 78570  成功 78569  失败 1  截断 7832  三元组 902915  | 0.49 req/s  519 out-tok/s
[161258s] 完成 78579  成功 78578  失败 1  截断 7834  三元组 903021  | 0.49 req/s  519 out-tok/s
[161274s] 完成 78586  成功 78585  失败 1  截断 7834  三元组 903118  | 0.49 req/s  519 out-tok/s
[161289s] 完成 78601  成功 78600  失败 1  截断 7834  三元组 903282  | 0.49 req/s  519 out-tok/s
[161305s] 完成 78607  成功 78606  失败 1  截断 7834  三元组 903315  | 0.49 req/s  519 out-tok/s
[161320s] 完成 78614  成功 78613  失败 1  截断 7834  三元组 903425  | 0.49 req/s  519 out-tok/s
[161337s] 完成 78623  成功 78622  失败 1  截断 7834  三元组 903520  | 0.49 req/s  519 out-tok/s
[161352s] 完成 78635  成功 78634  失败 1  截断 7834  三元组 903650  | 0.49 req/s  519 out-tok/s
[161368s] 完成 78643  成功 78642  失败 1  截断 7834  三元组 903735  | 0.49 req/s  519 out-tok/s
[161387s] 完成 78650  成功 78649  失败 1  截断 7834  三元组 903828  | 0.49 req/s  519 out-tok/s
[161403s] 完成 78659  成功 78658  失败 1  截断 7834  三元组 903919  | 0.49 req/s  519 out-tok/s
[161422s] 完成 78667  成功 78666  失败 1  截断 7835  三元组 904023  | 0.49 req/s  519 out-tok/s
[161437s] 完成 78676  成功 78675  失败 1  截断 7835  三元组 904096  | 0.49 req/s  519 out-tok/s
[161460s] 完成 78682  成功 78681  失败 1  截断 7835  三元组 904181  | 0.49 req/s  519 out-tok/s
[161476s] 完成 78693  成功 78692  失败 1  截断 7836  三元组 904299  | 0.49 req/s  519 out-tok/s
[161492s] 完成 78699  成功 78698  失败 1  截断 7837  三元组 904356  | 0.49 req/s  519 out-tok/s
[161507s] 完成 78707  成功 78706  失败 1  截断 7839  三元组 904430  | 0.49 req/s  519 out-tok/s
[161524s] 完成 78717  成功 78716  失败 1  截断 7840  三元组 904578  | 0.49 req/s  519 out-tok/s
[161544s] 完成 78729  成功 78728  失败 1  截断 7842  三元组 904689  | 0.49 req/s  519 out-tok/s
[161559s] 完成 78737  成功 78736  失败 1  截断 7843  三元组 904745  | 0.49 req/s  519 out-tok/s
[161575s] 完成 78747  成功 78746  失败 1  截断 7844  三元组 904834  | 0.49 req/s  519 out-tok/s
[161591s] 完成 78753  成功 78752  失败 1  截断 7845  三元组 904917  | 0.49 req/s  519 out-tok/s
[161609s] 完成 78765  成功 78764  失败 1  截断 7846  三元组 905049  | 0.49 req/s  519 out-tok/s
[161624s] 完成 78771  成功 78770  失败 1  截断 7846  三元组 905106  | 0.49 req/s  519 out-tok/s
[161640s] 完成 78776  成功 78775  失败 1  截断 7846  三元组 905154  | 0.49 req/s  519 out-tok/s
[161658s] 完成 78786  成功 78785  失败 1  截断 7847  三元组 905304  | 0.49 req/s  519 out-tok/s
[161675s] 完成 78792  成功 78791  失败 1  截断 7847  三元组 905397  | 0.49 req/s  519 out-tok/s
[161692s] 完成 78801  成功 78800  失败 1  截断 7848  三元组 905465  | 0.49 req/s  519 out-tok/s
[161708s] 完成 78813  成功 78812  失败 1  截断 7848  三元组 905651  | 0.49 req/s  519 out-tok/s
[161726s] 完成 78819  成功 78818  失败 1  截断 7849  三元组 905738  | 0.49 req/s  519 out-tok/s
[161741s] 完成 78825  成功 78824  失败 1  截断 7849  三元组 905797  | 0.49 req/s  519 out-tok/s
[161757s] 完成 78830  成功 78829  失败 1  截断 7849  三元组 905846  | 0.49 req/s  519 out-tok/s
[161772s] 完成 78839  成功 78838  失败 1  截断 7850  三元组 905957  | 0.49 req/s  519 out-tok/s
[161787s] 完成 78848  成功 78847  失败 1  截断 7850  三元组 906079  | 0.49 req/s  519 out-tok/s
[161802s] 完成 78853  成功 78852  失败 1  截断 7850  三元组 906116  | 0.49 req/s  519 out-tok/s
[161818s] 完成 78860  成功 78859  失败 1  截断 7852  三元组 906193  | 0.49 req/s  519 out-tok/s
[161837s] 完成 78865  成功 78864  失败 1  截断 7854  三元组 906245  | 0.49 req/s  519 out-tok/s
[161855s] 完成 78870  成功 78869  失败 1  截断 7855  三元组 906306  | 0.49 req/s  519 out-tok/s
[161870s] 完成 78881  成功 78880  失败 1  截断 7857  三元组 906454  | 0.49 req/s  519 out-tok/s
[161885s] 完成 78889  成功 78888  失败 1  截断 7857  三元组 906526  | 0.49 req/s  519 out-tok/s
[161901s] 完成 78896  成功 78895  失败 1  截断 7858  三元组 906617  | 0.49 req/s  519 out-tok/s
[161916s] 完成 78905  成功 78904  失败 1  截断 7858  三元组 906742  | 0.49 req/s  519 out-tok/s
[161932s] 完成 78913  成功 78912  失败 1  截断 7859  三元组 906817  | 0.49 req/s  519 out-tok/s
[161949s] 完成 78922  成功 78921  失败 1  截断 7859  三元组 906910  | 0.49 req/s  519 out-tok/s
[161966s] 完成 78934  成功 78933  失败 1  截断 7860  三元组 907058  | 0.49 req/s  519 out-tok/s
[161982s] 完成 78942  成功 78941  失败 1  截断 7860  三元组 907149  | 0.49 req/s  519 out-tok/s
[162001s] 完成 78948  成功 78947  失败 1  截断 7860  三元组 907198  | 0.49 req/s  519 out-tok/s
[162017s] 完成 78955  成功 78954  失败 1  截断 7860  三元组 907270  | 0.49 req/s  519 out-tok/s
[162036s] 完成 78960  成功 78959  失败 1  截断 7860  三元组 907339  | 0.49 req/s  519 out-tok/s
[162052s] 完成 78966  成功 78965  失败 1  截断 7862  三元组 907401  | 0.49 req/s  519 out-tok/s
[162069s] 完成 78979  成功 78978  失败 1  截断 7863  三元组 907540  | 0.49 req/s  519 out-tok/s
[162084s] 完成 78984  成功 78983  失败 1  截断 7864  三元组 907597  | 0.49 req/s  519 out-tok/s
[162102s] 完成 78993  成功 78992  失败 1  截断 7866  三元组 907727  | 0.49 req/s  519 out-tok/s
[162120s] 完成 78999  成功 78998  失败 1  截断 7868  三元组 907789  | 0.49 req/s  519 out-tok/s
[162125s] 完成 79000  成功 78999  失败 1  截断 7869  三元组 907809  | 0.49 req/s  519 out-tok/s
[162140s] 完成 79008  成功 79007  失败 1  截断 7869  三元组 907889  | 0.49 req/s  519 out-tok/s
[162156s] 完成 79014  成功 79013  失败 1  截断 7869  三元组 907956  | 0.49 req/s  519 out-tok/s
[162172s] 完成 79022  成功 79021  失败 1  截断 7870  三元组 908047  | 0.49 req/s  519 out-tok/s
[162187s] 完成 79026  成功 79025  失败 1  截断 7870  三元组 908088  | 0.49 req/s  519 out-tok/s
[162204s] 完成 79032  成功 79031  失败 1  截断 7870  三元组 908196  | 0.49 req/s  519 out-tok/s
[162219s] 完成 79043  成功 79042  失败 1  截断 7873  三元组 908333  | 0.49 req/s  519 out-tok/s
[162237s] 完成 79052  成功 79051  失败 1  截断 7876  三元组 908457  | 0.49 req/s  519 out-tok/s
[162252s] 完成 79063  成功 79062  失败 1  截断 7876  三元组 908561  | 0.49 req/s  519 out-tok/s
[162272s] 完成 79071  成功 79070  失败 1  截断 7876  三元组 908652  | 0.49 req/s  519 out-tok/s
[162291s] 完成 79080  成功 79079  失败 1  截断 7876  三元组 908746  | 0.49 req/s  519 out-tok/s
[162310s] 完成 79084  成功 79083  失败 1  截断 7876  三元组 908778  | 0.49 req/s  519 out-tok/s
[162330s] 完成 79091  成功 79090  失败 1  截断 7877  三元组 908857  | 0.49 req/s  519 out-tok/s
[162347s] 完成 79101  成功 79100  失败 1  截断 7877  三元组 908995  | 0.49 req/s  519 out-tok/s
[162366s] 完成 79107  成功 79106  失败 1  截断 7878  三元组 909063  | 0.49 req/s  519 out-tok/s
[162381s] 完成 79120  成功 79119  失败 1  截断 7881  三元组 909222  | 0.49 req/s  519 out-tok/s
[162397s] 完成 79127  成功 79126  失败 1  截断 7882  三元组 909315  | 0.49 req/s  519 out-tok/s
[162412s] 完成 79133  成功 79132  失败 1  截断 7884  三元组 909369  | 0.49 req/s  519 out-tok/s
[162428s] 完成 79140  成功 79139  失败 1  截断 7885  三元组 909464  | 0.49 req/s  519 out-tok/s
[162446s] 完成 79147  成功 79146  失败 1  截断 7885  三元组 909566  | 0.49 req/s  519 out-tok/s
[162461s] 完成 79156  成功 79155  失败 1  截断 7885  三元组 909669  | 0.49 req/s  519 out-tok/s
[162477s] 完成 79163  成功 79162  失败 1  截断 7885  三元组 909747  | 0.49 req/s  519 out-tok/s
[162493s] 完成 79166  成功 79165  失败 1  截断 7885  三元组 909790  | 0.49 req/s  519 out-tok/s
[162514s] 完成 79176  成功 79175  失败 1  截断 7888  三元组 909934  | 0.49 req/s  519 out-tok/s
[162531s] 完成 79186  成功 79185  失败 1  截断 7890  三元组 910074  | 0.49 req/s  519 out-tok/s
[162549s] 完成 79194  成功 79193  失败 1  截断 7892  三元组 910172  | 0.49 req/s  519 out-tok/s
[162567s] 完成 79204  成功 79203  失败 1  截断 7893  三元组 910293  | 0.49 req/s  519 out-tok/s
[162583s] 完成 79212  成功 79211  失败 1  截断 7893  三元组 910376  | 0.49 req/s  519 out-tok/s
[162600s] 完成 79220  成功 79219  失败 1  截断 7894  三元组 910467  | 0.49 req/s  519 out-tok/s
[162617s] 完成 79231  成功 79230  失败 1  截断 7896  三元组 910567  | 0.49 req/s  519 out-tok/s
[162632s] 完成 79239  成功 79238  失败 1  截断 7897  三元组 910667  | 0.49 req/s  519 out-tok/s
[162648s] 完成 79246  成功 79245  失败 1  截断 7897  三元组 910746  | 0.49 req/s  519 out-tok/s
[162664s] 完成 79255  成功 79254  失败 1  截断 7897  三元组 910836  | 0.49 req/s  519 out-tok/s
[162681s] 完成 79263  成功 79262  失败 1  截断 7897  三元组 910930  | 0.49 req/s  519 out-tok/s
[162698s] 完成 79273  成功 79272  失败 1  截断 7900  三元组 911042  | 0.49 req/s  519 out-tok/s
[162714s] 完成 79283  成功 79282  失败 1  截断 7901  三元组 911172  | 0.49 req/s  519 out-tok/s
[162729s] 完成 79292  成功 79291  失败 1  截断 7901  三元组 911253  | 0.49 req/s  519 out-tok/s
[162744s] 完成 79296  成功 79295  失败 1  截断 7901  三元组 911285  | 0.49 req/s  519 out-tok/s
[162761s] 完成 79302  成功 79301  失败 1  截断 7901  三元组 911360  | 0.49 req/s  519 out-tok/s
[162777s] 完成 79313  成功 79312  失败 1  截断 7903  三元组 911484  | 0.49 req/s  519 out-tok/s
[162793s] 完成 79320  成功 79319  失败 1  截断 7903  三元组 911567  | 0.49 req/s  519 out-tok/s
[162810s] 完成 79326  成功 79325  失败 1  截断 7903  三元组 911644  | 0.49 req/s  519 out-tok/s
[162825s] 完成 79334  成功 79333  失败 1  截断 7904  三元组 911745  | 0.49 req/s  519 out-tok/s
[162842s] 完成 79340  成功 79339  失败 1  截断 7905  三元组 911830  | 0.49 req/s  519 out-tok/s
[162858s] 完成 79348  成功 79347  失败 1  截断 7905  三元组 911924  | 0.49 req/s  519 out-tok/s
[162875s] 完成 79359  成功 79358  失败 1  截断 7906  三元组 912050  | 0.49 req/s  519 out-tok/s
[162893s] 完成 79369  成功 79368  失败 1  截断 7907  三元组 912146  | 0.49 req/s  519 out-tok/s
[162908s] 完成 79375  成功 79374  失败 1  截断 7907  三元组 912228  | 0.49 req/s  519 out-tok/s
[162924s] 完成 79385  成功 79384  失败 1  截断 7908  三元组 912337  | 0.49 req/s  519 out-tok/s
[162940s] 完成 79391  成功 79390  失败 1  截断 7909  三元组 912409  | 0.49 req/s  519 out-tok/s
[162955s] 完成 79399  成功 79398  失败 1  截断 7910  三元组 912533  | 0.49 req/s  519 out-tok/s
[162971s] 完成 79404  成功 79403  失败 1  截断 7910  三元组 912598  | 0.49 req/s  519 out-tok/s
[162987s] 完成 79410  成功 79409  失败 1  截断 7910  三元组 912653  | 0.49 req/s  519 out-tok/s
[163003s] 完成 79418  成功 79417  失败 1  截断 7910  三元组 912731  | 0.49 req/s  519 out-tok/s
[163020s] 完成 79422  成功 79421  失败 1  截断 7910  三元组 912789  | 0.49 req/s  519 out-tok/s
[163037s] 完成 79425  成功 79424  失败 1  截断 7912  三元组 912823  | 0.49 req/s  519 out-tok/s
[163055s] 完成 79433  成功 79432  失败 1  截断 7913  三元组 912918  | 0.49 req/s  519 out-tok/s
[163071s] 完成 79446  成功 79445  失败 1  截断 7918  三元组 913102  | 0.49 req/s  519 out-tok/s
[163086s] 完成 79455  成功 79454  失败 1  截断 7919  三元组 913174  | 0.49 req/s  519 out-tok/s
[163103s] 完成 79463  成功 79462  失败 1  截断 7919  三元组 913281  | 0.49 req/s  519 out-tok/s
[163119s] 完成 79471  成功 79470  失败 1  截断 7920  三元组 913376  | 0.49 req/s  519 out-tok/s
[163135s] 完成 79479  成功 79478  失败 1  截断 7921  三元组 913472  | 0.49 req/s  519 out-tok/s
[163151s] 完成 79490  成功 79489  失败 1  截断 7921  三元组 913588  | 0.49 req/s  519 out-tok/s
[163172s] 完成 79497  成功 79496  失败 1  截断 7922  三元组 913682  | 0.49 req/s  519 out-tok/s
[163176s] 完成 79500  成功 79499  失败 1  截断 7923  三元组 913711  | 0.49 req/s  519 out-tok/s
[163193s] 完成 79510  成功 79509  失败 1  截断 7923  三元组 913819  | 0.49 req/s  519 out-tok/s
[163210s] 完成 79517  成功 79516  失败 1  截断 7923  三元组 913898  | 0.49 req/s  519 out-tok/s
[163226s] 完成 79524  成功 79523  失败 1  截断 7923  三元组 913982  | 0.49 req/s  519 out-tok/s
[163243s] 完成 79532  成功 79531  失败 1  截断 7924  三元组 914073  | 0.49 req/s  519 out-tok/s
[163259s] 完成 79537  成功 79536  失败 1  截断 7924  三元组 914147  | 0.49 req/s  519 out-tok/s
[163275s] 完成 79542  成功 79541  失败 1  截断 7924  三元组 914204  | 0.49 req/s  519 out-tok/s
[163291s] 完成 79549  成功 79548  失败 1  截断 7925  三元组 914294  | 0.49 req/s  519 out-tok/s
[163306s] 完成 79558  成功 79557  失败 1  截断 7927  三元组 914380  | 0.49 req/s  519 out-tok/s
[163325s] 完成 79567  成功 79566  失败 1  截断 7928  三元组 914490  | 0.49 req/s  519 out-tok/s
[163342s] 完成 79574  成功 79573  失败 1  截断 7930  三元组 914580  | 0.49 req/s  519 out-tok/s
[163359s] 完成 79583  成功 79582  失败 1  截断 7931  三元组 914687  | 0.49 req/s  519 out-tok/s
[163382s] 完成 79595  成功 79594  失败 1  截断 7932  三元组 914840  | 0.49 req/s  519 out-tok/s
[163397s] 完成 79603  成功 79602  失败 1  截断 7932  三元组 914935  | 0.49 req/s  519 out-tok/s
[163422s] 完成 79609  成功 79608  失败 1  截断 7933  三元组 915034  | 0.49 req/s  519 out-tok/s
[163439s] 完成 79616  成功 79615  失败 1  截断 7934  三元组 915135  | 0.49 req/s  519 out-tok/s
[163455s] 完成 79625  成功 79624  失败 1  截断 7936  三元组 915242  | 0.49 req/s  519 out-tok/s
[163471s] 完成 79629  成功 79628  失败 1  截断 7936  三元组 915304  | 0.49 req/s  519 out-tok/s
[163486s] 完成 79635  成功 79634  失败 1  截断 7937  三元组 915417  | 0.49 req/s  519 out-tok/s
[163501s] 完成 79642  成功 79641  失败 1  截断 7937  三元组 915536  | 0.49 req/s  519 out-tok/s
[163517s] 完成 79650  成功 79649  失败 1  截断 7940  三元组 915657  | 0.49 req/s  519 out-tok/s
[163533s] 完成 79657  成功 79656  失败 1  截断 7941  三元组 915764  | 0.49 req/s  519 out-tok/s
[163550s] 完成 79666  成功 79665  失败 1  截断 7941  三元组 915881  | 0.49 req/s  519 out-tok/s
[163565s] 完成 79673  成功 79672  失败 1  截断 7941  三元组 915956  | 0.49 req/s  519 out-tok/s
[163583s] 完成 79682  成功 79681  失败 1  截断 7941  三元组 916091  | 0.49 req/s  519 out-tok/s
[163598s] 完成 79689  成功 79688  失败 1  截断 7941  三元组 916157  | 0.49 req/s  519 out-tok/s
[163614s] 完成 79700  成功 79699  失败 1  截断 7942  三元组 916286  | 0.49 req/s  519 out-tok/s
[163629s] 完成 79706  成功 79705  失败 1  截断 7942  三元组 916347  | 0.49 req/s  519 out-tok/s
[163646s] 完成 79714  成功 79713  失败 1  截断 7942  三元组 916444  | 0.49 req/s  519 out-tok/s
[163663s] 完成 79720  成功 79719  失败 1  截断 7943  三元组 916505  | 0.49 req/s  519 out-tok/s
[163678s] 完成 79726  成功 79725  失败 1  截断 7944  三元组 916579  | 0.49 req/s  519 out-tok/s
[163693s] 完成 79730  成功 79729  失败 1  截断 7944  三元组 916613  | 0.49 req/s  519 out-tok/s
[163709s] 完成 79741  成功 79740  失败 1  截断 7947  三元组 916776  | 0.49 req/s  519 out-tok/s
[163725s] 完成 79751  成功 79750  失败 1  截断 7947  三元组 916888  | 0.49 req/s  519 out-tok/s
[163743s] 完成 79759  成功 79758  失败 1  截断 7948  三元组 916958  | 0.49 req/s  519 out-tok/s
[163764s] 完成 79767  成功 79766  失败 1  截断 7949  三元组 917055  | 0.49 req/s  519 out-tok/s
[163782s] 完成 79781  成功 79780  失败 1  截断 7949  三元组 917198  | 0.49 req/s  519 out-tok/s
[163806s] 完成 79788  成功 79787  失败 1  截断 7951  三元组 917308  | 0.49 req/s  519 out-tok/s
[163822s] 完成 79798  成功 79797  失败 1  截断 7952  三元组 917416  | 0.49 req/s  519 out-tok/s
[163839s] 完成 79802  成功 79801  失败 1  截断 7952  三元组 917473  | 0.49 req/s  519 out-tok/s
[163859s] 完成 79807  成功 79806  失败 1  截断 7952  三元组 917541  | 0.49 req/s  519 out-tok/s
[163874s] 完成 79816  成功 79815  失败 1  截断 7953  三元组 917655  | 0.49 req/s  519 out-tok/s
[163890s] 完成 79822  成功 79821  失败 1  截断 7953  三元组 917776  | 0.49 req/s  519 out-tok/s
[163905s] 完成 79829  成功 79828  失败 1  截断 7954  三元组 917863  | 0.49 req/s  519 out-tok/s
[163920s] 完成 79841  成功 79840  失败 1  截断 7954  三元组 917999  | 0.49 req/s  519 out-tok/s
[163937s] 完成 79851  成功 79850  失败 1  截断 7955  三元组 918116  | 0.49 req/s  519 out-tok/s
[163954s] 完成 79858  成功 79857  失败 1  截断 7955  三元组 918177  | 0.49 req/s  519 out-tok/s
[163970s] 完成 79868  成功 79867  失败 1  截断 7956  三元组 918282  | 0.49 req/s  519 out-tok/s
[163988s] 完成 79874  成功 79873  失败 1  截断 7956  三元组 918341  | 0.49 req/s  519 out-tok/s
[164009s] 完成 79884  成功 79883  失败 1  截断 7956  三元组 918465  | 0.49 req/s  519 out-tok/s
[164025s] 完成 79900  成功 79899  失败 1  截断 7956  三元组 918641  | 0.49 req/s  519 out-tok/s
[164041s] 完成 79909  成功 79908  失败 1  截断 7956  三元组 918734  | 0.49 req/s  519 out-tok/s
[164063s] 完成 79916  成功 79915  失败 1  截断 7957  三元组 918830  | 0.49 req/s  519 out-tok/s
[164081s] 完成 79923  成功 79922  失败 1  截断 7959  三元组 918904  | 0.49 req/s  519 out-tok/s
[164098s] 完成 79936  成功 79935  失败 1  截断 7959  三元组 919043  | 0.49 req/s  519 out-tok/s
[164115s] 完成 79943  成功 79942  失败 1  截断 7959  三元组 919135  | 0.49 req/s  519 out-tok/s
[164132s] 完成 79950  成功 79949  失败 1  截断 7959  三元组 919225  | 0.49 req/s  519 out-tok/s
[164148s] 完成 79958  成功 79957  失败 1  截断 7959  三元组 919329  | 0.49 req/s  519 out-tok/s
[164166s] 完成 79967  成功 79966  失败 1  截断 7959  三元组 919446  | 0.49 req/s  519 out-tok/s
[164182s] 完成 79974  成功 79973  失败 1  截断 7959  三元组 919543  | 0.49 req/s  519 out-tok/s
[164197s] 完成 79985  成功 79984  失败 1  截断 7960  三元组 919688  | 0.49 req/s  519 out-tok/s
[164218s] 完成 79994  成功 79993  失败 1  截断 7960  三元组 919763  | 0.49 req/s  519 out-tok/s
[164225s] 完成 80000  成功 79999  失败 1  截断 7960  三元组 919813  | 0.49 req/s  519 out-tok/s
[164241s] 完成 80009  成功 80008  失败 1  截断 7961  三元组 919920  | 0.49 req/s  519 out-tok/s
[164260s] 完成 80020  成功 80019  失败 1  截断 7962  三元组 920041  | 0.49 req/s  519 out-tok/s
[164277s] 完成 80028  成功 80027  失败 1  截断 7962  三元组 920122  | 0.49 req/s  519 out-tok/s
[164296s] 完成 80037  成功 80036  失败 1  截断 7962  三元组 920212  | 0.49 req/s  519 out-tok/s
[164312s] 完成 80049  成功 80048  失败 1  截断 7962  三元组 920328  | 0.49 req/s  519 out-tok/s
[164334s] 完成 80058  成功 80057  失败 1  截断 7963  三元组 920431  | 0.49 req/s  519 out-tok/s
[164350s] 完成 80067  成功 80066  失败 1  截断 7964  三元组 920560  | 0.49 req/s  519 out-tok/s
[164367s] 完成 80073  成功 80072  失败 1  截断 7965  三元组 920611  | 0.49 req/s  519 out-tok/s
[164384s] 完成 80083  成功 80082  失败 1  截断 7966  三元组 920740  | 0.49 req/s  519 out-tok/s
[164401s] 完成 80092  成功 80091  失败 1  截断 7967  三元组 920854  | 0.49 req/s  519 out-tok/s
[164422s] 完成 80103  成功 80102  失败 1  截断 7967  三元组 920984  | 0.49 req/s  519 out-tok/s
[164437s] 完成 80113  成功 80112  失败 1  截断 7968  三元组 921107  | 0.49 req/s  519 out-tok/s
[164452s] 完成 80122  成功 80121  失败 1  截断 7968  三元组 921205  | 0.49 req/s  519 out-tok/s
[164472s] 完成 80130  成功 80129  失败 1  截断 7969  三元组 921291  | 0.49 req/s  519 out-tok/s
[164489s] 完成 80142  成功 80141  失败 1  截断 7969  三元组 921439  | 0.49 req/s  519 out-tok/s
[164509s] 完成 80149  成功 80148  失败 1  截断 7969  三元组 921527  | 0.49 req/s  519 out-tok/s
[164527s] 完成 80157  成功 80156  失败 1  截断 7970  三元组 921619  | 0.49 req/s  519 out-tok/s
[164543s] 完成 80165  成功 80164  失败 1  截断 7972  三元组 921709  | 0.49 req/s  519 out-tok/s
[164564s] 完成 80170  成功 80169  失败 1  截断 7972  三元组 921758  | 0.49 req/s  519 out-tok/s
[164579s] 完成 80177  成功 80176  失败 1  截断 7973  三元组 921849  | 0.49 req/s  519 out-tok/s
[164595s] 完成 80182  成功 80181  失败 1  截断 7974  三元组 921910  | 0.49 req/s  519 out-tok/s
[164616s] 完成 80190  成功 80189  失败 1  截断 7976  三元组 921997  | 0.49 req/s  519 out-tok/s
[164631s] 完成 80197  成功 80196  失败 1  截断 7977  三元组 922105  | 0.49 req/s  519 out-tok/s
[164651s] 完成 80206  成功 80205  失败 1  截断 7982  三元组 922269  | 0.49 req/s  519 out-tok/s
[164668s] 完成 80212  成功 80211  失败 1  截断 7982  三元组 922351  | 0.49 req/s  519 out-tok/s
[164685s] 完成 80218  成功 80217  失败 1  截断 7983  三元组 922428  | 0.49 req/s  519 out-tok/s
[164700s] 完成 80226  成功 80225  失败 1  截断 7984  三元组 922511  | 0.49 req/s  519 out-tok/s
[164717s] 完成 80233  成功 80232  失败 1  截断 7984  三元组 922587  | 0.49 req/s  519 out-tok/s
[164736s] 完成 80245  成功 80244  失败 1  截断 7985  三元组 922724  | 0.49 req/s  519 out-tok/s
[164752s] 完成 80251  成功 80250  失败 1  截断 7986  三元组 922777  | 0.49 req/s  519 out-tok/s
[164772s] 完成 80261  成功 80260  失败 1  截断 7989  三元组 922940  | 0.49 req/s  519 out-tok/s
[164788s] 完成 80267  成功 80266  失败 1  截断 7989  三元组 923015  | 0.49 req/s  519 out-tok/s
[164803s] 完成 80275  成功 80274  失败 1  截断 7990  三元组 923127  | 0.49 req/s  519 out-tok/s
[164819s] 完成 80281  成功 80280  失败 1  截断 7990  三元组 923196  | 0.49 req/s  519 out-tok/s
[164835s] 完成 80287  成功 80286  失败 1  截断 7990  三元组 923256  | 0.49 req/s  519 out-tok/s
[164852s] 完成 80294  成功 80293  失败 1  截断 7991  三元组 923335  | 0.49 req/s  519 out-tok/s
[164868s] 完成 80304  成功 80303  失败 1  截断 7992  三元组 923446  | 0.49 req/s  519 out-tok/s
[164889s] 完成 80312  成功 80311  失败 1  截断 7994  三元组 923538  | 0.49 req/s  519 out-tok/s
[164908s] 完成 80315  成功 80314  失败 1  截断 7997  三元组 923576  | 0.49 req/s  519 out-tok/s
[164923s] 完成 80327  成功 80326  失败 1  截断 7999  三元组 923733  | 0.49 req/s  519 out-tok/s
[164942s] 完成 80335  成功 80334  失败 1  截断 8000  三元组 923818  | 0.49 req/s  519 out-tok/s
[164959s] 完成 80344  成功 80343  失败 1  截断 8002  三元组 923919  | 0.49 req/s  519 out-tok/s
[164976s] 完成 80355  成功 80354  失败 1  截断 8003  三元组 924014  | 0.49 req/s  519 out-tok/s
[164995s] 完成 80364  成功 80363  失败 1  截断 8004  三元组 924108  | 0.49 req/s  519 out-tok/s
[165010s] 完成 80373  成功 80372  失败 1  截断 8004  三元组 924215  | 0.49 req/s  519 out-tok/s
[165030s] 完成 80378  成功 80377  失败 1  截断 8004  三元组 924272  | 0.49 req/s  519 out-tok/s
[165047s] 完成 80384  成功 80383  失败 1  截断 8005  三元组 924346  | 0.49 req/s  519 out-tok/s
[165063s] 完成 80393  成功 80392  失败 1  截断 8005  三元组 924454  | 0.49 req/s  519 out-tok/s
[165079s] 完成 80399  成功 80398  失败 1  截断 8005  三元组 924521  | 0.49 req/s  519 out-tok/s
[165094s] 完成 80409  成功 80408  失败 1  截断 8006  三元组 924668  | 0.49 req/s  519 out-tok/s
[165112s] 完成 80414  成功 80413  失败 1  截断 8007  三元组 924743  | 0.49 req/s  519 out-tok/s
[165128s] 完成 80422  成功 80421  失败 1  截断 8007  三元组 924814  | 0.49 req/s  519 out-tok/s
[165146s] 完成 80430  成功 80429  失败 1  截断 8010  三元组 924928  | 0.49 req/s  519 out-tok/s
[165163s] 完成 80441  成功 80440  失败 1  截断 8011  三元组 925080  | 0.49 req/s  519 out-tok/s
[165179s] 完成 80447  成功 80446  失败 1  截断 8012  三元组 925168  | 0.49 req/s  519 out-tok/s
[165196s] 完成 80459  成功 80458  失败 1  截断 8012  三元组 925286  | 0.49 req/s  519 out-tok/s
[165214s] 完成 80468  成功 80467  失败 1  截断 8013  三元组 925414  | 0.49 req/s  519 out-tok/s
[165237s] 完成 80475  成功 80474  失败 1  截断 8013  三元组 925506  | 0.49 req/s  519 out-tok/s
[165254s] 完成 80484  成功 80483  失败 1  截断 8014  三元组 925609  | 0.49 req/s  519 out-tok/s
[165272s] 完成 80487  成功 80486  失败 1  截断 8014  三元组 925652  | 0.49 req/s  519 out-tok/s
[165289s] 完成 80494  成功 80493  失败 1  截断 8014  三元组 925750  | 0.49 req/s  519 out-tok/s
[165305s] 完成 80497  成功 80496  失败 1  截断 8014  三元组 925788  | 0.49 req/s  519 out-tok/s
[165309s] 完成 80500  成功 80499  失败 1  截断 8014  三元组 925835  | 0.49 req/s  519 out-tok/s
[165327s] 完成 80508  成功 80507  失败 1  截断 8015  三元组 925921  | 0.49 req/s  519 out-tok/s
[165346s] 完成 80517  成功 80516  失败 1  截断 8017  三元组 926044  | 0.49 req/s  519 out-tok/s
[165365s] 完成 80527  成功 80526  失败 1  截断 8021  三元组 926204  | 0.49 req/s  519 out-tok/s
[165381s] 完成 80537  成功 80536  失败 1  截断 8021  三元组 926300  | 0.49 req/s  519 out-tok/s
[165397s] 完成 80547  成功 80546  失败 1  截断 8021  三元组 926391  | 0.49 req/s  519 out-tok/s
[165412s] 完成 80558  成功 80557  失败 1  截断 8022  三元组 926508  | 0.49 req/s  519 out-tok/s
[165429s] 完成 80569  成功 80568  失败 1  截断 8022  三元组 926613  | 0.49 req/s  519 out-tok/s
[165444s] 完成 80576  成功 80575  失败 1  截断 8022  三元组 926696  | 0.49 req/s  519 out-tok/s
[165460s] 完成 80584  成功 80583  失败 1  截断 8022  三元组 926775  | 0.49 req/s  519 out-tok/s
[165478s] 完成 80591  成功 80590  失败 1  截断 8024  三元组 926859  | 0.49 req/s  519 out-tok/s
[165494s] 完成 80599  成功 80598  失败 1  截断 8025  三元组 926951  | 0.49 req/s  519 out-tok/s
[165510s] 完成 80606  成功 80605  失败 1  截断 8026  三元组 927035  | 0.49 req/s  519 out-tok/s
[165525s] 完成 80612  成功 80611  失败 1  截断 8026  三元组 927125  | 0.49 req/s  519 out-tok/s
[165544s] 完成 80617  成功 80616  失败 1  截断 8027  三元组 927192  | 0.49 req/s  519 out-tok/s
[165559s] 完成 80623  成功 80622  失败 1  截断 8027  三元组 927272  | 0.49 req/s  519 out-tok/s
[165575s] 完成 80633  成功 80632  失败 1  截断 8028  三元组 927402  | 0.49 req/s  519 out-tok/s
[165594s] 完成 80639  成功 80638  失败 1  截断 8028  三元组 927473  | 0.49 req/s  519 out-tok/s
[165610s] 完成 80646  成功 80645  失败 1  截断 8030  三元组 927555  | 0.49 req/s  519 out-tok/s
[165625s] 完成 80658  成功 80657  失败 1  截断 8031  三元组 927715  | 0.49 req/s  519 out-tok/s
[165642s] 完成 80667  成功 80666  失败 1  截断 8033  三元组 927813  | 0.49 req/s  519 out-tok/s
[165657s] 完成 80675  成功 80674  失败 1  截断 8033  三元组 927927  | 0.49 req/s  519 out-tok/s
[165676s] 完成 80684  成功 80683  失败 1  截断 8034  三元组 927992  | 0.49 req/s  519 out-tok/s
[165693s] 完成 80693  成功 80692  失败 1  截断 8034  三元组 928084  | 0.49 req/s  519 out-tok/s
[165709s] 完成 80704  成功 80703  失败 1  截断 8035  三元组 928209  | 0.49 req/s  519 out-tok/s
[165725s] 完成 80712  成功 80711  失败 1  截断 8035  三元组 928289  | 0.49 req/s  519 out-tok/s
[165741s] 完成 80721  成功 80720  失败 1  截断 8035  三元组 928399  | 0.49 req/s  519 out-tok/s
[165758s] 完成 80730  成功 80729  失败 1  截断 8035  三元组 928493  | 0.49 req/s  519 out-tok/s
[165775s] 完成 80739  成功 80738  失败 1  截断 8036  三元组 928596  | 0.49 req/s  519 out-tok/s
[165795s] 完成 80752  成功 80751  失败 1  截断 8038  三元组 928754  | 0.49 req/s  519 out-tok/s
[165814s] 完成 80759  成功 80758  失败 1  截断 8038  三元组 928818  | 0.49 req/s  519 out-tok/s
[165830s] 完成 80767  成功 80766  失败 1  截断 8038  三元组 928922  | 0.49 req/s  519 out-tok/s
[165845s] 完成 80773  成功 80772  失败 1  截断 8039  三元组 929000  | 0.49 req/s  519 out-tok/s
[165861s] 完成 80784  成功 80783  失败 1  截断 8040  三元组 929110  | 0.49 req/s  519 out-tok/s
[165876s] 完成 80792  成功 80791  失败 1  截断 8040  三元组 929200  | 0.49 req/s  519 out-tok/s
[165896s] 完成 80799  成功 80798  失败 1  截断 8042  三元组 929295  | 0.49 req/s  519 out-tok/s
[165913s] 完成 80804  成功 80803  失败 1  截断 8042  三元组 929350  | 0.49 req/s  519 out-tok/s
[165929s] 完成 80815  成功 80814  失败 1  截断 8043  三元组 929486  | 0.49 req/s  519 out-tok/s
[165951s] 完成 80823  成功 80822  失败 1  截断 8043  三元组 929554  | 0.49 req/s  519 out-tok/s
[165969s] 完成 80829  成功 80828  失败 1  截断 8043  三元组 929604  | 0.49 req/s  519 out-tok/s
[165985s] 完成 80837  成功 80836  失败 1  截断 8046  三元组 929694  | 0.49 req/s  519 out-tok/s
[166003s] 完成 80843  成功 80842  失败 1  截断 8048  三元组 929777  | 0.49 req/s  519 out-tok/s
[166019s] 完成 80851  成功 80850  失败 1  截断 8052  三元组 929846  | 0.49 req/s  519 out-tok/s
[166035s] 完成 80858  成功 80857  失败 1  截断 8053  三元组 929917  | 0.49 req/s  519 out-tok/s
[166050s] 完成 80865  成功 80864  失败 1  截断 8055  三元组 930003  | 0.49 req/s  519 out-tok/s
[166066s] 完成 80869  成功 80868  失败 1  截断 8056  三元组 930077  | 0.49 req/s  519 out-tok/s
[166082s] 完成 80876  成功 80875  失败 1  截断 8056  三元组 930165  | 0.49 req/s  519 out-tok/s
[166103s] 完成 80889  成功 80888  失败 1  截断 8060  三元组 930356  | 0.49 req/s  519 out-tok/s
[166120s] 完成 80894  成功 80893  失败 1  截断 8060  三元组 930408  | 0.49 req/s  519 out-tok/s
[166135s] 完成 80904  成功 80903  失败 1  截断 8061  三元组 930535  | 0.49 req/s  519 out-tok/s
[166152s] 完成 80913  成功 80912  失败 1  截断 8061  三元组 930641  | 0.49 req/s  519 out-tok/s
[166169s] 完成 80921  成功 80920  失败 1  截断 8062  三元组 930704  | 0.49 req/s  519 out-tok/s
[166184s] 完成 80927  成功 80926  失败 1  截断 8063  三元组 930765  | 0.49 req/s  519 out-tok/s
[166201s] 完成 80937  成功 80936  失败 1  截断 8064  三元组 930890  | 0.49 req/s  519 out-tok/s
[166217s] 完成 80944  成功 80943  失败 1  截断 8066  三元组 930978  | 0.49 req/s  519 out-tok/s
[166234s] 完成 80954  成功 80953  失败 1  截断 8067  三元组 931058  | 0.49 req/s  519 out-tok/s
[166251s] 完成 80963  成功 80962  失败 1  截断 8068  三元组 931169  | 0.49 req/s  519 out-tok/s
[166269s] 完成 80968  成功 80967  失败 1  截断 8068  三元组 931240  | 0.49 req/s  519 out-tok/s
[166285s] 完成 80979  成功 80978  失败 1  截断 8070  三元组 931411  | 0.49 req/s  519 out-tok/s
[166303s] 完成 80984  成功 80983  失败 1  截断 8072  三元组 931494  | 0.49 req/s  519 out-tok/s
[166319s] 完成 80992  成功 80991  失败 1  截断 8072  三元组 931586  | 0.49 req/s  519 out-tok/s
[166339s] 完成 80999  成功 80998  失败 1  截断 8072  三元组 931691  | 0.49 req/s  519 out-tok/s
[166341s] 完成 81000  成功 80999  失败 1  截断 8072  三元组 931698  | 0.49 req/s  519 out-tok/s
[166356s] 完成 81008  成功 81007  失败 1  截断 8072  三元组 931822  | 0.49 req/s  519 out-tok/s
[166381s] 完成 81019  成功 81018  失败 1  截断 8072  三元组 931928  | 0.49 req/s  519 out-tok/s
[166397s] 完成 81029  成功 81028  失败 1  截断 8072  三元组 932043  | 0.49 req/s  519 out-tok/s
[166415s] 完成 81037  成功 81036  失败 1  截断 8073  三元组 932103  | 0.49 req/s  519 out-tok/s
[166434s] 完成 81043  成功 81042  失败 1  截断 8073  三元组 932211  | 0.49 req/s  519 out-tok/s
[166457s] 完成 81053  成功 81052  失败 1  截断 8074  三元组 932339  | 0.49 req/s  519 out-tok/s
[166472s] 完成 81060  成功 81059  失败 1  截断 8075  三元组 932393  | 0.49 req/s  519 out-tok/s
[166490s] 完成 81071  成功 81070  失败 1  截断 8078  三元组 932529  | 0.49 req/s  519 out-tok/s
[166506s] 完成 81076  成功 81075  失败 1  截断 8078  三元组 932571  | 0.49 req/s  519 out-tok/s
[166522s] 完成 81083  成功 81082  失败 1  截断 8078  三元组 932634  | 0.49 req/s  519 out-tok/s
[166538s] 完成 81093  成功 81092  失败 1  截断 8080  三元组 932731  | 0.49 req/s  519 out-tok/s
[166555s] 完成 81100  成功 81099  失败 1  截断 8083  三元组 932828  | 0.49 req/s  519 out-tok/s
[166570s] 完成 81106  成功 81105  失败 1  截断 8084  三元组 932893  | 0.49 req/s  519 out-tok/s
[166586s] 完成 81115  成功 81114  失败 1  截断 8084  三元组 932995  | 0.49 req/s  519 out-tok/s
[166603s] 完成 81121  成功 81120  失败 1  截断 8085  三元组 933073  | 0.49 req/s  519 out-tok/s
[166618s] 完成 81128  成功 81127  失败 1  截断 8085  三元组 933149  | 0.49 req/s  519 out-tok/s
[166634s] 完成 81135  成功 81134  失败 1  截断 8086  三元组 933254  | 0.49 req/s  519 out-tok/s
[166652s] 完成 81142  成功 81141  失败 1  截断 8086  三元组 933342  | 0.49 req/s  519 out-tok/s
[166668s] 完成 81148  成功 81147  失败 1  截断 8086  三元组 933407  | 0.49 req/s  519 out-tok/s
[166683s] 完成 81158  成功 81157  失败 1  截断 8088  三元组 933548  | 0.49 req/s  519 out-tok/s
[166702s] 完成 81168  成功 81167  失败 1  截断 8089  三元组 933662  | 0.49 req/s  519 out-tok/s
[166718s] 完成 81176  成功 81175  失败 1  截断 8089  三元组 933730  | 0.49 req/s  519 out-tok/s
[166735s] 完成 81183  成功 81182  失败 1  截断 8091  三元组 933809  | 0.49 req/s  519 out-tok/s
[166750s] 完成 81193  成功 81192  失败 1  截断 8092  三元组 933929  | 0.49 req/s  519 out-tok/s
[166765s] 完成 81200  成功 81199  失败 1  截断 8092  三元组 933986  | 0.49 req/s  519 out-tok/s
[166780s] 完成 81205  成功 81204  失败 1  截断 8093  三元组 934049  | 0.49 req/s  519 out-tok/s
[166796s] 完成 81216  成功 81215  失败 1  截断 8094  三元组 934182  | 0.49 req/s  519 out-tok/s
[166812s] 完成 81224  成功 81223  失败 1  截断 8096  三元组 934275  | 0.49 req/s  519 out-tok/s
[166833s] 完成 81233  成功 81232  失败 1  截断 8097  三元组 934373  | 0.49 req/s  519 out-tok/s
[166851s] 完成 81242  成功 81241  失败 1  截断 8098  三元组 934469  | 0.49 req/s  519 out-tok/s
[166868s] 完成 81254  成功 81253  失败 1  截断 8098  三元组 934612  | 0.49 req/s  519 out-tok/s
[166885s] 完成 81267  成功 81266  失败 1  截断 8099  三元组 934755  | 0.49 req/s  519 out-tok/s
[166904s] 完成 81277  成功 81276  失败 1  截断 8099  三元组 934852  | 0.49 req/s  519 out-tok/s
[166921s] 完成 81286  成功 81285  失败 1  截断 8099  三元组 934941  | 0.49 req/s  519 out-tok/s
[166936s] 完成 81293  成功 81292  失败 1  截断 8099  三元组 934997  | 0.49 req/s  519 out-tok/s
[166954s] 完成 81302  成功 81301  失败 1  截断 8099  三元组 935106  | 0.49 req/s  519 out-tok/s
[166969s] 完成 81313  成功 81312  失败 1  截断 8100  三元组 935254  | 0.49 req/s  519 out-tok/s
[166985s] 完成 81323  成功 81322  失败 1  截断 8101  三元组 935339  | 0.49 req/s  519 out-tok/s
[167005s] 完成 81331  成功 81330  失败 1  截断 8101  三元组 935437  | 0.49 req/s  519 out-tok/s
[167020s] 完成 81338  成功 81337  失败 1  截断 8101  三元组 935509  | 0.49 req/s  519 out-tok/s
[167038s] 完成 81345  成功 81344  失败 1  截断 8102  三元组 935582  | 0.49 req/s  519 out-tok/s
[167053s] 完成 81359  成功 81358  失败 1  截断 8102  三元组 935756  | 0.49 req/s  519 out-tok/s
[167069s] 完成 81367  成功 81366  失败 1  截断 8102  三元组 935834  | 0.49 req/s  519 out-tok/s
[167084s] 完成 81374  成功 81373  失败 1  截断 8102  三元组 935900  | 0.49 req/s  519 out-tok/s
[167101s] 完成 81384  成功 81383  失败 1  截断 8102  三元组 936036  | 0.49 req/s  519 out-tok/s
[167117s] 完成 81387  成功 81386  失败 1  截断 8103  三元组 936062  | 0.49 req/s  519 out-tok/s
[167134s] 完成 81400  成功 81399  失败 1  截断 8104  三元组 936188  | 0.49 req/s  519 out-tok/s
[167149s] 完成 81408  成功 81407  失败 1  截断 8105  三元组 936298  | 0.49 req/s  519 out-tok/s
[167165s] 完成 81419  成功 81418  失败 1  截断 8105  三元组 936442  | 0.49 req/s  519 out-tok/s
[167182s] 完成 81424  成功 81423  失败 1  截断 8105  三元组 936502  | 0.49 req/s  519 out-tok/s
[167198s] 完成 81433  成功 81432  失败 1  截断 8107  三元组 936601  | 0.49 req/s  519 out-tok/s
[167214s] 完成 81438  成功 81437  失败 1  截断 8107  三元组 936661  | 0.49 req/s  519 out-tok/s
[167230s] 完成 81449  成功 81448  失败 1  截断 8108  三元组 936774  | 0.49 req/s  519 out-tok/s
[167247s] 完成 81459  成功 81458  失败 1  截断 8108  三元组 936881  | 0.49 req/s  519 out-tok/s
[167267s] 完成 81464  成功 81463  失败 1  截断 8108  三元组 936939  | 0.49 req/s  519 out-tok/s
[167282s] 完成 81471  成功 81470  失败 1  截断 8110  三元组 937030  | 0.49 req/s  519 out-tok/s
[167299s] 完成 81475  成功 81474  失败 1  截断 8110  三元组 937078  | 0.49 req/s  519 out-tok/s
[167314s] 完成 81486  成功 81485  失败 1  截断 8112  三元组 937238  | 0.49 req/s  519 out-tok/s
[167335s] 完成 81493  成功 81492  失败 1  截断 8112  三元组 937313  | 0.49 req/s  519 out-tok/s
[167344s] 完成 81500  成功 81499  失败 1  截断 8113  三元组 937403  | 0.49 req/s  519 out-tok/s
[167361s] 完成 81508  成功 81507  失败 1  截断 8114  三元组 937517  | 0.49 req/s  519 out-tok/s
[167378s] 完成 81517  成功 81516  失败 1  截断 8115  三元组 937630  | 0.49 req/s  519 out-tok/s
[167400s] 完成 81530  成功 81529  失败 1  截断 8117  三元组 937765  | 0.49 req/s  519 out-tok/s
[167416s] 完成 81537  成功 81536  失败 1  截断 8117  三元组 937851  | 0.49 req/s  519 out-tok/s
[167432s] 完成 81543  成功 81542  失败 1  截断 8117  三元组 937924  | 0.49 req/s  519 out-tok/s
[167452s] 完成 81549  成功 81548  失败 1  截断 8117  三元组 937995  | 0.49 req/s  519 out-tok/s
[167470s] 完成 81560  成功 81559  失败 1  截断 8117  三元组 938112  | 0.49 req/s  519 out-tok/s
[167485s] 完成 81566  成功 81565  失败 1  截断 8119  三元组 938196  | 0.49 req/s  519 out-tok/s
[167501s] 完成 81576  成功 81575  失败 1  截断 8121  三元组 938301  | 0.49 req/s  519 out-tok/s
[167518s] 完成 81585  成功 81584  失败 1  截断 8122  三元组 938405  | 0.49 req/s  519 out-tok/s
[167535s] 完成 81594  成功 81593  失败 1  截断 8123  三元组 938517  | 0.49 req/s  519 out-tok/s
[167550s] 完成 81604  成功 81603  失败 1  截断 8124  三元组 938656  | 0.49 req/s  519 out-tok/s
[167568s] 完成 81610  成功 81609  失败 1  截断 8124  三元组 938721  | 0.49 req/s  519 out-tok/s
[167584s] 完成 81621  成功 81620  失败 1  截断 8124  三元组 938840  | 0.49 req/s  519 out-tok/s
[167601s] 完成 81628  成功 81627  失败 1  截断 8124  三元组 938915  | 0.49 req/s  519 out-tok/s
[167617s] 完成 81636  成功 81635  失败 1  截断 8124  三元组 939002  | 0.49 req/s  519 out-tok/s
[167634s] 完成 81645  成功 81644  失败 1  截断 8125  三元组 939117  | 0.49 req/s  519 out-tok/s
[167650s] 完成 81653  成功 81652  失败 1  截断 8125  三元组 939214  | 0.49 req/s  519 out-tok/s
[167669s] 完成 81660  成功 81659  失败 1  截断 8126  三元组 939307  | 0.49 req/s  519 out-tok/s
[167684s] 完成 81670  成功 81669  失败 1  截断 8126  三元组 939426  | 0.49 req/s  519 out-tok/s
[167700s] 完成 81678  成功 81677  失败 1  截断 8126  三元组 939526  | 0.49 req/s  519 out-tok/s
[167718s] 完成 81688  成功 81687  失败 1  截断 8126  三元组 939630  | 0.49 req/s  519 out-tok/s
[167733s] 完成 81691  成功 81690  失败 1  截断 8127  三元组 939663  | 0.49 req/s  519 out-tok/s
[167749s] 完成 81700  成功 81699  失败 1  截断 8127  三元组 939760  | 0.49 req/s  519 out-tok/s
[167764s] 完成 81706  成功 81705  失败 1  截断 8127  三元组 939834  | 0.49 req/s  519 out-tok/s
[167780s] 完成 81712  成功 81711  失败 1  截断 8129  三元组 939899  | 0.49 req/s  519 out-tok/s
[167798s] 完成 81718  成功 81717  失败 1  截断 8131  三元组 939958  | 0.49 req/s  519 out-tok/s
[167815s] 完成 81725  成功 81724  失败 1  截断 8133  三元组 940011  | 0.49 req/s  519 out-tok/s
[167832s] 完成 81734  成功 81733  失败 1  截断 8133  三元组 940153  | 0.49 req/s  519 out-tok/s
[167850s] 完成 81739  成功 81738  失败 1  截断 8133  三元组 940226  | 0.49 req/s  519 out-tok/s
[167867s] 完成 81746  成功 81745  失败 1  截断 8134  三元组 940298  | 0.49 req/s  519 out-tok/s
[167882s] 完成 81761  成功 81760  失败 1  截断 8136  三元组 940469  | 0.49 req/s  519 out-tok/s
[167898s] 完成 81766  成功 81765  失败 1  截断 8137  三元组 940525  | 0.49 req/s  519 out-tok/s
[167913s] 完成 81774  成功 81773  失败 1  截断 8139  三元组 940618  | 0.49 req/s  519 out-tok/s
[167930s] 完成 81783  成功 81782  失败 1  截断 8140  三元组 940714  | 0.49 req/s  519 out-tok/s
[167946s] 完成 81791  成功 81790  失败 1  截断 8141  三元组 940803  | 0.49 req/s  519 out-tok/s
[167961s] 完成 81800  成功 81799  失败 1  截断 8143  三元组 940906  | 0.49 req/s  519 out-tok/s
[167977s] 完成 81807  成功 81806  失败 1  截断 8143  三元组 940995  | 0.49 req/s  519 out-tok/s
[167994s] 完成 81816  成功 81815  失败 1  截断 8143  三元组 941087  | 0.49 req/s  519 out-tok/s
[168010s] 完成 81825  成功 81824  失败 1  截断 8144  三元组 941215  | 0.49 req/s  519 out-tok/s
[168026s] 完成 81827  成功 81826  失败 1  截断 8144  三元组 941240  | 0.49 req/s  519 out-tok/s
[168051s] 完成 81835  成功 81834  失败 1  截断 8145  三元组 941333  | 0.49 req/s  519 out-tok/s
[168067s] 完成 81843  成功 81842  失败 1  截断 8146  三元组 941440  | 0.49 req/s  519 out-tok/s
[168083s] 完成 81849  成功 81848  失败 1  截断 8146  三元组 941503  | 0.49 req/s  519 out-tok/s
[168100s] 完成 81855  成功 81854  失败 1  截断 8147  三元组 941582  | 0.49 req/s  519 out-tok/s
[168117s] 完成 81862  成功 81861  失败 1  截断 8149  三元组 941672  | 0.49 req/s  519 out-tok/s
[168133s] 完成 81871  成功 81870  失败 1  截断 8149  三元组 941797  | 0.49 req/s  519 out-tok/s
[168148s] 完成 81882  成功 81881  失败 1  截断 8152  三元组 941906  | 0.49 req/s  519 out-tok/s
[168164s] 完成 81887  成功 81886  失败 1  截断 8153  三元组 941980  | 0.49 req/s  519 out-tok/s
[168187s] 完成 81892  成功 81891  失败 1  截断 8153  三元组 942029  | 0.49 req/s  519 out-tok/s
[168207s] 完成 81902  成功 81901  失败 1  截断 8153  三元组 942141  | 0.49 req/s  519 out-tok/s
[168226s] 完成 81910  成功 81909  失败 1  截断 8154  三元组 942223  | 0.49 req/s  519 out-tok/s
[168244s] 完成 81917  成功 81916  失败 1  截断 8155  三元组 942310  | 0.49 req/s  519 out-tok/s
[168260s] 完成 81925  成功 81924  失败 1  截断 8157  三元组 942410  | 0.49 req/s  519 out-tok/s
[168275s] 完成 81930  成功 81929  失败 1  截断 8157  三元组 942468  | 0.49 req/s  519 out-tok/s
[168292s] 完成 81941  成功 81940  失败 1  截断 8159  三元组 942604  | 0.49 req/s  519 out-tok/s
[168308s] 完成 81949  成功 81948  失败 1  截断 8162  三元组 942691  | 0.49 req/s  519 out-tok/s
[168324s] 完成 81957  成功 81956  失败 1  截断 8162  三元组 942776  | 0.49 req/s  519 out-tok/s
[168348s] 完成 81969  成功 81968  失败 1  截断 8163  三元组 942907  | 0.49 req/s  519 out-tok/s
[168365s] 完成 81978  成功 81977  失败 1  截断 8163  三元组 943015  | 0.49 req/s  519 out-tok/s
[168380s] 完成 81987  成功 81986  失败 1  截断 8163  三元组 943132  | 0.49 req/s  519 out-tok/s
[168396s] 完成 81992  成功 81991  失败 1  截断 8164  三元组 943182  | 0.49 req/s  519 out-tok/s
[168412s] 完成 81998  成功 81997  失败 1  截断 8165  三元组 943276  | 0.49 req/s  519 out-tok/s
[168412s] 完成 82000  成功 81999  失败 1  截断 8165  三元组 943286  | 0.49 req/s  519 out-tok/s
[168429s] 完成 82010  成功 82009  失败 1  截断 8165  三元组 943403  | 0.49 req/s  519 out-tok/s
[168447s] 完成 82023  成功 82022  失败 1  截断 8166  三元组 943541  | 0.49 req/s  519 out-tok/s
[168465s] 完成 82028  成功 82027  失败 1  截断 8166  三元组 943603  | 0.49 req/s  519 out-tok/s
[168482s] 完成 82038  成功 82037  失败 1  截断 8167  三元组 943722  | 0.49 req/s  519 out-tok/s
[168499s] 完成 82051  成功 82050  失败 1  截断 8168  三元组 943828  | 0.49 req/s  519 out-tok/s
[168514s] 完成 82062  成功 82061  失败 1  截断 8168  三元组 943959  | 0.49 req/s  519 out-tok/s
[168531s] 完成 82069  成功 82068  失败 1  截断 8169  三元组 944038  | 0.49 req/s  519 out-tok/s
[168547s] 完成 82080  成功 82079  失败 1  截断 8169  三元组 944153  | 0.49 req/s  519 out-tok/s
[168566s] 完成 82087  成功 82086  失败 1  截断 8169  三元组 944254  | 0.49 req/s  519 out-tok/s
[168587s] 完成 82096  成功 82095  失败 1  截断 8169  三元组 944362  | 0.49 req/s  519 out-tok/s
[168608s] 完成 82107  成功 82106  失败 1  截断 8169  三元组 944480  | 0.49 req/s  519 out-tok/s
[168624s] 完成 82115  成功 82114  失败 1  截断 8169  三元组 944598  | 0.49 req/s  519 out-tok/s
[168642s] 完成 82121  成功 82120  失败 1  截断 8169  三元组 944666  | 0.49 req/s  519 out-tok/s
[168658s] 完成 82131  成功 82130  失败 1  截断 8169  三元组 944792  | 0.49 req/s  519 out-tok/s
[168674s] 完成 82142  成功 82141  失败 1  截断 8173  三元组 944906  | 0.49 req/s  519 out-tok/s
[168689s] 完成 82150  成功 82149  失败 1  截断 8176  三元组 945024  | 0.49 req/s  519 out-tok/s
[168705s] 完成 82160  成功 82159  失败 1  截断 8176  三元组 945132  | 0.49 req/s  519 out-tok/s
[168724s] 完成 82168  成功 82167  失败 1  截断 8176  三元组 945204  | 0.49 req/s  519 out-tok/s
[168740s] 完成 82177  成功 82176  失败 1  截断 8176  三元组 945314  | 0.49 req/s  519 out-tok/s
[168758s] 完成 82187  成功 82186  失败 1  截断 8177  三元组 945429  | 0.49 req/s  519 out-tok/s
[168774s] 完成 82195  成功 82194  失败 1  截断 8177  三元组 945531  | 0.49 req/s  519 out-tok/s
[168790s] 完成 82207  成功 82206  失败 1  截断 8177  三元组 945660  | 0.49 req/s  519 out-tok/s
[168806s] 完成 82214  成功 82213  失败 1  截断 8177  三元组 945712  | 0.49 req/s  519 out-tok/s
[168830s] 完成 82222  成功 82221  失败 1  截断 8180  三元组 945824  | 0.49 req/s  519 out-tok/s
[168846s] 完成 82234  成功 82233  失败 1  截断 8180  三元组 945967  | 0.49 req/s  519 out-tok/s
[168861s] 完成 82243  成功 82242  失败 1  截断 8181  三元组 946060  | 0.49 req/s  519 out-tok/s
[168879s] 完成 82246  成功 82245  失败 1  截断 8181  三元组 946085  | 0.49 req/s  519 out-tok/s
[168895s] 完成 82254  成功 82253  失败 1  截断 8181  三元组 946173  | 0.49 req/s  519 out-tok/s
[168912s] 完成 82264  成功 82263  失败 1  截断 8182  三元组 946300  | 0.49 req/s  519 out-tok/s
[168928s] 完成 82271  成功 82270  失败 1  截断 8183  三元组 946406  | 0.49 req/s  519 out-tok/s
[168944s] 完成 82279  成功 82278  失败 1  截断 8186  三元组 946500  | 0.49 req/s  519 out-tok/s
[168961s] 完成 82285  成功 82284  失败 1  截断 8186  三元组 946567  | 0.49 req/s  519 out-tok/s
[168976s] 完成 82293  成功 82292  失败 1  截断 8186  三元组 946644  | 0.49 req/s  519 out-tok/s
[168993s] 完成 82308  成功 82307  失败 1  截断 8186  三元组 946813  | 0.49 req/s  519 out-tok/s
[169009s] 完成 82315  成功 82314  失败 1  截断 8187  三元组 946891  | 0.49 req/s  519 out-tok/s
[169028s] 完成 82325  成功 82324  失败 1  截断 8188  三元组 947002  | 0.49 req/s  519 out-tok/s
[169043s] 完成 82332  成功 82331  失败 1  截断 8188  三元组 947075  | 0.49 req/s  519 out-tok/s
[169063s] 完成 82341  成功 82340  失败 1  截断 8189  三元组 947187  | 0.49 req/s  519 out-tok/s
[169079s] 完成 82347  成功 82346  失败 1  截断 8189  三元组 947251  | 0.49 req/s  519 out-tok/s
[169094s] 完成 82356  成功 82355  失败 1  截断 8189  三元组 947367  | 0.49 req/s  519 out-tok/s
[169113s] 完成 82362  成功 82361  失败 1  截断 8190  三元组 947436  | 0.49 req/s  519 out-tok/s
[169129s] 完成 82375  成功 82374  失败 1  截断 8191  三元组 947609  | 0.49 req/s  519 out-tok/s
[169146s] 完成 82382  成功 82381  失败 1  截断 8193  三元组 947694  | 0.49 req/s  519 out-tok/s
[169163s] 完成 82386  成功 82385  失败 1  截断 8193  三元组 947746  | 0.49 req/s  519 out-tok/s
[169179s] 完成 82395  成功 82394  失败 1  截断 8194  三元组 947863  | 0.49 req/s  519 out-tok/s
[169195s] 完成 82404  成功 82403  失败 1  截断 8194  三元组 947988  | 0.49 req/s  519 out-tok/s
[169211s] 完成 82412  成功 82411  失败 1  截断 8194  三元组 948063  | 0.49 req/s  519 out-tok/s
[169228s] 完成 82422  成功 82421  失败 1  截断 8194  三元组 948172  | 0.49 req/s  519 out-tok/s
[169245s] 完成 82430  成功 82429  失败 1  截断 8194  三元组 948237  | 0.49 req/s  519 out-tok/s
[169268s] 完成 82437  成功 82436  失败 1  截断 8195  三元组 948312  | 0.49 req/s  519 out-tok/s
[169285s] 完成 82443  成功 82442  失败 1  截断 8198  三元组 948404  | 0.49 req/s  519 out-tok/s
[169300s] 完成 82457  成功 82456  失败 1  截断 8200  三元组 948563  | 0.49 req/s  519 out-tok/s
[169320s] 完成 82467  成功 82466  失败 1  截断 8202  三元组 948682  | 0.49 req/s  519 out-tok/s
[169338s] 完成 82475  成功 82474  失败 1  截断 8203  三元组 948774  | 0.49 req/s  519 out-tok/s
[169355s] 完成 82481  成功 82480  失败 1  截断 8204  三元组 948846  | 0.49 req/s  519 out-tok/s
[169371s] 完成 82492  成功 82491  失败 1  截断 8206  三元组 948948  | 0.49 req/s  519 out-tok/s
[169388s] 完成 82497  成功 82496  失败 1  截断 8206  三元组 948994  | 0.49 req/s  519 out-tok/s
[169394s] 完成 82500  成功 82499  失败 1  截断 8207  三元组 949033  | 0.49 req/s  519 out-tok/s
[169409s] 完成 82509  成功 82508  失败 1  截断 8207  三元组 949127  | 0.49 req/s  519 out-tok/s
[169425s] 完成 82518  成功 82517  失败 1  截断 8207  三元组 949213  | 0.49 req/s  519 out-tok/s
[169442s] 完成 82527  成功 82526  失败 1  截断 8207  三元组 949325  | 0.49 req/s  519 out-tok/s
[169461s] 完成 82537  成功 82536  失败 1  截断 8210  三元组 949458  | 0.49 req/s  519 out-tok/s
[169476s] 完成 82543  成功 82542  失败 1  截断 8211  三元组 949533  | 0.49 req/s  519 out-tok/s
[169494s] 完成 82553  成功 82552  失败 1  截断 8213  三元组 949690  | 0.49 req/s  519 out-tok/s
[169510s] 完成 82562  成功 82561  失败 1  截断 8213  三元组 949796  | 0.49 req/s  519 out-tok/s
[169525s] 完成 82571  成功 82570  失败 1  截断 8213  三元组 949904  | 0.49 req/s  519 out-tok/s
[169540s] 完成 82580  成功 82579  失败 1  截断 8213  三元组 949999  | 0.49 req/s  519 out-tok/s
[169559s] 完成 82586  成功 82585  失败 1  截断 8213  三元组 950062  | 0.49 req/s  519 out-tok/s
[169576s] 完成 82598  成功 82597  失败 1  截断 8213  三元组 950175  | 0.49 req/s  519 out-tok/s
[169592s] 完成 82602  成功 82601  失败 1  截断 8214  三元组 950221  | 0.49 req/s  519 out-tok/s
[169612s] 完成 82613  成功 82612  失败 1  截断 8216  三元组 950323  | 0.49 req/s  519 out-tok/s
[169628s] 完成 82618  成功 82617  失败 1  截断 8217  三元组 950374  | 0.49 req/s  519 out-tok/s
[169643s] 完成 82624  成功 82623  失败 1  截断 8217  三元组 950462  | 0.49 req/s  519 out-tok/s
[169661s] 完成 82635  成功 82634  失败 1  截断 8220  三元组 950579  | 0.49 req/s  519 out-tok/s
[169677s] 完成 82644  成功 82643  失败 1  截断 8220  三元组 950695  | 0.49 req/s  519 out-tok/s
[169698s] 完成 82653  成功 82652  失败 1  截断 8222  三元组 950778  | 0.49 req/s  519 out-tok/s
[169715s] 完成 82662  成功 82661  失败 1  截断 8223  三元组 950876  | 0.49 req/s  519 out-tok/s
[169734s] 完成 82669  成功 82668  失败 1  截断 8224  三元组 950969  | 0.49 req/s  519 out-tok/s
[169751s] 完成 82674  成功 82673  失败 1  截断 8225  三元组 951023  | 0.49 req/s  519 out-tok/s
[169766s] 完成 82681  成功 82680  失败 1  截断 8227  三元组 951099  | 0.49 req/s  519 out-tok/s
[169782s] 完成 82687  成功 82686  失败 1  截断 8227  三元组 951172  | 0.49 req/s  519 out-tok/s
[169797s] 完成 82695  成功 82694  失败 1  截断 8228  三元组 951269  | 0.49 req/s  519 out-tok/s
[169813s] 完成 82700  成功 82699  失败 1  截断 8229  三元组 951349  | 0.49 req/s  519 out-tok/s
[169830s] 完成 82707  成功 82706  失败 1  截断 8231  三元组 951485  | 0.49 req/s  519 out-tok/s
[169847s] 完成 82714  成功 82713  失败 1  截断 8232  三元组 951572  | 0.49 req/s  519 out-tok/s
[169864s] 完成 82724  成功 82723  失败 1  截断 8233  三元组 951658  | 0.49 req/s  519 out-tok/s
[169879s] 完成 82730  成功 82729  失败 1  截断 8233  三元组 951728  | 0.49 req/s  519 out-tok/s
[169896s] 完成 82736  成功 82735  失败 1  截断 8234  三元组 951804  | 0.49 req/s  519 out-tok/s
[169911s] 完成 82748  成功 82747  失败 1  截断 8234  三元组 951959  | 0.49 req/s  519 out-tok/s
[169942s] 完成 82757  成功 82756  失败 1  截断 8235  三元组 952068  | 0.49 req/s  519 out-tok/s
[169961s] 完成 82765  成功 82764  失败 1  截断 8236  三元组 952171  | 0.49 req/s  519 out-tok/s
[169979s] 完成 82773  成功 82772  失败 1  截断 8236  三元组 952280  | 0.49 req/s  519 out-tok/s
[169995s] 完成 82779  成功 82778  失败 1  截断 8237  三元组 952360  | 0.49 req/s  519 out-tok/s
[170010s] 完成 82786  成功 82785  失败 1  截断 8238  三元组 952429  | 0.49 req/s  519 out-tok/s
[170028s] 完成 82796  成功 82795  失败 1  截断 8239  三元组 952577  | 0.49 req/s  519 out-tok/s
[170044s] 完成 82803  成功 82802  失败 1  截断 8239  三元组 952670  | 0.49 req/s  519 out-tok/s
[170061s] 完成 82807  成功 82806  失败 1  截断 8239  三元组 952726  | 0.49 req/s  519 out-tok/s
[170077s] 完成 82821  成功 82820  失败 1  截断 8242  三元组 952899  | 0.49 req/s  519 out-tok/s
[170092s] 完成 82827  成功 82826  失败 1  截断 8242  三元组 952959  | 0.49 req/s  519 out-tok/s
[170109s] 完成 82837  成功 82836  失败 1  截断 8243  三元组 953057  | 0.49 req/s  519 out-tok/s
[170127s] 完成 82844  成功 82843  失败 1  截断 8245  三元组 953138  | 0.49 req/s  519 out-tok/s
[170142s] 完成 82855  成功 82854  失败 1  截断 8245  三元组 953238  | 0.49 req/s  519 out-tok/s
[170158s] 完成 82862  成功 82861  失败 1  截断 8246  三元组 953315  | 0.49 req/s  519 out-tok/s
[170174s] 完成 82871  成功 82870  失败 1  截断 8246  三元组 953393  | 0.49 req/s  519 out-tok/s
[170192s] 完成 82879  成功 82878  失败 1  截断 8248  三元组 953476  | 0.49 req/s  519 out-tok/s
[170210s] 完成 82888  成功 82887  失败 1  截断 8248  三元组 953590  | 0.49 req/s  519 out-tok/s
[170226s] 完成 82895  成功 82894  失败 1  截断 8249  三元组 953691  | 0.49 req/s  519 out-tok/s
[170244s] 完成 82901  成功 82900  失败 1  截断 8249  三元组 953772  | 0.49 req/s  519 out-tok/s
[170259s] 完成 82908  成功 82907  失败 1  截断 8251  三元组 953839  | 0.49 req/s  519 out-tok/s
[170275s] 完成 82917  成功 82916  失败 1  截断 8251  三元组 953950  | 0.49 req/s  519 out-tok/s
[170291s] 完成 82925  成功 82924  失败 1  截断 8252  三元组 954021  | 0.49 req/s  519 out-tok/s
[170306s] 完成 82934  成功 82933  失败 1  截断 8252  三元组 954109  | 0.49 req/s  519 out-tok/s
[170323s] 完成 82938  成功 82937  失败 1  截断 8253  三元组 954147  | 0.49 req/s  519 out-tok/s
[170339s] 完成 82949  成功 82948  失败 1  截断 8256  三元组 954316  | 0.49 req/s  519 out-tok/s
[170356s] 完成 82955  成功 82954  失败 1  截断 8256  三元组 954390  | 0.49 req/s  519 out-tok/s
[170374s] 完成 82966  成功 82965  失败 1  截断 8257  三元组 954503  | 0.49 req/s  519 out-tok/s
[170389s] 完成 82973  成功 82972  失败 1  截断 8257  三元组 954570  | 0.49 req/s  519 out-tok/s
[170405s] 完成 82981  成功 82980  失败 1  截断 8258  三元组 954667  | 0.49 req/s  519 out-tok/s
[170423s] 完成 82987  成功 82986  失败 1  截断 8259  三元组 954756  | 0.49 req/s  519 out-tok/s
[170443s] 完成 82997  成功 82996  失败 1  截断 8261  三元组 954895  | 0.49 req/s  519 out-tok/s
[170448s] 完成 83000  成功 82999  失败 1  截断 8261  三元组 954918  | 0.49 req/s  519 out-tok/s
[170467s] 完成 83009  成功 83008  失败 1  截断 8262  三元组 955001  | 0.49 req/s  519 out-tok/s
[170482s] 完成 83018  成功 83017  失败 1  截断 8263  三元组 955114  | 0.49 req/s  519 out-tok/s
[170498s] 完成 83026  成功 83025  失败 1  截断 8264  三元组 955220  | 0.49 req/s  519 out-tok/s
[170516s] 完成 83032  成功 83031  失败 1  截断 8264  三元组 955274  | 0.49 req/s  519 out-tok/s
[170536s] 完成 83045  成功 83044  失败 1  截断 8266  三元组 955439  | 0.49 req/s  519 out-tok/s
[170553s] 完成 83050  成功 83049  失败 1  截断 8267  三元组 955485  | 0.49 req/s  519 out-tok/s
[170568s] 完成 83060  成功 83059  失败 1  截断 8267  三元组 955611  | 0.49 req/s  519 out-tok/s
[170584s] 完成 83070  成功 83069  失败 1  截断 8267  三元组 955744  | 0.49 req/s  519 out-tok/s
[170602s] 完成 83075  成功 83074  失败 1  截断 8267  三元组 955793  | 0.49 req/s  519 out-tok/s
[170618s] 完成 83083  成功 83082  失败 1  截断 8269  三元组 955880  | 0.49 req/s  519 out-tok/s
[170636s] 完成 83092  成功 83091  失败 1  截断 8271  三元组 955982  | 0.49 req/s  519 out-tok/s
[170652s] 完成 83097  成功 83096  失败 1  截断 8272  三元组 956012  | 0.49 req/s  519 out-tok/s
[170668s] 完成 83103  成功 83102  失败 1  截断 8273  三元组 956064  | 0.49 req/s  519 out-tok/s
[170685s] 完成 83113  成功 83112  失败 1  截断 8274  三元组 956180  | 0.49 req/s  519 out-tok/s
[170705s] 完成 83119  成功 83118  失败 1  截断 8275  三元组 956246  | 0.49 req/s  519 out-tok/s
[170721s] 完成 83128  成功 83127  失败 1  截断 8275  三元组 956319  | 0.49 req/s  519 out-tok/s
[170742s] 完成 83133  成功 83132  失败 1  截断 8277  三元组 956377  | 0.49 req/s  519 out-tok/s
[170764s] 完成 83139  成功 83138  失败 1  截断 8280  三元组 956484  | 0.49 req/s  519 out-tok/s
[170781s] 完成 83144  成功 83143  失败 1  截断 8283  三元组 956562  | 0.49 req/s  519 out-tok/s
[170799s] 完成 83152  成功 83151  失败 1  截断 8284  三元组 956671  | 0.49 req/s  519 out-tok/s
[170824s] 完成 83160  成功 83159  失败 1  截断 8284  三元组 956779  | 0.49 req/s  519 out-tok/s
[170843s] 完成 83171  成功 83170  失败 1  截断 8289  三元组 956903  | 0.49 req/s  519 out-tok/s
[170859s] 完成 83181  成功 83180  失败 1  截断 8290  三元组 957007  | 0.49 req/s  519 out-tok/s
[170880s] 完成 83187  成功 83186  失败 1  截断 8292  三元组 957081  | 0.49 req/s  519 out-tok/s
[170895s] 完成 83197  成功 83196  失败 1  截断 8292  三元组 957211  | 0.49 req/s  519 out-tok/s
[170912s] 完成 83206  成功 83205  失败 1  截断 8292  三元组 957315  | 0.49 req/s  519 out-tok/s
[170927s] 完成 83214  成功 83213  失败 1  截断 8292  三元组 957408  | 0.49 req/s  519 out-tok/s
[170944s] 完成 83222  成功 83221  失败 1  截断 8292  三元组 957470  | 0.49 req/s  519 out-tok/s
[170965s] 完成 83230  成功 83229  失败 1  截断 8293  三元组 957568  | 0.49 req/s  519 out-tok/s
[170982s] 完成 83236  成功 83235  失败 1  截断 8293  三元组 957635  | 0.49 req/s  519 out-tok/s
[170998s] 完成 83244  成功 83243  失败 1  截断 8295  三元组 957734  | 0.49 req/s  519 out-tok/s
[171016s] 完成 83251  成功 83250  失败 1  截断 8297  三元组 957857  | 0.49 req/s  519 out-tok/s
[171034s] 完成 83263  成功 83262  失败 1  截断 8298  三元组 957977  | 0.49 req/s  519 out-tok/s
[171050s] 完成 83268  成功 83267  失败 1  截断 8299  三元组 958047  | 0.49 req/s  519 out-tok/s
[171068s] 完成 83274  成功 83273  失败 1  截断 8299  三元组 958114  | 0.49 req/s  519 out-tok/s
[171086s] 完成 83287  成功 83286  失败 1  截断 8301  三元组 958299  | 0.49 req/s  519 out-tok/s
[171103s] 完成 83294  成功 83293  失败 1  截断 8301  三元组 958369  | 0.49 req/s  519 out-tok/s
[171119s] 完成 83302  成功 83301  失败 1  截断 8302  三元组 958467  | 0.49 req/s  519 out-tok/s
[171137s] 完成 83311  成功 83310  失败 1  截断 8302  三元组 958562  | 0.49 req/s  519 out-tok/s
[171152s] 完成 83319  成功 83318  失败 1  截断 8303  三元组 958658  | 0.49 req/s  519 out-tok/s
[171171s] 完成 83327  成功 83326  失败 1  截断 8304  三元组 958744  | 0.49 req/s  519 out-tok/s
[171194s] 完成 83335  成功 83334  失败 1  截断 8304  三元组 958820  | 0.49 req/s  519 out-tok/s
[171214s] 完成 83342  成功 83341  失败 1  截断 8304  三元组 958894  | 0.49 req/s  519 out-tok/s
[171229s] 完成 83346  成功 83345  失败 1  截断 8305  三元组 958951  | 0.49 req/s  519 out-tok/s
[171246s] 完成 83353  成功 83352  失败 1  截断 8307  三元组 959050  | 0.49 req/s  519 out-tok/s
[171265s] 完成 83362  成功 83361  失败 1  截断 8308  三元组 959165  | 0.49 req/s  519 out-tok/s
[171282s] 完成 83370  成功 83369  失败 1  截断 8310  三元组 959265  | 0.49 req/s  519 out-tok/s
[171302s] 完成 83378  成功 83377  失败 1  截断 8312  三元组 959368  | 0.49 req/s  519 out-tok/s
[171318s] 完成 83386  成功 83385  失败 1  截断 8314  三元组 959485  | 0.49 req/s  519 out-tok/s
[171336s] 完成 83394  成功 83393  失败 1  截断 8316  三元组 959570  | 0.49 req/s  519 out-tok/s
[171353s] 完成 83402  成功 83401  失败 1  截断 8316  三元组 959653  | 0.49 req/s  519 out-tok/s
[171370s] 完成 83413  成功 83412  失败 1  截断 8317  三元组 959788  | 0.49 req/s  519 out-tok/s
[171386s] 完成 83419  成功 83418  失败 1  截断 8317  三元组 959842  | 0.49 req/s  519 out-tok/s
[171402s] 完成 83426  成功 83425  失败 1  截断 8318  三元组 959909  | 0.49 req/s  519 out-tok/s
[171422s] 完成 83437  成功 83436  失败 1  截断 8318  三元组 960018  | 0.49 req/s  519 out-tok/s
[171440s] 完成 83439  成功 83438  失败 1  截断 8319  三元组 960034  | 0.49 req/s  519 out-tok/s
[171456s] 完成 83448  成功 83447  失败 1  截断 8321  三元组 960145  | 0.49 req/s  519 out-tok/s
[171471s] 完成 83454  成功 83453  失败 1  截断 8321  三元组 960222  | 0.49 req/s  519 out-tok/s
[171489s] 完成 83462  成功 83461  失败 1  截断 8324  三元组 960337  | 0.49 req/s  519 out-tok/s
[171504s] 完成 83469  成功 83468  失败 1  截断 8325  三元组 960441  | 0.49 req/s  519 out-tok/s
[171522s] 完成 83476  成功 83475  失败 1  截断 8325  三元组 960537  | 0.49 req/s  519 out-tok/s
[171542s] 完成 83483  成功 83482  失败 1  截断 8326  三元组 960631  | 0.49 req/s  519 out-tok/s
[171558s] 完成 83490  成功 83489  失败 1  截断 8326  三元组 960727  | 0.49 req/s  519 out-tok/s
[171580s] 完成 83499  成功 83498  失败 1  截断 8327  三元组 960847  | 0.49 req/s  519 out-tok/s
[171580s] 完成 83500  成功 83499  失败 1  截断 8327  三元组 960866  | 0.49 req/s  519 out-tok/s
[171598s] 完成 83505  成功 83504  失败 1  截断 8327  三元组 960933  | 0.49 req/s  519 out-tok/s
[171614s] 完成 83517  成功 83516  失败 1  截断 8328  三元组 961113  | 0.49 req/s  519 out-tok/s
[171630s] 完成 83524  成功 83523  失败 1  截断 8329  三元组 961191  | 0.49 req/s  519 out-tok/s
[171645s] 完成 83526  成功 83525  失败 1  截断 8329  三元组 961218  | 0.49 req/s  519 out-tok/s
[171664s] 完成 83534  成功 83533  失败 1  截断 8331  三元组 961317  | 0.49 req/s  519 out-tok/s
[171682s] 完成 83543  成功 83542  失败 1  截断 8331  三元组 961419  | 0.49 req/s  519 out-tok/s
[171697s] 完成 83552  成功 83551  失败 1  截断 8331  三元组 961548  | 0.49 req/s  519 out-tok/s
[171713s] 完成 83560  成功 83559  失败 1  截断 8331  三元组 961660  | 0.49 req/s  519 out-tok/s
[171731s] 完成 83565  成功 83564  失败 1  截断 8332  三元组 961737  | 0.49 req/s  519 out-tok/s
[171747s] 完成 83576  成功 83575  失败 1  截断 8332  三元组 961857  | 0.49 req/s  519 out-tok/s
[171762s] 完成 83582  成功 83581  失败 1  截断 8333  三元组 961977  | 0.49 req/s  519 out-tok/s
[171780s] 完成 83587  成功 83586  失败 1  截断 8333  三元组 962025  | 0.49 req/s  519 out-tok/s
[171796s] 完成 83597  成功 83596  失败 1  截断 8333  三元组 962183  | 0.49 req/s  519 out-tok/s
[171817s] 完成 83602  成功 83601  失败 1  截断 8333  三元组 962239  | 0.49 req/s  519 out-tok/s
[171838s] 完成 83615  成功 83614  失败 1  截断 8334  三元组 962407  | 0.49 req/s  519 out-tok/s
[171853s] 完成 83621  成功 83620  失败 1  截断 8337  三元组 962499  | 0.49 req/s  519 out-tok/s
[171869s] 完成 83630  成功 83629  失败 1  截断 8337  三元组 962600  | 0.49 req/s  519 out-tok/s
[171885s] 完成 83636  成功 83635  失败 1  截断 8337  三元组 962680  | 0.49 req/s  519 out-tok/s
[171900s] 完成 83641  成功 83640  失败 1  截断 8337  三元组 962741  | 0.49 req/s  519 out-tok/s
[171915s] 完成 83648  成功 83647  失败 1  截断 8339  三元组 962832  | 0.49 req/s  519 out-tok/s
[171932s] 完成 83660  成功 83659  失败 1  截断 8341  三元组 962990  | 0.49 req/s  519 out-tok/s
[171949s] 完成 83668  成功 83667  失败 1  截断 8341  三元组 963085  | 0.49 req/s  519 out-tok/s
[171965s] 完成 83673  成功 83672  失败 1  截断 8341  三元组 963139  | 0.49 req/s  519 out-tok/s
[171980s] 完成 83678  成功 83677  失败 1  截断 8341  三元组 963195  | 0.49 req/s  519 out-tok/s
[171996s] 完成 83686  成功 83685  失败 1  截断 8343  三元组 963279  | 0.49 req/s  519 out-tok/s
[172011s] 完成 83691  成功 83690  失败 1  截断 8343  三元组 963345  | 0.49 req/s  519 out-tok/s
[172028s] 完成 83702  成功 83701  失败 1  截断 8344  三元组 963489  | 0.49 req/s  519 out-tok/s
[172043s] 完成 83709  成功 83708  失败 1  截断 8346  三元组 963569  | 0.49 req/s  519 out-tok/s
[172059s] 完成 83717  成功 83716  失败 1  截断 8346  三元组 963681  | 0.49 req/s  519 out-tok/s
[172074s] 完成 83725  成功 83724  失败 1  截断 8347  三元组 963775  | 0.49 req/s  519 out-tok/s
[172092s] 完成 83737  成功 83736  失败 1  截断 8348  三元组 963896  | 0.49 req/s  519 out-tok/s
[172108s] 完成 83743  成功 83742  失败 1  截断 8348  三元组 963961  | 0.49 req/s  519 out-tok/s
[172123s] 完成 83755  成功 83754  失败 1  截断 8350  三元组 964119  | 0.49 req/s  519 out-tok/s
[172141s] 完成 83765  成功 83764  失败 1  截断 8350  三元组 964222  | 0.49 req/s  519 out-tok/s
[172157s] 完成 83774  成功 83773  失败 1  截断 8351  三元组 964333  | 0.49 req/s  519 out-tok/s
[172174s] 完成 83782  成功 83781  失败 1  截断 8351  三元组 964413  | 0.49 req/s  519 out-tok/s
[172189s] 完成 83787  成功 83786  失败 1  截断 8351  三元组 964460  | 0.49 req/s  519 out-tok/s
[172207s] 完成 83798  成功 83797  失败 1  截断 8352  三元组 964631  | 0.49 req/s  519 out-tok/s
[172223s] 完成 83806  成功 83805  失败 1  截断 8352  三元组 964710  | 0.49 req/s  519 out-tok/s
[172240s] 完成 83814  成功 83813  失败 1  截断 8354  三元组 964830  | 0.49 req/s  519 out-tok/s
[172257s] 完成 83819  成功 83818  失败 1  截断 8354  三元组 964871  | 0.49 req/s  519 out-tok/s
[172272s] 完成 83828  成功 83827  失败 1  截断 8355  三元组 964997  | 0.49 req/s  519 out-tok/s
[172290s] 完成 83839  成功 83838  失败 1  截断 8355  三元组 965140  | 0.49 req/s  519 out-tok/s
[172306s] 完成 83845  成功 83844  失败 1  截断 8356  三元组 965232  | 0.49 req/s  519 out-tok/s
[172321s] 完成 83850  成功 83849  失败 1  截断 8356  三元组 965276  | 0.49 req/s  519 out-tok/s
[172339s] 完成 83855  成功 83854  失败 1  截断 8356  三元组 965349  | 0.49 req/s  519 out-tok/s
[172354s] 完成 83861  成功 83860  失败 1  截断 8358  三元组 965439  | 0.49 req/s  519 out-tok/s
[172372s] 完成 83868  成功 83867  失败 1  截断 8359  三元组 965526  | 0.49 req/s  519 out-tok/s
[172389s] 完成 83876  成功 83875  失败 1  截断 8360  三元组 965635  | 0.49 req/s  519 out-tok/s
[172409s] 完成 83877  成功 83876  失败 1  截断 8360  三元组 965645  | 0.49 req/s  519 out-tok/s
[172428s] 完成 83886  成功 83885  失败 1  截断 8362  三元组 965747  | 0.49 req/s  519 out-tok/s
[172447s] 完成 83896  成功 83895  失败 1  截断 8366  三元组 965884  | 0.49 req/s  519 out-tok/s
[172465s] 完成 83903  成功 83902  失败 1  截断 8367  三元组 965950  | 0.49 req/s  519 out-tok/s
[172483s] 完成 83909  成功 83908  失败 1  截断 8369  三元组 966023  | 0.49 req/s  519 out-tok/s
[172501s] 完成 83916  成功 83915  失败 1  截断 8371  三元组 966115  | 0.49 req/s  519 out-tok/s
[172517s] 完成 83928  成功 83927  失败 1  截断 8374  三元组 966263  | 0.49 req/s  519 out-tok/s
[172534s] 完成 83934  成功 83933  失败 1  截断 8374  三元组 966316  | 0.49 req/s  519 out-tok/s
[172551s] 完成 83941  成功 83940  失败 1  截断 8375  三元组 966394  | 0.49 req/s  519 out-tok/s
[172574s] 完成 83947  成功 83946  失败 1  截断 8375  三元组 966463  | 0.49 req/s  519 out-tok/s
[172590s] 完成 83954  成功 83953  失败 1  截断 8377  三元组 966551  | 0.49 req/s  519 out-tok/s
[172605s] 完成 83963  成功 83962  失败 1  截断 8378  三元组 966671  | 0.49 req/s  519 out-tok/s
[172622s] 完成 83968  成功 83967  失败 1  截断 8378  三元组 966747  | 0.49 req/s  519 out-tok/s
[172637s] 完成 83977  成功 83976  失败 1  截断 8382  三元组 966852  | 0.49 req/s  519 out-tok/s
[172653s] 完成 83983  成功 83982  失败 1  截断 8382  三元组 966908  | 0.49 req/s  519 out-tok/s
[172670s] 完成 83993  成功 83992  失败 1  截断 8383  三元组 967028  | 0.49 req/s  519 out-tok/s
[172684s] 完成 84000  成功 83999  失败 1  截断 8384  三元组 967109  | 0.49 req/s  519 out-tok/s
[172701s] 完成 84007  成功 84006  失败 1  截断 8385  三元组 967189  | 0.49 req/s  519 out-tok/s
[172717s] 完成 84014  成功 84013  失败 1  截断 8385  三元组 967271  | 0.49 req/s  519 out-tok/s
[172734s] 完成 84020  成功 84019  失败 1  截断 8387  三元组 967331  | 0.49 req/s  519 out-tok/s
[172751s] 完成 84029  成功 84028  失败 1  截断 8387  三元组 967446  | 0.49 req/s  519 out-tok/s
[172766s] 完成 84034  成功 84033  失败 1  截断 8387  三元组 967508  | 0.49 req/s  519 out-tok/s
[172782s] 完成 84039  成功 84038  失败 1  截断 8388  三元组 967573  | 0.49 req/s  519 out-tok/s
[172798s] 完成 84047  成功 84046  失败 1  截断 8388  三元组 967676  | 0.49 req/s  519 out-tok/s
[172815s] 完成 84054  成功 84053  失败 1  截断 8390  三元组 967746  | 0.49 req/s  519 out-tok/s
[172833s] 完成 84065  成功 84064  失败 1  截断 8393  三元组 967856  | 0.49 req/s  519 out-tok/s
[172855s] 完成 84075  成功 84074  失败 1  截断 8394  三元组 967963  | 0.49 req/s  519 out-tok/s
[172872s] 完成 84083  成功 84082  失败 1  截断 8394  三元组 968053  | 0.49 req/s  519 out-tok/s
[172888s] 完成 84090  成功 84089  失败 1  截断 8395  三元组 968130  | 0.49 req/s  519 out-tok/s
[172903s] 完成 84098  成功 84097  失败 1  截断 8396  三元组 968215  | 0.49 req/s  519 out-tok/s
[172918s] 完成 84103  成功 84102  失败 1  截断 8396  三元组 968281  | 0.49 req/s  519 out-tok/s
[172934s] 完成 84110  成功 84109  失败 1  截断 8396  三元组 968407  | 0.49 req/s  519 out-tok/s
[172950s] 完成 84123  成功 84122  失败 1  截断 8397  三元组 968574  | 0.49 req/s  519 out-tok/s
[172966s] 完成 84127  成功 84126  失败 1  截断 8397  三元组 968614  | 0.49 req/s  519 out-tok/s
[172982s] 完成 84136  成功 84135  失败 1  截断 8399  三元组 968711  | 0.49 req/s  519 out-tok/s
[172997s] 完成 84141  成功 84140  失败 1  截断 8399  三元组 968782  | 0.49 req/s  519 out-tok/s
[173013s] 完成 84152  成功 84151  失败 1  截断 8401  三元组 968926  | 0.49 req/s  519 out-tok/s
[173033s] 完成 84159  成功 84158  失败 1  截断 8401  三元组 969008  | 0.49 req/s  519 out-tok/s
[173048s] 完成 84169  成功 84168  失败 1  截断 8401  三元组 969135  | 0.49 req/s  519 out-tok/s
[173063s] 完成 84175  成功 84174  失败 1  截断 8402  三元组 969222  | 0.49 req/s  519 out-tok/s
[173087s] 完成 84184  成功 84183  失败 1  截断 8403  三元组 969311  | 0.49 req/s  519 out-tok/s
[173105s] 完成 84194  成功 84193  失败 1  截断 8404  三元组 969468  | 0.49 req/s  519 out-tok/s
[173122s] 完成 84203  成功 84202  失败 1  截断 8404  三元组 969592  | 0.49 req/s  519 out-tok/s
[173137s] 完成 84214  成功 84213  失败 1  截断 8404  三元组 969719  | 0.49 req/s  519 out-tok/s
[173154s] 完成 84225  成功 84224  失败 1  截断 8404  三元组 969830  | 0.49 req/s  519 out-tok/s
[173176s] 完成 84230  成功 84229  失败 1  截断 8404  三元组 969880  | 0.49 req/s  519 out-tok/s
[173192s] 完成 84240  成功 84239  失败 1  截断 8406  三元组 969990  | 0.49 req/s  519 out-tok/s
[173208s] 完成 84248  成功 84247  失败 1  截断 8406  三元组 970103  | 0.49 req/s  519 out-tok/s
[173224s] 完成 84257  成功 84256  失败 1  截断 8406  三元组 970230  | 0.49 req/s  519 out-tok/s
[173246s] 完成 84266  成功 84265  失败 1  截断 8406  三元组 970342  | 0.49 req/s  519 out-tok/s
[173263s] 完成 84270  成功 84269  失败 1  截断 8406  三元组 970391  | 0.49 req/s  519 out-tok/s
[173279s] 完成 84280  成功 84279  失败 1  截断 8407  三元组 970501  | 0.49 req/s  519 out-tok/s
[173294s] 完成 84285  成功 84284  失败 1  截断 8408  三元组 970564  | 0.49 req/s  519 out-tok/s
[173310s] 完成 84295  成功 84294  失败 1  截断 8409  三元组 970702  | 0.49 req/s  519 out-tok/s
[173327s] 完成 84303  成功 84302  失败 1  截断 8409  三元组 970793  | 0.49 req/s  519 out-tok/s
[173349s] 完成 84310  成功 84309  失败 1  截断 8410  三元组 970853  | 0.49 req/s  519 out-tok/s
[173366s] 完成 84316  成功 84315  失败 1  截断 8411  三元组 970908  | 0.49 req/s  519 out-tok/s
[173383s] 完成 84326  成功 84325  失败 1  截断 8413  三元组 971075  | 0.49 req/s  519 out-tok/s
[173399s] 完成 84337  成功 84336  失败 1  截断 8414  三元组 971252  | 0.49 req/s  519 out-tok/s
[173414s] 完成 84338  成功 84337  失败 1  截断 8414  三元组 971261  | 0.49 req/s  519 out-tok/s
[173429s] 完成 84345  成功 84344  失败 1  截断 8414  三元组 971351  | 0.49 req/s  519 out-tok/s
[173445s] 完成 84353  成功 84352  失败 1  截断 8414  三元组 971442  | 0.49 req/s  519 out-tok/s
[173462s] 完成 84363  成功 84362  失败 1  截断 8415  三元组 971574  | 0.49 req/s  519 out-tok/s
[173478s] 完成 84371  成功 84370  失败 1  截断 8418  三元组 971628  | 0.49 req/s  519 out-tok/s
[173495s] 完成 84377  成功 84376  失败 1  截断 8420  三元组 971704  | 0.49 req/s  519 out-tok/s
[173513s] 完成 84385  成功 84384  失败 1  截断 8421  三元组 971807  | 0.49 req/s  519 out-tok/s
[173532s] 完成 84393  成功 84392  失败 1  截断 8421  三元组 971900  | 0.49 req/s  519 out-tok/s
[173547s] 完成 84401  成功 84400  失败 1  截断 8421  三元组 972016  | 0.49 req/s  519 out-tok/s
[173568s] 完成 84406  成功 84405  失败 1  截断 8422  三元组 972084  | 0.49 req/s  519 out-tok/s
[173586s] 完成 84414  成功 84413  失败 1  截断 8422  三元组 972201  | 0.49 req/s  519 out-tok/s
[173602s] 完成 84422  成功 84421  失败 1  截断 8423  三元组 972290  | 0.49 req/s  519 out-tok/s
[173617s] 完成 84430  成功 84429  失败 1  截断 8424  三元组 972369  | 0.49 req/s  519 out-tok/s
[173633s] 完成 84438  成功 84437  失败 1  截断 8426  三元组 972473  | 0.49 req/s  519 out-tok/s
[173650s] 完成 84447  成功 84446  失败 1  截断 8426  三元组 972570  | 0.49 req/s  519 out-tok/s
[173666s] 完成 84458  成功 84457  失败 1  截断 8428  三元组 972720  | 0.49 req/s  519 out-tok/s
[173683s] 完成 84464  成功 84463  失败 1  截断 8428  三元组 972780  | 0.49 req/s  519 out-tok/s
[173702s] 完成 84470  成功 84469  失败 1  截断 8428  三元组 972852  | 0.49 req/s  519 out-tok/s
[173719s] 完成 84477  成功 84476  失败 1  截断 8429  三元组 972920  | 0.49 req/s  519 out-tok/s
[173735s] 完成 84485  成功 84484  失败 1  截断 8429  三元组 973023  | 0.49 req/s  519 out-tok/s
[173751s] 完成 84489  成功 84488  失败 1  截断 8429  三元组 973084  | 0.49 req/s  519 out-tok/s
[173767s] 完成 84497  成功 84496  失败 1  截断 8431  三元组 973190  | 0.49 req/s  519 out-tok/s
[173771s] 完成 84500  成功 84499  失败 1  截断 8432  三元组 973240  | 0.49 req/s  519 out-tok/s
[173787s] 完成 84508  成功 84507  失败 1  截断 8433  三元组 973321  | 0.49 req/s  519 out-tok/s
[173803s] 完成 84516  成功 84515  失败 1  截断 8433  三元组 973411  | 0.49 req/s  519 out-tok/s
[173818s] 完成 84523  成功 84522  失败 1  截断 8436  三元组 973489  | 0.49 req/s  519 out-tok/s
[173835s] 完成 84532  成功 84531  失败 1  截断 8437  三元组 973561  | 0.49 req/s  519 out-tok/s
[173851s] 完成 84538  成功 84537  失败 1  截断 8438  三元组 973640  | 0.49 req/s  519 out-tok/s
[173868s] 完成 84544  成功 84543  失败 1  截断 8438  三元组 973715  | 0.49 req/s  519 out-tok/s
[173886s] 完成 84553  成功 84552  失败 1  截断 8440  三元组 973808  | 0.49 req/s  519 out-tok/s
[173902s] 完成 84561  成功 84560  失败 1  截断 8441  三元组 973920  | 0.49 req/s  519 out-tok/s
[173918s] 完成 84569  成功 84568  失败 1  截断 8443  三元组 974019  | 0.49 req/s  519 out-tok/s
[173935s] 完成 84577  成功 84576  失败 1  截断 8445  三元组 974102  | 0.49 req/s  519 out-tok/s
[173951s] 完成 84582  成功 84581  失败 1  截断 8445  三元组 974158  | 0.49 req/s  519 out-tok/s
[173967s] 完成 84590  成功 84589  失败 1  截断 8445  三元组 974247  | 0.49 req/s  519 out-tok/s
[173984s] 完成 84601  成功 84600  失败 1  截断 8447  三元组 974386  | 0.49 req/s  519 out-tok/s
[174000s] 完成 84610  成功 84609  失败 1  截断 8449  三元组 974509  | 0.49 req/s  519 out-tok/s
[174016s] 完成 84619  成功 84618  失败 1  截断 8450  三元组 974619  | 0.49 req/s  519 out-tok/s
[174031s] 完成 84625  成功 84624  失败 1  截断 8450  三元组 974673  | 0.49 req/s  519 out-tok/s
[174046s] 完成 84635  成功 84634  失败 1  截断 8451  三元组 974791  | 0.49 req/s  519 out-tok/s
[174067s] 完成 84644  成功 84643  失败 1  截断 8451  三元组 974885  | 0.49 req/s  519 out-tok/s
[174086s] 完成 84653  成功 84652  失败 1  截断 8451  三元组 975001  | 0.49 req/s  519 out-tok/s
[174106s] 完成 84664  成功 84663  失败 1  截断 8451  三元组 975113  | 0.49 req/s  519 out-tok/s
[174124s] 完成 84669  成功 84668  失败 1  截断 8451  三元组 975177  | 0.49 req/s  519 out-tok/s
[174141s] 完成 84676  成功 84675  失败 1  截断 8452  三元组 975264  | 0.49 req/s  519 out-tok/s
[174157s] 完成 84687  成功 84686  失败 1  截断 8455  三元组 975432  | 0.49 req/s  519 out-tok/s
[174174s] 完成 84694  成功 84693  失败 1  截断 8455  三元组 975508  | 0.49 req/s  519 out-tok/s
[174189s] 完成 84699  成功 84698  失败 1  截断 8456  三元组 975552  | 0.49 req/s  519 out-tok/s
[174205s] 完成 84703  成功 84702  失败 1  截断 8456  三元组 975603  | 0.49 req/s  519 out-tok/s
[174220s] 完成 84711  成功 84710  失败 1  截断 8456  三元组 975699  | 0.49 req/s  519 out-tok/s
[174236s] 完成 84719  成功 84718  失败 1  截断 8460  三元组 975804  | 0.49 req/s  519 out-tok/s
[174252s] 完成 84731  成功 84730  失败 1  截断 8461  三元组 975959  | 0.49 req/s  519 out-tok/s
[174271s] 完成 84734  成功 84733  失败 1  截断 8461  三元组 975992  | 0.49 req/s  519 out-tok/s
[174287s] 完成 84743  成功 84742  失败 1  截断 8461  三元组 976095  | 0.49 req/s  519 out-tok/s
[174302s] 完成 84754  成功 84753  失败 1  截断 8462  三元组 976224  | 0.49 req/s  519 out-tok/s
[174328s] 完成 84761  成功 84760  失败 1  截断 8463  三元组 976312  | 0.49 req/s  519 out-tok/s
[174353s] 完成 84773  成功 84772  失败 1  截断 8464  三元组 976431  | 0.49 req/s  519 out-tok/s
[174368s] 完成 84782  成功 84781  失败 1  截断 8465  三元组 976582  | 0.49 req/s  519 out-tok/s
[174384s] 完成 84788  成功 84787  失败 1  截断 8466  三元组 976651  | 0.49 req/s  519 out-tok/s
[174400s] 完成 84798  成功 84797  失败 1  截断 8466  三元组 976763  | 0.49 req/s  519 out-tok/s
[174415s] 完成 84807  成功 84806  失败 1  截断 8466  三元组 976848  | 0.49 req/s  519 out-tok/s
[174436s] 完成 84814  成功 84813  失败 1  截断 8468  三元组 976924  | 0.49 req/s  519 out-tok/s
[174452s] 完成 84825  成功 84824  失败 1  截断 8470  三元组 977049  | 0.49 req/s  519 out-tok/s
[174468s] 完成 84833  成功 84832  失败 1  截断 8471  三元组 977140  | 0.49 req/s  519 out-tok/s
[174483s] 完成 84844  成功 84843  失败 1  截断 8472  三元组 977267  | 0.49 req/s  519 out-tok/s
[174501s] 完成 84850  成功 84849  失败 1  截断 8472  三元组 977338  | 0.49 req/s  519 out-tok/s
[174517s] 完成 84860  成功 84859  失败 1  截断 8472  三元组 977446  | 0.49 req/s  519 out-tok/s
[174536s] 完成 84874  成功 84873  失败 1  截断 8473  三元组 977595  | 0.49 req/s  519 out-tok/s
[174553s] 完成 84883  成功 84882  失败 1  截断 8473  三元组 977708  | 0.49 req/s  519 out-tok/s
[174568s] 完成 84891  成功 84890  失败 1  截断 8473  三元组 977795  | 0.49 req/s  519 out-tok/s
[174583s] 完成 84901  成功 84900  失败 1  截断 8473  三元组 977890  | 0.49 req/s  519 out-tok/s
[174599s] 完成 84907  成功 84906  失败 1  截断 8473  三元组 977945  | 0.49 req/s  519 out-tok/s
[174617s] 完成 84911  成功 84910  失败 1  截断 8473  三元组 977977  | 0.49 req/s  519 out-tok/s
[174634s] 完成 84921  成功 84920  失败 1  截断 8474  三元组 978089  | 0.49 req/s  519 out-tok/s
[174651s] 完成 84932  成功 84931  失败 1  截断 8475  三元组 978239  | 0.49 req/s  519 out-tok/s
[174666s] 完成 84939  成功 84938  失败 1  截断 8477  三元组 978307  | 0.49 req/s  519 out-tok/s
[174681s] 完成 84945  成功 84944  失败 1  截断 8479  三元组 978379  | 0.49 req/s  519 out-tok/s
[174698s] 完成 84957  成功 84956  失败 1  截断 8481  三元组 978529  | 0.49 req/s  519 out-tok/s
[174721s] 完成 84966  成功 84965  失败 1  截断 8481  三元组 978644  | 0.49 req/s  519 out-tok/s
[174736s] 完成 84977  成功 84976  失败 1  截断 8481  三元组 978775  | 0.49 req/s  519 out-tok/s
[174752s] 完成 84986  成功 84985  失败 1  截断 8481  三元组 978861  | 0.49 req/s  519 out-tok/s
[174768s] 完成 84992  成功 84991  失败 1  截断 8481  三元组 978938  | 0.49 req/s  519 out-tok/s
[174782s] 完成 85000  成功 84999  失败 1  截断 8481  三元组 979020  | 0.49 req/s  519 out-tok/s
[174798s] 完成 85012  成功 85011  失败 1  截断 8483  三元组 979165  | 0.49 req/s  519 out-tok/s
[174813s] 完成 85021  成功 85020  失败 1  截断 8483  三元组 979281  | 0.49 req/s  519 out-tok/s
[174829s] 完成 85030  成功 85029  失败 1  截断 8484  三元组 979367  | 0.49 req/s  519 out-tok/s
[174846s] 完成 85035  成功 85034  失败 1  截断 8484  三元组 979414  | 0.49 req/s  519 out-tok/s
[174865s] 完成 85045  成功 85044  失败 1  截断 8484  三元组 979520  | 0.49 req/s  519 out-tok/s
[174880s] 完成 85051  成功 85050  失败 1  截断 8485  三元组 979582  | 0.49 req/s  519 out-tok/s
[174897s] 完成 85062  成功 85061  失败 1  截断 8485  三元组 979725  | 0.49 req/s  519 out-tok/s
[174915s] 完成 85067  成功 85066  失败 1  截断 8485  三元组 979764  | 0.49 req/s  519 out-tok/s
[174932s] 完成 85073  成功 85072  失败 1  截断 8485  三元组 979849  | 0.49 req/s  519 out-tok/s
[174948s] 完成 85082  成功 85081  失败 1  截断 8486  三元组 979962  | 0.49 req/s  519 out-tok/s
[174966s] 完成 85094  成功 85093  失败 1  截断 8489  三元组 980129  | 0.49 req/s  519 out-tok/s
[174984s] 完成 85103  成功 85102  失败 1  截断 8490  三元组 980222  | 0.49 req/s  519 out-tok/s
[175000s] 完成 85114  成功 85113  失败 1  截断 8491  三元组 980330  | 0.49 req/s  519 out-tok/s
[175015s] 完成 85118  成功 85117  失败 1  截断 8491  三元组 980386  | 0.49 req/s  519 out-tok/s
[175033s] 完成 85127  成功 85126  失败 1  截断 8491  三元组 980512  | 0.49 req/s  519 out-tok/s
[175051s] 完成 85135  成功 85134  失败 1  截断 8491  三元组 980605  | 0.49 req/s  519 out-tok/s
[175066s] 完成 85142  成功 85141  失败 1  截断 8491  三元组 980675  | 0.49 req/s  519 out-tok/s
[175082s] 完成 85150  成功 85149  失败 1  截断 8492  三元组 980772  | 0.49 req/s  519 out-tok/s
[175098s] 完成 85157  成功 85156  失败 1  截断 8494  三元组 980862  | 0.49 req/s  519 out-tok/s
[175116s] 完成 85167  成功 85166  失败 1  截断 8495  三元组 980999  | 0.49 req/s  519 out-tok/s
[175134s] 完成 85175  成功 85174  失败 1  截断 8497  三元组 981082  | 0.49 req/s  519 out-tok/s
[175151s] 完成 85183  成功 85182  失败 1  截断 8497  三元组 981186  | 0.49 req/s  519 out-tok/s
[175167s] 完成 85193  成功 85192  失败 1  截断 8498  三元组 981296  | 0.49 req/s  519 out-tok/s
[175184s] 完成 85204  成功 85203  失败 1  截断 8499  三元组 981408  | 0.49 req/s  519 out-tok/s
[175204s] 完成 85208  成功 85207  失败 1  截断 8499  三元组 981463  | 0.49 req/s  519 out-tok/s
[175220s] 完成 85216  成功 85215  失败 1  截断 8499  三元组 981554  | 0.49 req/s  519 out-tok/s
[175237s] 完成 85225  成功 85224  失败 1  截断 8499  三元组 981661  | 0.49 req/s  519 out-tok/s
[175252s] 完成 85231  成功 85230  失败 1  截断 8500  三元组 981736  | 0.49 req/s  519 out-tok/s
[175267s] 完成 85239  成功 85238  失败 1  截断 8501  三元组 981833  | 0.49 req/s  519 out-tok/s
[175283s] 完成 85247  成功 85246  失败 1  截断 8501  三元组 981948  | 0.49 req/s  519 out-tok/s
[175299s] 完成 85255  成功 85254  失败 1  截断 8503  三元组 982018  | 0.49 req/s  519 out-tok/s
[175316s] 完成 85262  成功 85261  失败 1  截断 8504  三元组 982086  | 0.49 req/s  519 out-tok/s
[175334s] 完成 85271  成功 85270  失败 1  截断 8506  三元组 982170  | 0.49 req/s  519 out-tok/s
[175351s] 完成 85275  成功 85274  失败 1  截断 8506  三元组 982230  | 0.49 req/s  519 out-tok/s
[175366s] 完成 85285  成功 85284  失败 1  截断 8507  三元组 982357  | 0.49 req/s  519 out-tok/s
[175381s] 完成 85294  成功 85293  失败 1  截断 8508  三元组 982449  | 0.49 req/s  519 out-tok/s
[175397s] 完成 85303  成功 85302  失败 1  截断 8508  三元组 982544  | 0.49 req/s  519 out-tok/s
[175413s] 完成 85311  成功 85310  失败 1  截断 8510  三元组 982638  | 0.49 req/s  519 out-tok/s
[175430s] 完成 85321  成功 85320  失败 1  截断 8510  三元组 982736  | 0.49 req/s  519 out-tok/s
[175447s] 完成 85326  成功 85325  失败 1  截断 8510  三元组 982798  | 0.49 req/s  519 out-tok/s
[175463s] 完成 85334  成功 85333  失败 1  截断 8511  三元组 982894  | 0.49 req/s  519 out-tok/s
[175485s] 完成 85343  成功 85342  失败 1  截断 8512  三元组 982994  | 0.49 req/s  519 out-tok/s
[175504s] 完成 85347  成功 85346  失败 1  截断 8512  三元组 983043  | 0.49 req/s  519 out-tok/s
[175519s] 完成 85360  成功 85359  失败 1  截断 8513  三元组 983226  | 0.49 req/s  519 out-tok/s
[175535s] 完成 85367  成功 85366  失败 1  截断 8514  三元组 983309  | 0.49 req/s  519 out-tok/s
[175550s] 完成 85377  成功 85376  失败 1  截断 8515  三元组 983414  | 0.49 req/s  519 out-tok/s
[175565s] 完成 85383  成功 85382  失败 1  截断 8516  三元组 983481  | 0.49 req/s  519 out-tok/s
[175583s] 完成 85390  成功 85389  失败 1  截断 8516  三元组 983593  | 0.49 req/s  519 out-tok/s
[175608s] 完成 85397  成功 85396  失败 1  截断 8516  三元组 983672  | 0.49 req/s  519 out-tok/s
[175624s] 完成 85405  成功 85404  失败 1  截断 8516  三元组 983789  | 0.49 req/s  519 out-tok/s
[175640s] 完成 85415  成功 85414  失败 1  截断 8517  三元组 983907  | 0.49 req/s  519 out-tok/s
[175660s] 完成 85421  成功 85420  失败 1  截断 8518  三元组 983979  | 0.49 req/s  519 out-tok/s
[175676s] 完成 85428  成功 85427  失败 1  截断 8519  三元组 984060  | 0.49 req/s  519 out-tok/s
[175692s] 完成 85437  成功 85436  失败 1  截断 8521  三元组 984177  | 0.49 req/s  519 out-tok/s
[175708s] 完成 85444  成功 85443  失败 1  截断 8522  三元组 984260  | 0.49 req/s  519 out-tok/s
[175723s] 完成 85453  成功 85452  失败 1  截断 8524  三元组 984390  | 0.49 req/s  519 out-tok/s
[175739s] 完成 85461  成功 85460  失败 1  截断 8524  三元组 984461  | 0.49 req/s  519 out-tok/s
[175756s] 完成 85469  成功 85468  失败 1  截断 8524  三元组 984581  | 0.49 req/s  519 out-tok/s
[175773s] 完成 85475  成功 85474  失败 1  截断 8524  三元组 984647  | 0.49 req/s  519 out-tok/s
[175793s] 完成 85485  成功 85484  失败 1  截断 8525  三元组 984762  | 0.49 req/s  519 out-tok/s
[175810s] 完成 85492  成功 85491  失败 1  截断 8525  三元组 984845  | 0.49 req/s  519 out-tok/s
[175826s] 完成 85499  成功 85498  失败 1  截断 8526  三元组 984957  | 0.49 req/s  519 out-tok/s
[175827s] 完成 85500  成功 85499  失败 1  截断 8526  三元组 984979  | 0.49 req/s  519 out-tok/s
[175846s] 完成 85505  成功 85504  失败 1  截断 8528  三元组 985027  | 0.49 req/s  519 out-tok/s
[175862s] 完成 85513  成功 85512  失败 1  截断 8529  三元组 985121  | 0.49 req/s  519 out-tok/s
[175878s] 完成 85520  成功 85519  失败 1  截断 8529  三元组 985207  | 0.49 req/s  519 out-tok/s
[175894s] 完成 85530  成功 85529  失败 1  截断 8530  三元组 985332  | 0.49 req/s  519 out-tok/s
[175911s] 完成 85535  成功 85534  失败 1  截断 8530  三元组 985406  | 0.49 req/s  519 out-tok/s
[175928s] 完成 85547  成功 85546  失败 1  截断 8530  三元组 985553  | 0.49 req/s  519 out-tok/s
[175944s] 完成 85551  成功 85550  失败 1  截断 8532  三元组 985610  | 0.49 req/s  519 out-tok/s
[175961s] 完成 85559  成功 85558  失败 1  截断 8533  三元组 985700  | 0.49 req/s  519 out-tok/s
[175976s] 完成 85562  成功 85561  失败 1  截断 8535  三元组 985745  | 0.49 req/s  519 out-tok/s
[175991s] 完成 85570  成功 85569  失败 1  截断 8535  三元组 985849  | 0.49 req/s  519 out-tok/s
[176009s] 完成 85580  成功 85579  失败 1  截断 8535  三元组 985982  | 0.49 req/s  519 out-tok/s
[176030s] 完成 85587  成功 85586  失败 1  截断 8536  三元组 986061  | 0.49 req/s  519 out-tok/s
[176045s] 完成 85593  成功 85592  失败 1  截断 8538  三元组 986149  | 0.49 req/s  519 out-tok/s
[176061s] 完成 85602  成功 85601  失败 1  截断 8538  三元组 986268  | 0.49 req/s  519 out-tok/s
[176081s] 完成 85610  成功 85609  失败 1  截断 8542  三元组 986405  | 0.49 req/s  519 out-tok/s
[176098s] 完成 85617  成功 85616  失败 1  截断 8542  三元组 986502  | 0.49 req/s  519 out-tok/s
[176113s] 完成 85624  成功 85623  失败 1  截断 8543  三元组 986594  | 0.49 req/s  519 out-tok/s
[176129s] 完成 85631  成功 85630  失败 1  截断 8543  三元组 986693  | 0.49 req/s  519 out-tok/s
[176146s] 完成 85638  成功 85637  失败 1  截断 8543  三元组 986764  | 0.49 req/s  519 out-tok/s
[176163s] 完成 85647  成功 85646  失败 1  截断 8544  三元组 986882  | 0.49 req/s  519 out-tok/s
[176180s] 完成 85651  成功 85650  失败 1  截断 8545  三元组 986924  | 0.49 req/s  519 out-tok/s
[176197s] 完成 85663  成功 85662  失败 1  截断 8547  三元组 987074  | 0.49 req/s  519 out-tok/s
[176213s] 完成 85674  成功 85673  失败 1  截断 8548  三元组 987198  | 0.49 req/s  519 out-tok/s
[176230s] 完成 85678  成功 85677  失败 1  截断 8549  三元组 987260  | 0.49 req/s  519 out-tok/s
[176246s] 完成 85687  成功 85686  失败 1  截断 8549  三元组 987356  | 0.49 req/s  519 out-tok/s
[176263s] 完成 85694  成功 85693  失败 1  截断 8549  三元组 987440  | 0.49 req/s  519 out-tok/s
[176280s] 完成 85700  成功 85699  失败 1  截断 8549  三元组 987525  | 0.49 req/s  519 out-tok/s
[176296s] 完成 85708  成功 85707  失败 1  截断 8550  三元组 987635  | 0.49 req/s  519 out-tok/s
[176311s] 完成 85714  成功 85713  失败 1  截断 8551  三元组 987725  | 0.49 req/s  519 out-tok/s
[176326s] 完成 85723  成功 85722  失败 1  截断 8552  三元组 987821  | 0.49 req/s  519 out-tok/s
[176345s] 完成 85730  成功 85729  失败 1  截断 8552  三元组 987900  | 0.49 req/s  519 out-tok/s
[176361s] 完成 85738  成功 85737  失败 1  截断 8553  三元组 988017  | 0.49 req/s  519 out-tok/s
[176376s] 完成 85745  成功 85744  失败 1  截断 8554  三元组 988078  | 0.49 req/s  519 out-tok/s
[176392s] 完成 85755  成功 85754  失败 1  截断 8556  三元组 988195  | 0.49 req/s  519 out-tok/s
[176408s] 完成 85762  成功 85761  失败 1  截断 8556  三元组 988283  | 0.49 req/s  519 out-tok/s
[176424s] 完成 85771  成功 85770  失败 1  截断 8557  三元组 988377  | 0.49 req/s  519 out-tok/s
[176442s] 完成 85779  成功 85778  失败 1  截断 8557  三元组 988492  | 0.49 req/s  519 out-tok/s
[176457s] 完成 85786  成功 85785  失败 1  截断 8558  三元组 988547  | 0.49 req/s  519 out-tok/s
[176473s] 完成 85798  成功 85797  失败 1  截断 8559  三元组 988707  | 0.49 req/s  519 out-tok/s
[176488s] 完成 85807  成功 85806  失败 1  截断 8559  三元组 988814  | 0.49 req/s  519 out-tok/s
[176511s] 完成 85816  成功 85815  失败 1  截断 8559  三元组 988906  | 0.49 req/s  519 out-tok/s
[176527s] 完成 85823  成功 85822  失败 1  截断 8559  三元组 988991  | 0.49 req/s  519 out-tok/s
[176544s] 完成 85831  成功 85830  失败 1  截断 8559  三元组 989097  | 0.49 req/s  519 out-tok/s
[176566s] 完成 85839  成功 85838  失败 1  截断 8561  三元组 989182  | 0.49 req/s  519 out-tok/s
[176581s] 完成 85847  成功 85846  失败 1  截断 8561  三元组 989283  | 0.49 req/s  519 out-tok/s
[176601s] 完成 85856  成功 85855  失败 1  截断 8562  三元组 989387  | 0.49 req/s  519 out-tok/s
[176617s] 完成 85863  成功 85862  失败 1  截断 8564  三元组 989494  | 0.49 req/s  519 out-tok/s
[176634s] 完成 85871  成功 85870  失败 1  截断 8566  三元组 989606  | 0.49 req/s  519 out-tok/s
[176649s] 完成 85879  成功 85878  失败 1  截断 8567  三元组 989699  | 0.49 req/s  519 out-tok/s
[176666s] 完成 85888  成功 85887  失败 1  截断 8569  三元组 989822  | 0.49 req/s  519 out-tok/s
[176687s] 完成 85893  成功 85892  失败 1  截断 8569  三元组 989884  | 0.49 req/s  519 out-tok/s
[176705s] 完成 85902  成功 85901  失败 1  截断 8570  三元组 990016  | 0.49 req/s  519 out-tok/s
[176723s] 完成 85909  成功 85908  失败 1  截断 8570  三元组 990112  | 0.49 req/s  519 out-tok/s
[176740s] 完成 85917  成功 85916  失败 1  截断 8570  三元组 990244  | 0.49 req/s  519 out-tok/s
[176756s] 完成 85923  成功 85922  失败 1  截断 8571  三元组 990319  | 0.49 req/s  519 out-tok/s
[176772s] 完成 85931  成功 85930  失败 1  截断 8571  三元组 990412  | 0.49 req/s  519 out-tok/s
[176790s] 完成 85936  成功 85935  失败 1  截断 8572  三元组 990457  | 0.49 req/s  519 out-tok/s
[176806s] 完成 85948  成功 85947  失败 1  截断 8574  三元组 990629  | 0.49 req/s  519 out-tok/s
[176823s] 完成 85954  成功 85953  失败 1  截断 8575  三元组 990699  | 0.49 req/s  519 out-tok/s
[176838s] 完成 85962  成功 85961  失败 1  截断 8576  三元组 990804  | 0.49 req/s  519 out-tok/s
